% x                      
0.0                      1.0                      
0.0010                   1.000026                 
0.0020                   1.0000519                
0.0030                   1.0000778                
0.0040                   1.0001038                
0.0050                   1.0001298                
0.0060                   1.0001557                
0.0070                   1.0001817                
0.0080                   1.0002077                
0.0090                   1.0002337                
0.01                     1.000261                 
0.011                    1.0002906                
0.012                    1.0003203                
0.013                    1.0003499                
0.014                    1.0003796                
0.015                    1.0004092                
0.016                    1.0004388                
0.017                    1.0004685                
0.018                    1.0004982                
0.019                    1.0005277                
0.02                     1.0005577                
0.021                    1.0005876                
0.022                    1.0006175                
0.023                    1.0006475                
0.024                    1.0006776                
0.025                    1.0007076                
0.026                    1.0007378                
0.027                    1.0007681                
0.028                    1.0007982                
0.029                    1.0008285                
0.03                     1.0008589                
0.031                    1.0008893                
0.032                    1.0009197                
0.033                    1.0009501                
0.034                    1.0009806                
0.035                    1.0010113                
0.036                    1.0010418                
0.037                    1.0010725                
0.038                    1.0011032                
0.039                    1.001134                 
0.04                     1.001165                 
0.041                    1.001196                 
0.042                    1.0012269                
0.043                    1.0012579                
0.044                    1.0012889                
0.045                    1.0013199                
0.046                    1.0013509                
0.047                    1.0013819                
0.048                    1.0014129                
0.049                    1.0014437                
0.05                     1.0014747                
0.051                    1.0015057                
0.052                    1.0015367                
0.053                    1.0015677                
0.054                    1.0015987                
0.055                    1.0016296                
0.056                    1.0016606                
0.057                    1.0016916                
0.058                    1.0017226                
0.059                    1.0017536                
0.06                     1.0017846                
0.061                    1.0018156                
0.062                    1.0018464                
0.063                    1.0018774                
0.064                    1.0019084                
0.065                    1.0019394                
0.066                    1.0019704                
0.067                    1.0020014                
0.068                    1.0020324                
0.069                    1.0020633                
0.07                     1.0020943                
0.071                    1.0021253                
0.072                    1.0021563                
0.073                    1.0021873                
0.074                    1.0022182                
0.075                    1.0022491                
0.076                    1.0022801                
0.077                    1.0023111                
0.078                    1.0023426                
0.079                    1.002374                 
0.08                     1.0024055                
0.081                    1.002437                 
0.082                    1.0024685                
0.083                    1.0024999                
0.084                    1.0025314                
0.085                    1.0025629                
0.086                    1.0025944                
0.087                    1.0026257                
0.088                    1.0026572                
0.089                    1.0026886                
0.09                     1.0027201                
0.091                    1.0027516                
0.092                    1.0027831                
0.093                    1.0028145                
0.094                    1.002846                 
0.095                    1.0028775                
0.096                    1.002909                 
0.097                    1.0029404                
0.098                    1.0029718                
0.099                    1.0030032                
0.1                      1.0030347                
0.101                    1.0030662                
0.102                    1.0030977                
0.103                    1.0031291                
0.104                    1.0031606                
0.105                    1.0031921                
0.106                    1.0032235                
0.107                    1.003255                 
0.108                    1.0032865                
0.109                    1.0033178                
0.11                     1.0033493                
0.111                    1.0033808                
0.112                    1.0034122                
0.113                    1.0034437                
0.114                    1.0034752                
0.115                    1.0035067                
0.116                    1.0035384                
0.117                    1.0035703                
0.118                    1.0036023                
0.119                    1.0036342                
0.12                     1.0036662                
0.121                    1.0036981                
0.122                    1.00373                  
0.123                    1.003762                 
0.124                    1.003794                 
0.125                    1.0038259                
0.126                    1.0038579                
0.127                    1.0038898                
0.128                    1.0039217                
0.129                    1.0039537                
0.13                     1.0039856                
0.131                    1.0040176                
0.132                    1.0040495                
0.133                    1.0040815                
0.134                    1.0041134                
0.135                    1.0041454                
0.136                    1.0041773                
0.137                    1.0042093                
0.138                    1.0042412                
0.139                    1.0042732                
0.14                     1.0043051                
0.141                    1.0043371                
0.142                    1.004369                 
0.143                    1.004401                 
0.144                    1.0044329                
0.145                    1.0044649                
0.146                    1.0044968                
0.147                    1.0045288                
0.148                    1.0045607                
0.149                    1.0045927                
0.15                     1.0046246                
0.151                    1.0046566                
0.152                    1.0046885                
0.153                    1.0047204                
0.154                    1.0047524                
0.155                    1.0047846                
0.156                    1.0048168                
0.157                    1.0048488                
0.158                    1.004881                 
0.159                    1.0049132                
0.16                     1.0049454                
0.161                    1.0049777                
0.162                    1.0050099                
0.163                    1.0050421                
0.164                    1.0050744                
0.165                    1.0051066                
0.166                    1.0051389                
0.167                    1.0051712                
0.168                    1.0052034                
0.169                    1.0052357                
0.17                     1.005268                 
0.171                    1.0053003                
0.172                    1.0053326                
0.173                    1.0053649                
0.174                    1.0053973                
0.175                    1.0054296                
0.176                    1.005462                 
0.177                    1.0054944                
0.178                    1.0055268                
0.179                    1.0055591                
0.18                     1.0055915                
0.181                    1.0056239                
0.182                    1.0056564                
0.183                    1.0056888                
0.184                    1.0057212                
0.185                    1.0057538                
0.186                    1.0057862                
0.187                    1.0058186                
0.188                    1.0058511                
0.189                    1.0058836                
0.19                     1.0059161                
0.191                    1.0059487                
0.192                    1.0059811                
0.193                    1.0060136                
0.194                    1.0060462                
0.195                    1.0060787                
0.196                    1.0061114                
0.197                    1.0061439                
0.198                    1.0061765                
0.199                    1.0062091                
0.2                      1.0062417                
0.201                    1.0062743                
0.202                    1.0063069                
0.203                    1.0063396                
0.204                    1.0063722                
0.205                    1.0064049                
0.206                    1.0064375                
0.207                    1.0064702                
0.208                    1.0065029                
0.209                    1.0065355                
0.21                     1.0065683                
0.211                    1.006601                 
0.212                    1.0066338                
0.213                    1.0066664                
0.214                    1.0066992                
0.215                    1.006732                 
0.216                    1.0067647                
0.217                    1.0067974                
0.218                    1.0068302                
0.219                    1.0068631                
0.22                     1.0068959                
0.221                    1.0069287                
0.222                    1.0069615                
0.223                    1.0069944                
0.224                    1.0070271                
0.225                    1.00706                  
0.226                    1.007093                 
0.227                    1.0071257                
0.228                    1.0071586                
0.229                    1.0071915                
0.23                     1.0072244                
0.231                    1.0072573                
0.232                    1.0072904                
0.233                    1.0073234                
0.234                    1.0073564                
0.235                    1.0073894                
0.236                    1.0074224                
0.237                    1.0074555                
0.238                    1.0074885                
0.239                    1.0075215                
0.24                     1.0075547                
0.241                    1.0075877                
0.242                    1.0076208                
0.243                    1.0076538                
0.244                    1.007687                 
0.245                    1.0077201                
0.246                    1.0077533                
0.247                    1.0077864                
0.248                    1.0078195                
0.249                    1.0078527                
0.25                     1.0078859                
0.251                    1.0079191                
0.252                    1.0079523                
0.253                    1.0079855                
0.254                    1.0080187                
0.255                    1.008052                 
0.256                    1.0080853                
0.257                    1.0081185                
0.258                    1.0081518                
0.259                    1.008185                 
0.26                     1.0082183                
0.261                    1.0082517                
0.262                    1.0082849                
0.263                    1.0083183                
0.264                    1.0083517                
0.265                    1.008385                 
0.266                    1.0084183                
0.267                    1.0084517                
0.268                    1.0084851                
0.269                    1.0085185                
0.27                     1.008552                 
0.271                    1.0085853                
0.272                    1.0086188                
0.273                    1.0086522                
0.274                    1.0086857                
0.275                    1.0087191                
0.276                    1.0087526                
0.277                    1.0087861                
0.278                    1.0088196                
0.279                    1.0088531                
0.28                     1.0088867                
0.281                    1.0089202                
0.282                    1.0089537                
0.283                    1.0089873                
0.284                    1.0090208                
0.285                    1.0090544                
0.286                    1.009088                 
0.287                    1.0091217                
0.288                    1.0091553                
0.289                    1.0091889                
0.29                     1.0092225                
0.291                    1.0092561                
0.292                    1.0092899                
0.293                    1.0093235                
0.294                    1.0093572                
0.295                    1.0093908                
0.296                    1.0094246                
0.297                    1.0094583                
0.298                    1.009492                 
0.299                    1.0095258                
0.3                      1.0095595                
0.301                    1.0095932                
0.302                    1.009627                 
0.303                    1.0096608                
0.304                    1.0096946                
0.305                    1.0097284                
0.306                    1.0097623                
0.307                    1.009796                 
0.308                    1.0098299                
0.309                    1.0098637                
0.31                     1.0098977                
0.311                    1.0099316                
0.312                    1.0099654                
0.313                    1.0099994                
0.314                    1.0100332                
0.315                    1.0100672                
0.316                    1.0101012                
0.317                    1.010135                 
0.318                    1.010169                 
0.319                    1.010203                 
0.32                     1.0102371                
0.321                    1.0102711                
0.322                    1.010305                 
0.323                    1.0103391                
0.324                    1.0103731                
0.325                    1.0104072                
0.326                    1.0104413                
0.327                    1.0104753                
0.328                    1.0105094                
0.329                    1.0105435                
0.33                     1.0105776                
0.331                    1.0106118                
0.332                    1.0106459                
0.333                    1.01068                  
0.334                    1.0107142                
0.335                    1.0107484                
0.336                    1.0107825                
0.337                    1.0108167                
0.338                    1.0108509                
0.339                    1.0108851                
0.34                     1.0109193                
0.341                    1.0109535                
0.342                    1.0109879                
0.343                    1.0110221                
0.344                    1.0110563                
0.345                    1.0110906                
0.346                    1.011125                 
0.347                    1.0111593                
0.348                    1.0111935                
0.349                    1.0112278                
0.35                     1.0112622                
0.351                    1.0112966                
0.352                    1.011331                 
0.353                    1.0113653                
0.354                    1.0113997                
0.355                    1.0114341                
0.356                    1.0114685                
0.357                    1.011503                 
0.358                    1.0115374                
0.359                    1.0115719                
0.36                     1.0116063                
0.361                    1.0116408                
0.362                    1.0116752                
0.363                    1.0117097                
0.364                    1.0117443                
0.365                    1.0117787                
0.366                    1.0118133                
0.367                    1.0118479                
0.368                    1.0118824                
0.369                    1.011917                 
0.37                     1.0119516                
0.371                    1.0119861                
0.372                    1.0120207                
0.373                    1.0120553                
0.374                    1.01209                  
0.375                    1.0121245                
0.376                    1.0121592                
0.377                    1.0121939                
0.378                    1.0122285                
0.379                    1.0122632                
0.38                     1.0122979                
0.381                    1.0123327                
0.382                    1.0123674                
0.383                    1.012402                 
0.384                    1.0124367                
0.385                    1.0124716                
0.386                    1.0125064                
0.387                    1.012541                 
0.388                    1.0125759                
0.389                    1.0126107                
0.39                     1.0126455                
0.391                    1.0126803                
0.392                    1.0127151                
0.393                    1.01275                  
0.394                    1.0127848                
0.395                    1.0128196                
0.396                    1.0128546                
0.397                    1.0128895                
0.398                    1.0129243                
0.399                    1.0129592                
0.4                      1.0129942                
0.401                    1.0130291                
0.402                    1.0130641                
0.403                    1.0130991                
0.404                    1.013134                 
0.405                    1.013169                 
0.406                    1.013204                 
0.407                    1.013239                 
0.408                    1.0132741                
0.409                    1.013309                 
0.41                     1.013344                 
0.411                    1.0133791                
0.412                    1.0134143                
0.413                    1.0134493                
0.414                    1.0134844                
0.415                    1.0135195                
0.416                    1.0135546                
0.417                    1.0135897                
0.418                    1.0136249                
0.419                    1.01366                  
0.42                     1.0136951                
0.421                    1.0137303                
0.422                    1.0137655                
0.423                    1.0138007                
0.424                    1.0138359                
0.425                    1.0138711                
0.426                    1.0139064                
0.427                    1.0139416                
0.428                    1.0139768                
0.429                    1.0140121                
0.43                     1.0140474                
0.431                    1.0140827                
0.432                    1.014118                 
0.433                    1.0141532                
0.434                    1.0141886                
0.435                    1.0142239                
0.436                    1.0142592                
0.437                    1.0142946                
0.438                    1.01433                  
0.439                    1.0143654                
0.44                     1.0144007                
0.441                    1.0144361                
0.442                    1.0144715                
0.443                    1.014507                 
0.444                    1.0145425                
0.445                    1.0145779                
0.446                    1.0146134                
0.447                    1.0146488                
0.448                    1.0146843                
0.449                    1.0147198                
0.45                     1.0147554                
0.451                    1.0147909                
0.452                    1.0148264                
0.453                    1.014862                 
0.454                    1.0148975                
0.455                    1.014933                 
0.456                    1.0149686                
0.457                    1.0150042                
0.458                    1.0150398                
0.459                    1.0150754                
0.46                     1.0151111                
0.461                    1.0151467                
0.462                    1.0151824                
0.463                    1.0152179                
0.464                    1.0152535                
0.465                    1.0152892                
0.466                    1.015325                 
0.467                    1.0153606                
0.468                    1.0153962                
0.469                    1.015432                 
0.47                     1.0154676                
0.471                    1.0155034                
0.472                    1.0155392                
0.473                    1.0155748                
0.474                    1.0156106                
0.475                    1.0156463                
0.476                    1.0156821                
0.477                    1.015718                 
0.478                    1.0157537                
0.479                    1.0157895                
0.48                     1.0158254                
0.481                    1.0158612                
0.482                    1.015897                 
0.483                    1.0159329                
0.484                    1.0159688                
0.485                    1.0160047                
0.486                    1.0160406                
0.487                    1.0160764                
0.488                    1.0161123                
0.489                    1.0161482                
0.49                     1.0161842                
0.491                    1.0162201                
0.492                    1.0162561                
0.493                    1.0162921                
0.494                    1.0163281                
0.495                    1.016364                 
0.496                    1.0164                   
0.497                    1.0164361                
0.498                    1.0164721                
0.499                    1.0165081                
0.5                      1.0165441                
0.501                    1.0165802                
0.502                    1.0166162                
0.503                    1.0166523                
0.504                    1.0166885                
0.505                    1.0167246                
0.506                    1.0167607                
0.507                    1.0167968                
0.508                    1.016833                 
0.509                    1.0168691                
0.51                     1.0169052                
0.511                    1.0169414                
0.512                    1.0169775                
0.513                    1.0170138                
0.514                    1.01705                  
0.515                    1.0170861                
0.516                    1.0171224                
0.517                    1.0171586                
0.518                    1.0171949                
0.519                    1.0172311                
0.52                     1.0172675                
0.521                    1.0173037                
0.522                    1.0173401                
0.523                    1.0173763                
0.524                    1.0174127                
0.525                    1.0174489                
0.526                    1.0174853                
0.527                    1.0175216                
0.528                    1.017558                 
0.529                    1.0175943                
0.53                     1.0176308                
0.531                    1.0176672                
0.532                    1.0177035                
0.533                    1.01774                  
0.534                    1.0177764                
0.535                    1.0178128                
0.536                    1.0178493                
0.537                    1.0178858                
0.538                    1.0179223                
0.539                    1.0179588                
0.54                     1.0179952                
0.541                    1.0180317                
0.542                    1.0180682                
0.543                    1.0181048                
0.544                    1.0181413                
0.545                    1.0181779                
0.546                    1.0182145                
0.547                    1.0182511                
0.548                    1.0182877                
0.549                    1.0183243                
0.55                     1.0183609                
0.551                    1.0183975                
0.552                    1.018434                 
0.553                    1.0184708                
0.554                    1.0185074                
0.555                    1.0185441                
0.556                    1.0185807                
0.557                    1.0186174                
0.558                    1.0186541                
0.559                    1.0186908                
0.56                     1.0187275                
0.561                    1.0187643                
0.562                    1.018801                 
0.563                    1.0188378                
0.564                    1.0188745                
0.565                    1.0189114                
0.566                    1.0189481                
0.567                    1.0189849                
0.568                    1.0190217                
0.569                    1.0190586                
0.57                     1.0190954                
0.571                    1.0191323                
0.572                    1.0191691                
0.573                    1.0192059                
0.574                    1.0192428                
0.575                    1.0192797                
0.576                    1.0193166                
0.577                    1.0193535                
0.578                    1.0193905                
0.579                    1.0194274                
0.58                     1.0194644                
0.581                    1.0195013                
0.582                    1.0195383                
0.583                    1.0195752                
0.584                    1.0196122                
0.585                    1.0196493                
0.586                    1.0196862                
0.587                    1.0197233                
0.588                    1.0197604                
0.589                    1.0197973                
0.59                     1.0198344                
0.591                    1.0198715                
0.592                    1.0199085                
0.593                    1.0199456                
0.594                    1.0199828                
0.595                    1.0200199                
0.596                    1.020057                 
0.597                    1.0200942                
0.598                    1.0201313                
0.599                    1.0201684                
0.6                      1.0202056                
0.601                    1.0202428                
0.602                    1.02028                  
0.603                    1.0203172                
0.604                    1.0203544                
0.605                    1.0203917                
0.606                    1.0204289                
0.607                    1.0204662                
0.608                    1.0205034                
0.609                    1.0205407                
0.61                     1.020578                 
0.611                    1.0206153                
0.612                    1.0206525                
0.613                    1.02069                  
0.614                    1.0207273                
0.615                    1.0207646                
0.616                    1.0208019                
0.617                    1.0208392                
0.618                    1.0208766                
0.619                    1.020914                 
0.62                     1.0209514                
0.621                    1.0209887                
0.622                    1.0210261                
0.623                    1.0210636                
0.624                    1.021101                 
0.625                    1.0211383                
0.626                    1.0211759                
0.627                    1.0212133                
0.628                    1.0212507                
0.629                    1.0212882                
0.63                     1.0213257                
0.631                    1.0213631                
0.632                    1.0214007                
0.633                    1.0214381                
0.634                    1.0214757                
0.635                    1.0215132                
0.636                    1.0215508                
0.637                    1.0215883                
0.638                    1.0216259                
0.639                    1.0216634                
0.64                     1.0217011                
0.641                    1.0217386                
0.642                    1.0217763                
0.643                    1.0218139                
0.644                    1.0218515                
0.645                    1.0218892                
0.646                    1.0219269                
0.647                    1.0219646                
0.648                    1.0220022                
0.649                    1.0220399                
0.65                     1.0220776                
0.651                    1.0221153                
0.652                    1.022153                 
0.653                    1.0221907                
0.654                    1.0222285                
0.655                    1.0222663                
0.656                    1.022304                 
0.657                    1.0223417                
0.658                    1.0223795                
0.659                    1.0224174                
0.66                     1.0224552                
0.661                    1.022493                 
0.662                    1.0225308                
0.663                    1.0225687                
0.664                    1.0226065                
0.665                    1.0226444                
0.666                    1.0226823                
0.667                    1.0227201                
0.668                    1.022758                 
0.669                    1.0227959                
0.67                     1.0228338                
0.671                    1.0228719                
0.672                    1.0229098                
0.673                    1.0229477                
0.674                    1.0229857                
0.675                    1.0230236                
0.676                    1.0230616                
0.677                    1.0230997                
0.678                    1.0231376                
0.679                    1.0231756                
0.68                     1.0232136                
0.681                    1.0232517                
0.682                    1.0232898                
0.683                    1.0233278                
0.684                    1.0233659                
0.685                    1.023404                 
0.686                    1.023442                 
0.687                    1.0234802                
0.688                    1.0235183                
0.689                    1.0235564                
0.69                     1.0235945                
0.691                    1.0236326                
0.692                    1.0236709                
0.693                    1.023709                 
0.694                    1.0237472                
0.695                    1.0237854                
0.696                    1.0238236                
0.697                    1.0238618                
0.698                    1.0239                   
0.699                    1.0239383                
0.7                      1.0239766                
0.701                    1.0240148                
0.702                    1.0240531                
0.703                    1.0240914                
0.704                    1.0241296                
0.705                    1.0241679                
0.706                    1.0242063                
0.707                    1.0242445                
0.708                    1.0242829                
0.709                    1.0243212                
0.71                     1.0243596                
0.711                    1.024398                 
0.712                    1.0244364                
0.713                    1.0244747                
0.714                    1.0245131                
0.715                    1.0245515                
0.716                    1.02459                  
0.717                    1.0246284                
0.718                    1.0246668                
0.719                    1.0247053                
0.72                     1.0247438                
0.721                    1.0247822                
0.722                    1.0248207                
0.723                    1.0248592                
0.724                    1.0248977                
0.725                    1.0249362                
0.726                    1.0249748                
0.727                    1.0250133                
0.728                    1.0250518                
0.729                    1.0250905                
0.73                     1.025129                 
0.731                    1.0251676                
0.732                    1.0252062                
0.733                    1.0252448                
0.734                    1.0252835                
0.735                    1.0253221                
0.736                    1.0253607                
0.737                    1.0253993                
0.738                    1.025438                 
0.739                    1.0254767                
0.74                     1.0255153                
0.741                    1.0255541                
0.742                    1.0255928                
0.743                    1.0256315                
0.744                    1.0256702                
0.745                    1.0257089                
0.746                    1.0257477                
0.747                    1.0257865                
0.748                    1.0258253                
0.749                    1.025864                 
0.75                     1.0259029                
0.751                    1.0259416                
0.752                    1.0259805                
0.753                    1.0260192                
0.754                    1.0260581                
0.755                    1.0260969                
0.756                    1.0261358                
0.757                    1.0261747                
0.758                    1.0262135                
0.759                    1.0262525                
0.76                     1.0262914                
0.761                    1.0263302                
0.762                    1.0263692                
0.763                    1.0264081                
0.764                    1.026447                 
0.765                    1.026486                 
0.766                    1.026525                 
0.767                    1.026564                 
0.768                    1.026603                 
0.769                    1.026642                 
0.77                     1.026681                 
0.771                    1.0267199                
0.772                    1.026759                 
0.773                    1.026798                 
0.774                    1.0268371                
0.775                    1.0268761                
0.776                    1.0269152                
0.777                    1.0269543                
0.778                    1.0269933                
0.779                    1.0270324                
0.78                     1.0270715                
0.781                    1.0271106                
0.782                    1.0271498                
0.783                    1.0271889                
0.784                    1.027228                 
0.785                    1.0272672                
0.786                    1.0273063                
0.787                    1.0273455                
0.788                    1.0273848                
0.789                    1.0274239                
0.79                     1.0274631                
0.791                    1.0275023                
0.792                    1.0275415                
0.793                    1.0275809                
0.794                    1.0276201                
0.795                    1.0276593                
0.796                    1.0276986                
0.797                    1.0277379                
0.798                    1.0277772                
0.799                    1.0278164                
0.8                      1.0278558                
0.801                    1.0278951                
0.802                    1.0279344                
0.803                    1.0279738                
0.804                    1.0280131                
0.805                    1.0280526                
0.806                    1.0280919                
0.807                    1.0281312                
0.808                    1.0281707                
0.809                    1.02821                  
0.81                     1.0282495                
0.811                    1.028289                 
0.812                    1.0283284                
0.813                    1.0283679                
0.814                    1.0284073                
0.815                    1.0284468                
0.816                    1.0284863                
0.817                    1.0285258                
0.818                    1.0285653                
0.819                    1.0286049                
0.82                     1.0286443                
0.821                    1.0286839                
0.822                    1.0287235                
0.823                    1.0287629                
0.824                    1.0288025                
0.825                    1.0288421                
0.826                    1.0288818                
0.827                    1.0289214                
0.828                    1.028961                 
0.829                    1.0290005                
0.83                     1.0290402                
0.831                    1.0290799                
0.832                    1.0291195                
0.833                    1.0291592                
0.834                    1.0291989                
0.835                    1.0292386                
0.836                    1.0292783                
0.837                    1.029318                 
0.838                    1.0293577                
0.839                    1.0293974                
0.84                     1.0294372                
0.841                    1.0294769                
0.842                    1.0295167                
0.843                    1.0295565                
0.844                    1.0295962                
0.845                    1.029636                 
0.846                    1.0296758                
0.847                    1.0297157                
0.848                    1.0297555                
0.849                    1.0297953                
0.85                     1.0298352                
0.851                    1.029875                 
0.852                    1.029915                 
0.853                    1.0299548                
0.854                    1.0299947                
0.855                    1.0300345                
0.856                    1.0300745                
0.857                    1.0301144                
0.858                    1.0301543                
0.859                    1.0301943                
0.86                     1.0302343                
0.861                    1.0302743                
0.862                    1.0303142                
0.863                    1.0303543                
0.864                    1.0303942                
0.865                    1.0304343                
0.866                    1.0304743                
0.867                    1.0305142                
0.868                    1.0305543                
0.869                    1.0305943                
0.87                     1.0306344                
0.871                    1.0306745                
0.872                    1.0307146                
0.873                    1.0307547                
0.874                    1.0307949                
0.875                    1.0308349                
0.876                    1.0308751                
0.877                    1.0309151                
0.878                    1.0309553                
0.879                    1.0309955                
0.88                     1.0310357                
0.881                    1.0310758                
0.882                    1.031116                 
0.883                    1.0311563                
0.884                    1.0311965                
0.885                    1.0312366                
0.886                    1.031277                 
0.887                    1.0313171                
0.888                    1.0313574                
0.889                    1.0313977                
0.89                     1.031438                 
0.891                    1.0314783                
0.892                    1.0315186                
0.893                    1.0315589                
0.894                    1.0315992                
0.895                    1.0316396                
0.896                    1.0316799                
0.897                    1.0317202                
0.898                    1.0317606                
0.899                    1.031801                 
0.9                      1.0318414                
0.901                    1.0318817                
0.902                    1.0319221                
0.903                    1.0319625                
0.904                    1.032003                 
0.905                    1.0320435                
0.906                    1.0320839                
0.907                    1.0321243                
0.908                    1.0321648                
0.909                    1.0322053                
0.91                     1.0322458                
0.911                    1.0322863                
0.912                    1.0323268                
0.913                    1.0323673                
0.914                    1.0324079                
0.915                    1.0324484                
0.916                    1.032489                 
0.917                    1.0325295                
0.918                    1.0325701                
0.919                    1.0326107                
0.92                     1.0326513                
0.921                    1.032692                 
0.922                    1.0327325                
0.923                    1.0327731                
0.924                    1.0328138                
0.925                    1.0328544                
0.926                    1.0328951                
0.927                    1.0329357                
0.928                    1.0329764                
0.929                    1.0330172                
0.93                     1.0330578                
0.931                    1.0330986                
0.932                    1.0331392                
0.933                    1.03318                  
0.934                    1.0332208                
0.935                    1.0332615                
0.936                    1.0333023                
0.937                    1.0333431                
0.938                    1.0333838                
0.939                    1.0334246                
0.94                     1.0334654                
0.941                    1.0335063                
0.942                    1.033547                 
0.943                    1.0335879                
0.944                    1.0336287                
0.945                    1.0336696                
0.946                    1.0337105                
0.947                    1.0337514                
0.948                    1.0337923                
0.949                    1.0338331                
0.95                     1.033874                 
0.951                    1.033915                 
0.952                    1.0339559                
0.953                    1.0339968                
0.954                    1.0340378                
0.955                    1.0340788                
0.956                    1.0341197                
0.957                    1.0341607                
0.958                    1.0342017                
0.959                    1.0342427                
0.96                     1.0342838                
0.961                    1.0343248                
0.962                    1.0343658                
0.963                    1.0344069                
0.964                    1.0344479                
0.965                    1.034489                 
0.966                    1.03453                  
0.967                    1.0345712                
0.968                    1.0346123                
0.969                    1.0346534                
0.97                     1.0346946                
0.971                    1.0347357                
0.972                    1.0347768                
0.973                    1.0348179                
0.974                    1.0348591                
0.975                    1.0349003                
0.976                    1.0349414                
0.977                    1.0349827                
0.978                    1.0350239                
0.979                    1.035065                 
0.98                     1.0351063                
0.981                    1.0351475                
0.982                    1.0351888                
0.983                    1.03523                  
0.984                    1.0352714                
0.985                    1.0353127                
0.986                    1.0353539                
0.987                    1.0353953                
0.988                    1.0354365                
0.989                    1.0354779                
0.99                     1.0355192                
0.991                    1.0355605                
0.992                    1.0356019                
0.993                    1.0356432                
0.994                    1.0356846                
0.995                    1.0357261                
0.996                    1.0357674                
0.997                    1.0358088                
0.998                    1.0358503                
0.999                    1.0358917                
1.0                      1.0359331                
1.001                    1.0359746                
1.002                    1.036016                 
1.003                    1.0360575                
1.004                    1.036099                 
1.005                    1.0361404                
1.006                    1.0361819                
1.007                    1.0362235                
1.008                    1.036265                 
1.009                    1.0363065                
1.01                     1.0363481                
1.011                    1.0363897                
1.012                    1.0364312                
1.013                    1.0364728                
1.014                    1.0365144                
1.015                    1.036556                 
1.016                    1.0365976                
1.017                    1.0366392                
1.018                    1.0366808                
1.019                    1.0367224                
1.02                     1.0367641                
1.021                    1.0368057                
1.022                    1.0368475                
1.023                    1.0368892                
1.024                    1.0369308                
1.025                    1.0369725                
1.026                    1.0370142                
1.027                    1.037056                 
1.028                    1.0370977                
1.029                    1.0371394                
1.03                     1.0371813                
1.031                    1.037223                 
1.032                    1.0372647                
1.033                    1.0373065                
1.034                    1.0373484                
1.035                    1.0373901                
1.036                    1.037432                 
1.037                    1.0374738                
1.038                    1.0375156                
1.039                    1.0375575                
1.04                     1.0375993                
1.041                    1.0376412                
1.042                    1.0376831                
1.043                    1.037725                 
1.044                    1.0377669                
1.045                    1.0378088                
1.046                    1.0378507                
1.047                    1.0378927                
1.048                    1.0379347                
1.049                    1.0379765                
1.05                     1.0380186                
1.051                    1.0380605                
1.052                    1.0381025                
1.053                    1.0381445                
1.054                    1.0381866                
1.055                    1.0382285                
1.056                    1.0382706                
1.057                    1.0383126                
1.058                    1.0383546                
1.059                    1.0383967                
1.06                     1.0384388                
1.061                    1.0384809                
1.062                    1.038523                 
1.063                    1.038565                 
1.064                    1.0386071                
1.065                    1.0386493                
1.066                    1.0386914                
1.067                    1.0387336                
1.068                    1.0387757                
1.069                    1.0388179                
1.07                     1.0388601                
1.071                    1.0389023                
1.072                    1.0389445                
1.073                    1.0389867                
1.074                    1.0390289                
1.075                    1.0390711                
1.076                    1.0391133                
1.077                    1.0391556                
1.078                    1.0391978                
1.079                    1.0392401                
1.08                     1.0392824                
1.081                    1.0393246                
1.082                    1.039367                 
1.083                    1.0394093                
1.084                    1.0394516                
1.085                    1.0394939                
1.086                    1.0395362                
1.087                    1.0395787                
1.088                    1.039621                 
1.089                    1.0396634                
1.09                     1.0397058                
1.091                    1.0397482                
1.092                    1.0397906                
1.093                    1.039833                 
1.094                    1.0398754                
1.095                    1.0399178                
1.096                    1.0399603                
1.097                    1.0400028                
1.098                    1.0400453                
1.099                    1.0400877                
1.1                      1.0401303                
1.101                    1.0401727                
1.102                    1.0402153                
1.103                    1.0402577                
1.104                    1.0403003                
1.105                    1.0403428                
1.106                    1.0403854                
1.107                    1.0404279                
1.108                    1.0404705                
1.109                    1.040513                 
1.11                     1.0405557                
1.111                    1.0405983                
1.112                    1.040641                 
1.113                    1.0406835                
1.114                    1.0407262                
1.115                    1.0407689                
1.116                    1.0408114                
1.117                    1.0408541                
1.118                    1.0408968                
1.119                    1.0409396                
1.12                     1.0409822                
1.121                    1.0410249                
1.122                    1.0410676                
1.123                    1.0411104                
1.124                    1.0411531                
1.125                    1.0411959                
1.126                    1.0412387                
1.127                    1.0412813                
1.128                    1.0413241                
1.129                    1.0413669                
1.13                     1.0414097                
1.131                    1.0414526                
1.132                    1.0414954                
1.133                    1.0415382                
1.134                    1.0415812                
1.135                    1.041624                 
1.136                    1.0416669                
1.137                    1.0417097                
1.138                    1.0417526                
1.139                    1.0417955                
1.14                     1.0418384                
1.141                    1.0418813                
1.142                    1.0419242                
1.143                    1.0419672                
1.144                    1.0420102                
1.145                    1.0420531                
1.146                    1.042096                 
1.147                    1.042139                 
1.148                    1.0421821                
1.149                    1.042225                 
1.15                     1.042268                 
1.151                    1.0423111                
1.152                    1.0423541                
1.153                    1.0423971                
1.154                    1.0424402                
1.155                    1.0424833                
1.156                    1.0425264                
1.157                    1.0425694                
1.158                    1.0426126                
1.159                    1.0426557                
1.16                     1.0426987                
1.161                    1.0427419                
1.162                    1.042785                 
1.163                    1.0428282                
1.164                    1.0428714                
1.165                    1.0429145                
1.166                    1.0429577                
1.167                    1.0430009                
1.168                    1.0430441                
1.169                    1.0430872                
1.17                     1.0431305                
1.171                    1.0431738                
1.172                    1.043217                 
1.173                    1.0432602                
1.174                    1.0433035                
1.175                    1.0433468                
1.176                    1.04339                  
1.177                    1.0434333                
1.178                    1.0434767                
1.179                    1.04352                  
1.18                     1.0435634                
1.181                    1.0436066                
1.182                    1.04365                  
1.183                    1.0436933                
1.184                    1.0437367                
1.185                    1.0437801                
1.186                    1.0438235                
1.187                    1.0438669                
1.188                    1.0439103                
1.189                    1.0439537                
1.19                     1.0439972                
1.191                    1.0440406                
1.192                    1.0440841                
1.193                    1.0441275                
1.194                    1.044171                 
1.195                    1.0442145                
1.196                    1.044258                 
1.197                    1.0443014                
1.198                    1.0443449                
1.199                    1.0443885                
1.2                      1.044432                 
1.201                    1.0444756                
1.202                    1.0445191                
1.203                    1.0445627                
1.204                    1.0446062                
1.205                    1.0446498                
1.206                    1.0446935                
1.207                    1.0447371                
1.208                    1.0447806                
1.209                    1.0448242                
1.21                     1.044868                 
1.211                    1.0449116                
1.212                    1.0449553                
1.213                    1.0449989                
1.214                    1.0450426                
1.215                    1.0450863                
1.216                    1.04513                  
1.217                    1.0451736                
1.218                    1.0452174                
1.219                    1.0452611                
1.22                     1.0453049                
1.221                    1.0453486                
1.222                    1.0453924                
1.223                    1.0454361                
1.224                    1.04548                  
1.225                    1.0455238                
1.226                    1.0455675                
1.227                    1.0456114                
1.228                    1.0456553                
1.229                    1.045699                 
1.23                     1.0457429                
1.231                    1.0457867                
1.232                    1.0458306                
1.233                    1.0458745                
1.234                    1.0459183                
1.235                    1.0459623                
1.236                    1.0460062                
1.237                    1.0460501                
1.238                    1.0460941                
1.239                    1.046138                 
1.24                     1.0461819                
1.241                    1.0462259                
1.242                    1.0462699                
1.243                    1.0463139                
1.244                    1.0463579                
1.245                    1.0464019                
1.246                    1.046446                 
1.247                    1.04649                  
1.248                    1.046534                 
1.249                    1.046578                 
1.25                     1.0466222                
1.251                    1.0466661                
1.252                    1.0467103                
1.253                    1.0467544                
1.254                    1.0467985                
1.255                    1.0468426                
1.256                    1.0468867                
1.257                    1.0469308                
1.258                    1.046975                 
1.259                    1.0470191                
1.26                     1.0470634                
1.261                    1.0471075                
1.262                    1.0471517                
1.263                    1.0471959                
1.264                    1.04724                  
1.265                    1.0472842                
1.266                    1.0473285                
1.267                    1.0473727                
1.268                    1.047417                 
1.269                    1.0474613                
1.27                     1.0475055                
1.271                    1.0475498                
1.272                    1.0475941                
1.273                    1.0476384                
1.274                    1.0476828                
1.275                    1.047727                 
1.276                    1.0477713                
1.277                    1.0478157                
1.278                    1.04786                  
1.279                    1.0479045                
1.28                     1.0479488                
1.281                    1.0479932                
1.282                    1.0480376                
1.283                    1.048082                 
1.284                    1.0481265                
1.285                    1.0481708                
1.286                    1.0482153                
1.287                    1.0482597                
1.288                    1.0483042                
1.289                    1.0483487                
1.29                     1.0483931                
1.291                    1.0484376                
1.292                    1.0484822                
1.293                    1.0485266                
1.294                    1.0485712                
1.295                    1.0486157                
1.296                    1.0486603                
1.297                    1.0487047                
1.298                    1.0487493                
1.299                    1.0487939                
1.3                      1.0488385                
1.301                    1.0488831                
1.302                    1.0489278                
1.303                    1.0489724                
1.304                    1.049017                 
1.305                    1.0490617                
1.306                    1.0491062                
1.307                    1.049151                 
1.308                    1.0491955                
1.309                    1.0492402                
1.31                     1.0492849                
1.311                    1.0493296                
1.312                    1.0493743                
1.313                    1.049419                 
1.314                    1.0494639                
1.315                    1.0495086                
1.316                    1.0495533                
1.317                    1.0495981                
1.318                    1.0496428                
1.319                    1.0496876                
1.32                     1.0497324                
1.321                    1.0497773                
1.322                    1.0498221                
1.323                    1.0498669                
1.324                    1.0499117                
1.325                    1.0499566                
1.326                    1.0500014                
1.327                    1.0500463                
1.328                    1.0500911                
1.329                    1.0501361                
1.33                     1.0501809                
1.331                    1.0502259                
1.332                    1.0502708                
1.333                    1.0503157                
1.334                    1.0503607                
1.335                    1.0504056                
1.336                    1.0504506                
1.337                    1.0504955                
1.338                    1.0505406                
1.339                    1.0505855                
1.34                     1.0506306                
1.341                    1.0506755                
1.342                    1.0507206                
1.343                    1.0507656                
1.344                    1.0508107                
1.345                    1.0508558                
1.346                    1.0509008                
1.347                    1.0509459                
1.348                    1.0509909                
1.349                    1.051036                 
1.35                     1.0510812                
1.351                    1.0511262                
1.352                    1.0511714                
1.353                    1.0512166                
1.354                    1.0512617                
1.355                    1.0513068                
1.356                    1.051352                 
1.357                    1.0513972                
1.358                    1.0514424                
1.359                    1.0514876                
1.36                     1.0515329                
1.361                    1.051578                 
1.362                    1.0516233                
1.363                    1.0516685                
1.364                    1.0517138                
1.365                    1.0517591                
1.366                    1.0518043                
1.367                    1.0518496                
1.368                    1.0518949                
1.369                    1.0519402                
1.37                     1.0519855                
1.371                    1.0520309                
1.372                    1.0520762                
1.373                    1.0521216                
1.374                    1.0521669                
1.375                    1.0522124                
1.376                    1.0522577                
1.377                    1.0523031                
1.378                    1.0523485                
1.379                    1.0523939                
1.38                     1.0524393                
1.381                    1.0524848                
1.382                    1.0525302                
1.383                    1.0525757                
1.384                    1.0526211                
1.385                    1.0526667                
1.386                    1.0527121                
1.387                    1.0527576                
1.388                    1.0528032                
1.389                    1.0528486                
1.39                     1.0528941                
1.391                    1.0529397                
1.392                    1.0529852                
1.393                    1.0530308                
1.394                    1.0530764                
1.395                    1.0531219                
1.396                    1.0531676                
1.397                    1.0532131                
1.398                    1.0532588                
1.399                    1.0533044                
1.4                      1.05335                  
1.401                    1.0533956                
1.402                    1.0534413                
1.403                    1.053487                 
1.404                    1.0535326                
1.405                    1.0535784                
1.406                    1.053624                 
1.407                    1.0536697                
1.408                    1.0537155                
1.409                    1.0537612                
1.41                     1.0538069                
1.411                    1.0538527                
1.412                    1.0538985                
1.413                    1.0539442                
1.414                    1.05399                  
1.415                    1.0540358                
1.416                    1.0540816                
1.417                    1.0541275                
1.418                    1.0541732                
1.419                    1.054219                 
1.42                     1.0542649                
1.421                    1.0543108                
1.422                    1.0543566                
1.423                    1.0544025                
1.424                    1.0544484                
1.425                    1.0544943                
1.426                    1.0545402                
1.427                    1.054586                 
1.428                    1.0546321                
1.429                    1.054678                 
1.43                     1.0547239                
1.431                    1.0547699                
1.432                    1.0548159                
1.433                    1.0548618                
1.434                    1.0549078                
1.435                    1.0549538                
1.436                    1.0549998                
1.437                    1.0550458                
1.438                    1.0550919                
1.439                    1.0551379                
1.44                     1.055184                 
1.441                    1.05523                  
1.442                    1.0552762                
1.443                    1.0553222                
1.444                    1.0553683                
1.445                    1.0554144                
1.446                    1.0554605                
1.447                    1.0555066                
1.448                    1.0555527                
1.449                    1.055599                 
1.45                     1.0556451                
1.451                    1.0556912                
1.452                    1.0557374                
1.453                    1.0557836                
1.454                    1.0558298                
1.455                    1.055876                 
1.456                    1.0559223                
1.457                    1.0559685                
1.458                    1.0560148                
1.459                    1.056061                 
1.46                     1.0561073                
1.461                    1.0561535                
1.462                    1.0561998                
1.463                    1.056246                 
1.464                    1.0562924                
1.465                    1.0563387                
1.466                    1.056385                 
1.467                    1.0564314                
1.468                    1.0564777                
1.469                    1.056524                 
1.47                     1.0565704                
1.471                    1.0566168                
1.472                    1.0566633                
1.473                    1.0567096                
1.474                    1.056756                 
1.475                    1.0568024                
1.476                    1.0568489                
1.477                    1.0568954                
1.478                    1.0569417                
1.479                    1.0569882                
1.48                     1.0570347                
1.481                    1.0570812                
1.482                    1.0571277                
1.483                    1.0571742                
1.484                    1.0572207                
1.485                    1.0572672                
1.486                    1.0573138                
1.487                    1.0573603                
1.488                    1.0574069                
1.489                    1.0574534                
1.49                     1.0575                   
1.491                    1.0575466                
1.492                    1.0575932                
1.493                    1.0576398                
1.494                    1.0576864                
1.495                    1.057733                 
1.496                    1.0577797                
1.497                    1.0578264                
1.498                    1.057873                 
1.499                    1.0579196                
1.5                      1.0579664                
1.501                    1.0580131                
1.502                    1.0580598                
1.503                    1.0581064                
1.504                    1.0581532                
1.505                    1.0581999                
1.506                    1.0582467                
1.507                    1.0582935                
1.508                    1.0583402                
1.509                    1.0583869                
1.51                     1.0584338                
1.511                    1.0584805                
1.512                    1.0585274                
1.513                    1.0585742                
1.514                    1.058621                 
1.515                    1.0586679                
1.516                    1.0587147                
1.517                    1.0587616                
1.518                    1.0588084                
1.519                    1.0588553                
1.52                     1.0589023                
1.521                    1.0589491                
1.522                    1.0589961                
1.523                    1.0590429                
1.524                    1.0590899                
1.525                    1.0591369                
1.526                    1.0591838                
1.527                    1.0592308                
1.528                    1.0592778                
1.529                    1.0593247                
1.53                     1.0593717                
1.531                    1.0594187                
1.532                    1.0594658                
1.533                    1.0595127                
1.534                    1.0595598                
1.535                    1.0596068                
1.536                    1.0596539                
1.537                    1.059701                 
1.538                    1.059748                 
1.539                    1.0597951                
1.54                     1.0598422                
1.541                    1.0598894                
1.542                    1.0599365                
1.543                    1.0599836                
1.544                    1.0600308                
1.545                    1.0600779                
1.546                    1.0601251                
1.547                    1.0601723                
1.548                    1.0602195                
1.549                    1.0602667                
1.55                     1.0603139                
1.551                    1.0603611                
1.552                    1.0604084                
1.553                    1.0604556                
1.554                    1.0605029                
1.555                    1.0605501                
1.556                    1.0605974                
1.557                    1.0606447                
1.558                    1.060692                 
1.559                    1.0607393                
1.56                     1.0607866                
1.561                    1.0608339                
1.562                    1.0608813                
1.563                    1.0609287                
1.564                    1.060976                 
1.565                    1.0610234                
1.566                    1.0610708                
1.567                    1.0611181                
1.568                    1.0611656                
1.569                    1.061213                 
1.57                     1.0612603                
1.571                    1.0613078                
1.572                    1.0613552                
1.573                    1.0614027                
1.574                    1.0614502                
1.575                    1.0614977                
1.576                    1.0615451                
1.577                    1.0615927                
1.578                    1.0616401                
1.579                    1.0616877                
1.58                     1.0617353                
1.581                    1.0617827                
1.582                    1.0618303                
1.583                    1.0618778                
1.584                    1.0619254                
1.585                    1.061973                 
1.586                    1.0620207                
1.587                    1.0620682                
1.588                    1.0621158                
1.589                    1.0621635                
1.59                     1.0622112                
1.591                    1.0622587                
1.592                    1.0623064                
1.593                    1.0623541                
1.594                    1.0624018                
1.595                    1.0624495                
1.596                    1.0624971                
1.597                    1.0625448                
1.598                    1.0625925                
1.599                    1.0626403                
1.6                      1.062688                 
1.601                    1.0627358                
1.602                    1.0627836                
1.603                    1.0628313                
1.604                    1.0628791                
1.605                    1.0629269                
1.606                    1.0629747                
1.607                    1.0630225                
1.608                    1.0630703                
1.609                    1.0631182                
1.61                     1.063166                 
1.611                    1.0632138                
1.612                    1.0632617                
1.613                    1.0633097                
1.614                    1.0633575                
1.615                    1.0634054                
1.616                    1.0634533                
1.617                    1.0635012                
1.618                    1.0635492                
1.619                    1.0635971                
1.62                     1.0636451                
1.621                    1.063693                 
1.622                    1.063741                 
1.623                    1.063789                 
1.624                    1.0638369                
1.625                    1.063885                 
1.626                    1.063933                 
1.627                    1.063981                 
1.628                    1.0640291                
1.629                    1.0640771                
1.63                     1.0641252                
1.631                    1.0641732                
1.632                    1.0642214                
1.633                    1.0642694                
1.634                    1.0643175                
1.635                    1.0643656                
1.636                    1.0644138                
1.637                    1.0644618                
1.638                    1.06451                  
1.639                    1.0645581                
1.64                     1.0646063                
1.641                    1.0646545                
1.642                    1.0647027                
1.643                    1.0647509                
1.644                    1.0647991                
1.645                    1.0648474                
1.646                    1.0648955                
1.647                    1.0649438                
1.648                    1.0649921                
1.649                    1.0650402                
1.65                     1.0650885                
1.651                    1.0651368                
1.652                    1.0651851                
1.653                    1.0652335                
1.654                    1.0652817                
1.655                    1.06533                  
1.656                    1.0653784                
1.657                    1.0654267                
1.658                    1.0654751                
1.659                    1.0655235                
1.66                     1.0655718                
1.661                    1.0656202                
1.662                    1.0656686                
1.663                    1.065717                 
1.664                    1.0657654                
1.665                    1.0658139                
1.666                    1.0658623                
1.667                    1.0659107                
1.668                    1.0659592                
1.669                    1.0660077                
1.67                     1.0660561                
1.671                    1.0661047                
1.672                    1.0661532                
1.673                    1.0662017                
1.674                    1.0662502                
1.675                    1.0662987                
1.676                    1.0663472                
1.677                    1.0663959                
1.678                    1.0664444                
1.679                    1.0664929                
1.68                     1.0665416                
1.681                    1.0665902                
1.682                    1.0666387                
1.683                    1.0666873                
1.684                    1.066736                 
1.685                    1.0667846                
1.686                    1.0668333                
1.687                    1.066882                 
1.688                    1.0669307                
1.689                    1.0669793                
1.69                     1.067028                 
1.691                    1.0670767                
1.692                    1.0671254                
1.693                    1.0671742                
1.694                    1.0672228                
1.695                    1.0672716                
1.696                    1.0673203                
1.697                    1.0673691                
1.698                    1.067418                 
1.699                    1.0674667                
1.7                      1.0675155                
1.701                    1.0675644                
1.702                    1.0676131                
1.703                    1.067662                 
1.704                    1.0677108                
1.705                    1.0677596                
1.706                    1.0678085                
1.707                    1.0678574                
1.708                    1.0679063                
1.709                    1.0679551                
1.71                     1.0680041                
1.711                    1.068053                 
1.712                    1.0681019                
1.713                    1.0681509                
1.714                    1.0681998                
1.715                    1.0682487                
1.716                    1.0682977                
1.717                    1.0683467                
1.718                    1.0683957                
1.719                    1.0684447                
1.72                     1.0684937                
1.721                    1.0685427                
1.722                    1.0685917                
1.723                    1.0686408                
1.724                    1.0686898                
1.725                    1.0687389                
1.726                    1.068788                 
1.727                    1.068837                 
1.728                    1.0688862                
1.729                    1.0689353                
1.73                     1.0689844                
1.731                    1.0690335                
1.732                    1.0690826                
1.733                    1.0691319                
1.734                    1.069181                 
1.735                    1.0692301                
1.736                    1.0692793                
1.737                    1.0693285                
1.738                    1.0693777                
1.739                    1.0694269                
1.74                     1.0694761                
1.741                    1.0695254                
1.742                    1.0695746                
1.743                    1.0696238                
1.744                    1.0696732                
1.745                    1.0697224                
1.746                    1.0697716                
1.747                    1.069821                 
1.748                    1.0698704                
1.749                    1.0699196                
1.75                     1.0699689                
1.751                    1.0700183                
1.752                    1.0700676                
1.753                    1.070117                 
1.754                    1.0701663                
1.755                    1.0702157                
1.756                    1.0702652                
1.757                    1.0703145                
1.758                    1.070364                 
1.759                    1.0704134                
1.76                     1.0704628                
1.761                    1.0705123                
1.762                    1.0705616                
1.763                    1.0706111                
1.764                    1.0706606                
1.765                    1.0707102                
1.766                    1.0707597                
1.767                    1.0708091                
1.768                    1.0708587                
1.769                    1.0709082                
1.77                     1.0709578                
1.771                    1.0710073                
1.772                    1.0710568                
1.773                    1.0711064                
1.774                    1.071156                 
1.775                    1.0712056                
1.776                    1.0712552                
1.777                    1.0713048                
1.778                    1.0713544                
1.779                    1.0714041                
1.78                     1.0714537                
1.781                    1.0715034                
1.782                    1.071553                 
1.783                    1.0716027                
1.784                    1.0716524                
1.785                    1.0717021                
1.786                    1.0717518                
1.787                    1.0718015                
1.788                    1.0718513                
1.789                    1.071901                 
1.79                     1.0719508                
1.791                    1.0720005                
1.792                    1.0720503                
1.793                    1.0721                   
1.794                    1.0721499                
1.795                    1.0721997                
1.796                    1.0722495                
1.797                    1.0722994                
1.798                    1.0723492                
1.799                    1.072399                 
1.8                      1.0724488                
1.801                    1.0724987                
1.802                    1.0725486                
1.803                    1.0725985                
1.804                    1.0726484                
1.805                    1.0726984                
1.806                    1.0727482                
1.807                    1.0727981                
1.808                    1.0728481                
1.809                    1.072898                 
1.81                     1.072948                 
1.811                    1.072998                 
1.812                    1.073048                 
1.813                    1.073098                 
1.814                    1.073148                 
1.815                    1.073198                 
1.816                    1.073248                 
1.817                    1.0732981                
1.818                    1.0733482                
1.819                    1.0733982                
1.82                     1.0734483                
1.821                    1.0734984                
1.822                    1.0735484                
1.823                    1.0735985                
1.824                    1.0736487                
1.825                    1.0736988                
1.826                    1.073749                 
1.827                    1.073799                 
1.828                    1.0738492                
1.829                    1.0738994                
1.83                     1.0739496                
1.831                    1.0739998                
1.832                    1.07405                  
1.833                    1.0741001                
1.834                    1.0741503                
1.835                    1.0742006                
1.836                    1.0742508                
1.837                    1.0743011                
1.838                    1.0743513                
1.839                    1.0744016                
1.84                     1.0744519                
1.841                    1.0745022                
1.842                    1.0745525                
1.843                    1.0746028                
1.844                    1.0746531                
1.845                    1.0747035                
1.846                    1.0747538                
1.847                    1.0748042                
1.848                    1.0748546                
1.849                    1.0749049                
1.85                     1.0749553                
1.851                    1.0750058                
1.852                    1.0750562                
1.853                    1.0751066                
1.854                    1.075157                 
1.855                    1.0752076                
1.856                    1.075258                 
1.857                    1.0753086                
1.858                    1.075359                 
1.859                    1.0754095                
1.86                     1.07546                  
1.861                    1.0755105                
1.862                    1.075561                 
1.863                    1.0756116                
1.864                    1.0756621                
1.865                    1.0757128                
1.866                    1.0757633                
1.867                    1.0758139                
1.868                    1.0758646                
1.869                    1.0759151                
1.87                     1.0759658                
1.871                    1.0760164                
1.872                    1.076067                 
1.873                    1.0761176                
1.874                    1.0761683                
1.875                    1.076219                 
1.876                    1.0762697                
1.877                    1.0763204                
1.878                    1.0763711                
1.879                    1.0764219                
1.88                     1.0764725                
1.881                    1.0765233                
1.882                    1.0765741                
1.883                    1.0766249                
1.884                    1.0766755                
1.885                    1.0767263                
1.886                    1.0767772                
1.887                    1.076828                 
1.888                    1.0768788                
1.889                    1.0769296                
1.89                     1.0769805                
1.891                    1.0770313                
1.892                    1.0770822                
1.893                    1.077133                 
1.894                    1.077184                 
1.895                    1.0772347                
1.896                    1.0772856                
1.897                    1.0773367                
1.898                    1.0773876                
1.899                    1.0774385                
1.9                      1.0774894                
1.901                    1.0775404                
1.902                    1.0775913                
1.903                    1.0776423                
1.904                    1.0776933                
1.905                    1.0777444                
1.906                    1.0777953                
1.907                    1.0778463                
1.908                    1.0778974                
1.909                    1.0779485                
1.91                     1.0779995                
1.911                    1.0780505                
1.912                    1.0781016                
1.913                    1.0781527                
1.914                    1.0782038                
1.915                    1.0782549                
1.916                    1.0783061                
1.917                    1.0783572                
1.918                    1.0784084                
1.919                    1.0784595                
1.92                     1.0785106                
1.921                    1.0785618                
1.922                    1.0786129                
1.923                    1.0786642                
1.924                    1.0787153                
1.925                    1.0787666                
1.926                    1.0788178                
1.927                    1.0788691                
1.928                    1.0789204                
1.929                    1.0789716                
1.93                     1.0790229                
1.931                    1.0790741                
1.932                    1.0791254                
1.933                    1.0791767                
1.934                    1.079228                 
1.935                    1.0792793                
1.936                    1.0793307                
1.937                    1.0793821                
1.938                    1.0794334                
1.939                    1.0794848                
1.94                     1.0795362                
1.941                    1.0795876                
1.942                    1.079639                 
1.943                    1.0796903                
1.944                    1.0797417                
1.945                    1.0797932                
1.946                    1.0798446                
1.947                    1.0798961                
1.948                    1.0799476                
1.949                    1.0799991                
1.95                     1.0800506                
1.951                    1.0801021                
1.952                    1.0801536                
1.953                    1.0802051                
1.954                    1.0802566                
1.955                    1.0803081                
1.956                    1.0803597                
1.957                    1.0804113                
1.958                    1.0804628                
1.959                    1.0805144                
1.96                     1.080566                 
1.961                    1.0806177                
1.962                    1.0806693                
1.963                    1.0807209                
1.964                    1.0807725                
1.965                    1.0808241                
1.966                    1.0808759                
1.967                    1.0809275                
1.968                    1.0809792                
1.969                    1.0810308                
1.97                     1.0810826                
1.971                    1.0811343                
1.972                    1.081186                 
1.973                    1.0812378                
1.974                    1.0812895                
1.975                    1.0813413                
1.976                    1.081393                 
1.977                    1.0814449                
1.978                    1.0814966                
1.979                    1.0815485                
1.98                     1.0816002                
1.981                    1.081652                 
1.982                    1.0817039                
1.983                    1.0817558                
1.984                    1.0818076                
1.985                    1.0818595                
1.986                    1.0819113                
1.987                    1.0819632                
1.988                    1.0820152                
1.989                    1.082067                 
1.99                     1.082119                 
1.991                    1.0821708                
1.992                    1.0822228                
1.993                    1.0822748                
1.994                    1.0823268                
1.995                    1.0823787                
1.996                    1.0824307                
1.997                    1.0824827                
1.998                    1.0825348                
1.999                    1.0825868                
2.0                      1.0826387                
2.001                    1.0826908                
2.002                    1.0827429                
2.003                    1.0827949                
2.004                    1.082847                 
2.005                    1.0828991                
2.006                    1.0829512                
2.007                    1.0830033                
2.008                    1.0830555                
2.009                    1.0831076                
2.01                     1.0831597                
2.011                    1.0832119                
2.012                    1.083264                 
2.013                    1.0833162                
2.014                    1.0833684                
2.015                    1.0834206                
2.016                    1.0834728                
2.017                    1.0835251                
2.018                    1.0835773                
2.019                    1.0836295                
2.02                     1.0836817                
2.021                    1.083734                 
2.022                    1.0837862                
2.023                    1.0838386                
2.024                    1.0838908                
2.025                    1.0839431                
2.026                    1.0839955                
2.027                    1.0840478                
2.028                    1.0841001                
2.029                    1.0841525                
2.03                     1.0842048                
2.031                    1.0842572                
2.032                    1.0843096                
2.033                    1.0843619                
2.034                    1.0844144                
2.035                    1.0844668                
2.036                    1.0845193                
2.037                    1.0845716                
2.038                    1.084624                 
2.039                    1.0846765                
2.04                     1.0847291                
2.041                    1.0847815                
2.042                    1.084834                 
2.043                    1.0848864                
2.044                    1.084939                 
2.045                    1.0849916                
2.046                    1.085044                 
2.047                    1.0850966                
2.048                    1.0851492                
2.049                    1.0852017                
2.05                     1.0852543                
2.051                    1.0853069                
2.052                    1.0853595                
2.053                    1.0854121                
2.054                    1.0854647                
2.055                    1.0855174                
2.056                    1.08557                  
2.057                    1.0856227                
2.058                    1.0856754                
2.059                    1.085728                 
2.06                     1.0857807                
2.061                    1.0858334                
2.062                    1.0858861                
2.063                    1.0859388                
2.064                    1.0859915                
2.065                    1.0860443                
2.066                    1.086097                 
2.067                    1.0861498                
2.068                    1.0862026                
2.069                    1.0862553                
2.07                     1.0863081                
2.071                    1.0863609                
2.072                    1.0864137                
2.073                    1.0864666                
2.074                    1.0865195                
2.075                    1.0865723                
2.076                    1.0866252                
2.077                    1.086678                 
2.078                    1.086731                 
2.079                    1.0867838                
2.08                     1.0868367                
2.081                    1.0868896                
2.082                    1.0869426                
2.083                    1.0869955                
2.084                    1.0870484                
2.085                    1.0871015                
2.086                    1.0871544                
2.087                    1.0872073                
2.088                    1.0872604                
2.089                    1.0873134                
2.09                     1.0873663                
2.091                    1.0874194                
2.092                    1.0874724                
2.093                    1.0875255                
2.094                    1.0875785                
2.095                    1.0876316                
2.096                    1.0876848                
2.097                    1.0877378                
2.098                    1.0877908                
2.099                    1.087844                 
2.1                      1.0878972                
2.101                    1.0879502                
2.102                    1.0880034                
2.103                    1.0880566                
2.104                    1.0881097                
2.105                    1.0881629                
2.106                    1.0882162                
2.107                    1.0882694                
2.108                    1.0883225                
2.109                    1.0883758                
2.11                     1.088429                 
2.111                    1.0884823                
2.112                    1.0885355                
2.113                    1.0885887                
2.114                    1.088642                 
2.115                    1.0886953                
2.116                    1.0887487                
2.117                    1.088802                 
2.118                    1.0888553                
2.119                    1.0889087                
2.12                     1.088962                 
2.121                    1.0890154                
2.122                    1.0890687                
2.123                    1.089122                 
2.124                    1.0891755                
2.125                    1.0892289                
2.126                    1.0892823                
2.127                    1.0893357                
2.128                    1.0893891                
2.129                    1.0894426                
2.13                     1.089496                 
2.131                    1.0895494                
2.132                    1.089603                 
2.133                    1.0896565                
2.134                    1.08971                  
2.135                    1.0897634                
2.136                    1.0898169                
2.137                    1.0898705                
2.138                    1.0899241                
2.139                    1.0899776                
2.14                     1.0900311                
2.141                    1.0900848                
2.142                    1.0901383                
2.143                    1.090192                 
2.144                    1.0902455                
2.145                    1.0902991                
2.146                    1.0903528                
2.147                    1.0904064                
2.148                    1.0904601                
2.149                    1.0905137                
2.15                     1.0905675                
2.151                    1.0906211                
2.152                    1.0906748                
2.153                    1.0907285                
2.154                    1.0907823                
2.155                    1.0908359                
2.156                    1.0908897                
2.157                    1.0909435                
2.158                    1.0909972                
2.159                    1.0910511                
2.16                     1.0911049                
2.161                    1.0911586                
2.162                    1.0912125                
2.163                    1.0912663                
2.164                    1.0913202                
2.165                    1.091374                 
2.166                    1.0914279                
2.167                    1.0914818                
2.168                    1.0915357                
2.169                    1.0915896                
2.17                     1.0916435                
2.171                    1.0916973                
2.172                    1.0917513                
2.173                    1.0918052                
2.174                    1.0918592                
2.175                    1.0919131                
2.176                    1.0919671                
2.177                    1.0920211                
2.178                    1.0920751                
2.179                    1.0921291                
2.18                     1.0921831                
2.181                    1.0922372                
2.182                    1.0922912                
2.183                    1.0923452                
2.184                    1.0923994                
2.185                    1.0924535                
2.186                    1.0925075                
2.187                    1.0925616                
2.188                    1.0926157                
2.189                    1.0926698                
2.19                     1.092724                 
2.191                    1.0927781                
2.192                    1.0928323                
2.193                    1.0928864                
2.194                    1.0929406                
2.195                    1.0929948                
2.196                    1.093049                 
2.197                    1.0931032                
2.198                    1.0931574                
2.199                    1.0932117                
2.2                      1.0932659                
2.201                    1.0933201                
2.202                    1.0933745                
2.203                    1.0934287                
2.204                    1.093483                 
2.205                    1.0935373                
2.206                    1.0935916                
2.207                    1.0936459                
2.208                    1.0937003                
2.209                    1.0937546                
2.21                     1.093809                 
2.211                    1.0938634                
2.212                    1.0939177                
2.213                    1.0939721                
2.214                    1.0940266                
2.215                    1.0940809                
2.216                    1.0941354                
2.217                    1.0941898                
2.218                    1.0942442                
2.219                    1.0942987                
2.22                     1.0943532                
2.221                    1.0944077                
2.222                    1.0944622                
2.223                    1.0945166                
2.224                    1.0945711                
2.225                    1.0946257                
2.226                    1.0946802                
2.227                    1.0947348                
2.228                    1.0947894                
2.229                    1.0948439                
2.23                     1.0948985                
2.231                    1.0949531                
2.232                    1.0950077                
2.233                    1.0950623                
2.234                    1.095117                 
2.235                    1.0951716                
2.236                    1.0952262                
2.237                    1.0952809                
2.238                    1.0953355                
2.239                    1.0953902                
2.24                     1.0954449                
2.241                    1.0954996                
2.242                    1.0955544                
2.243                    1.0956091                
2.244                    1.0956638                
2.245                    1.0957185                
2.246                    1.0957733                
2.247                    1.095828                 
2.248                    1.0958829                
2.249                    1.0959376                
2.25                     1.0959924                
2.251                    1.0960473                
2.252                    1.0961021                
2.253                    1.096157                 
2.254                    1.0962118                
2.255                    1.0962666                
2.256                    1.0963216                
2.257                    1.0963764                
2.258                    1.0964313                
2.259                    1.0964862                
2.26                     1.0965412                
2.261                    1.0965961                
2.262                    1.096651                 
2.263                    1.0967059                
2.264                    1.0967609                
2.265                    1.096816                 
2.266                    1.0968709                
2.267                    1.0969259                
2.268                    1.0969809                
2.269                    1.0970359                
2.27                     1.097091                 
2.271                    1.097146                 
2.272                    1.097201                 
2.273                    1.0972561                
2.274                    1.0973111                
2.275                    1.0973662                
2.276                    1.0974214                
2.277                    1.0974765                
2.278                    1.0975316                
2.279                    1.0975868                
2.28                     1.0976418                
2.281                    1.097697                 
2.282                    1.0977522                
2.283                    1.0978074                
2.284                    1.0978626                
2.285                    1.0979178                
2.286                    1.097973                 
2.287                    1.0980282                
2.288                    1.0980834                
2.289                    1.0981387                
2.29                     1.0981939                
2.291                    1.0982492                
2.292                    1.0983045                
2.293                    1.0983597                
2.294                    1.098415                 
2.295                    1.0984703                
2.296                    1.0985256                
2.297                    1.0985811                
2.298                    1.0986364                
2.299                    1.0986917                
2.3                      1.0987471                
2.301                    1.0988024                
2.302                    1.0988579                
2.303                    1.0989133                
2.304                    1.0989687                
2.305                    1.0990242                
2.306                    1.0990796                
2.307                    1.099135                 
2.308                    1.0991905                
2.309                    1.0992459                
2.31                     1.0993015                
2.311                    1.0993569                
2.312                    1.0994124                
2.313                    1.099468                 
2.314                    1.0995234                
2.315                    1.099579                 
2.316                    1.0996345                
2.317                    1.0996901                
2.318                    1.0997456                
2.319                    1.0998013                
2.32                     1.0998569                
2.321                    1.0999125                
2.322                    1.0999681                
2.323                    1.1000237                
2.324                    1.1000794                
2.325                    1.100135                 
2.326                    1.1001906                
2.327                    1.1002463                
2.328                    1.1003021                
2.329                    1.1003578                
2.33                     1.1004134                
2.331                    1.1004691                
2.332                    1.1005249                
2.333                    1.1005807                
2.334                    1.1006364                
2.335                    1.1006922                
2.336                    1.100748                 
2.337                    1.1008037                
2.338                    1.1008595                
2.339                    1.1009153                
2.34                     1.1009712                
2.341                    1.101027                 
2.342                    1.1010828                
2.343                    1.1011387                
2.344                    1.1011946                
2.345                    1.1012504                
2.346                    1.1013063                
2.347                    1.1013622                
2.348                    1.1014181                
2.349                    1.101474                 
2.35                     1.10153                  
2.351                    1.101586                 
2.352                    1.1016419                
2.353                    1.1016979                
2.354                    1.1017538                
2.355                    1.1018099                
2.356                    1.1018659                
2.357                    1.1019219                
2.358                    1.101978                 
2.359                    1.102034                 
2.36                     1.10209                  
2.361                    1.102146                 
2.362                    1.1022022                
2.363                    1.1022582                
2.364                    1.1023144                
2.365                    1.1023704                
2.366                    1.1024265                
2.367                    1.1024827                
2.368                    1.1025388                
2.369                    1.102595                 
2.37                     1.1026511                
2.371                    1.1027073                
2.372                    1.1027635                
2.373                    1.1028197                
2.374                    1.102876                 
2.375                    1.1029321                
2.376                    1.1029884                
2.377                    1.1030446                
2.378                    1.1031009                
2.379                    1.1031572                
2.38                     1.1032134                
2.381                    1.1032697                
2.382                    1.103326                 
2.383                    1.1033822                
2.384                    1.1034386                
2.385                    1.1034949                
2.386                    1.1035513                
2.387                    1.1036077                
2.388                    1.103664                 
2.389                    1.1037204                
2.39                     1.1037768                
2.391                    1.1038332                
2.392                    1.1038896                
2.393                    1.103946                 
2.394                    1.1040025                
2.395                    1.1040589                
2.396                    1.1041154                
2.397                    1.1041719                
2.398                    1.1042284                
2.399                    1.1042848                
2.4                      1.1043413                
2.401                    1.1043979                
2.402                    1.1044544                
2.403                    1.1045109                
2.404                    1.1045674                
2.405                    1.104624                 
2.406                    1.1046807                
2.407                    1.1047372                
2.408                    1.1047938                
2.409                    1.1048504                
2.41                     1.104907                 
2.411                    1.1049637                
2.412                    1.1050203                
2.413                    1.1050769                
2.414                    1.1051337                
2.415                    1.1051903                
2.416                    1.105247                 
2.417                    1.1053036                
2.418                    1.1053604                
2.419                    1.1054171                
2.42                     1.1054739                
2.421                    1.1055306                
2.422                    1.1055874                
2.423                    1.1056441                
2.424                    1.1057009                
2.425                    1.1057577                
2.426                    1.1058145                
2.427                    1.1058713                
2.428                    1.1059281                
2.429                    1.1059849                
2.43                     1.1060418                
2.431                    1.1060987                
2.432                    1.1061555                
2.433                    1.1062124                
2.434                    1.1062694                
2.435                    1.1063262                
2.436                    1.1063831                
2.437                    1.1064401                
2.438                    1.106497                 
2.439                    1.1065539                
2.44                     1.1066109                
2.441                    1.1066679                
2.442                    1.1067249                
2.443                    1.1067818                
2.444                    1.106839                 
2.445                    1.1068959                
2.446                    1.1069529                
2.447                    1.10701                  
2.448                    1.107067                 
2.449                    1.1071241                
2.45                     1.1071812                
2.451                    1.1072383                
2.452                    1.1072954                
2.453                    1.1073525                
2.454                    1.1074096                
2.455                    1.1074667                
2.456                    1.1075239                
2.457                    1.107581                 
2.458                    1.1076382                
2.459                    1.1076955                
2.46                     1.1077526                
2.461                    1.1078098                
2.462                    1.107867                 
2.463                    1.1079242                
2.464                    1.1079816                
2.465                    1.1080388                
2.466                    1.108096                 
2.467                    1.1081533                
2.468                    1.1082106                
2.469                    1.1082679                
2.47                     1.1083252                
2.471                    1.1083826                
2.472                    1.1084399                
2.473                    1.1084973                
2.474                    1.1085546                
2.475                    1.1086121                
2.476                    1.1086694                
2.477                    1.1087267                
2.478                    1.1087842                
2.479                    1.1088417                
2.48                     1.1088991                
2.481                    1.1089565                
2.482                    1.1090139                
2.483                    1.1090715                
2.484                    1.109129                 
2.485                    1.1091864                
2.486                    1.1092439                
2.487                    1.1093014                
2.488                    1.1093589                
2.489                    1.1094165                
2.49                     1.1094741                
2.491                    1.1095316                
2.492                    1.1095892                
2.493                    1.1096468                
2.494                    1.1097044                
2.495                    1.109762                 
2.496                    1.1098197                
2.497                    1.1098772                
2.498                    1.1099349                
2.499                    1.1099925                
2.5                      1.1100502                
2.501                    1.1101079                
2.502                    1.1101656                
2.503                    1.1102233                
2.504                    1.110281                 
2.505                    1.1103387                
2.506                    1.1103965                
2.507                    1.1104542                
2.508                    1.110512                 
2.509                    1.1105697                
2.51                     1.1106275                
2.511                    1.1106853                
2.512                    1.1107432                
2.513                    1.110801                 
2.514                    1.1108588                
2.515                    1.1109166                
2.516                    1.1109744                
2.517                    1.1110324                
2.518                    1.1110902                
2.519                    1.1111481                
2.52                     1.111206                 
2.521                    1.1112639                
2.522                    1.1113218                
2.523                    1.1113797                
2.524                    1.1114377                
2.525                    1.1114957                
2.526                    1.1115537                
2.527                    1.1116116                
2.528                    1.1116697                
2.529                    1.1117276                
2.53                     1.1117857                
2.531                    1.1118437                
2.532                    1.1119018                
2.533                    1.1119598                
2.534                    1.1120179                
2.535                    1.1120759                
2.536                    1.112134                 
2.537                    1.1121922                
2.538                    1.1122502                
2.539                    1.1123084                
2.54                     1.1123664                
2.541                    1.1124246                
2.542                    1.1124828                
2.543                    1.112541                 
2.544                    1.1125991                
2.545                    1.1126573                
2.546                    1.1127155                
2.547                    1.1127738                
2.548                    1.112832                 
2.549                    1.1128902                
2.55                     1.1129484                
2.551                    1.1130067                
2.552                    1.113065                 
2.553                    1.1131233                
2.554                    1.1131816                
2.555                    1.1132399                
2.556                    1.1132982                
2.557                    1.1133566                
2.558                    1.1134149                
2.559                    1.1134733                
2.56                     1.1135316                
2.561                    1.11359                  
2.562                    1.1136484                
2.563                    1.1137068                
2.564                    1.1137652                
2.565                    1.1138237                
2.566                    1.1138821                
2.567                    1.1139405                
2.568                    1.113999                 
2.569                    1.1140574                
2.57                     1.114116                 
2.571                    1.1141745                
2.572                    1.114233                 
2.573                    1.1142914                
2.574                    1.1143501                
2.575                    1.1144086                
2.576                    1.1144671                
2.577                    1.1145257                
2.578                    1.1145843                
2.579                    1.1146429                
2.58                     1.1147015                
2.581                    1.11476                  
2.582                    1.1148187                
2.583                    1.1148773                
2.584                    1.114936                 
2.585                    1.1149946                
2.586                    1.1150533                
2.587                    1.1151121                
2.588                    1.1151707                
2.589                    1.1152295                
2.59                     1.1152881                
2.591                    1.1153469                
2.592                    1.1154057                
2.593                    1.1154644                
2.594                    1.1155232                
2.595                    1.115582                 
2.596                    1.1156408                
2.597                    1.1156995                
2.598                    1.1157583                
2.599                    1.1158172                
2.6                      1.1158761                
2.601                    1.1159348                
2.602                    1.1159937                
2.603                    1.1160526                
2.604                    1.1161115                
2.605                    1.1161704                
2.606                    1.1162293                
2.607                    1.1162882                
2.608                    1.1163472                
2.609                    1.1164061                
2.61                     1.1164651                
2.611                    1.116524                 
2.612                    1.116583                 
2.613                    1.116642                 
2.614                    1.116701                 
2.615                    1.11676                  
2.616                    1.116819                 
2.617                    1.1168782                
2.618                    1.1169372                
2.619                    1.1169962                
2.62                     1.1170553                
2.621                    1.1171144                
2.622                    1.1171734                
2.623                    1.1172326                
2.624                    1.1172917                
2.625                    1.1173508                
2.626                    1.11741                  
2.627                    1.1174692                
2.628                    1.1175283                
2.629                    1.1175874                
2.63                     1.1176467                
2.631                    1.117706                 
2.632                    1.1177651                
2.633                    1.1178243                
2.634                    1.1178836                
2.635                    1.1179428                
2.636                    1.118002                 
2.637                    1.1180614                
2.638                    1.1181207                
2.639                    1.11818                  
2.64                     1.1182393                
2.641                    1.1182986                
2.642                    1.1183579                
2.643                    1.1184173                
2.644                    1.1184766                
2.645                    1.118536                 
2.646                    1.1185954                
2.647                    1.1186548                
2.648                    1.1187142                
2.649                    1.1187736                
2.65                     1.1188331                
2.651                    1.1188926                
2.652                    1.1189519                
2.653                    1.1190114                
2.654                    1.1190709                
2.655                    1.1191304                
2.656                    1.1191899                
2.657                    1.1192495                
2.658                    1.119309                 
2.659                    1.1193684                
2.66                     1.119428                 
2.661                    1.1194876                
2.662                    1.1195471                
2.663                    1.1196067                
2.664                    1.1196663                
2.665                    1.119726                 
2.666                    1.1197855                
2.667                    1.1198453                
2.668                    1.1199049                
2.669                    1.1199645                
2.67                     1.1200242                
2.671                    1.1200838                
2.672                    1.1201435                
2.673                    1.1202033                
2.674                    1.120263                 
2.675                    1.1203227                
2.676                    1.1203824                
2.677                    1.1204422                
2.678                    1.120502                 
2.679                    1.1205617                
2.68                     1.1206216                
2.681                    1.1206813                
2.682                    1.1207411                
2.683                    1.120801                 
2.684                    1.1208608                
2.685                    1.1209207                
2.686                    1.1209805                
2.687                    1.1210403                
2.688                    1.1211003                
2.689                    1.1211601                
2.69                     1.1212201                
2.691                    1.12128                  
2.692                    1.1213399                
2.693                    1.1213999                
2.694                    1.1214598                
2.695                    1.1215198                
2.696                    1.1215798                
2.697                    1.1216397                
2.698                    1.1216997                
2.699                    1.1217598                
2.7                      1.1218197                
2.701                    1.1218798                
2.702                    1.1219399                
2.703                    1.122                    
2.704                    1.1220601                
2.705                    1.1221201                
2.706                    1.1221802                
2.707                    1.1222403                
2.708                    1.1223004                
2.709                    1.1223606                
2.71                     1.1224207                
2.711                    1.1224809                
2.712                    1.1225411                
2.713                    1.1226013                
2.714                    1.1226615                
2.715                    1.1227217                
2.716                    1.1227819                
2.717                    1.1228421                
2.718                    1.1229023                
2.719                    1.1229626                
2.72                     1.1230228                
2.721                    1.1230831                
2.722                    1.1231434                
2.723                    1.1232038                
2.724                    1.123264                 
2.725                    1.1233244                
2.726                    1.1233847                
2.727                    1.123445                 
2.728                    1.1235054                
2.729                    1.1235658                
2.73                     1.1236261                
2.731                    1.1236866                
2.732                    1.123747                 
2.733                    1.1238074                
2.734                    1.1238678                
2.735                    1.1239283                
2.736                    1.1239887                
2.737                    1.1240492                
2.738                    1.1241096                
2.739                    1.1241702                
2.74                     1.1242306                
2.741                    1.1242912                
2.742                    1.1243517                
2.743                    1.1244123                
2.744                    1.1244729                
2.745                    1.1245334                
2.746                    1.124594                 
2.747                    1.1246545                
2.748                    1.1247151                
2.749                    1.1247758                
2.75                     1.1248363                
2.751                    1.124897                 
2.752                    1.1249577                
2.753                    1.1250184                
2.754                    1.125079                 
2.755                    1.1251397                
2.756                    1.1252004                
2.757                    1.1252611                
2.758                    1.1253219                
2.759                    1.1253825                
2.76                     1.1254433                
2.761                    1.125504                 
2.762                    1.1255648                
2.763                    1.1256256                
2.764                    1.1256864                
2.765                    1.1257472                
2.766                    1.125808                 
2.767                    1.1258688                
2.768                    1.1259297                
2.769                    1.1259905                
2.77                     1.1260514                
2.771                    1.1261123                
2.772                    1.1261731                
2.773                    1.126234                 
2.774                    1.126295                 
2.775                    1.1263559                
2.776                    1.1264169                
2.777                    1.1264778                
2.778                    1.1265388                
2.779                    1.1265998                
2.78                     1.1266607                
2.781                    1.1267217                
2.782                    1.1267828                
2.783                    1.1268438                
2.784                    1.1269048                
2.785                    1.1269659                
2.786                    1.1270269                
2.787                    1.127088                 
2.788                    1.1271491                
2.789                    1.1272101                
2.79                     1.1272713                
2.791                    1.1273324                
2.792                    1.1273935                
2.793                    1.1274546                
2.794                    1.1275158                
2.795                    1.1275771                
2.796                    1.1276382                
2.797                    1.1276994                
2.798                    1.1277606                
2.799                    1.1278218                
2.8                      1.1278831                
2.801                    1.1279442                
2.802                    1.1280055                
2.803                    1.1280668                
2.804                    1.128128                 
2.805                    1.1281893                
2.806                    1.1282507                
2.807                    1.128312                 
2.808                    1.1283733                
2.809                    1.1284347                
2.81                     1.128496                 
2.811                    1.1285573                
2.812                    1.1286187                
2.813                    1.1286801                
2.814                    1.1287415                
2.815                    1.1288029                
2.816                    1.1288644                
2.817                    1.1289258                
2.818                    1.1289872                
2.819                    1.1290487                
2.82                     1.1291102                
2.821                    1.1291716                
2.822                    1.1292331                
2.823                    1.1292946                
2.824                    1.1293561                
2.825                    1.1294177                
2.826                    1.1294793                
2.827                    1.1295408                
2.828                    1.1296024                
2.829                    1.129664                 
2.83                     1.1297256                
2.831                    1.1297872                
2.832                    1.1298488                
2.833                    1.1299105                
2.834                    1.1299721                
2.835                    1.1300337                
2.836                    1.1300954                
2.837                    1.1301571                
2.838                    1.1302187                
2.839                    1.1302805                
2.84                     1.1303421                
2.841                    1.1304039                
2.842                    1.1304656                
2.843                    1.1305274                
2.844                    1.1305891                
2.845                    1.1306509                
2.846                    1.1307127                
2.847                    1.1307745                
2.848                    1.1308364                
2.849                    1.1308981                
2.85                     1.13096                  
2.851                    1.1310219                
2.852                    1.1310837                
2.853                    1.1311456                
2.854                    1.1312075                
2.855                    1.1312693                
2.856                    1.1313312                
2.857                    1.1313932                
2.858                    1.1314551                
2.859                    1.131517                 
2.86                     1.131579                 
2.861                    1.131641                 
2.862                    1.131703                 
2.863                    1.131765                 
2.864                    1.131827                 
2.865                    1.131889                 
2.866                    1.131951                 
2.867                    1.1320131                
2.868                    1.1320751                
2.869                    1.1321372                
2.87                     1.1321993                
2.871                    1.1322614                
2.872                    1.1323235                
2.873                    1.1323856                
2.874                    1.1324477                
2.875                    1.1325098                
2.876                    1.132572                 
2.877                    1.1326342                
2.878                    1.1326964                
2.879                    1.1327585                
2.88                     1.1328207                
2.881                    1.132883                 
2.882                    1.1329452                
2.883                    1.1330074                
2.884                    1.1330696                
2.885                    1.133132                 
2.886                    1.1331942                
2.887                    1.1332566                
2.888                    1.1333188                
2.889                    1.1333811                
2.89                     1.1334435                
2.891                    1.1335058                
2.892                    1.1335682                
2.893                    1.1336305                
2.894                    1.1336929                
2.895                    1.1337552                
2.896                    1.1338177                
2.897                    1.13388                  
2.898                    1.1339425                
2.899                    1.134005                 
2.9                      1.1340674                
2.901                    1.1341299                
2.902                    1.1341923                
2.903                    1.1342548                
2.904                    1.1343173                
2.905                    1.1343797                
2.906                    1.1344423                
2.907                    1.1345048                
2.908                    1.1345674                
2.909                    1.13463                  
2.91                     1.1346925                
2.911                    1.1347551                
2.912                    1.1348177                
2.913                    1.1348803                
2.914                    1.1349429                
2.915                    1.1350056                
2.916                    1.1350682                
2.917                    1.1351309                
2.918                    1.1351935                
2.919                    1.1352562                
2.92                     1.1353189                
2.921                    1.1353816                
2.922                    1.1354443                
2.923                    1.1355071                
2.924                    1.1355698                
2.925                    1.1356325                
2.926                    1.1356953                
2.927                    1.135758                 
2.928                    1.1358209                
2.929                    1.1358837                
2.93                     1.1359465                
2.931                    1.1360093                
2.932                    1.1360722                
2.933                    1.136135                 
2.934                    1.1361979                
2.935                    1.1362607                
2.936                    1.1363237                
2.937                    1.1363865                
2.938                    1.1364495                
2.939                    1.1365124                
2.94                     1.1365753                
2.941                    1.1366383                
2.942                    1.1367012                
2.943                    1.1367643                
2.944                    1.1368272                
2.945                    1.1368902                
2.946                    1.1369532                
2.947                    1.1370163                
2.948                    1.1370792                
2.949                    1.1371423                
2.95                     1.1372054                
2.951                    1.1372684                
2.952                    1.1373316                
2.953                    1.1373947                
2.954                    1.1374577                
2.955                    1.1375209                
2.956                    1.1375841                
2.957                    1.1376472                
2.958                    1.1377103                
2.959                    1.1377735                
2.96                     1.1378367                
2.961                    1.1378999                
2.962                    1.137963                 
2.963                    1.1380264                
2.964                    1.1380895                
2.965                    1.1381528                
2.966                    1.138216                 
2.967                    1.1382793                
2.968                    1.1383426                
2.969                    1.1384059                
2.97                     1.1384692                
2.971                    1.1385325                
2.972                    1.1385959                
2.973                    1.1386592                
2.974                    1.1387227                
2.975                    1.138786                 
2.976                    1.1388494                
2.977                    1.1389128                
2.978                    1.1389762                
2.979                    1.1390396                
2.98                     1.139103                 
2.981                    1.1391665                
2.982                    1.1392299                
2.983                    1.1392934                
2.984                    1.1393569                
2.985                    1.1394204                
2.986                    1.1394838                
2.987                    1.1395473                
2.988                    1.1396109                
2.989                    1.1396744                
2.99                     1.139738                 
2.991                    1.1398016                
2.992                    1.1398652                
2.993                    1.1399288                
2.994                    1.1399924                
2.995                    1.140056                 
2.996                    1.1401197                
2.997                    1.1401832                
2.998                    1.1402469                
2.999                    1.1403105                
3.0                      1.1403743                
3.001                    1.140438                 
3.002                    1.1405016                
3.003                    1.1405654                
3.004                    1.140629                 
3.005                    1.1406928                
3.006                    1.1407566                
3.007                    1.1408204                
3.008                    1.1408842                
3.009                    1.1409479                
3.01                     1.1410117                
3.011                    1.1410756                
3.012                    1.1411394                
3.013                    1.1412033                
3.014                    1.1412671                
3.015                    1.141331                 
3.016                    1.1413949                
3.017                    1.1414587                
3.018                    1.1415226                
3.019                    1.1415865                
3.02                     1.1416504                
3.021                    1.1417145                
3.022                    1.1417783                
3.023                    1.1418424                
3.024                    1.1419064                
3.025                    1.1419703                
3.026                    1.1420343                
3.027                    1.1420983                
3.028                    1.1421623                
3.029                    1.1422265                
3.03                     1.1422905                
3.031                    1.1423545                
3.032                    1.1424186                
3.033                    1.1424826                
3.034                    1.1425468                
3.035                    1.1426109                
3.036                    1.142675                 
3.037                    1.1427392                
3.038                    1.1428033                
3.039                    1.1428674                
3.04                     1.1429317                
3.041                    1.1429958                
3.042                    1.1430601                
3.043                    1.1431243                
3.044                    1.1431885                
3.045                    1.1432527                
3.046                    1.143317                 
3.047                    1.1433812                
3.048                    1.1434455                
3.049                    1.1435099                
3.05                     1.1435741                
3.051                    1.1436385                
3.052                    1.1437027                
3.053                    1.1437671                
3.054                    1.1438315                
3.055                    1.1438959                
3.056                    1.1439602                
3.057                    1.1440246                
3.058                    1.144089                 
3.059                    1.1441535                
3.06                     1.1442178                
3.061                    1.1442823                
3.062                    1.1443467                
3.063                    1.1444112                
3.064                    1.1444757                
3.065                    1.1445402                
3.066                    1.1446047                
3.067                    1.1446692                
3.068                    1.1447338                
3.069                    1.1447983                
3.07                     1.1448628                
3.071                    1.1449274                
3.072                    1.144992                 
3.073                    1.1450566                
3.074                    1.1451212                
3.075                    1.1451858                
3.076                    1.1452504                
3.077                    1.145315                 
3.078                    1.1453797                
3.079                    1.1454444                
3.08                     1.1455091                
3.081                    1.1455737                
3.082                    1.1456385                
3.083                    1.1457032                
3.084                    1.1457679                
3.085                    1.1458327                
3.086                    1.1458975                
3.087                    1.1459622                
3.088                    1.1460271                
3.089                    1.1460918                
3.09                     1.1461567                
3.091                    1.1462215                
3.092                    1.1462864                
3.093                    1.1463512                
3.094                    1.1464161                
3.095                    1.1464809                
3.096                    1.1465459                
3.097                    1.1466107                
3.098                    1.1466757                
3.099                    1.1467406                
3.1                      1.1468055                
3.101                    1.1468705                
3.102                    1.1469355                
3.103                    1.1470004                
3.104                    1.1470654                
3.105                    1.1471305                
3.106                    1.1471955                
3.107                    1.1472605                
3.108                    1.1473255                
3.109                    1.1473906                
3.11                     1.1474557                
3.111                    1.1475208                
3.112                    1.1475859                
3.113                    1.147651                 
3.114                    1.1477162                
3.115                    1.1477813                
3.116                    1.1478463                
3.117                    1.1479115                
3.118                    1.1479768                
3.119                    1.148042                 
3.12                     1.1481072                
3.121                    1.1481724                
3.122                    1.1482376                
3.123                    1.1483028                
3.124                    1.148368                 
3.125                    1.1484333                
3.126                    1.1484985                
3.127                    1.1485639                
3.128                    1.1486292                
3.129                    1.1486945                
3.13                     1.1487598                
3.131                    1.1488252                
3.132                    1.1488905                
3.133                    1.1489558                
3.134                    1.1490213                
3.135                    1.1490866                
3.136                    1.149152                 
3.137                    1.1492175                
3.138                    1.1492829                
3.139                    1.1493483                
3.14                     1.1494138                
3.141                    1.1494793                
3.142                    1.1495447                
3.143                    1.1496102                
3.144                    1.1496757                
3.145                    1.1497412                
3.146                    1.1498067                
3.147                    1.1498723                
3.148                    1.1499379                
3.149                    1.1500034                
3.15                     1.150069                 
3.151                    1.1501346                
3.152                    1.1502002                
3.153                    1.1502658                
3.154                    1.1503315                
3.155                    1.1503971                
3.156                    1.1504627                
3.157                    1.1505284                
3.158                    1.1505941                
3.159                    1.1506598                
3.16                     1.1507255                
3.161                    1.1507913                
3.162                    1.150857                 
3.163                    1.1509228                
3.164                    1.1509885                
3.165                    1.1510543                
3.166                    1.1511201                
3.167                    1.1511859                
3.168                    1.1512517                
3.169                    1.1513175                
3.17                     1.1513833                
3.171                    1.1514492                
3.172                    1.151515                 
3.173                    1.1515809                
3.174                    1.1516469                
3.175                    1.1517128                
3.176                    1.1517786                
3.177                    1.1518446                
3.178                    1.1519105                
3.179                    1.1519765                
3.18                     1.1520424                
3.181                    1.1521084                
3.182                    1.1521744                
3.183                    1.1522404                
3.184                    1.1523064                
3.185                    1.1523725                
3.186                    1.1524385                
3.187                    1.1525046                
3.188                    1.1525706                
3.189                    1.1526366                
3.19                     1.1527028                
3.191                    1.1527689                
3.192                    1.152835                 
3.193                    1.1529012                
3.194                    1.1529673                
3.195                    1.1530335                
3.196                    1.1530997                
3.197                    1.1531658                
3.198                    1.153232                 
3.199                    1.1532983                
3.2                      1.1533644                
3.201                    1.1534307                
3.202                    1.153497                 
3.203                    1.1535633                
3.204                    1.1536294                
3.205                    1.1536958                
3.206                    1.1537621                
3.207                    1.1538284                
3.208                    1.1538947                
3.209                    1.1539611                
3.21                     1.1540273                
3.211                    1.1540937                
3.212                    1.1541601                
3.213                    1.1542265                
3.214                    1.154293                 
3.215                    1.1543593                
3.216                    1.1544257                
3.217                    1.1544923                
3.218                    1.1545587                
3.219                    1.1546252                
3.22                     1.1546917                
3.221                    1.1547581                
3.222                    1.1548246                
3.223                    1.1548911                
3.224                    1.1549577                
3.225                    1.1550243                
3.226                    1.1550908                
3.227                    1.1551573                
3.228                    1.155224                 
3.229                    1.1552906                
3.23                     1.1553571                
3.231                    1.1554238                
3.232                    1.1554904                
3.233                    1.155557                 
3.234                    1.1556238                
3.235                    1.1556904                
3.236                    1.1557571                
3.237                    1.1558238                
3.238                    1.1558906                
3.239                    1.1559572                
3.24                     1.156024                 
3.241                    1.1560907                
3.242                    1.1561575                
3.243                    1.1562243                
3.244                    1.1562911                
3.245                    1.1563579                
3.246                    1.1564248                
3.247                    1.1564915                
3.248                    1.1565584                
3.249                    1.1566253                
3.25                     1.1566921                
3.251                    1.156759                 
3.252                    1.1568259                
3.253                    1.1568928                
3.254                    1.1569598                
3.255                    1.1570266                
3.256                    1.1570936                
3.257                    1.1571605                
3.258                    1.1572275                
3.259                    1.1572945                
3.26                     1.1573615                
3.261                    1.1574285                
3.262                    1.1574956                
3.263                    1.1575626                
3.264                    1.1576297                
3.265                    1.1576967                
3.266                    1.1577638                
3.267                    1.157831                 
3.268                    1.1578981                
3.269                    1.1579652                
3.27                     1.1580323                
3.271                    1.1580994                
3.272                    1.1581665                
3.273                    1.1582338                
3.274                    1.1583009                
3.275                    1.1583681                
3.276                    1.1584353                
3.277                    1.1585026                
3.278                    1.1585698                
3.279                    1.158637                 
3.28                     1.1587043                
3.281                    1.1587715                
3.282                    1.1588389                
3.283                    1.1589061                
3.284                    1.1589735                
3.285                    1.1590408                
3.286                    1.1591082                
3.287                    1.1591755                
3.288                    1.1592429                
3.289                    1.1593102                
3.29                     1.1593776                
3.291                    1.159445                 
3.292                    1.1595124                
3.293                    1.1595799                
3.294                    1.1596473                
3.295                    1.1597148                
3.296                    1.1597823                
3.297                    1.1598498                
3.298                    1.1599172                
3.299                    1.1599847                
3.3                      1.1600523                
3.301                    1.1601198                
3.302                    1.1601874                
3.303                    1.1602548                
3.304                    1.1603224                
3.305                    1.16039                  
3.306                    1.1604576                
3.307                    1.1605253                
3.308                    1.1605929                
3.309                    1.1606605                
3.31                     1.1607282                
3.311                    1.1607958                
3.312                    1.1608635                
3.313                    1.1609312                
3.314                    1.160999                 
3.315                    1.1610667                
3.316                    1.1611344                
3.317                    1.1612021                
3.318                    1.1612699                
3.319                    1.1613376                
3.32                     1.1614054                
3.321                    1.1614733                
3.322                    1.161541                 
3.323                    1.1616088                
3.324                    1.1616766                
3.325                    1.1617446                
3.326                    1.1618124                
3.327                    1.1618803                
3.328                    1.1619482                
3.329                    1.162016                 
3.33                     1.162084                 
3.331                    1.1621519                
3.332                    1.1622199                
3.333                    1.1622878                
3.334                    1.1623558                
3.335                    1.1624237                
3.336                    1.1624918                
3.337                    1.1625597                
3.338                    1.1626278                
3.339                    1.1626959                
3.34                     1.1627638                
3.341                    1.1628319                
3.342                    1.1629                   
3.343                    1.162968                 
3.344                    1.1630362                
3.345                    1.1631043                
3.346                    1.1631725                
3.347                    1.1632406                
3.348                    1.1633087                
3.349                    1.1633769                
3.35                     1.1634451                
3.351                    1.1635133                
3.352                    1.1635815                
3.353                    1.1636497                
3.354                    1.1637179                
3.355                    1.1637862                
3.356                    1.1638545                
3.357                    1.1639227                
3.358                    1.163991                 
3.359                    1.1640593                
3.36                     1.1641276                
3.361                    1.1641959                
3.362                    1.1642642                
3.363                    1.1643326                
3.364                    1.1644009                
3.365                    1.1644694                
3.366                    1.1645377                
3.367                    1.1646061                
3.368                    1.1646745                
3.369                    1.164743                 
3.37                     1.1648114                
3.371                    1.1648799                
3.372                    1.1649483                
3.373                    1.1650168                
3.374                    1.1650853                
3.375                    1.1651539                
3.376                    1.1652224                
3.377                    1.1652908                
3.378                    1.1653594                
3.379                    1.165428                 
3.38                     1.1654966                
3.381                    1.1655651                
3.382                    1.1656338                
3.383                    1.1657023                
3.384                    1.165771                 
3.385                    1.1658397                
3.386                    1.1659083                
3.387                    1.165977                 
3.388                    1.1660457                
3.389                    1.1661143                
3.39                     1.166183                 
3.391                    1.1662518                
3.392                    1.1663204                
3.393                    1.1663892                
3.394                    1.166458                 
3.395                    1.1665268                
3.396                    1.1665956                
3.397                    1.1666644                
3.398                    1.1667331                
3.399                    1.166802                 
3.4                      1.1668708                
3.401                    1.1669397                
3.402                    1.1670085                
3.403                    1.1670774                
3.404                    1.1671463                
3.405                    1.1672152                
3.406                    1.1672841                
3.407                    1.1673532                
3.408                    1.167422                 
3.409                    1.167491                 
3.41                     1.16756                  
3.411                    1.167629                 
3.412                    1.1676979                
3.413                    1.1677669                
3.414                    1.167836                 
3.415                    1.1679051                
3.416                    1.1679741                
3.417                    1.1680431                
3.418                    1.1681123                
3.419                    1.1681813                
3.42                     1.1682504                
3.421                    1.1683196                
3.422                    1.1683887                
3.423                    1.1684579                
3.424                    1.168527                 
3.425                    1.1685961                
3.426                    1.1686654                
3.427                    1.1687346                
3.428                    1.1688038                
3.429                    1.168873                 
3.43                     1.1689422                
3.431                    1.1690115                
3.432                    1.1690807                
3.433                    1.16915                  
3.434                    1.1692193                
3.435                    1.1692886                
3.436                    1.1693579                
3.437                    1.1694273                
3.438                    1.1694967                
3.439                    1.169566                 
3.44                     1.1696353                
3.441                    1.1697047                
3.442                    1.1697742                
3.443                    1.1698436                
3.444                    1.1699129                
3.445                    1.1699824                
3.446                    1.1700518                
3.447                    1.1701213                
3.448                    1.1701908                
3.449                    1.1702603                
3.45                     1.1703298                
3.451                    1.1703993                
3.452                    1.1704688                
3.453                    1.1705384                
3.454                    1.1706079                
3.455                    1.1706775                
3.456                    1.1707472                
3.457                    1.1708168                
3.458                    1.1708863                
3.459                    1.170956                 
3.46                     1.1710256                
3.461                    1.1710953                
3.462                    1.1711649                
3.463                    1.1712346                
3.464                    1.1713043                
3.465                    1.171374                 
3.466                    1.1714437                
3.467                    1.1715134                
3.468                    1.1715832                
3.469                    1.1716529                
3.47                     1.1717228                
3.471                    1.1717925                
3.472                    1.1718624                
3.473                    1.1719321                
3.474                    1.172002                 
3.475                    1.1720718                
3.476                    1.1721417                
3.477                    1.1722115                
3.478                    1.1722814                
3.479                    1.1723514                
3.48                     1.1724212                
3.481                    1.1724912                
3.482                    1.172561                 
3.483                    1.172631                 
3.484                    1.172701                 
3.485                    1.172771                 
3.486                    1.172841                 
3.487                    1.1729109                
3.488                    1.1729809                
3.489                    1.173051                 
3.49                     1.173121                 
3.491                    1.1731911                
3.492                    1.1732612                
3.493                    1.1733313                
3.494                    1.1734014                
3.495                    1.1734715                
3.496                    1.1735415                
3.497                    1.1736118                
3.498                    1.1736819                
3.499                    1.1737521                
3.5                      1.1738222                
3.501                    1.1738924                
3.502                    1.1739626                
3.503                    1.1740328                
3.504                    1.174103                 
3.505                    1.1741732                
3.506                    1.1742436                
3.507                    1.1743138                
3.508                    1.1743841                
3.509                    1.1744545                
3.51                     1.1745247                
3.511                    1.174595                 
3.512                    1.1746653                
3.513                    1.1747357                
3.514                    1.1748061                
3.515                    1.1748765                
3.516                    1.1749469                
3.517                    1.1750172                
3.518                    1.1750877                
3.519                    1.1751581                
3.52                     1.1752286                
3.521                    1.175299                 
3.522                    1.1753695                
3.523                    1.17544                  
3.524                    1.1755105                
3.525                    1.175581                 
3.526                    1.1756516                
3.527                    1.1757221                
3.528                    1.1757926                
3.529                    1.1758631                
3.53                     1.1759337                
3.531                    1.1760044                
3.532                    1.176075                 
3.533                    1.1761456                
3.534                    1.1762162                
3.535                    1.1762869                
3.536                    1.1763575                
3.537                    1.1764282                
3.538                    1.1764989                
3.539                    1.1765696                
3.54                     1.1766404                
3.541                    1.1767111                
3.542                    1.1767818                
3.543                    1.1768526                
3.544                    1.1769234                
3.545                    1.1769941                
3.546                    1.1770649                
3.547                    1.1771357                
3.548                    1.1772065                
3.549                    1.1772774                
3.55                     1.1773483                
3.551                    1.1774191                
3.552                    1.17749                  
3.553                    1.1775609                
3.554                    1.1776319                
3.555                    1.1777027                
3.556                    1.1777737                
3.557                    1.1778446                
3.558                    1.1779156                
3.559                    1.1779865                
3.56                     1.1780576                
3.561                    1.1781285                
3.562                    1.1781995                
3.563                    1.1782706                
3.564                    1.1783416                
3.565                    1.1784127                
3.566                    1.1784837                
3.567                    1.1785548                
3.568                    1.178626                 
3.569                    1.178697                 
3.57                     1.1787682                
3.571                    1.1788393                
3.572                    1.1789105                
3.573                    1.1789817                
3.574                    1.1790528                
3.575                    1.179124                 
3.576                    1.1791952                
3.577                    1.1792665                
3.578                    1.1793376                
3.579                    1.1794089                
3.58                     1.1794802                
3.581                    1.1795515                
3.582                    1.1796228                
3.583                    1.179694                 
3.584                    1.1797653                
3.585                    1.1798366                
3.586                    1.179908                 
3.587                    1.1799793                
3.588                    1.1800507                
3.589                    1.1801221                
3.59                     1.1801935                
3.591                    1.180265                 
3.592                    1.1803364                
3.593                    1.1804078                
3.594                    1.1804792                
3.595                    1.1805507                
3.596                    1.1806222                
3.597                    1.1806936                
3.598                    1.1807652                
3.599                    1.1808367                
3.6                      1.1809082                
3.601                    1.1809797                
3.602                    1.1810514                
3.603                    1.1811229                
3.604                    1.1811945                
3.605                    1.1812661                
3.606                    1.1813377                
3.607                    1.1814094                
3.608                    1.181481                 
3.609                    1.1815526                
3.61                     1.1816243                
3.611                    1.1816959                
3.612                    1.1817677                
3.613                    1.1818393                
3.614                    1.1819111                
3.615                    1.1819829                
3.616                    1.1820546                
3.617                    1.1821264                
3.618                    1.1821982                
3.619                    1.1822699                
3.62                     1.1823418                
3.621                    1.1824136                
3.622                    1.1824855                
3.623                    1.1825572                
3.624                    1.1826291                
3.625                    1.182701                 
3.626                    1.1827729                
3.627                    1.1828448                
3.628                    1.1829168                
3.629                    1.1829886                
3.63                     1.1830605                
3.631                    1.1831325                
3.632                    1.1832045                
3.633                    1.1832765                
3.634                    1.1833485                
3.635                    1.1834205                
3.636                    1.1834925                
3.637                    1.1835645                
3.638                    1.1836367                
3.639                    1.1837087                
3.64                     1.1837808                
3.641                    1.1838529                
3.642                    1.183925                 
3.643                    1.1839972                
3.644                    1.1840693                
3.645                    1.1841414                
3.646                    1.1842135                
3.647                    1.1842858                
3.648                    1.1843579                
3.649                    1.1844301                
3.65                     1.1845024                
3.651                    1.1845746                
3.652                    1.1846468                
3.653                    1.1847191                
3.654                    1.1847913                
3.655                    1.1848637                
3.656                    1.1849359                
3.657                    1.1850083                
3.658                    1.1850805                
3.659                    1.1851529                
3.66                     1.1852252                
3.661                    1.1852976                
3.662                    1.1853701                
3.663                    1.1854424                
3.664                    1.1855148                
3.665                    1.1855873                
3.666                    1.1856598                
3.667                    1.1857321                
3.668                    1.1858046                
3.669                    1.1858771                
3.67                     1.1859496                
3.671                    1.1860222                
3.672                    1.1860946                
3.673                    1.1861671                
3.674                    1.1862397                
3.675                    1.1863123                
3.676                    1.1863849                
3.677                    1.1864574                
3.678                    1.1865301                
3.679                    1.1866027                
3.68                     1.1866753                
3.681                    1.1867479                
3.682                    1.1868206                
3.683                    1.1868933                
3.684                    1.186966                 
3.685                    1.1870387                
3.686                    1.1871114                
3.687                    1.1871841                
3.688                    1.1872568                
3.689                    1.1873296                
3.69                     1.1874024                
3.691                    1.1874752                
3.692                    1.1875479                
3.693                    1.1876208                
3.694                    1.1876936                
3.695                    1.1877664                
3.696                    1.1878394                
3.697                    1.1879122                
3.698                    1.1879852                
3.699                    1.188058                 
3.7                      1.188131                 
3.701                    1.1882039                
3.702                    1.1882769                
3.703                    1.1883498                
3.704                    1.1884228                
3.705                    1.1884959                
3.706                    1.1885688                
3.707                    1.1886419                
3.708                    1.188715                 
3.709                    1.1887879                
3.71                     1.188861                 
3.711                    1.1889341                
3.712                    1.1890073                
3.713                    1.1890804                
3.714                    1.1891534                
3.715                    1.1892266                
3.716                    1.1892998                
3.717                    1.1893729                
3.718                    1.1894461                
3.719                    1.1895193                
3.72                     1.1895925                
3.721                    1.1896658                
3.722                    1.189739                 
3.723                    1.1898122                
3.724                    1.1898855                
3.725                    1.1899588                
3.726                    1.1900321                
3.727                    1.1901053                
3.728                    1.1901788                
3.729                    1.1902521                
3.73                     1.1903254                
3.731                    1.1903987                
3.732                    1.1904721                
3.733                    1.1905456                
3.734                    1.1906189                
3.735                    1.1906923                
3.736                    1.1907657                
3.737                    1.1908392                
3.738                    1.1909127                
3.739                    1.1909862                
3.74                     1.1910596                
3.741                    1.1911331                
3.742                    1.1912067                
3.743                    1.1912802                
3.744                    1.1913538                
3.745                    1.1914274                
3.746                    1.1915009                
3.747                    1.1915745                
3.748                    1.1916481                
3.749                    1.1917217                
3.75                     1.1917953                
3.751                    1.1918689                
3.752                    1.1919426                
3.753                    1.1920162                
3.754                    1.19209                  
3.755                    1.1921637                
3.756                    1.1922374                
3.757                    1.1923112                
3.758                    1.1923848                
3.759                    1.1924586                
3.76                     1.1925324                
3.761                    1.1926062                
3.762                    1.19268                  
3.763                    1.1927538                
3.764                    1.1928276                
3.765                    1.1929015                
3.766                    1.1929753                
3.767                    1.1930492                
3.768                    1.1931231                
3.769                    1.193197                 
3.77                     1.1932709                
3.771                    1.1933448                
3.772                    1.1934187                
3.773                    1.1934927                
3.774                    1.1935667                
3.775                    1.1936407                
3.776                    1.1937146                
3.777                    1.1937886                
3.778                    1.1938627                
3.779                    1.1939367                
3.78                     1.1940107                
3.781                    1.1940849                
3.782                    1.1941589                
3.783                    1.1942331                
3.784                    1.1943071                
3.785                    1.1943812                
3.786                    1.1944554                
3.787                    1.1945295                
3.788                    1.1946037                
3.789                    1.194678                 
3.79                     1.1947521                
3.791                    1.1948262                
3.792                    1.1949005                
3.793                    1.1949748                
3.794                    1.195049                 
3.795                    1.1951233                
3.796                    1.1951976                
3.797                    1.1952718                
3.798                    1.1953461                
3.799                    1.1954205                
3.8                      1.1954948                
3.801                    1.1955692                
3.802                    1.1956435                
3.803                    1.1957179                
3.804                    1.1957923                
3.805                    1.1958667                
3.806                    1.1959411                
3.807                    1.1960156                
3.808                    1.19609                  
3.809                    1.1961645                
3.81                     1.196239                 
3.811                    1.1963135                
3.812                    1.196388                 
3.813                    1.1964625                
3.814                    1.196537                 
3.815                    1.1966115                
3.816                    1.1966861                
3.817                    1.1967607                
3.818                    1.1968353                
3.819                    1.1969099                
3.82                     1.1969845                
3.821                    1.1970592                
3.822                    1.1971338                
3.823                    1.1972085                
3.824                    1.1972831                
3.825                    1.1973579                
3.826                    1.1974325                
3.827                    1.1975073                
3.828                    1.197582                 
3.829                    1.1976568                
3.83                     1.1977315                
3.831                    1.1978062                
3.832                    1.1978811                
3.833                    1.1979558                
3.834                    1.1980307                
3.835                    1.1981056                
3.836                    1.1981804                
3.837                    1.1982553                
3.838                    1.1983302                
3.839                    1.198405                 
3.84                     1.1984799                
3.841                    1.1985549                
3.842                    1.1986297                
3.843                    1.1987047                
3.844                    1.1987797                
3.845                    1.1988547                
3.846                    1.1989297                
3.847                    1.1990047                
3.848                    1.1990796                
3.849                    1.1991547                
3.85                     1.1992297                
3.851                    1.1993048                
3.852                    1.1993799                
3.853                    1.199455                 
3.854                    1.1995301                
3.855                    1.1996052                
3.856                    1.1996803                
3.857                    1.1997555                
3.858                    1.1998307                
3.859                    1.1999059                
3.86                     1.199981                 
3.861                    1.2000562                
3.862                    1.2001314                
3.863                    1.2002066                
3.864                    1.200282                 
3.865                    1.2003572                
3.866                    1.2004324                
3.867                    1.2005078                
3.868                    1.2005831                
3.869                    1.2006584                
3.87                     1.2007338                
3.871                    1.2008091                
3.872                    1.2008845                
3.873                    1.2009598                
3.874                    1.2010353                
3.875                    1.2011106                
3.876                    1.2011861                
3.877                    1.2012615                
3.878                    1.2013369                
3.879                    1.2014123                
3.88                     1.2014879                
3.881                    1.2015634                
3.882                    1.2016388                
3.883                    1.2017144                
3.884                    1.2017899                
3.885                    1.2018654                
3.886                    1.201941                 
3.887                    1.2020166                
3.888                    1.2020922                
3.889                    1.2021677                
3.89                     1.2022434                
3.891                    1.202319                 
3.892                    1.2023947                
3.893                    1.2024704                
3.894                    1.202546                 
3.895                    1.2026217                
3.896                    1.2026974                
3.897                    1.2027732                
3.898                    1.2028489                
3.899                    1.2029246                
3.9                      1.2030004                
3.901                    1.2030762                
3.902                    1.203152                 
3.903                    1.2032278                
3.904                    1.2033036                
3.905                    1.2033795                
3.906                    1.2034553                
3.907                    1.2035311                
3.908                    1.2036071                
3.909                    1.2036829                
3.91                     1.2037588                
3.911                    1.2038348                
3.912                    1.2039107                
3.913                    1.2039866                
3.914                    1.2040626                
3.915                    1.2041386                
3.916                    1.2042146                
3.917                    1.2042906                
3.918                    1.2043667                
3.919                    1.2044427                
3.92                     1.2045188                
3.921                    1.2045949                
3.922                    1.2046709                
3.923                    1.204747                 
3.924                    1.2048231                
3.925                    1.2048992                
3.926                    1.2049754                
3.927                    1.2050515                
3.928                    1.2051277                
3.929                    1.2052039                
3.93                     1.2052801                
3.931                    1.2053562                
3.932                    1.2054325                
3.933                    1.2055087                
3.934                    1.205585                 
3.935                    1.2056613                
3.936                    1.2057376                
3.937                    1.2058139                
3.938                    1.2058902                
3.939                    1.2059665                
3.94                     1.2060429                
3.941                    1.2061192                
3.942                    1.2061956                
3.943                    1.2062719                
3.944                    1.2063483                
3.945                    1.2064247                
3.946                    1.2065012                
3.947                    1.2065777                
3.948                    1.2066541                
3.949                    1.2067306                
3.95                     1.206807                 
3.951                    1.2068835                
3.952                    1.2069601                
3.953                    1.2070366                
3.954                    1.2071131                
3.955                    1.2071897                
3.956                    1.2072663                
3.957                    1.2073429                
3.958                    1.2074195                
3.959                    1.207496                 
3.96                     1.2075727                
3.961                    1.2076494                
3.962                    1.207726                 
3.963                    1.2078027                
3.964                    1.2078794                
3.965                    1.2079561                
3.966                    1.2080328                
3.967                    1.2081095                
3.968                    1.2081863                
3.969                    1.208263                 
3.97                     1.2083398                
3.971                    1.2084166                
3.972                    1.2084935                
3.973                    1.2085702                
3.974                    1.2086471                
3.975                    1.2087239                
3.976                    1.2088008                
3.977                    1.2088777                
3.978                    1.2089546                
3.979                    1.2090315                
3.98                     1.2091085                
3.981                    1.2091854                
3.982                    1.2092623                
3.983                    1.2093393                
3.984                    1.2094163                
3.985                    1.2094933                
3.986                    1.2095703                
3.987                    1.2096473                
3.988                    1.2097243                
3.989                    1.2098013                
3.99                     1.2098784                
3.991                    1.2099556                
3.992                    1.2100326                
3.993                    1.2101097                
3.994                    1.2101868                
3.995                    1.210264                 
3.996                    1.2103412                
3.997                    1.2104183                
3.998                    1.2104955                
3.999                    1.2105727                
4.0                      1.21065                  
4.001                    1.2107272                
4.002                    1.2108045                
4.003                    1.2108817                
4.004                    1.210959                 
4.005                    1.2110362                
4.006                    1.2111136                
4.007                    1.2111908                
4.008                    1.2112682                
4.009                    1.2113456                
4.01                     1.2114229                
4.011                    1.2115003                
4.012                    1.2115777                
4.013                    1.211655                 
4.014                    1.2117325                
4.015                    1.2118099                
4.016                    1.2118874                
4.017                    1.2119648                
4.018                    1.2120423                
4.019                    1.2121198                
4.02                     1.2121973                
4.021                    1.2122748                
4.022                    1.2123524                
4.023                    1.2124299                
4.024                    1.2125075                
4.025                    1.2125851                
4.026                    1.2126627                
4.027                    1.2127403                
4.028                    1.2128179                
4.029                    1.2128955                
4.03                     1.2129731                
4.031                    1.2130508                
4.032                    1.2131286                
4.033                    1.2132062                
4.034                    1.2132839                
4.035                    1.2133616                
4.036                    1.2134393                
4.037                    1.2135172                
4.038                    1.2135949                
4.039                    1.2136728                
4.04                     1.2137505                
4.041                    1.2138283                
4.042                    1.2139062                
4.043                    1.213984                 
4.044                    1.2140619                
4.045                    1.2141397                
4.046                    1.2142177                
4.047                    1.2142955                
4.048                    1.2143735                
4.049                    1.2144514                
4.05                     1.2145293                
4.051                    1.2146072                
4.052                    1.2146853                
4.053                    1.2147633                
4.054                    1.2148412                
4.055                    1.2149193                
4.056                    1.2149973                
4.057                    1.2150754                
4.058                    1.2151535                
4.059                    1.2152315                
4.06                     1.2153096                
4.061                    1.2153877                
4.062                    1.2154659                
4.063                    1.215544                 
4.064                    1.2156222                
4.065                    1.2157003                
4.066                    1.2157785                
4.067                    1.2158567                
4.068                    1.2159349                
4.069                    1.2160131                
4.07                     1.2160914                
4.071                    1.2161696                
4.072                    1.2162479                
4.073                    1.2163262                
4.074                    1.2164044                
4.075                    1.2164828                
4.076                    1.2165611                
4.077                    1.2166395                
4.078                    1.2167178                
4.079                    1.2167962                
4.08                     1.2168746                
4.081                    1.216953                 
4.082                    1.2170315                
4.083                    1.2171099                
4.084                    1.2171884                
4.085                    1.2172668                
4.086                    1.2173452                
4.087                    1.2174238                
4.088                    1.2175022                
4.089                    1.2175808                
4.09                     1.2176594                
4.091                    1.2177379                
4.092                    1.2178165                
4.093                    1.217895                 
4.094                    1.2179736                
4.095                    1.2180523                
4.096                    1.2181308                
4.097                    1.2182095                
4.098                    1.2182882                
4.099                    1.2183669                
4.1                      1.2184455                
4.101                    1.2185242                
4.102                    1.2186029                
4.103                    1.2186817                
4.104                    1.2187604                
4.105                    1.2188392                
4.106                    1.218918                 
4.107                    1.2189968                
4.108                    1.2190756                
4.109                    1.2191544                
4.11                     1.2192332                
4.111                    1.2193121                
4.112                    1.2193909                
4.113                    1.2194698                
4.114                    1.2195487                
4.115                    1.2196276                
4.116                    1.2197065                
4.117                    1.2197855                
4.118                    1.2198644                
4.119                    1.2199434                
4.12                     1.2200223                
4.121                    1.2201014                
4.122                    1.2201804                
4.123                    1.2202594                
4.124                    1.2203385                
4.125                    1.2204175                
4.126                    1.2204965                
4.127                    1.2205757                
4.128                    1.2206547                
4.129                    1.2207339                
4.13                     1.220813                 
4.131                    1.2208921                
4.132                    1.2209713                
4.133                    1.2210505                
4.134                    1.2211297                
4.135                    1.2212088                
4.136                    1.2212881                
4.137                    1.2213674                
4.138                    1.2214465                
4.139                    1.2215258                
4.14                     1.2216051                
4.141                    1.2216845                
4.142                    1.2217637                
4.143                    1.221843                 
4.144                    1.2219224                
4.145                    1.2220018                
4.146                    1.2220811                
4.147                    1.2221605                
4.148                    1.2222399                
4.149                    1.2223194                
4.15                     1.2223988                
4.151                    1.2224782                
4.152                    1.2225577                
4.153                    1.222637                 
4.154                    1.2227166                
4.155                    1.2227961                
4.156                    1.2228756                
4.157                    1.2229551                
4.158                    1.2230347                
4.159                    1.2231143                
4.16                     1.2231939                
4.161                    1.2232734                
4.162                    1.223353                 
4.163                    1.2234327                
4.164                    1.2235123                
4.165                    1.2235919                
4.166                    1.2236717                
4.167                    1.2237513                
4.168                    1.223831                 
4.169                    1.2239107                
4.17                     1.2239904                
4.171                    1.2240702                
4.172                    1.22415                  
4.173                    1.2242297                
4.174                    1.2243096                
4.175                    1.2243893                
4.176                    1.2244692                
4.177                    1.2245489                
4.178                    1.2246288                
4.179                    1.2247087                
4.18                     1.2247885                
4.181                    1.2248684                
4.182                    1.2249484                
4.183                    1.2250283                
4.184                    1.2251083                
4.185                    1.2251881                
4.186                    1.2252681                
4.187                    1.2253481                
4.188                    1.2254281                
4.189                    1.2255081                
4.19                     1.2255882                
4.191                    1.2256682                
4.192                    1.2257483                
4.193                    1.2258283                
4.194                    1.2259084                
4.195                    1.2259885                
4.196                    1.2260686                
4.197                    1.2261488                
4.198                    1.226229                 
4.199                    1.2263091                
4.2                      1.2263893                
4.201                    1.2264695                
4.202                    1.2265496                
4.203                    1.2266299                
4.204                    1.2267102                
4.205                    1.2267904                
4.206                    1.2268707                
4.207                    1.226951                 
4.208                    1.2270312                
4.209                    1.2271116                
4.21                     1.2271919                
4.211                    1.2272723                
4.212                    1.2273526                
4.213                    1.227433                 
4.214                    1.2275133                
4.215                    1.2275938                
4.216                    1.2276741                
4.217                    1.2277546                
4.218                    1.227835                 
4.219                    1.2279155                
4.22                     1.227996                 
4.221                    1.2280765                
4.222                    1.228157                 
4.223                    1.2282375                
4.224                    1.2283181                
4.225                    1.2283987                
4.226                    1.2284791                
4.227                    1.2285597                
4.228                    1.2286404                
4.229                    1.228721                 
4.23                     1.2288016                
4.231                    1.2288823                
4.232                    1.2289629                
4.233                    1.2290436                
4.234                    1.2291243                
4.235                    1.229205                 
4.236                    1.2292857                
4.237                    1.2293664                
4.238                    1.2294472                
4.239                    1.229528                 
4.24                     1.2296088                
4.241                    1.2296896                
4.242                    1.2297704                
4.243                    1.2298512                
4.244                    1.2299321                
4.245                    1.2300129                
4.246                    1.2300937                
4.247                    1.2301747                
4.248                    1.2302556                
4.249                    1.2303364                
4.25                     1.2304174                
4.251                    1.2304983                
4.252                    1.2305794                
4.253                    1.2306603                
4.254                    1.2307413                
4.255                    1.2308223                
4.256                    1.2309033                
4.257                    1.2309843                
4.258                    1.2310654                
4.259                    1.2311465                
4.26                     1.2312275                
4.261                    1.2313087                
4.262                    1.2313898                
4.263                    1.231471                 
4.264                    1.231552                 
4.265                    1.2316332                
4.266                    1.2317144                
4.267                    1.2317955                
4.268                    1.2318769                
4.269                    1.231958                 
4.27                     1.2320392                
4.271                    1.2321205                
4.272                    1.2322018                
4.273                    1.232283                 
4.274                    1.2323643                
4.275                    1.2324456                
4.276                    1.232527                 
4.277                    1.2326083                
4.278                    1.2326897                
4.279                    1.232771                 
4.28                     1.2328525                
4.281                    1.2329339                
4.282                    1.2330153                
4.283                    1.2330967                
4.284                    1.2331781                
4.285                    1.2332596                
4.286                    1.2333411                
4.287                    1.2334226                
4.288                    1.233504                 
4.289                    1.2335856                
4.29                     1.2336671                
4.291                    1.2337487                
4.292                    1.2338303                
4.293                    1.2339119                
4.294                    1.2339934                
4.295                    1.2340751                
4.296                    1.2341567                
4.297                    1.2342384                
4.298                    1.23432                  
4.299                    1.2344017                
4.3                      1.2344834                
4.301                    1.2345651                
4.302                    1.2346468                
4.303                    1.2347286                
4.304                    1.2348104                
4.305                    1.2348921                
4.306                    1.2349739                
4.307                    1.2350557                
4.308                    1.2351375                
4.309                    1.2352194                
4.31                     1.2353013                
4.311                    1.2353832                
4.312                    1.235465                 
4.313                    1.2355471                
4.314                    1.235629                 
4.315                    1.235711                 
4.316                    1.235793                 
4.317                    1.235875                 
4.318                    1.235957                 
4.319                    1.236039                 
4.32                     1.236121                 
4.321                    1.2362032                
4.322                    1.2362852                
4.323                    1.2363673                
4.324                    1.2364495                
4.325                    1.2365316                
4.326                    1.2366138                
4.327                    1.2366959                
4.328                    1.2367781                
4.329                    1.2368603                
4.33                     1.2369425                
4.331                    1.2370248                
4.332                    1.237107                 
4.333                    1.2371893                
4.334                    1.2372715                
4.335                    1.2373538                
4.336                    1.2374362                
4.337                    1.2375184                
4.338                    1.2376008                
4.339                    1.2376832                
4.34                     1.2377656                
4.341                    1.2378479                
4.342                    1.2379303                
4.343                    1.2380127                
4.344                    1.2380952                
4.345                    1.2381775                
4.346                    1.23826                  
4.347                    1.2383425                
4.348                    1.238425                 
4.349                    1.2385075                
4.35                     1.23859                  
4.351                    1.2386726                
4.352                    1.2387551                
4.353                    1.2388377                
4.354                    1.2389203                
4.355                    1.239003                 
4.356                    1.2390856                
4.357                    1.2391682                
4.358                    1.2392508                
4.359                    1.2393335                
4.36                     1.2394161                
4.361                    1.2394989                
4.362                    1.2395816                
4.363                    1.2396643                
4.364                    1.239747                 
4.365                    1.2398298                
4.366                    1.2399126                
4.367                    1.2399954                
4.368                    1.2400782                
4.369                    1.2401611                
4.37                     1.2402438                
4.371                    1.2403266                
4.372                    1.2404096                
4.373                    1.2404925                
4.374                    1.2405753                
4.375                    1.2406583                
4.376                    1.2407413                
4.377                    1.2408241                
4.378                    1.2409071                
4.379                    1.24099                  
4.38                     1.2410731                
4.381                    1.2411561                
4.382                    1.2412392                
4.383                    1.2413222                
4.384                    1.2414052                
4.385                    1.2414883                
4.386                    1.2415714                
4.387                    1.2416545                
4.388                    1.2417376                
4.389                    1.2418208                
4.39                     1.2419039                
4.391                    1.2419871                
4.392                    1.2420703                
4.393                    1.2421535                
4.394                    1.2422367                
4.395                    1.24232                  
4.396                    1.2424031                
4.397                    1.2424865                
4.398                    1.2425697                
4.399                    1.242653                 
4.4                      1.2427363                
4.401                    1.2428197                
4.402                    1.242903                 
4.403                    1.2429863                
4.404                    1.2430698                
4.405                    1.2431531                
4.406                    1.2432365                
4.407                    1.24332                  
4.408                    1.2434033                
4.409                    1.2434869                
4.41                     1.2435703                
4.411                    1.2436538                
4.412                    1.2437372                
4.413                    1.2438208                
4.414                    1.2439044                
4.415                    1.2439879                
4.416                    1.2440715                
4.417                    1.244155                 
4.418                    1.2442386                
4.419                    1.2443222                
4.42                     1.2444059                
4.421                    1.2444896                
4.422                    1.2445731                
4.423                    1.2446568                
4.424                    1.2447405                
4.425                    1.2448242                
4.426                    1.244908                 
4.427                    1.2449917                
4.428                    1.2450755                
4.429                    1.2451591                
4.43                     1.245243                 
4.431                    1.2453268                
4.432                    1.2454106                
4.433                    1.2454945                
4.434                    1.2455783                
4.435                    1.2456622                
4.436                    1.245746                 
4.437                    1.2458299                
4.438                    1.2459139                
4.439                    1.2459978                
4.44                     1.2460817                
4.441                    1.2461656                
4.442                    1.2462497                
4.443                    1.2463336                
4.444                    1.2464176                
4.445                    1.2465017                
4.446                    1.2465857                
4.447                    1.2466698                
4.448                    1.2467538                
4.449                    1.246838                 
4.45                     1.246922                 
4.451                    1.2470062                
4.452                    1.2470903                
4.453                    1.2471744                
4.454                    1.2472585                
4.455                    1.2473428                
4.456                    1.247427                 
4.457                    1.2475111                
4.458                    1.2475954                
4.459                    1.2476797                
4.46                     1.247764                 
4.461                    1.2478482                
4.462                    1.2479326                
4.463                    1.2480168                
4.464                    1.2481011                
4.465                    1.2481855                
4.466                    1.2482698                
4.467                    1.2483542                
4.468                    1.2484386                
4.469                    1.248523                 
4.47                     1.2486074                
4.471                    1.2486919                
4.472                    1.2487763                
4.473                    1.2488608                
4.474                    1.2489452                
4.475                    1.2490298                
4.476                    1.2491143                
4.477                    1.2491988                
4.478                    1.2492834                
4.479                    1.249368                 
4.48                     1.2494525                
4.481                    1.2495371                
4.482                    1.2496217                
4.483                    1.2497064                
4.484                    1.249791                 
4.485                    1.2498757                
4.486                    1.2499603                
4.487                    1.2500451                
4.488                    1.2501297                
4.489                    1.2502145                
4.49                     1.2502992                
4.491                    1.250384                 
4.492                    1.2504687                
4.493                    1.2505535                
4.494                    1.2506384                
4.495                    1.2507231                
4.496                    1.250808                 
4.497                    1.2508929                
4.498                    1.2509778                
4.499                    1.2510626                
4.5                      1.2511475                
4.501                    1.2512324                
4.502                    1.2513174                
4.503                    1.2514023                
4.504                    1.2514873                
4.505                    1.2515723                
4.506                    1.2516572                
4.507                    1.2517422                
4.508                    1.2518272                
4.509                    1.2519124                
4.51                     1.2519974                
4.511                    1.2520825                
4.512                    1.2521676                
4.513                    1.2522527                
4.514                    1.2523378                
4.515                    1.2524229                
4.516                    1.2525082                
4.517                    1.2525933                
4.518                    1.2526785                
4.519                    1.2527636                
4.52                     1.2528489                
4.521                    1.2529341                
4.522                    1.2530195                
4.523                    1.2531047                
4.524                    1.2531899                
4.525                    1.2532753                
4.526                    1.2533606                
4.527                    1.2534459                
4.528                    1.2535312                
4.529                    1.2536166                
4.53                     1.253702                 
4.531                    1.2537874                
4.532                    1.2538729                
4.533                    1.2539582                
4.534                    1.2540437                
4.535                    1.2541292                
4.536                    1.2542146                
4.537                    1.2543001                
4.538                    1.2543857                
4.539                    1.2544712                
4.54                     1.2545568                
4.541                    1.2546422                
4.542                    1.2547278                
4.543                    1.2548134                
4.544                    1.254899                 
4.545                    1.2549847                
4.546                    1.2550703                
4.547                    1.255156                 
4.548                    1.2552416                
4.549                    1.2553273                
4.55                     1.255413                 
4.551                    1.2554988                
4.552                    1.2555845                
4.553                    1.2556703                
4.554                    1.255756                 
4.555                    1.2558419                
4.556                    1.2559277                
4.557                    1.2560135                
4.558                    1.2560993                
4.559                    1.2561852                
4.56                     1.256271                 
4.561                    1.256357                 
4.562                    1.2564428                
4.563                    1.2565287                
4.564                    1.2566147                
4.565                    1.2567006                
4.566                    1.2567866                
4.567                    1.2568725                
4.568                    1.2569586                
4.569                    1.2570446                
4.57                     1.2571306                
4.571                    1.2572167                
4.572                    1.2573028                
4.573                    1.2573888                
4.574                    1.2574749                
4.575                    1.257561                 
4.576                    1.2576472                
4.577                    1.2577332                
4.578                    1.2578194                
4.579                    1.2579056                
4.58                     1.2579918                
4.581                    1.258078                 
4.582                    1.2581642                
4.583                    1.2582505                
4.584                    1.2583367                
4.585                    1.258423                 
4.586                    1.2585093                
4.587                    1.2585956                
4.588                    1.2586819                
4.589                    1.2587682                
4.59                     1.2588546                
4.591                    1.2589409                
4.592                    1.2590274                
4.593                    1.2591138                
4.594                    1.2592002                
4.595                    1.2592866                
4.596                    1.2593731                
4.597                    1.2594595                
4.598                    1.259546                 
4.599                    1.2596326                
4.6                      1.259719                 
4.601                    1.2598056                
4.602                    1.2598921                
4.603                    1.2599787                
4.604                    1.2600653                
4.605                    1.2601519                
4.606                    1.2602385                
4.607                    1.2603251                
4.608                    1.2604117                
4.609                    1.2604984                
4.61                     1.2605851                
4.611                    1.2606719                
4.612                    1.2607585                
4.613                    1.2608453                
4.614                    1.260932                 
4.615                    1.2610188                
4.616                    1.2611055                
4.617                    1.2611923                
4.618                    1.2612791                
4.619                    1.261366                 
4.62                     1.2614528                
4.621                    1.2615397                
4.622                    1.2616266                
4.623                    1.2617135                
4.624                    1.2618004                
4.625                    1.2618873                
4.626                    1.2619742                
4.627                    1.2620612                
4.628                    1.2621481                
4.629                    1.2622352                
4.63                     1.2623222                
4.631                    1.2624092                
4.632                    1.2624962                
4.633                    1.2625833                
4.634                    1.2626704                
4.635                    1.2627574                
4.636                    1.2628446                
4.637                    1.2629317                
4.638                    1.2630188                
4.639                    1.263106                 
4.64                     1.2631931                
4.641                    1.2632804                
4.642                    1.2633675                
4.643                    1.2634548                
4.644                    1.263542                 
4.645                    1.2636292                
4.646                    1.2637166                
4.647                    1.2638038                
4.648                    1.2638911                
4.649                    1.2639785                
4.65                     1.2640657                
4.651                    1.2641531                
4.652                    1.2642405                
4.653                    1.2643279                
4.654                    1.2644153                
4.655                    1.2645026                
4.656                    1.2645901                
4.657                    1.2646775                
4.658                    1.264765                 
4.659                    1.2648525                
4.66                     1.26494                  
4.661                    1.2650275                
4.662                    1.265115                 
4.663                    1.2652026                
4.664                    1.2652901                
4.665                    1.2653778                
4.666                    1.2654654                
4.667                    1.265553                 
4.668                    1.2656406                
4.669                    1.2657282                
4.67                     1.265816                 
4.671                    1.2659036                
4.672                    1.2659913                
4.673                    1.2660791                
4.674                    1.2661668                
4.675                    1.2662545                
4.676                    1.2663423                
4.677                    1.26643                  
4.678                    1.2665179                
4.679                    1.2666056                
4.68                     1.2666935                
4.681                    1.2667813                
4.682                    1.2668692                
4.683                    1.266957                 
4.684                    1.267045                 
4.685                    1.2671329                
4.686                    1.2672209                
4.687                    1.2673087                
4.688                    1.2673967                
4.689                    1.2674847                
4.69                     1.2675726                
4.691                    1.2676607                
4.692                    1.2677487                
4.693                    1.2678368                
4.694                    1.2679248                
4.695                    1.2680129                
4.696                    1.268101                 
4.697                    1.2681891                
4.698                    1.2682773                
4.699                    1.2683654                
4.7                      1.2684536                
4.701                    1.2685417                
4.702                    1.2686299                
4.703                    1.2687181                
4.704                    1.2688063                
4.705                    1.2688946                
4.706                    1.2689829                
4.707                    1.2690711                
4.708                    1.2691594                
4.709                    1.2692478                
4.71                     1.2693361                
4.711                    1.2694244                
4.712                    1.2695128                
4.713                    1.2696011                
4.714                    1.2696896                
4.715                    1.2697779                
4.716                    1.2698663                
4.717                    1.2699548                
4.718                    1.2700433                
4.719                    1.2701317                
4.72                     1.2702203                
4.721                    1.2703087                
4.722                    1.2703973                
4.723                    1.2704858                
4.724                    1.2705743                
4.725                    1.2706629                
4.726                    1.2707515                
4.727                    1.2708402                
4.728                    1.2709287                
4.729                    1.2710174                
4.73                     1.271106                 
4.731                    1.2711947                
4.732                    1.2712834                
4.733                    1.2713721                
4.734                    1.2714609                
4.735                    1.2715496                
4.736                    1.2716384                
4.737                    1.2717271                
4.738                    1.2718159                
4.739                    1.2719047                
4.74                     1.2719935                
4.741                    1.2720824                
4.742                    1.2721713                
4.743                    1.2722601                
4.744                    1.272349                 
4.745                    1.2724379                
4.746                    1.2725269                
4.747                    1.2726158                
4.748                    1.2727047                
4.749                    1.2727938                
4.75                     1.2728827                
4.751                    1.2729717                
4.752                    1.2730607                
4.753                    1.2731497                
4.754                    1.2732388                
4.755                    1.273328                 
4.756                    1.273417                 
4.757                    1.2735062                
4.758                    1.2735952                
4.759                    1.2736844                
4.76                     1.2737736                
4.761                    1.2738627                
4.762                    1.2739519                
4.763                    1.274041                 
4.764                    1.2741303                
4.765                    1.2742196                
4.766                    1.2743088                
4.767                    1.2743981                
4.768                    1.2744874                
4.769                    1.2745767                
4.77                     1.2746661                
4.771                    1.2747554                
4.772                    1.2748448                
4.773                    1.274934                 
4.774                    1.2750235                
4.775                    1.2751129                
4.776                    1.2752023                
4.777                    1.2752918                
4.778                    1.2753812                
4.779                    1.2754707                
4.78                     1.2755603                
4.781                    1.2756497                
4.782                    1.2757392                
4.783                    1.2758288                
4.784                    1.2759184                
4.785                    1.2760079                
4.786                    1.2760975                
4.787                    1.2761871                
4.788                    1.2762767                
4.789                    1.2763664                
4.79                     1.276456                 
4.791                    1.2765458                
4.792                    1.2766354                
4.793                    1.2767252                
4.794                    1.2768148                
4.795                    1.2769046                
4.796                    1.2769943                
4.797                    1.2770841                
4.798                    1.2771739                
4.799                    1.2772638                
4.8                      1.2773535                
4.801                    1.2774434                
4.802                    1.2775333                
4.803                    1.2776232                
4.804                    1.2777131                
4.805                    1.277803                 
4.806                    1.277893                 
4.807                    1.2779828                
4.808                    1.2780728                
4.809                    1.2781628                
4.81                     1.2782528                
4.811                    1.2783428                
4.812                    1.2784328                
4.813                    1.2785228                
4.814                    1.278613                 
4.815                    1.278703                 
4.816                    1.2787931                
4.817                    1.2788832                
4.818                    1.2789733                
4.819                    1.2790635                
4.82                     1.2791537                
4.821                    1.2792438                
4.822                    1.2793341                
4.823                    1.2794243                
4.824                    1.2795146                
4.825                    1.2796048                
4.826                    1.279695                 
4.827                    1.2797853                
4.828                    1.2798756                
4.829                    1.2799659                
4.83                     1.2800562                
4.831                    1.2801466                
4.832                    1.280237                 
4.833                    1.2803273                
4.834                    1.2804178                
4.835                    1.2805082                
4.836                    1.2805986                
4.837                    1.280689                 
4.838                    1.2807795                
4.839                    1.28087                  
4.84                     1.2809606                
4.841                    1.281051                 
4.842                    1.2811415                
4.843                    1.2812321                
4.844                    1.2813227                
4.845                    1.2814133                
4.846                    1.2815039                
4.847                    1.2815945                
4.848                    1.2816851                
4.849                    1.2817758                
4.85                     1.2818664                
4.851                    1.2819571                
4.852                    1.2820479                
4.853                    1.2821386                
4.854                    1.2822293                
4.855                    1.2823201                
4.856                    1.2824109                
4.857                    1.2825017                
4.858                    1.2825924                
4.859                    1.2826833                
4.86                     1.2827741                
4.861                    1.2828649                
4.862                    1.2829559                
4.863                    1.2830467                
4.864                    1.2831377                
4.865                    1.2832286                
4.866                    1.2833195                
4.867                    1.2834105                
4.868                    1.2835015                
4.869                    1.2835925                
4.87                     1.2836834                
4.871                    1.2837745                
4.872                    1.2838656                
4.873                    1.2839566                
4.874                    1.2840477                
4.875                    1.2841388                
4.876                    1.2842299                
4.877                    1.2843211                
4.878                    1.2844121                
4.879                    1.2845033                
4.88                     1.2845945                
4.881                    1.2846857                
4.882                    1.2847769                
4.883                    1.2848681                
4.884                    1.2849594                
4.885                    1.2850506                
4.886                    1.285142                 
4.887                    1.2852333                
4.888                    1.2853246                
4.889                    1.2854159                
4.89                     1.2855073                
4.891                    1.2855986                
4.892                    1.2856901                
4.893                    1.2857814                
4.894                    1.2858728                
4.895                    1.2859643                
4.896                    1.2860557                
4.897                    1.2861472                
4.898                    1.2862387                
4.899                    1.2863302                
4.9                      1.2864218                
4.901                    1.2865132                
4.902                    1.2866049                
4.903                    1.2866964                
4.904                    1.286788                 
4.905                    1.2868795                
4.906                    1.2869712                
4.907                    1.2870629                
4.908                    1.2871546                
4.909                    1.2872462                
4.91                     1.2873379                
4.911                    1.2874296                
4.912                    1.2875214                
4.913                    1.287613                 
4.914                    1.2877048                
4.915                    1.2877966                
4.916                    1.2878884                
4.917                    1.2879802                
4.918                    1.288072                 
4.919                    1.2881639                
4.92                     1.2882558                
4.921                    1.2883476                
4.922                    1.2884395                
4.923                    1.2885314                
4.924                    1.2886233                
4.925                    1.2887154                
4.926                    1.2888074                
4.927                    1.2888994                
4.928                    1.2889916                
4.929                    1.2890836                
4.93                     1.2891757                
4.931                    1.2892679                
4.932                    1.28936                  
4.933                    1.2894522                
4.934                    1.2895443                
4.935                    1.2896366                
4.936                    1.2897288                
4.937                    1.289821                 
4.938                    1.2899133                
4.939                    1.2900056                
4.94                     1.2900978                
4.941                    1.2901901                
4.942                    1.2902824                
4.943                    1.2903748                
4.944                    1.2904671                
4.945                    1.2905595                
4.946                    1.2906519                
4.947                    1.2907443                
4.948                    1.2908367                
4.949                    1.2909292                
4.95                     1.2910216                
4.951                    1.2911141                
4.952                    1.2912066                
4.953                    1.2912991                
4.954                    1.2913916                
4.955                    1.2914841                
4.956                    1.2915767                
4.957                    1.2916694                
4.958                    1.2917619                
4.959                    1.2918545                
4.96                     1.2919471                
4.961                    1.2920399                
4.962                    1.2921325                
4.963                    1.2922251                
4.964                    1.2923179                
4.965                    1.2924106                
4.966                    1.2925034                
4.967                    1.2925961                
4.968                    1.2926888                
4.969                    1.2927817                
4.97                     1.2928745                
4.971                    1.2929673                
4.972                    1.2930602                
4.973                    1.293153                 
4.974                    1.2932459                
4.975                    1.2933388                
4.976                    1.2934318                
4.977                    1.2935246                
4.978                    1.2936176                
4.979                    1.2937106                
4.98                     1.2938036                
4.981                    1.2938966                
4.982                    1.2939895                
4.983                    1.2940826                
4.984                    1.2941757                
4.985                    1.2942687                
4.986                    1.2943618                
4.987                    1.2944549                
4.988                    1.2945482                
4.989                    1.2946413                
4.99                     1.2947344                
4.991                    1.2948276                
4.992                    1.2949208                
4.993                    1.295014                 
4.994                    1.2951072                
4.995                    1.2952005                
4.996                    1.2952938                
4.997                    1.295387                 
4.998                    1.2954804                
4.999                    1.2955737                
5.0                      1.295667                 
5.001                    1.2957604                
5.002                    1.2958537                
5.003                    1.2959472                
5.004                    1.2960405                
5.005                    1.296134                 
5.006                    1.2962275                
5.007                    1.2963209                
5.008                    1.2964144                
5.009                    1.296508                 
5.01                     1.2966014                
5.011                    1.296695                 
5.012                    1.2967886                
5.013                    1.296882                 
5.014                    1.2969757                
5.015                    1.2970693                
5.016                    1.2971629                
5.017                    1.2972566                
5.018                    1.2973502                
5.019                    1.2974439                
5.02                     1.2975376                
5.021                    1.2976313                
5.022                    1.2977251                
5.023                    1.2978188                
5.024                    1.2979126                
5.025                    1.2980063                
5.026                    1.2981001                
5.027                    1.2981939                
5.028                    1.2982877                
5.029                    1.2983817                
5.03                     1.2984755                
5.031                    1.2985694                
5.032                    1.2986634                
5.033                    1.2987573                
5.034                    1.2988513                
5.035                    1.2989452                
5.036                    1.2990391                
5.037                    1.2991332                
5.038                    1.2992271                
5.039                    1.2993212                
5.04                     1.2994152                
5.041                    1.2995093                
5.042                    1.2996035                
5.043                    1.2996975                
5.044                    1.2997917                
5.045                    1.2998857                
5.046                    1.2999799                
5.047                    1.3000741                
5.048                    1.3001683                
5.049                    1.3002626                
5.05                     1.3003567                
5.051                    1.300451                 
5.052                    1.3005453                
5.053                    1.3006395                
5.054                    1.3007339                
5.055                    1.3008282                
5.056                    1.3009225                
5.057                    1.3010169                
5.058                    1.3011112                
5.059                    1.3012056                
5.06                     1.3013                   
5.061                    1.3013945                
5.062                    1.301489                 
5.063                    1.3015834                
5.064                    1.301678                 
5.065                    1.3017724                
5.066                    1.3018669                
5.067                    1.3019614                
5.068                    1.302056                 
5.069                    1.3021506                
5.07                     1.3022451                
5.071                    1.3023398                
5.072                    1.3024344                
5.073                    1.302529                 
5.074                    1.3026237                
5.075                    1.3027184                
5.076                    1.302813                 
5.077                    1.3029078                
5.078                    1.3030025                
5.079                    1.3030972                
5.08                     1.303192                 
5.081                    1.3032868                
5.082                    1.3033817                
5.083                    1.3034765                
5.084                    1.3035713                
5.085                    1.3036661                
5.086                    1.303761                 
5.087                    1.3038559                
5.088                    1.3039508                
5.089                    1.3040458                
5.09                     1.3041407                
5.091                    1.3042357                
5.092                    1.3043307                
5.093                    1.3044257                
5.094                    1.3045207                
5.095                    1.3046157                
5.096                    1.3047107                
5.097                    1.3048059                
5.098                    1.304901                 
5.099                    1.304996                 
5.1                      1.3050911                
5.101                    1.3051864                
5.102                    1.3052815                
5.103                    1.3053766                
5.104                    1.3054719                
5.105                    1.3055671                
5.106                    1.3056624                
5.107                    1.3057576                
5.108                    1.3058529                
5.109                    1.3059481                
5.11                     1.3060435                
5.111                    1.3061388                
5.112                    1.3062341                
5.113                    1.3063295                
5.114                    1.3064249                
5.115                    1.3065203                
5.116                    1.3066157                
5.117                    1.3067112                
5.118                    1.3068066                
5.119                    1.306902                 
5.12                     1.3069975                
5.121                    1.307093                 
5.122                    1.3071886                
5.123                    1.3072841                
5.124                    1.3073797                
5.125                    1.3074753                
5.126                    1.3075709                
5.127                    1.3076665                
5.128                    1.3077621                
5.129                    1.3078578                
5.13                     1.3079535                
5.131                    1.3080492                
5.132                    1.3081449                
5.133                    1.3082407                
5.134                    1.3083364                
5.135                    1.3084321                
5.136                    1.3085278                
5.137                    1.3086237                
5.138                    1.3087195                
5.139                    1.3088154                
5.14                     1.3089112                
5.141                    1.309007                 
5.142                    1.3091029                
5.143                    1.3091989                
5.144                    1.3092948                
5.145                    1.3093908                
5.146                    1.3094867                
5.147                    1.3095827                
5.148                    1.3096787                
5.149                    1.3097746                
5.15                     1.3098707                
5.151                    1.3099668                
5.152                    1.3100629                
5.153                    1.310159                 
5.154                    1.310255                 
5.155                    1.3103511                
5.156                    1.3104473                
5.157                    1.3105434                
5.158                    1.3106396                
5.159                    1.3107358                
5.16                     1.310832                 
5.161                    1.3109283                
5.162                    1.3110245                
5.163                    1.3111209                
5.164                    1.3112171                
5.165                    1.3113134                
5.166                    1.3114097                
5.167                    1.3115062                
5.168                    1.3116025                
5.169                    1.3116988                
5.17                     1.3117952                
5.171                    1.3118917                
5.172                    1.3119881                
5.173                    1.3120846                
5.174                    1.312181                 
5.175                    1.3122776                
5.176                    1.312374                 
5.177                    1.3124706                
5.178                    1.3125671                
5.179                    1.3126637                
5.18                     1.3127602                
5.181                    1.3128568                
5.182                    1.3129535                
5.183                    1.3130502                
5.184                    1.3131467                
5.185                    1.3132434                
5.186                    1.3133401                
5.187                    1.3134369                
5.188                    1.3135335                
5.189                    1.3136303                
5.19                     1.313727                 
5.191                    1.3138238                
5.192                    1.3139206                
5.193                    1.3140174                
5.194                    1.3141143                
5.195                    1.3142111                
5.196                    1.314308                 
5.197                    1.314405                 
5.198                    1.3145019                
5.199                    1.3145988                
5.2                      1.3146957                
5.201                    1.3147926                
5.202                    1.3148897                
5.203                    1.3149867                
5.204                    1.3150837                
5.205                    1.3151808                
5.206                    1.3152778                
5.207                    1.3153749                
5.208                    1.315472                 
5.209                    1.315569                 
5.21                     1.3156662                
5.211                    1.3157634                
5.212                    1.3158605                
5.213                    1.3159578                
5.214                    1.3160549                
5.215                    1.3161522                
5.216                    1.3162494                
5.217                    1.3163466                
5.218                    1.3164439                
5.219                    1.3165412                
5.22                     1.3166386                
5.221                    1.3167359                
5.222                    1.3168333                
5.223                    1.3169307                
5.224                    1.317028                 
5.225                    1.3171254                
5.226                    1.3172228                
5.227                    1.3173202                
5.228                    1.3174177                
5.229                    1.3175153                
5.23                     1.3176128                
5.231                    1.3177103                
5.232                    1.3178078                
5.233                    1.3179053                
5.234                    1.3180029                
5.235                    1.3181005                
5.236                    1.3181981                
5.237                    1.3182957                
5.238                    1.3183933                
5.239                    1.3184911                
5.24                     1.3185887                
5.241                    1.3186865                
5.242                    1.3187841                
5.243                    1.3188819                
5.244                    1.3189796                
5.245                    1.3190775                
5.246                    1.3191752                
5.247                    1.3192731                
5.248                    1.3193709                
5.249                    1.3194687                
5.25                     1.3195666                
5.251                    1.3196645                
5.252                    1.3197623                
5.253                    1.3198603                
5.254                    1.3199583                
5.255                    1.3200562                
5.256                    1.3201542                
5.257                    1.3202522                
5.258                    1.3203503                
5.259                    1.3204483                
5.26                     1.3205464                
5.261                    1.3206444                
5.262                    1.3207425                
5.263                    1.3208406                
5.264                    1.3209387                
5.265                    1.3210369                
5.266                    1.321135                 
5.267                    1.3212333                
5.268                    1.3213314                
5.269                    1.3214296                
5.27                     1.321528                 
5.271                    1.3216262                
5.272                    1.3217244                
5.273                    1.3218228                
5.274                    1.321921                 
5.275                    1.3220193                
5.276                    1.3221177                
5.277                    1.3222162                
5.278                    1.3223145                
5.279                    1.3224128                
5.28                     1.3225113                
5.281                    1.3226098                
5.282                    1.3227082                
5.283                    1.3228067                
5.284                    1.3229052                
5.285                    1.3230038                
5.286                    1.3231022                
5.287                    1.3232008                
5.288                    1.3232994                
5.289                    1.323398                 
5.29                     1.3234966                
5.291                    1.3235953                
5.292                    1.3236939                
5.293                    1.3237926                
5.294                    1.3238913                
5.295                    1.32399                  
5.296                    1.3240887                
5.297                    1.3241874                
5.298                    1.3242862                
5.299                    1.3243849                
5.3                      1.3244838                
5.301                    1.3245826                
5.302                    1.3246814                
5.303                    1.3247802                
5.304                    1.3248792                
5.305                    1.324978                 
5.306                    1.3250769                
5.307                    1.3251759                
5.308                    1.3252748                
5.309                    1.3253738                
5.31                     1.3254728                
5.311                    1.3255718                
5.312                    1.3256708                
5.313                    1.3257699                
5.314                    1.325869                 
5.315                    1.325968                 
5.316                    1.3260671                
5.317                    1.3261663                
5.318                    1.3262653                
5.319                    1.3263645                
5.32                     1.3264637                
5.321                    1.3265629                
5.322                    1.3266621                
5.323                    1.3267614                
5.324                    1.3268605                
5.325                    1.3269598                
5.326                    1.3270591                
5.327                    1.3271585                
5.328                    1.3272578                
5.329                    1.327357                 
5.33                     1.3274565                
5.331                    1.3275558                
5.332                    1.3276552                
5.333                    1.3277546                
5.334                    1.327854                 
5.335                    1.3279536                
5.336                    1.328053                 
5.337                    1.3281525                
5.338                    1.328252                 
5.339                    1.3283515                
5.34                     1.328451                 
5.341                    1.3285507                
5.342                    1.3286502                
5.343                    1.3287499                
5.344                    1.3288494                
5.345                    1.3289491                
5.346                    1.3290488                
5.347                    1.3291484                
5.348                    1.3292482                
5.349                    1.3293478                
5.35                     1.3294476                
5.351                    1.3295474                
5.352                    1.3296472                
5.353                    1.329747                 
5.354                    1.3298467                
5.355                    1.3299465                
5.356                    1.3300464                
5.357                    1.3301463                
5.358                    1.3302462                
5.359                    1.3303461                
5.36                     1.330446                 
5.361                    1.3305459                
5.362                    1.3306459                
5.363                    1.3307459                
5.364                    1.3308458                
5.365                    1.330946                 
5.366                    1.331046                 
5.367                    1.331146                 
5.368                    1.3312461                
5.369                    1.3313462                
5.37                     1.3314463                
5.371                    1.3315464                
5.372                    1.3316466                
5.373                    1.3317467                
5.374                    1.331847                 
5.375                    1.3319471                
5.376                    1.3320473                
5.377                    1.3321476                
5.378                    1.3322479                
5.379                    1.3323481                
5.38                     1.3324485                
5.381                    1.3325487                
5.382                    1.3326491                
5.383                    1.3327495                
5.384                    1.3328499                
5.385                    1.3329502                
5.386                    1.3330507                
5.387                    1.3331511                
5.388                    1.3332516                
5.389                    1.3333521                
5.39                     1.3334526                
5.391                    1.3335531                
5.392                    1.3336536                
5.393                    1.3337541                
5.394                    1.3338547                
5.395                    1.3339553                
5.396                    1.3340559                
5.397                    1.3341565                
5.398                    1.3342571                
5.399                    1.3343579                
5.4                      1.3344585                
5.401                    1.3345592                
5.402                    1.3346599                
5.403                    1.3347607                
5.404                    1.3348614                
5.405                    1.3349621                
5.406                    1.335063                 
5.407                    1.3351638                
5.408                    1.3352647                
5.409                    1.3353655                
5.41                     1.3354664                
5.411                    1.3355672                
5.412                    1.3356682                
5.413                    1.335769                 
5.414                    1.33587                  
5.415                    1.335971                 
5.416                    1.336072                 
5.417                    1.3361729                
5.418                    1.336274                 
5.419                    1.336375                 
5.42                     1.3364761                
5.421                    1.3365772                
5.422                    1.3366783                
5.423                    1.3367794                
5.424                    1.3368806                
5.425                    1.3369817                
5.426                    1.3370829                
5.427                    1.3371841                
5.428                    1.3372853                
5.429                    1.3373865                
5.43                     1.3374878                
5.431                    1.337589                 
5.432                    1.3376904                
5.433                    1.3377917                
5.434                    1.337893                 
5.435                    1.3379943                
5.436                    1.3380957                
5.437                    1.3381971                
5.438                    1.3382984                
5.439                    1.3383999                
5.44                     1.3385013                
5.441                    1.3386028                
5.442                    1.3387043                
5.443                    1.3388058                
5.444                    1.3389074                
5.445                    1.3390088                
5.446                    1.3391104                
5.447                    1.339212                 
5.448                    1.3393136                
5.449                    1.3394152                
5.45                     1.3395169                
5.451                    1.3396184                
5.452                    1.3397201                
5.453                    1.3398218                
5.454                    1.3399236                
5.455                    1.3400253                
5.456                    1.340127                 
5.457                    1.3402288                
5.458                    1.3403306                
5.459                    1.3404324                
5.46                     1.3405342                
5.461                    1.3406361                
5.462                    1.3407379                
5.463                    1.3408399                
5.464                    1.3409418                
5.465                    1.3410437                
5.466                    1.3411456                
5.467                    1.3412476                
5.468                    1.3413495                
5.469                    1.3414515                
5.47                     1.3415536                
5.471                    1.3416556                
5.472                    1.3417577                
5.473                    1.3418597                
5.474                    1.3419619                
5.475                    1.3420639                
5.476                    1.3421661                
5.477                    1.3422682                
5.478                    1.3423704                
5.479                    1.3424726                
5.48                     1.3425748                
5.481                    1.342677                 
5.482                    1.3427793                
5.483                    1.3428816                
5.484                    1.3429838                
5.485                    1.3430861                
5.486                    1.3431884                
5.487                    1.3432908                
5.488                    1.3433932                
5.489                    1.3434956                
5.49                     1.343598                 
5.491                    1.3437004                
5.492                    1.3438028                
5.493                    1.3439053                
5.494                    1.3440077                
5.495                    1.3441103                
5.496                    1.3442128                
5.497                    1.3443153                
5.498                    1.3444178                
5.499                    1.3445204                
5.5                      1.3446231                
5.501                    1.3447256                
5.502                    1.3448282                
5.503                    1.3449309                
5.504                    1.3450336                
5.505                    1.3451363                
5.506                    1.345239                 
5.507                    1.3453418                
5.508                    1.3454444                
5.509                    1.3455473                
5.51                     1.3456501                
5.511                    1.3457528                
5.512                    1.3458557                
5.513                    1.3459586                
5.514                    1.3460613                
5.515                    1.3461643                
5.516                    1.3462672                
5.517                    1.3463701                
5.518                    1.3464731                
5.519                    1.346576                 
5.52                     1.346679                 
5.521                    1.346782                 
5.522                    1.3468851                
5.523                    1.3469881                
5.524                    1.3470911                
5.525                    1.3471942                
5.526                    1.3472973                
5.527                    1.3474004                
5.528                    1.3475035                
5.529                    1.3476067                
5.53                     1.3477099                
5.531                    1.3478131                
5.532                    1.3479162                
5.533                    1.3480195                
5.534                    1.3481228                
5.535                    1.3482261                
5.536                    1.3483293                
5.537                    1.3484327                
5.538                    1.348536                 
5.539                    1.3486394                
5.54                     1.3487427                
5.541                    1.3488462                
5.542                    1.3489497                
5.543                    1.3490531                
5.544                    1.3491567                
5.545                    1.3492602                
5.546                    1.3493638                
5.547                    1.3494674                
5.548                    1.349571                 
5.549                    1.3496747                
5.55                     1.3497783                
5.551                    1.349882                 
5.552                    1.3499856                
5.553                    1.3500893                
5.554                    1.3501931                
5.555                    1.3502969                
5.556                    1.3504006                
5.557                    1.3505044                
5.558                    1.3506082                
5.559                    1.3507121                
5.56                     1.3508159                
5.561                    1.3509197                
5.562                    1.3510236                
5.563                    1.3511275                
5.564                    1.3512315                
5.565                    1.3513354                
5.566                    1.3514394                
5.567                    1.3515433                
5.568                    1.3516474                
5.569                    1.3517513                
5.57                     1.3518554                
5.571                    1.3519595                
5.572                    1.3520635                
5.573                    1.3521677                
5.574                    1.3522718                
5.575                    1.352376                 
5.576                    1.35248                  
5.577                    1.3525842                
5.578                    1.3526886                
5.579                    1.3527927                
5.58                     1.3528969                
5.581                    1.3530012                
5.582                    1.3531055                
5.583                    1.3532099                
5.584                    1.3533142                
5.585                    1.3534185                
5.586                    1.3535229                
5.587                    1.3536272                
5.588                    1.3537316                
5.589                    1.353836                 
5.59                     1.3539405                
5.591                    1.3540449                
5.592                    1.3541495                
5.593                    1.354254                 
5.594                    1.3543584                
5.595                    1.354463                 
5.596                    1.3545675                
5.597                    1.3546722                
5.598                    1.3547767                
5.599                    1.3548814                
5.6                      1.3549861                
5.601                    1.3550907                
5.602                    1.3551954                
5.603                    1.3553001                
5.604                    1.3554049                
5.605                    1.3555095                
5.606                    1.3556143                
5.607                    1.3557191                
5.608                    1.3558239                
5.609                    1.3559288                
5.61                     1.3560336                
5.611                    1.3561385                
5.612                    1.3562434                
5.613                    1.3563483                
5.614                    1.3564532                
5.615                    1.3565581                
5.616                    1.3566631                
5.617                    1.356768                 
5.618                    1.356873                 
5.619                    1.356978                 
5.62                     1.3570832                
5.621                    1.3571882                
5.622                    1.3572932                
5.623                    1.3573984                
5.624                    1.3575035                
5.625                    1.3576087                
5.626                    1.3577138                
5.627                    1.3578191                
5.628                    1.3579242                
5.629                    1.3580295                
5.63                     1.3581347                
5.631                    1.35824                  
5.632                    1.3583453                
5.633                    1.3584505                
5.634                    1.3585559                
5.635                    1.3586613                
5.636                    1.3587666                
5.637                    1.358872                 
5.638                    1.3589774                
5.639                    1.3590828                
5.64                     1.3591883                
5.641                    1.3592937                
5.642                    1.3593992                
5.643                    1.3595047                
5.644                    1.3596103                
5.645                    1.3597158                
5.646                    1.3598214                
5.647                    1.3599269                
5.648                    1.3600326                
5.649                    1.3601382                
5.65                     1.3602439                
5.651                    1.3603495                
5.652                    1.3604553                
5.653                    1.360561                 
5.654                    1.3606666                
5.655                    1.3607725                
5.656                    1.3608782                
5.657                    1.360984                 
5.658                    1.3610898                
5.659                    1.3611957                
5.66                     1.3613015                
5.661                    1.3614074                
5.662                    1.3615133                
5.663                    1.3616192                
5.664                    1.3617251                
5.665                    1.3618311                
5.666                    1.361937                 
5.667                    1.362043                 
5.668                    1.362149                 
5.669                    1.3622551                
5.67                     1.3623612                
5.671                    1.3624672                
5.672                    1.3625733                
5.673                    1.3626795                
5.674                    1.3627856                
5.675                    1.3628918                
5.676                    1.3629979                
5.677                    1.3631041                
5.678                    1.3632103                
5.679                    1.3633165                
5.68                     1.3634229                
5.681                    1.3635291                
5.682                    1.3636354                
5.683                    1.3637418                
5.684                    1.3638481                
5.685                    1.3639544                
5.686                    1.3640608                
5.687                    1.3641672                
5.688                    1.3642737                
5.689                    1.3643801                
5.69                     1.3644866                
5.691                    1.364593                 
5.692                    1.3646995                
5.693                    1.364806                 
5.694                    1.3649126                
5.695                    1.3650192                
5.696                    1.3651258                
5.697                    1.3652323                
5.698                    1.3653389                
5.699                    1.3654456                
5.7                      1.3655523                
5.701                    1.365659                 
5.702                    1.3657657                
5.703                    1.3658724                
5.704                    1.3659792                
5.705                    1.3660859                
5.706                    1.3661927                
5.707                    1.3662995                
5.708                    1.3664063                
5.709                    1.3665133                
5.71                     1.3666201                
5.711                    1.366727                 
5.712                    1.3668339                
5.713                    1.3669409                
5.714                    1.3670478                
5.715                    1.3671547                
5.716                    1.3672618                
5.717                    1.3673687                
5.718                    1.3674757                
5.719                    1.3675828                
5.72                     1.36769                  
5.721                    1.367797                 
5.722                    1.3679042                
5.723                    1.3680112                
5.724                    1.3681184                
5.725                    1.3682256                
5.726                    1.3683327                
5.727                    1.36844                  
5.728                    1.3685472                
5.729                    1.3686545                
5.73                     1.3687618                
5.731                    1.3688691                
5.732                    1.3689765                
5.733                    1.3690838                
5.734                    1.3691912                
5.735                    1.3692985                
5.736                    1.3694059                
5.737                    1.3695134                
5.738                    1.3696208                
5.739                    1.3697282                
5.74                     1.3698357                
5.741                    1.3699433                
5.742                    1.3700508                
5.743                    1.3701583                
5.744                    1.3702658                
5.745                    1.3703735                
5.746                    1.3704811                
5.747                    1.3705887                
5.748                    1.3706964                
5.749                    1.3708041                
5.75                     1.3709117                
5.751                    1.3710195                
5.752                    1.3711271                
5.753                    1.3712349                
5.754                    1.3713427                
5.755                    1.3714505                
5.756                    1.3715583                
5.757                    1.3716662                
5.758                    1.371774                 
5.759                    1.3718818                
5.76                     1.3719897                
5.761                    1.3720977                
5.762                    1.3722056                
5.763                    1.3723136                
5.764                    1.3724216                
5.765                    1.3725296                
5.766                    1.3726376                
5.767                    1.3727456                
5.768                    1.3728538                
5.769                    1.3729618                
5.77                     1.3730699                
5.771                    1.373178                 
5.772                    1.3732861                
5.773                    1.3733944                
5.774                    1.3735025                
5.775                    1.3736107                
5.776                    1.373719                 
5.777                    1.3738272                
5.778                    1.3739355                
5.779                    1.3740438                
5.78                     1.3741521                
5.781                    1.3742604                
5.782                    1.3743688                
5.783                    1.3744771                
5.784                    1.3745855                
5.785                    1.374694                 
5.786                    1.3748024                
5.787                    1.3749108                
5.788                    1.3750193                
5.789                    1.3751278                
5.79                     1.3752364                
5.791                    1.3753449                
5.792                    1.3754535                
5.793                    1.3755621                
5.794                    1.3756707                
5.795                    1.3757793                
5.796                    1.3758879                
5.797                    1.3759966                
5.798                    1.3761053                
5.799                    1.3762139                
5.8                      1.3763226                
5.801                    1.3764315                
5.802                    1.3765402                
5.803                    1.376649                 
5.804                    1.3767579                
5.805                    1.3768666                
5.806                    1.3769755                
5.807                    1.3770844                
5.808                    1.3771932                
5.809                    1.3773022                
5.81                     1.3774111                
5.811                    1.3775201                
5.812                    1.377629                 
5.813                    1.377738                 
5.814                    1.3778471                
5.815                    1.377956                 
5.816                    1.3780651                
5.817                    1.3781742                
5.818                    1.3782834                
5.819                    1.3783925                
5.82                     1.3785017                
5.821                    1.3786107                
5.822                    1.3787199                
5.823                    1.3788291                
5.824                    1.3789384                
5.825                    1.3790476                
5.826                    1.379157                 
5.827                    1.3792661                
5.828                    1.3793755                
5.829                    1.3794848                
5.83                     1.3795942                
5.831                    1.3797035                
5.832                    1.379813                 
5.833                    1.3799224                
5.834                    1.3800318                
5.835                    1.3801413                
5.836                    1.3802507                
5.837                    1.3803602                
5.838                    1.3804698                
5.839                    1.3805794                
5.84                     1.3806889                
5.841                    1.3807985                
5.842                    1.380908                 
5.843                    1.3810177                
5.844                    1.3811274                
5.845                    1.381237                 
5.846                    1.3813467                
5.847                    1.3814564                
5.848                    1.381566                 
5.849                    1.3816758                
5.85                     1.3817856                
5.851                    1.3818954                
5.852                    1.3820052                
5.853                    1.382115                 
5.854                    1.3822249                
5.855                    1.3823348                
5.856                    1.3824447                
5.857                    1.3825547                
5.858                    1.3826646                
5.859                    1.3827745                
5.86                     1.3828845                
5.861                    1.3829945                
5.862                    1.3831046                
5.863                    1.3832146                
5.864                    1.3833246                
5.865                    1.3834348                
5.866                    1.3835448                
5.867                    1.383655                 
5.868                    1.3837651                
5.869                    1.3838753                
5.87                     1.3839855                
5.871                    1.3840957                
5.872                    1.3842059                
5.873                    1.3843162                
5.874                    1.3844265                
5.875                    1.3845367                
5.876                    1.384647                 
5.877                    1.3847574                
5.878                    1.3848678                
5.879                    1.3849782                
5.88                     1.3850886                
5.881                    1.385199                 
5.882                    1.3853095                
5.883                    1.3854198                
5.884                    1.3855304                
5.885                    1.3856409                
5.886                    1.3857514                
5.887                    1.385862                 
5.888                    1.3859725                
5.889                    1.3860831                
5.89                     1.3861938                
5.891                    1.3863044                
5.892                    1.386415                 
5.893                    1.3865256                
5.894                    1.3866364                
5.895                    1.3867471                
5.896                    1.3868579                
5.897                    1.3869686                
5.898                    1.3870794                
5.899                    1.3871902                
5.9                      1.387301                 
5.901                    1.3874118                
5.902                    1.3875227                
5.903                    1.3876337                
5.904                    1.3877445                
5.905                    1.3878554                
5.906                    1.3879664                
5.907                    1.3880774                
5.908                    1.3881884                
5.909                    1.3882993                
5.91                     1.3884104                
5.911                    1.3885216                
5.912                    1.3886325                
5.913                    1.3887436                
5.914                    1.3888547                
5.915                    1.388966                 
5.916                    1.3890771                
5.917                    1.3891883                
5.918                    1.3892995                
5.919                    1.3894107                
5.92                     1.389522                 
5.921                    1.3896333                
5.922                    1.3897445                
5.923                    1.3898559                
5.924                    1.3899672                
5.925                    1.3900785                
5.926                    1.3901899                
5.927                    1.3903013                
5.928                    1.3904127                
5.929                    1.3905241                
5.93                     1.3906356                
5.931                    1.3907471                
5.932                    1.3908587                
5.933                    1.3909701                
5.934                    1.3910817                
5.935                    1.3911933                
5.936                    1.3913049                
5.937                    1.3914164                
5.938                    1.3915281                
5.939                    1.3916397                
5.94                     1.3917514                
5.941                    1.3918631                
5.942                    1.3919748                
5.943                    1.3920866                
5.944                    1.3921983                
5.945                    1.3923101                
5.946                    1.392422                 
5.947                    1.3925338                
5.948                    1.3926456                
5.949                    1.3927574                
5.95                     1.3928694                
5.951                    1.3929813                
5.952                    1.3930932                
5.953                    1.3932052                
5.954                    1.3933171                
5.955                    1.3934292                
5.956                    1.3935411                
5.957                    1.3936532                
5.958                    1.3937652                
5.959                    1.3938773                
5.96                     1.3939894                
5.961                    1.3941015                
5.962                    1.3942137                
5.963                    1.3943259                
5.964                    1.394438                 
5.965                    1.3945502                
5.966                    1.3946625                
5.967                    1.3947747                
5.968                    1.394887                 
5.969                    1.3949993                
5.97                     1.3951116                
5.971                    1.395224                 
5.972                    1.3953363                
5.973                    1.3954487                
5.974                    1.3955611                
5.975                    1.3956735                
5.976                    1.3957859                
5.977                    1.3958985                
5.978                    1.3960109                
5.979                    1.3961234                
5.98                     1.396236                 
5.981                    1.3963485                
5.982                    1.3964611                
5.983                    1.3965737                
5.984                    1.3966863                
5.985                    1.396799                 
5.986                    1.3969116                
5.987                    1.3970243                
5.988                    1.3971369                
5.989                    1.3972497                
5.99                     1.3973625                
5.991                    1.3974752                
5.992                    1.397588                 
5.993                    1.3977008                
5.994                    1.3978137                
5.995                    1.3979264                
5.996                    1.3980393                
5.997                    1.3981522                
5.998                    1.3982651                
5.999                    1.3983781                
6.0                      1.398491                 
6.001                    1.398604                 
6.002                    1.398717                 
6.003                    1.39883                  
6.004                    1.3989432                
6.005                    1.3990562                
6.006                    1.3991693                
6.007                    1.3992825                
6.008                    1.3993956                
6.009                    1.3995087                
6.01                     1.3996218                
6.011                    1.3997351                
6.012                    1.3998483                
6.013                    1.3999615                
6.014                    1.4000748                
6.015                    1.4001881                
6.016                    1.4003013                
6.017                    1.4004147                
6.018                    1.4005281                
6.019                    1.4006414                
6.02                     1.4007548                
6.021                    1.4008682                
6.022                    1.4009817                
6.023                    1.4010952                
6.024                    1.4012086                
6.025                    1.4013221                
6.026                    1.4014356                
6.027                    1.4015492                
6.028                    1.4016627                
6.029                    1.4017763                
6.03                     1.4018899                
6.031                    1.4020035                
6.032                    1.4021173                
6.033                    1.4022309                
6.034                    1.4023446                
6.035                    1.4024583                
6.036                    1.402572                 
6.037                    1.4026858                
6.038                    1.4027996                
6.039                    1.4029135                
6.04                     1.4030272                
6.041                    1.403141                 
6.042                    1.403255                 
6.043                    1.4033688                
6.044                    1.4034828                
6.045                    1.4035966                
6.046                    1.4037106                
6.047                    1.4038246                
6.048                    1.4039387                
6.049                    1.4040526                
6.05                     1.4041667                
6.051                    1.4042808                
6.052                    1.4043949                
6.053                    1.404509                 
6.054                    1.404623                 
6.055                    1.4047372                
6.056                    1.4048514                
6.057                    1.4049656                
6.058                    1.4050798                
6.059                    1.405194                 
6.06                     1.4053082                
6.061                    1.4054226                
6.062                    1.4055369                
6.063                    1.4056512                
6.064                    1.4057655                
6.065                    1.40588                  
6.066                    1.4059943                
6.067                    1.4061087                
6.068                    1.4062232                
6.069                    1.4063376                
6.07                     1.4064521                
6.071                    1.4065666                
6.072                    1.4066812                
6.073                    1.4067956                
6.074                    1.4069102                
6.075                    1.4070249                
6.076                    1.4071394                
6.077                    1.4072541                
6.078                    1.4073688                
6.079                    1.4074833                
6.08                     1.4075981                
6.081                    1.4077128                
6.082                    1.4078275                
6.083                    1.4079423                
6.084                    1.4080571                
6.085                    1.4081719                
6.086                    1.4082867                
6.087                    1.4084016                
6.088                    1.4085164                
6.089                    1.4086313                
6.09                     1.4087462                
6.091                    1.4088612                
6.092                    1.4089762                
6.093                    1.4090911                
6.094                    1.4092062                
6.095                    1.4093212                
6.096                    1.4094362                
6.097                    1.4095513                
6.098                    1.4096664                
6.099                    1.4097815                
6.1                      1.4098966                
6.101                    1.4100118                
6.102                    1.4101269                
6.103                    1.4102422                
6.104                    1.4103574                
6.105                    1.4104726                
6.106                    1.4105879                
6.107                    1.4107032                
6.108                    1.4108185                
6.109                    1.4109339                
6.11                     1.4110491                
6.111                    1.4111645                
6.112                    1.4112799                
6.113                    1.4113953                
6.114                    1.4115108                
6.115                    1.4116262                
6.116                    1.4117417                
6.117                    1.4118572                
6.118                    1.4119728                
6.119                    1.4120884                
6.12                     1.4122039                
6.121                    1.4123195                
6.122                    1.4124352                
6.123                    1.4125508                
6.124                    1.4126664                
6.125                    1.4127821                
6.126                    1.4128978                
6.127                    1.4130136                
6.128                    1.4131293                
6.129                    1.4132451                
6.13                     1.4133608                
6.131                    1.4134767                
6.132                    1.4135926                
6.133                    1.4137084                
6.134                    1.4138243                
6.135                    1.4139402                
6.136                    1.4140561                
6.137                    1.414172                 
6.138                    1.414288                 
6.139                    1.414404                 
6.14                     1.41452                  
6.141                    1.414636                 
6.142                    1.4147521                
6.143                    1.4148682                
6.144                    1.4149843                
6.145                    1.4151005                
6.146                    1.4152166                
6.147                    1.4153328                
6.148                    1.4154489                
6.149                    1.4155651                
6.15                     1.4156814                
6.151                    1.4157976                
6.152                    1.4159139                
6.153                    1.4160303                
6.154                    1.4161465                
6.155                    1.4162629                
6.156                    1.4163793                
6.157                    1.4164958                
6.158                    1.4166123                
6.159                    1.4167287                
6.16                     1.4168453                
6.161                    1.4169619                
6.162                    1.4170785                
6.163                    1.4171951                
6.164                    1.4173117                
6.165                    1.4174283                
6.166                    1.417545                 
6.167                    1.4176617                
6.168                    1.4177784                
6.169                    1.4178951                
6.17                     1.4180119                
6.171                    1.4181286                
6.172                    1.4182454                
6.173                    1.4183623                
6.174                    1.4184791                
6.175                    1.418596                 
6.176                    1.4187129                
6.177                    1.4188298                
6.178                    1.4189467                
6.179                    1.4190637                
6.18                     1.4191808                
6.181                    1.4192977                
6.182                    1.4194148                
6.183                    1.4195318                
6.184                    1.4196489                
6.185                    1.419766                 
6.186                    1.4198831                
6.187                    1.4200003                
6.188                    1.4201174                
6.189                    1.4202346                
6.19                     1.4203519                
6.191                    1.420469                 
6.192                    1.4205863                
6.193                    1.4207036                
6.194                    1.420821                 
6.195                    1.4209383                
6.196                    1.4210556                
6.197                    1.421173                 
6.198                    1.4212904                
6.199                    1.4214078                
6.2                      1.4215252                
6.201                    1.4216427                
6.202                    1.4217602                
6.203                    1.4218776                
6.204                    1.4219952                
6.205                    1.4221128                
6.206                    1.4222304                
6.207                    1.4223479                
6.208                    1.4224656                
6.209                    1.4225832                
6.21                     1.4227009                
6.211                    1.4228185                
6.212                    1.4229363                
6.213                    1.423054                 
6.214                    1.4231718                
6.215                    1.4232895                
6.216                    1.4234074                
6.217                    1.4235252                
6.218                    1.4236431                
6.219                    1.4237609                
6.22                     1.4238788                
6.221                    1.4239968                
6.222                    1.4241147                
6.223                    1.4242327                
6.224                    1.4243506                
6.225                    1.4244686                
6.226                    1.4245867                
6.227                    1.4247048                
6.228                    1.4248228                
6.229                    1.424941                 
6.23                     1.4250591                
6.231                    1.4251772                
6.232                    1.4252954                
6.233                    1.4254136                
6.234                    1.4255319                
6.235                    1.4256501                
6.236                    1.4257684                
6.237                    1.4258866                
6.238                    1.4260049                
6.239                    1.4261233                
6.24                     1.4262416                
6.241                    1.42636                  
6.242                    1.4264784                
6.243                    1.4265969                
6.244                    1.4267153                
6.245                    1.4268337                
6.246                    1.4269522                
6.247                    1.4270707                
6.248                    1.4271894                
6.249                    1.4273078                
6.25                     1.4274265                
6.251                    1.4275451                
6.252                    1.4276637                
6.253                    1.4277823                
6.254                    1.427901                 
6.255                    1.4280198                
6.256                    1.4281385                
6.257                    1.4282572                
6.258                    1.428376                 
6.259                    1.4284948                
6.26                     1.4286135                
6.261                    1.4287324                
6.262                    1.4288512                
6.263                    1.4289702                
6.264                    1.4290891                
6.265                    1.429208                 
6.266                    1.429327                 
6.267                    1.429446                 
6.268                    1.429565                 
6.269                    1.429684                 
6.27                     1.429803                 
6.271                    1.4299221                
6.272                    1.4300412                
6.273                    1.4301603                
6.274                    1.4302795                
6.275                    1.4303987                
6.276                    1.4305178                
6.277                    1.430637                 
6.278                    1.4307563                
6.279                    1.4308755                
6.28                     1.4309949                
6.281                    1.4311141                
6.282                    1.4312334                
6.283                    1.4313529                
6.284                    1.4314722                
6.285                    1.4315916                
6.286                    1.431711                 
6.287                    1.4318304                
6.288                    1.4319499                
6.289                    1.4320694                
6.29                     1.4321889                
6.291                    1.4323084                
6.292                    1.432428                 
6.293                    1.4325476                
6.294                    1.4326673                
6.295                    1.4327868                
6.296                    1.4329065                
6.297                    1.4330262                
6.298                    1.4331459                
6.299                    1.4332656                
6.3                      1.4333854                
6.301                    1.433505                 
6.302                    1.4336249                
6.303                    1.4337447                
6.304                    1.4338646                
6.305                    1.4339844                
6.306                    1.4341043                
6.307                    1.4342242                
6.308                    1.4343442                
6.309                    1.4344641                
6.31                     1.434584                 
6.311                    1.4347041                
6.312                    1.4348241                
6.313                    1.4349442                
6.314                    1.4350642                
6.315                    1.4351844                
6.316                    1.4353044                
6.317                    1.4354246                
6.318                    1.4355447                
6.319                    1.4356649                
6.32                     1.4357852                
6.321                    1.4359055                
6.322                    1.4360256                
6.323                    1.4361459                
6.324                    1.4362663                
6.325                    1.4363866                
6.326                    1.436507                 
6.327                    1.4366273                
6.328                    1.4367477                
6.329                    1.4368682                
6.33                     1.4369886                
6.331                    1.4371091                
6.332                    1.4372295                
6.333                    1.43735                  
6.334                    1.4374707                
6.335                    1.4375912                
6.336                    1.4377117                
6.337                    1.4378324                
6.338                    1.437953                 
6.339                    1.4380736                
6.34                     1.4381944                
6.341                    1.438315                 
6.342                    1.4384358                
6.343                    1.4385566                
6.344                    1.4386773                
6.345                    1.4387981                
6.346                    1.438919                 
6.347                    1.4390398                
6.348                    1.4391607                
6.349                    1.4392816                
6.35                     1.4394025                
6.351                    1.4395235                
6.352                    1.4396443                
6.353                    1.4397653                
6.354                    1.4398865                
6.355                    1.4400074                
6.356                    1.4401284                
6.357                    1.4402496                
6.358                    1.4403707                
6.359                    1.4404918                
6.36                     1.4406129                
6.361                    1.4407341                
6.362                    1.4408554                
6.363                    1.4409766                
6.364                    1.4410979                
6.365                    1.4412191                
6.366                    1.4413404                
6.367                    1.4414617                
6.368                    1.441583                 
6.369                    1.4417044                
6.37                     1.4418259                
6.371                    1.4419472                
6.372                    1.4420687                
6.373                    1.4421902                
6.374                    1.4423116                
6.375                    1.4424331                
6.376                    1.4425546                
6.377                    1.4426762                
6.378                    1.4427978                
6.379                    1.4429194                
6.38                     1.443041                 
6.381                    1.4431627                
6.382                    1.4432844                
6.383                    1.4434061                
6.384                    1.4435278                
6.385                    1.4436495                
6.386                    1.4437712                
6.387                    1.4438931                
6.388                    1.4440149                
6.389                    1.4441367                
6.39                     1.4442586                
6.391                    1.4443805                
6.392                    1.4445024                
6.393                    1.4446243                
6.394                    1.4447463                
6.395                    1.4448683                
6.396                    1.4449903                
6.397                    1.4451123                
6.398                    1.4452344                
6.399                    1.4453565                
6.4                      1.4454786                
6.401                    1.4456007                
6.402                    1.4457228                
6.403                    1.445845                 
6.404                    1.4459672                
6.405                    1.4460894                
6.406                    1.4462117                
6.407                    1.446334                 
6.408                    1.4464562                
6.409                    1.4465786                
6.41                     1.4467009                
6.411                    1.4468232                
6.412                    1.4469457                
6.413                    1.4470681                
6.414                    1.4471905                
6.415                    1.447313                 
6.416                    1.4474355                
6.417                    1.4475579                
6.418                    1.4476805                
6.419                    1.447803                 
6.42                     1.4479257                
6.421                    1.4480482                
6.422                    1.4481709                
6.423                    1.4482936                
6.424                    1.4484162                
6.425                    1.4485389                
6.426                    1.4486617                
6.427                    1.4487844                
6.428                    1.4489071                
6.429                    1.4490299                
6.43                     1.4491527                
6.431                    1.4492756                
6.432                    1.4493985                
6.433                    1.4495214                
6.434                    1.4496443                
6.435                    1.4497672                
6.436                    1.4498901                
6.437                    1.4500132                
6.438                    1.4501362                
6.439                    1.4502592                
6.44                     1.4503824                
6.441                    1.4505054                
6.442                    1.4506285                
6.443                    1.4507517                
6.444                    1.4508748                
6.445                    1.450998                 
6.446                    1.4511212                
6.447                    1.4512444                
6.448                    1.4513676                
6.449                    1.4514909                
6.45                     1.4516143                
6.451                    1.4517375                
6.452                    1.4518609                
6.453                    1.4519843                
6.454                    1.4521077                
6.455                    1.452231                 
6.456                    1.4523546                
6.457                    1.452478                 
6.458                    1.4526016                
6.459                    1.452725                 
6.46                     1.4528486                
6.461                    1.4529722                
6.462                    1.4530957                
6.463                    1.4532193                
6.464                    1.4533429                
6.465                    1.4534667                
6.466                    1.4535903                
6.467                    1.453714                 
6.468                    1.4538378                
6.469                    1.4539615                
6.47                     1.4540854                
6.471                    1.4542091                
6.472                    1.454333                 
6.473                    1.4544568                
6.474                    1.4545807                
6.475                    1.4547046                
6.476                    1.4548285                
6.477                    1.4549525                
6.478                    1.4550765                
6.479                    1.4552004                
6.48                     1.4553245                
6.481                    1.4554485                
6.482                    1.4555726                
6.483                    1.4556967                
6.484                    1.4558208                
6.485                    1.455945                 
6.486                    1.4560691                
6.487                    1.4561933                
6.488                    1.4563175                
6.489                    1.4564419                
6.49                     1.4565661                
6.491                    1.4566904                
6.492                    1.4568146                
6.493                    1.4569391                
6.494                    1.4570634                
6.495                    1.4571878                
6.496                    1.4573122                
6.497                    1.4574367                
6.498                    1.4575611                
6.499                    1.4576856                
6.5                      1.4578102                
6.501                    1.4579346                
6.502                    1.4580592                
6.503                    1.4581838                
6.504                    1.4583085                
6.505                    1.458433                 
6.506                    1.4585577                
6.507                    1.4586824                
6.508                    1.4588071                
6.509                    1.4589318                
6.51                     1.4590566                
6.511                    1.4591814                
6.512                    1.4593061                
6.513                    1.459431                 
6.514                    1.4595559                
6.515                    1.4596808                
6.516                    1.4598056                
6.517                    1.4599305                
6.518                    1.4600555                
6.519                    1.4601805                
6.52                     1.4603055                
6.521                    1.4604305                
6.522                    1.4605556                
6.523                    1.4606806                
6.524                    1.4608058                
6.525                    1.4609308                
6.526                    1.461056                 
6.527                    1.4611812                
6.528                    1.4613063                
6.529                    1.4614316                
6.53                     1.4615569                
6.531                    1.4616821                
6.532                    1.4618074                
6.533                    1.4619328                
6.534                    1.4620581                
6.535                    1.4621835                
6.536                    1.4623089                
6.537                    1.4624343                
6.538                    1.4625597                
6.539                    1.4626852                
6.54                     1.4628106                
6.541                    1.4629362                
6.542                    1.4630617                
6.543                    1.4631873                
6.544                    1.4633129                
6.545                    1.4634385                
6.546                    1.4635642                
6.547                    1.4636898                
6.548                    1.4638155                
6.549                    1.4639412                
6.55                     1.464067                 
6.551                    1.4641927                
6.552                    1.4643185                
6.553                    1.4644443                
6.554                    1.4645702                
6.555                    1.464696                 
6.556                    1.4648219                
6.557                    1.4649478                
6.558                    1.4650737                
6.559                    1.4651997                
6.56                     1.4653257                
6.561                    1.4654517                
6.562                    1.4655777                
6.563                    1.4657037                
6.564                    1.4658298                
6.565                    1.465956                 
6.566                    1.4660821                
6.567                    1.4662082                
6.568                    1.4663345                
6.569                    1.4664606                
6.57                     1.4665868                
6.571                    1.4667131                
6.572                    1.4668394                
6.573                    1.4669657                
6.574                    1.467092                 
6.575                    1.4672184                
6.576                    1.4673448                
6.577                    1.4674712                
6.578                    1.4675976                
6.579                    1.4677241                
6.58                     1.4678506                
6.581                    1.467977                 
6.582                    1.4681035                
6.583                    1.4682301                
6.584                    1.4683567                
6.585                    1.4684833                
6.586                    1.4686099                
6.587                    1.4687366                
6.588                    1.4688632                
6.589                    1.46899                  
6.59                     1.4691167                
6.591                    1.4692434                
6.592                    1.4693702                
6.593                    1.4694971                
6.594                    1.4696238                
6.595                    1.4697508                
6.596                    1.4698776                
6.597                    1.4700044                
6.598                    1.4701314                
6.599                    1.4702584                
6.6                      1.4703853                
6.601                    1.4705124                
6.602                    1.4706393                
6.603                    1.4707664                
6.604                    1.4708935                
6.605                    1.4710206                
6.606                    1.4711478                
6.607                    1.4712749                
6.608                    1.471402                 
6.609                    1.4715292                
6.61                     1.4716564                
6.611                    1.4717838                
6.612                    1.471911                 
6.613                    1.4720383                
6.614                    1.4721656                
6.615                    1.472293                 
6.616                    1.4724203                
6.617                    1.4725478                
6.618                    1.4726752                
6.619                    1.4728026                
6.62                     1.4729301                
6.621                    1.4730576                
6.622                    1.4731852                
6.623                    1.4733127                
6.624                    1.4734403                
6.625                    1.4735678                
6.626                    1.4736955                
6.627                    1.4738232                
6.628                    1.4739509                
6.629                    1.4740785                
6.63                     1.4742062                
6.631                    1.474334                 
6.632                    1.4744618                
6.633                    1.4745896                
6.634                    1.4747174                
6.635                    1.4748453                
6.636                    1.4749731                
6.637                    1.475101                 
6.638                    1.4752289                
6.639                    1.4753569                
6.64                     1.4754848                
6.641                    1.4756129                
6.642                    1.4757409                
6.643                    1.4758689                
6.644                    1.4759971                
6.645                    1.4761251                
6.646                    1.4762533                
6.647                    1.4763814                
6.648                    1.4765096                
6.649                    1.4766378                
6.65                     1.476766                 
6.651                    1.4768943                
6.652                    1.4770225                
6.653                    1.4771509                
6.654                    1.4772792                
6.655                    1.4774076                
6.656                    1.477536                 
6.657                    1.4776644                
6.658                    1.4777927                
6.659                    1.4779212                
6.66                     1.4780498                
6.661                    1.4781783                
6.662                    1.4783068                
6.663                    1.4784353                
6.664                    1.4785639                
6.665                    1.4786925                
6.666                    1.4788212                
6.667                    1.4789498                
6.668                    1.4790784                
6.669                    1.4792072                
6.67                     1.4793359                
6.671                    1.4794647                
6.672                    1.4795934                
6.673                    1.4797223                
6.674                    1.4798511                
6.675                    1.47998                  
6.676                    1.4801089                
6.677                    1.4802377                
6.678                    1.4803667                
6.679                    1.4804957                
6.68                     1.4806247                
6.681                    1.4807537                
6.682                    1.4808826                
6.683                    1.4810117                
6.684                    1.4811409                
6.685                    1.48127                  
6.686                    1.481399                 
6.687                    1.4815283                
6.688                    1.4816574                
6.689                    1.4817866                
6.69                     1.4819158                
6.691                    1.4820452                
6.692                    1.4821744                
6.693                    1.4823037                
6.694                    1.4824331                
6.695                    1.4825624                
6.696                    1.4826919                
6.697                    1.4828212                
6.698                    1.4829507                
6.699                    1.4830801                
6.7                      1.4832097                
6.701                    1.4833392                
6.702                    1.4834688                
6.703                    1.4835984                
6.704                    1.4837279                
6.705                    1.4838575                
6.706                    1.4839872                
6.707                    1.4841169                
6.708                    1.4842466                
6.709                    1.4843763                
6.71                     1.484506                 
6.711                    1.4846358                
6.712                    1.4847656                
6.713                    1.4848955                
6.714                    1.4850253                
6.715                    1.4851552                
6.716                    1.485285                 
6.717                    1.485415                 
6.718                    1.4855449                
6.719                    1.485675                 
6.72                     1.4858049                
6.721                    1.485935                 
6.722                    1.486065                 
6.723                    1.4861951                
6.724                    1.4863253                
6.725                    1.4864553                
6.726                    1.4865855                
6.727                    1.4867157                
6.728                    1.4868459                
6.729                    1.4869761                
6.73                     1.4871064                
6.731                    1.4872367                
6.732                    1.487367                 
6.733                    1.4874973                
6.734                    1.4876277                
6.735                    1.487758                 
6.736                    1.4878885                
6.737                    1.488019                 
6.738                    1.4881494                
6.739                    1.4882799                
6.74                     1.4884105                
6.741                    1.488541                 
6.742                    1.4886715                
6.743                    1.4888021                
6.744                    1.4889327                
6.745                    1.4890634                
6.746                    1.489194                 
6.747                    1.4893248                
6.748                    1.4894555                
6.749                    1.4895862                
6.75                     1.489717                 
6.751                    1.4898478                
6.752                    1.4899787                
6.753                    1.4901094                
6.754                    1.4902403                
6.755                    1.4903712                
6.756                    1.4905022                
6.757                    1.4906331                
6.758                    1.4907641                
6.759                    1.4908952                
6.76                     1.4910262                
6.761                    1.4911573                
6.762                    1.4912883                
6.763                    1.4914194                
6.764                    1.4915506                
6.765                    1.4916817                
6.766                    1.491813                 
6.767                    1.4919442                
6.768                    1.4920754                
6.769                    1.4922067                
6.77                     1.492338                 
6.771                    1.4924693                
6.772                    1.4926006                
6.773                    1.4927319                
6.774                    1.4928634                
6.775                    1.4929948                
6.776                    1.4931263                
6.777                    1.4932578                
6.778                    1.4933892                
6.779                    1.4935207                
6.78                     1.4936522                
6.781                    1.4937838                
6.782                    1.4939154                
6.783                    1.494047                 
6.784                    1.4941788                
6.785                    1.4943104                
6.786                    1.4944421                
6.787                    1.4945738                
6.788                    1.4947056                
6.789                    1.4948374                
6.79                     1.4949692                
6.791                    1.495101                 
6.792                    1.4952329                
6.793                    1.4953648                
6.794                    1.4954967                
6.795                    1.4956286                
6.796                    1.4957606                
6.797                    1.4958926                
6.798                    1.4960246                
6.799                    1.4961567                
6.8                      1.4962887                
6.801                    1.4964209                
6.802                    1.496553                 
6.803                    1.496685                 
6.804                    1.4968172                
6.805                    1.4969494                
6.806                    1.4970816                
6.807                    1.497214                 
6.808                    1.4973462                
6.809                    1.4974785                
6.81                     1.4976108                
6.811                    1.4977432                
6.812                    1.4978756                
6.813                    1.498008                 
6.814                    1.4981405                
6.815                    1.4982729                
6.816                    1.4984053                
6.817                    1.4985379                
6.818                    1.4986705                
6.819                    1.498803                 
6.82                     1.4989356                
6.821                    1.4990681                
6.822                    1.4992008                
6.823                    1.4993335                
6.824                    1.4994662                
6.825                    1.4995989                
6.826                    1.4997317                
6.827                    1.4998645                
6.828                    1.4999973                
6.829                    1.50013                  
6.83                     1.500263                 
6.831                    1.5003958                
6.832                    1.5005287                
6.833                    1.5006616                
6.834                    1.5007946                
6.835                    1.5009276                
6.836                    1.5010606                
6.837                    1.5011936                
6.838                    1.5013267                
6.839                    1.5014597                
6.84                     1.5015929                
6.841                    1.501726                 
6.842                    1.5018592                
6.843                    1.5019923                
6.844                    1.5021256                
6.845                    1.5022589                
6.846                    1.5023922                
6.847                    1.5025254                
6.848                    1.5026587                
6.849                    1.5027921                
6.85                     1.5029255                
6.851                    1.5030589                
6.852                    1.5031923                
6.853                    1.5033258                
6.854                    1.5034592                
6.855                    1.5035927                
6.856                    1.5037264                
6.857                    1.5038599                
6.858                    1.5039935                
6.859                    1.504127                 
6.86                     1.5042607                
6.861                    1.5043944                
6.862                    1.504528                 
6.863                    1.5046618                
6.864                    1.5047956                
6.865                    1.5049293                
6.866                    1.505063                 
6.867                    1.5051969                
6.868                    1.5053308                
6.869                    1.5054647                
6.87                     1.5055985                
6.871                    1.5057325                
6.872                    1.5058665                
6.873                    1.5060004                
6.874                    1.5061345                
6.875                    1.5062685                
6.876                    1.5064026                
6.877                    1.5065366                
6.878                    1.5066708                
6.879                    1.506805                 
6.88                     1.506939                 
6.881                    1.5070733                
6.882                    1.5072075                
6.883                    1.5073417                
6.884                    1.5074761                
6.885                    1.5076103                
6.886                    1.5077447                
6.887                    1.507879                 
6.888                    1.5080134                
6.889                    1.5081478                
6.89                     1.5082823                
6.891                    1.5084168                
6.892                    1.5085512                
6.893                    1.5086857                
6.894                    1.5088203                
6.895                    1.5089549                
6.896                    1.5090895                
6.897                    1.509224                 
6.898                    1.5093586                
6.899                    1.5094934                
6.9                      1.509628                 
6.901                    1.5097628                
6.902                    1.5098976                
6.903                    1.5100323                
6.904                    1.5101671                
6.905                    1.510302                 
6.906                    1.5104369                
6.907                    1.5105717                
6.908                    1.5107067                
6.909                    1.5108416                
6.91                     1.5109766                
6.911                    1.5111115                
6.912                    1.5112466                
6.913                    1.5113816                
6.914                    1.5115167                
6.915                    1.5116518                
6.916                    1.5117869                
6.917                    1.5119221                
6.918                    1.5120573                
6.919                    1.5121925                
6.92                     1.5123277                
6.921                    1.512463                 
6.922                    1.5125983                
6.923                    1.5127336                
6.924                    1.5128689                
6.925                    1.5130043                
6.926                    1.5131397                
6.927                    1.5132751                
6.928                    1.5134106                
6.929                    1.513546                 
6.93                     1.5136815                
6.931                    1.5138171                
6.932                    1.5139526                
6.933                    1.5140882                
6.934                    1.5142238                
6.935                    1.5143595                
6.936                    1.5144951                
6.937                    1.5146308                
6.938                    1.5147665                
6.939                    1.5149022                
6.94                     1.515038                 
6.941                    1.5151738                
6.942                    1.5153097                
6.943                    1.5154455                
6.944                    1.5155814                
6.945                    1.5157173                
6.946                    1.5158532                
6.947                    1.5159892                
6.948                    1.5161252                
6.949                    1.5162612                
6.95                     1.5163972                
6.951                    1.5165333                
6.952                    1.5166694                
6.953                    1.5168055                
6.954                    1.5169417                
6.955                    1.5170778                
6.956                    1.5172141                
6.957                    1.5173502                
6.958                    1.5174865                
6.959                    1.5176228                
6.96                     1.5177591                
6.961                    1.5178955                
6.962                    1.5180318                
6.963                    1.5181682                
6.964                    1.5183046                
6.965                    1.5184411                
6.966                    1.5185775                
6.967                    1.518714                 
6.968                    1.5188506                
6.969                    1.518987                 
6.97                     1.5191237                
6.971                    1.5192603                
6.972                    1.5193969                
6.973                    1.5195335                
6.974                    1.5196702                
6.975                    1.519807                 
6.976                    1.5199437                
6.977                    1.5200804                
6.978                    1.5202173                
6.979                    1.520354                 
6.98                     1.5204909                
6.981                    1.5206279                
6.982                    1.5207647                
6.983                    1.5209017                
6.984                    1.5210387                
6.985                    1.5211756                
6.986                    1.5213126                
6.987                    1.5214497                
6.988                    1.5215867                
6.989                    1.5217237                
6.99                     1.521861                 
6.991                    1.521998                 
6.992                    1.5221353                
6.993                    1.5222725                
6.994                    1.5224097                
6.995                    1.5225469                
6.996                    1.5226842                
6.997                    1.5228215                
6.998                    1.5229589                
6.999                    1.5230962                
7.0                      1.5232337                
7.001                    1.5233711                
7.002                    1.5235085                
7.003                    1.523646                 
7.004                    1.5237834                
7.005                    1.523921                 
7.006                    1.5240586                
7.007                    1.5241961                
7.008                    1.5243337                
7.009                    1.5244714                
7.01                     1.5246091                
7.011                    1.5247468                
7.012                    1.5248845                
7.013                    1.5250223                
7.014                    1.52516                  
7.015                    1.5252978                
7.016                    1.5254356                
7.017                    1.5255735                
7.018                    1.5257114                
7.019                    1.5258492                
7.02                     1.5259873                
7.021                    1.5261252                
7.022                    1.5262631                
7.023                    1.5264012                
7.024                    1.5265392                
7.025                    1.5266774                
7.026                    1.5268154                
7.027                    1.5269536                
7.028                    1.5270917                
7.029                    1.5272299                
7.03                     1.5273681                
7.031                    1.5275064                
7.032                    1.5276446                
7.033                    1.5277829                
7.034                    1.5279212                
7.035                    1.5280596                
7.036                    1.528198                 
7.037                    1.5283364                
7.038                    1.5284748                
7.039                    1.5286132                
7.04                     1.5287517                
7.041                    1.5288903                
7.042                    1.5290288                
7.043                    1.5291673                
7.044                    1.5293059                
7.045                    1.5294446                
7.046                    1.5295832                
7.047                    1.5297219                
7.048                    1.5298606                
7.049                    1.5299994                
7.05                     1.5301381                
7.051                    1.5302769                
7.052                    1.5304157                
7.053                    1.5305545                
7.054                    1.5306934                
7.055                    1.5308323                
7.056                    1.5309713                
7.057                    1.5311102                
7.058                    1.5312492                
7.059                    1.5313882                
7.06                     1.5315272                
7.061                    1.5316663                
7.062                    1.5318054                
7.063                    1.5319445                
7.064                    1.5320836                
7.065                    1.5322229                
7.066                    1.532362                 
7.067                    1.5325012                
7.068                    1.5326405                
7.069                    1.5327798                
7.07                     1.532919                 
7.071                    1.5330584                
7.072                    1.5331978                
7.073                    1.5333372                
7.074                    1.5334766                
7.075                    1.5336161                
7.076                    1.5337555                
7.077                    1.533895                 
7.078                    1.5340346                
7.079                    1.5341742                
7.08                     1.5343138                
7.081                    1.5344534                
7.082                    1.534593                 
7.083                    1.5347327                
7.084                    1.5348724                
7.085                    1.5350121                
7.086                    1.5351518                
7.087                    1.5352917                
7.088                    1.5354315                
7.089                    1.5355713                
7.09                     1.5357112                
7.091                    1.535851                 
7.092                    1.535991                 
7.093                    1.5361309                
7.094                    1.5362709                
7.095                    1.5364109                
7.096                    1.536551                 
7.097                    1.536691                 
7.098                    1.5368311                
7.099                    1.5369712                
7.1                      1.5371114                
7.101                    1.5372515                
7.102                    1.5373918                
7.103                    1.537532                 
7.104                    1.5376722                
7.105                    1.5378125                
7.106                    1.5379528                
7.107                    1.5380931                
7.108                    1.5382335                
7.109                    1.538374                 
7.11                     1.5385144                
7.111                    1.5386548                
7.112                    1.5387952                
7.113                    1.5389358                
7.114                    1.5390763                
7.115                    1.5392169                
7.116                    1.5393574                
7.117                    1.5394981                
7.118                    1.5396388                
7.119                    1.5397794                
7.12                     1.5399201                
7.121                    1.5400609                
7.122                    1.5402015                
7.123                    1.5403423                
7.124                    1.5404832                
7.125                    1.540624                 
7.126                    1.5407649                
7.127                    1.5409058                
7.128                    1.5410467                
7.129                    1.5411876                
7.13                     1.5413287                
7.131                    1.5414697                
7.132                    1.5416107                
7.133                    1.5417517                
7.134                    1.5418929                
7.135                    1.542034                 
7.136                    1.5421752                
7.137                    1.5423163                
7.138                    1.5424575                
7.139                    1.5425987                
7.14                     1.54274                  
7.141                    1.5428813                
7.142                    1.5430226                
7.143                    1.543164                 
7.144                    1.5433054                
7.145                    1.5434468                
7.146                    1.5435882                
7.147                    1.5437297                
7.148                    1.5438712                
7.149                    1.5440127                
7.15                     1.5441542                
7.151                    1.5442958                
7.152                    1.5444373                
7.153                    1.544579                 
7.154                    1.5447206                
7.155                    1.5448623                
7.156                    1.545004                 
7.157                    1.5451458                
7.158                    1.5452875                
7.159                    1.5454293                
7.16                     1.5455712                
7.161                    1.545713                 
7.162                    1.5458549                
7.163                    1.5459968                
7.164                    1.5461388                
7.165                    1.5462807                
7.166                    1.5464227                
7.167                    1.5465647                
7.168                    1.5467068                
7.169                    1.5468489                
7.17                     1.546991                 
7.171                    1.5471331                
7.172                    1.5472753                
7.173                    1.5474174                
7.174                    1.5475596                
7.175                    1.547702                 
7.176                    1.5478442                
7.177                    1.5479865                
7.178                    1.5481288                
7.179                    1.5482712                
7.18                     1.5484136                
7.181                    1.548556                 
7.182                    1.5486984                
7.183                    1.5488409                
7.184                    1.5489835                
7.185                    1.5491259                
7.186                    1.5492685                
7.187                    1.549411                 
7.188                    1.5495538                
7.189                    1.5496963                
7.19                     1.549839                 
7.191                    1.5499817                
7.192                    1.5501244                
7.193                    1.5502672                
7.194                    1.55041                  
7.195                    1.5505528                
7.196                    1.5506957                
7.197                    1.5508386                
7.198                    1.5509814                
7.199                    1.5511243                
7.2                      1.5512673                
7.201                    1.5514103                
7.202                    1.5515534                
7.203                    1.5516964                
7.204                    1.5518395                
7.205                    1.5519825                
7.206                    1.5521257                
7.207                    1.5522689                
7.208                    1.552412                 
7.209                    1.5525552                
7.21                     1.5526985                
7.211                    1.5528418                
7.212                    1.5529851                
7.213                    1.5531284                
7.214                    1.5532718                
7.215                    1.5534151                
7.216                    1.5535585                
7.217                    1.553702                 
7.218                    1.5538454                
7.219                    1.5539889                
7.22                     1.5541325                
7.221                    1.554276                 
7.222                    1.5544196                
7.223                    1.5545632                
7.224                    1.5547068                
7.225                    1.5548505                
7.226                    1.5549942                
7.227                    1.555138                 
7.228                    1.5552818                
7.229                    1.5554255                
7.23                     1.5555693                
7.231                    1.5557132                
7.232                    1.5558571                
7.233                    1.556001                 
7.234                    1.5561448                
7.235                    1.5562888                
7.236                    1.5564327                
7.237                    1.5565768                
7.238                    1.5567209                
7.239                    1.5568649                
7.24                     1.557009                 
7.241                    1.5571531                
7.242                    1.5572973                
7.243                    1.5574415                
7.244                    1.5575857                
7.245                    1.55773                  
7.246                    1.5578742                
7.247                    1.5580186                
7.248                    1.5581628                
7.249                    1.5583072                
7.25                     1.5584515                
7.251                    1.558596                 
7.252                    1.5587405                
7.253                    1.558885                 
7.254                    1.5590295                
7.255                    1.559174                 
7.256                    1.5593185                
7.257                    1.5594631                
7.258                    1.5596077                
7.259                    1.5597523                
7.26                     1.5598971                
7.261                    1.5600418                
7.262                    1.5601865                
7.263                    1.5603312                
7.264                    1.5604761                
7.265                    1.5606209                
7.266                    1.5607657                
7.267                    1.5609106                
7.268                    1.5610554                
7.269                    1.5612004                
7.27                     1.5613453                
7.271                    1.5614904                
7.272                    1.5616354                
7.273                    1.5617805                
7.274                    1.5619255                
7.275                    1.5620706                
7.276                    1.5622158                
7.277                    1.5623609                
7.278                    1.5625061                
7.279                    1.5626514                
7.28                     1.5627966                
7.281                    1.5629419                
7.282                    1.5630872                
7.283                    1.5632325                
7.284                    1.5633779                
7.285                    1.5635233                
7.286                    1.5636687                
7.287                    1.5638142                
7.288                    1.5639597                
7.289                    1.5641052                
7.29                     1.5642507                
7.291                    1.5643963                
7.292                    1.5645419                
7.293                    1.5646875                
7.294                    1.5648332                
7.295                    1.5649788                
7.296                    1.5651246                
7.297                    1.5652703                
7.298                    1.5654161                
7.299                    1.5655619                
7.3                      1.5657078                
7.301                    1.5658536                
7.302                    1.5659995                
7.303                    1.5661454                
7.304                    1.5662913                
7.305                    1.5664374                
7.306                    1.5665834                
7.307                    1.5667294                
7.308                    1.5668755                
7.309                    1.5670216                
7.31                     1.5671676                
7.311                    1.5673138                
7.312                    1.5674601                
7.313                    1.5676062                
7.314                    1.5677525                
7.315                    1.5678988                
7.316                    1.568045                 
7.317                    1.5681914                
7.318                    1.5683377                
7.319                    1.5684841                
7.32                     1.5686306                
7.321                    1.568777                 
7.322                    1.5689235                
7.323                    1.56907                  
7.324                    1.5692165                
7.325                    1.569363                 
7.326                    1.5695096                
7.327                    1.5696563                
7.328                    1.5698029                
7.329                    1.5699496                
7.33                     1.5700963                
7.331                    1.570243                 
7.332                    1.5703897                
7.333                    1.5705366                
7.334                    1.5706834                
7.335                    1.5708302                
7.336                    1.5709771                
7.337                    1.5711241                
7.338                    1.5712711                
7.339                    1.5714179                
7.34                     1.571565                 
7.341                    1.571712                 
7.342                    1.5718591                
7.343                    1.5720061                
7.344                    1.5721533                
7.345                    1.5723004                
7.346                    1.5724477                
7.347                    1.5725948                
7.348                    1.572742                 
7.349                    1.5728893                
7.35                     1.5730366                
7.351                    1.5731839                
7.352                    1.5733312                
7.353                    1.5734787                
7.354                    1.573626                 
7.355                    1.5737735                
7.356                    1.573921                 
7.357                    1.5740685                
7.358                    1.574216                 
7.359                    1.5743636                
7.36                     1.5745112                
7.361                    1.5746588                
7.362                    1.5748065                
7.363                    1.5749542                
7.364                    1.5751019                
7.365                    1.5752496                
7.366                    1.5753974                
7.367                    1.5755451                
7.368                    1.5756929                
7.369                    1.5758408                
7.37                     1.5759887                
7.371                    1.5761366                
7.372                    1.5762845                
7.373                    1.5764325                
7.374                    1.5765805                
7.375                    1.5767286                
7.376                    1.5768766                
7.377                    1.5770247                
7.378                    1.5771728                
7.379                    1.5773209                
7.38                     1.5774691                
7.381                    1.5776174                
7.382                    1.5777656                
7.383                    1.5779139                
7.384                    1.5780622                
7.385                    1.5782105                
7.386                    1.5783589                
7.387                    1.5785072                
7.388                    1.5786557                
7.389                    1.5788041                
7.39                     1.5789527                
7.391                    1.5791012                
7.392                    1.5792497                
7.393                    1.5793984                
7.394                    1.579547                 
7.395                    1.5796957                
7.396                    1.5798444                
7.397                    1.5799931                
7.398                    1.5801419                
7.399                    1.5802907                
7.4                      1.5804394                
7.401                    1.5805882                
7.402                    1.5807371                
7.403                    1.580886                 
7.404                    1.581035                 
7.405                    1.5811839                
7.406                    1.5813329                
7.407                    1.5814819                
7.408                    1.581631                 
7.409                    1.5817801                
7.41                     1.5819292                
7.411                    1.5820783                
7.412                    1.5822275                
7.413                    1.5823767                
7.414                    1.5825258                
7.415                    1.5826752                
7.416                    1.5828245                
7.417                    1.5829737                
7.418                    1.5831231                
7.419                    1.5832725                
7.42                     1.583422                 
7.421                    1.5835713                
7.422                    1.5837208                
7.423                    1.5838703                
7.424                    1.5840199                
7.425                    1.5841694                
7.426                    1.584319                 
7.427                    1.5844686                
7.428                    1.5846183                
7.429                    1.5847679                
7.43                     1.5849177                
7.431                    1.5850674                
7.432                    1.5852171                
7.433                    1.585367                 
7.434                    1.5855168                
7.435                    1.5856667                
7.436                    1.5858165                
7.437                    1.5859665                
7.438                    1.5861164                
7.439                    1.5862664                
7.44                     1.5864165                
7.441                    1.5865664                
7.442                    1.5867165                
7.443                    1.5868666                
7.444                    1.5870168                
7.445                    1.5871669                
7.446                    1.5873171                
7.447                    1.5874673                
7.448                    1.5876176                
7.449                    1.5877678                
7.45                     1.5879182                
7.451                    1.5880686                
7.452                    1.5882189                
7.453                    1.5883694                
7.454                    1.5885198                
7.455                    1.5886703                
7.456                    1.5888207                
7.457                    1.5889713                
7.458                    1.5891218                
7.459                    1.5892724                
7.46                     1.5894231                
7.461                    1.5895736                
7.462                    1.5897243                
7.463                    1.5898751                
7.464                    1.5900258                
7.465                    1.5901766                
7.466                    1.5903274                
7.467                    1.5904782                
7.468                    1.5906291                
7.469                    1.5907799                
7.47                     1.5909308                
7.471                    1.5910819                
7.472                    1.5912328                
7.473                    1.5913838                
7.474                    1.5915349                
7.475                    1.5916859                
7.476                    1.591837                 
7.477                    1.5919882                
7.478                    1.5921394                
7.479                    1.5922905                
7.48                     1.5924418                
7.481                    1.5925931                
7.482                    1.5927444                
7.483                    1.5928956                
7.484                    1.593047                 
7.485                    1.5931984                
7.486                    1.5933498                
7.487                    1.5935012                
7.488                    1.5936527                
7.489                    1.5938042                
7.49                     1.5939558                
7.491                    1.5941073                
7.492                    1.5942589                
7.493                    1.5944105                
7.494                    1.5945622                
7.495                    1.5947138                
7.496                    1.5948656                
7.497                    1.5950173                
7.498                    1.5951691                
7.499                    1.5953208                
7.5                      1.5954727                
7.501                    1.5956246                
7.502                    1.5957764                
7.503                    1.5959284                
7.504                    1.5960804                
7.505                    1.5962324                
7.506                    1.5963844                
7.507                    1.5965364                
7.508                    1.5966885                
7.509                    1.5968406                
7.51                     1.5969927                
7.511                    1.597145                 
7.512                    1.5972972                
7.513                    1.5974494                
7.514                    1.5976017                
7.515                    1.597754                 
7.516                    1.5979064                
7.517                    1.5980587                
7.518                    1.598211                 
7.519                    1.5983635                
7.52                     1.5985159                
7.521                    1.5986685                
7.522                    1.5988209                
7.523                    1.5989735                
7.524                    1.5991261                
7.525                    1.5992787                
7.526                    1.5994313                
7.527                    1.599584                 
7.528                    1.5997367                
7.529                    1.5998894                
7.53                     1.6000421                
7.531                    1.6001949                
7.532                    1.6003478                
7.533                    1.6005006                
7.534                    1.6006535                
7.535                    1.6008064                
7.536                    1.6009593                
7.537                    1.6011124                
7.538                    1.6012653                
7.539                    1.6014184                
7.54                     1.6015714                
7.541                    1.6017245                
7.542                    1.6018777                
7.543                    1.6020309                
7.544                    1.602184                 
7.545                    1.6023372                
7.546                    1.6024905                
7.547                    1.6026438                
7.548                    1.6027972                
7.549                    1.6029505                
7.55                     1.6031039                
7.551                    1.6032573                
7.552                    1.6034107                
7.553                    1.6035641                
7.554                    1.6037177                
7.555                    1.6038712                
7.556                    1.6040248                
7.557                    1.6041784                
7.558                    1.604332                 
7.559                    1.6044856                
7.56                     1.6046394                
7.561                    1.6047931                
7.562                    1.6049469                
7.563                    1.6051006                
7.564                    1.6052544                
7.565                    1.6054083                
7.566                    1.6055621                
7.567                    1.6057161                
7.568                    1.60587                  
7.569                    1.6060239                
7.57                     1.6061779                
7.571                    1.606332                 
7.572                    1.6064861                
7.573                    1.6066401                
7.574                    1.6067942                
7.575                    1.6069485                
7.576                    1.6071026                
7.577                    1.6072569                
7.578                    1.6074111                
7.579                    1.6075654                
7.58                     1.6077197                
7.581                    1.607874                 
7.582                    1.6080284                
7.583                    1.6081828                
7.584                    1.6083373                
7.585                    1.6084918                
7.586                    1.6086463                
7.587                    1.6088008                
7.588                    1.6089553                
7.589                    1.6091099                
7.59                     1.6092645                
7.591                    1.6094192                
7.592                    1.6095738                
7.593                    1.6097286                
7.594                    1.6098833                
7.595                    1.6100382                
7.596                    1.6101929                
7.597                    1.6103477                
7.598                    1.6105027                
7.599                    1.6106576                
7.6                      1.6108125                
7.601                    1.6109675                
7.602                    1.6111225                
7.603                    1.6112776                
7.604                    1.6114326                
7.605                    1.6115876                
7.606                    1.6117429                
7.607                    1.611898                 
7.608                    1.6120532                
7.609                    1.6122084                
7.61                     1.6123637                
7.611                    1.6125189                
7.612                    1.6126742                
7.613                    1.6128296                
7.614                    1.612985                 
7.615                    1.6131403                
7.616                    1.6132958                
7.617                    1.6134512                
7.618                    1.6136068                
7.619                    1.6137624                
7.62                     1.613918                 
7.621                    1.6140735                
7.622                    1.6142291                
7.623                    1.6143848                
7.624                    1.6145405                
7.625                    1.6146963                
7.626                    1.614852                 
7.627                    1.6150078                
7.628                    1.6151636                
7.629                    1.6153195                
7.63                     1.6154753                
7.631                    1.6156312                
7.632                    1.6157871                
7.633                    1.6159432                
7.634                    1.6160992                
7.635                    1.6162552                
7.636                    1.6164113                
7.637                    1.6165674                
7.638                    1.6167235                
7.639                    1.6168797                
7.64                     1.6170359                
7.641                    1.6171921                
7.642                    1.6173484                
7.643                    1.6175047                
7.644                    1.617661                 
7.645                    1.6178174                
7.646                    1.6179738                
7.647                    1.6181302                
7.648                    1.6182866                
7.649                    1.6184431                
7.65                     1.6185997                
7.651                    1.6187562                
7.652                    1.6189128                
7.653                    1.6190695                
7.654                    1.6192261                
7.655                    1.6193827                
7.656                    1.6195394                
7.657                    1.6196961                
7.658                    1.6198529                
7.659                    1.6200098                
7.66                     1.6201665                
7.661                    1.6203234                
7.662                    1.6204803                
7.663                    1.6206373                
7.664                    1.6207943                
7.665                    1.6209513                
7.666                    1.6211083                
7.667                    1.6212653                
7.668                    1.6214224                
7.669                    1.6215795                
7.67                     1.6217366                
7.671                    1.6218939                
7.672                    1.6220511                
7.673                    1.6222084                
7.674                    1.6223656                
7.675                    1.622523                 
7.676                    1.6226803                
7.677                    1.6228377                
7.678                    1.622995                 
7.679                    1.6231525                
7.68                     1.62331                  
7.681                    1.6234674                
7.682                    1.623625                 
7.683                    1.6237826                
7.684                    1.6239402                
7.685                    1.6240978                
7.686                    1.6242555                
7.687                    1.6244133                
7.688                    1.624571                 
7.689                    1.6247287                
7.69                     1.6248865                
7.691                    1.6250443                
7.692                    1.6252022                
7.693                    1.62536                  
7.694                    1.625518                 
7.695                    1.6256759                
7.696                    1.6258339                
7.697                    1.625992                 
7.698                    1.62615                  
7.699                    1.6263081                
7.7                      1.6264662                
7.701                    1.6266243                
7.702                    1.6267825                
7.703                    1.6269407                
7.704                    1.6270989                
7.705                    1.6272572                
7.706                    1.6274155                
7.707                    1.6275738                
7.708                    1.6277323                
7.709                    1.6278907                
7.71                     1.6280491                
7.711                    1.6282076                
7.712                    1.6283661                
7.713                    1.6285247                
7.714                    1.6286832                
7.715                    1.6288418                
7.716                    1.6290004                
7.717                    1.6291591                
7.718                    1.6293178                
7.719                    1.6294765                
7.72                     1.6296352                
7.721                    1.629794                 
7.722                    1.6299529                
7.723                    1.6301117                
7.724                    1.6302706                
7.725                    1.6304295                
7.726                    1.6305885                
7.727                    1.6307474                
7.728                    1.6309065                
7.729                    1.6310655                
7.73                     1.6312246                
7.731                    1.6313838                
7.732                    1.6315429                
7.733                    1.6317021                
7.734                    1.6318613                
7.735                    1.6320205                
7.736                    1.6321797                
7.737                    1.6323391                
7.738                    1.6324985                
7.739                    1.6326578                
7.74                     1.6328173                
7.741                    1.6329767                
7.742                    1.6331362                
7.743                    1.6332957                
7.744                    1.6334552                
7.745                    1.6336148                
7.746                    1.6337744                
7.747                    1.633934                 
7.748                    1.6340936                
7.749                    1.6342534                
7.75                     1.6344131                
7.751                    1.6345729                
7.752                    1.6347326                
7.753                    1.6348925                
7.754                    1.6350523                
7.755                    1.6352122                
7.756                    1.6353722                
7.757                    1.6355321                
7.758                    1.6356921                
7.759                    1.6358521                
7.76                     1.6360122                
7.761                    1.6361723                
7.762                    1.6363324                
7.763                    1.6364925                
7.764                    1.6366527                
7.765                    1.6368129                
7.766                    1.6369733                
7.767                    1.6371335                
7.768                    1.6372938                
7.769                    1.6374542                
7.77                     1.6376145                
7.771                    1.637775                 
7.772                    1.6379354                
7.773                    1.6380959                
7.774                    1.6382564                
7.775                    1.6384169                
7.776                    1.6385776                
7.777                    1.6387382                
7.778                    1.6388987                
7.779                    1.6390594                
7.78                     1.6392201                
7.781                    1.6393809                
7.782                    1.6395417                
7.783                    1.6397024                
7.784                    1.6398634                
7.785                    1.6400242                
7.786                    1.6401851                
7.787                    1.640346                 
7.788                    1.640507                 
7.789                    1.640668                 
7.79                     1.6408291                
7.791                    1.6409901                
7.792                    1.6411512                
7.793                    1.6413124                
7.794                    1.6414735                
7.795                    1.6416347                
7.796                    1.641796                 
7.797                    1.6419573                
7.798                    1.6421186                
7.799                    1.6422799                
7.8                      1.6424413                
7.801                    1.6426027                
7.802                    1.6427641                
7.803                    1.6429255                
7.804                    1.643087                 
7.805                    1.6432486                
7.806                    1.6434102                
7.807                    1.6435717                
7.808                    1.6437334                
7.809                    1.643895                 
7.81                     1.6440568                
7.811                    1.6442184                
7.812                    1.6443802                
7.813                    1.644542                 
7.814                    1.6447039                
7.815                    1.6448658                
7.816                    1.6450276                
7.817                    1.6451895                
7.818                    1.6453515                
7.819                    1.6455135                
7.82                     1.6456755                
7.821                    1.6458375                
7.822                    1.6459997                
7.823                    1.6461618                
7.824                    1.6463239                
7.825                    1.6464862                
7.826                    1.6466484                
7.827                    1.6468107                
7.828                    1.6469729                
7.829                    1.6471353                
7.83                     1.6472976                
7.831                    1.64746                  
7.832                    1.6476225                
7.833                    1.6477848                
7.834                    1.6479473                
7.835                    1.6481099                
7.836                    1.6482724                
7.837                    1.648435                 
7.838                    1.6485977                
7.839                    1.6487603                
7.84                     1.648923                 
7.841                    1.6490858                
7.842                    1.6492485                
7.843                    1.6494113                
7.844                    1.649574                 
7.845                    1.649737                 
7.846                    1.6498998                
7.847                    1.6500628                
7.848                    1.6502258                
7.849                    1.6503887                
7.85                     1.6505517                
7.851                    1.6507148                
7.852                    1.6508778                
7.853                    1.651041                 
7.854                    1.6512041                
7.855                    1.6513673                
7.856                    1.6515305                
7.857                    1.6516938                
7.858                    1.6518571                
7.859                    1.6520205                
7.86                     1.6521838                
7.861                    1.6523472                
7.862                    1.6525106                
7.863                    1.6526741                
7.864                    1.6528375                
7.865                    1.6530011                
7.866                    1.6531646                
7.867                    1.6533282                
7.868                    1.6534919                
7.869                    1.6536555                
7.87                     1.6538192                
7.871                    1.6539829                
7.872                    1.6541467                
7.873                    1.6543105                
7.874                    1.6544743                
7.875                    1.6546382                
7.876                    1.654802                 
7.877                    1.6549659                
7.878                    1.6551299                
7.879                    1.6552938                
7.88                     1.6554579                
7.881                    1.655622                 
7.882                    1.655786                 
7.883                    1.6559502                
7.884                    1.6561143                
7.885                    1.6562785                
7.886                    1.6564428                
7.887                    1.656607                 
7.888                    1.6567713                
7.889                    1.6569357                
7.89                     1.6571                   
7.891                    1.6572644                
7.892                    1.6574289                
7.893                    1.6575933                
7.894                    1.6577578                
7.895                    1.6579223                
7.896                    1.6580869                
7.897                    1.6582514                
7.898                    1.658416                 
7.899                    1.6585808                
7.9                      1.6587454                
7.901                    1.6589102                
7.902                    1.6590749                
7.903                    1.6592398                
7.904                    1.6594045                
7.905                    1.6595694                
7.906                    1.6597344                
7.907                    1.6598992                
7.908                    1.6600642                
7.909                    1.6602292                
7.91                     1.6603943                
7.911                    1.6605593                
7.912                    1.6607244                
7.913                    1.6608896                
7.914                    1.6610547                
7.915                    1.66122                  
7.916                    1.6613852                
7.917                    1.6615504                
7.918                    1.6617157                
7.919                    1.6618811                
7.92                     1.6620464                
7.921                    1.6622119                
7.922                    1.6623774                
7.923                    1.6625428                
7.924                    1.6627083                
7.925                    1.6628739                
7.926                    1.6630394                
7.927                    1.663205                 
7.928                    1.6633706                
7.929                    1.6635363                
7.93                     1.663702                 
7.931                    1.6638678                
7.932                    1.6640335                
7.933                    1.6641994                
7.934                    1.6643653                
7.935                    1.6645311                
7.936                    1.664697                 
7.937                    1.664863                 
7.938                    1.6650289                
7.939                    1.665195                 
7.94                     1.665361                 
7.941                    1.6655271                
7.942                    1.6656933                
7.943                    1.6658593                
7.944                    1.6660256                
7.945                    1.6661918                
7.946                    1.6663581                
7.947                    1.6665243                
7.948                    1.6666907                
7.949                    1.666857                 
7.95                     1.6670234                
7.951                    1.6671898                
7.952                    1.6673563                
7.953                    1.6675228                
7.954                    1.6676893                
7.955                    1.6678559                
7.956                    1.6680225                
7.957                    1.6681892                
7.958                    1.6683558                
7.959                    1.6685225                
7.96                     1.6686893                
7.961                    1.668856                 
7.962                    1.6690228                
7.963                    1.6691896                
7.964                    1.6693565                
7.965                    1.6695234                
7.966                    1.6696904                
7.967                    1.6698573                
7.968                    1.6700243                
7.969                    1.6701914                
7.97                     1.6703584                
7.971                    1.6705256                
7.972                    1.6706927                
7.973                    1.6708598                
7.974                    1.6710271                
7.975                    1.6711943                
7.976                    1.6713616                
7.977                    1.6715289                
7.978                    1.6716963                
7.979                    1.6718637                
7.98                     1.672031                 
7.981                    1.6721985                
7.982                    1.672366                 
7.983                    1.6725335                
7.984                    1.6727011                
7.985                    1.6728686                
7.986                    1.6730363                
7.987                    1.673204                 
7.988                    1.6733717                
7.989                    1.6735394                
7.99                     1.6737071                
7.991                    1.673875                 
7.992                    1.6740427                
7.993                    1.6742107                
7.994                    1.6743785                
7.995                    1.6745465                
7.996                    1.6747144                
7.997                    1.6748824                
7.998                    1.6750505                
7.999                    1.6752186                
8.0                      1.6753867                
8.001                    1.6755548                
8.002                    1.675723                 
8.003                    1.6758912                
8.004                    1.6760595                
8.005                    1.6762278                
8.006                    1.6763963                
8.007                    1.6765646                
8.008                    1.676733                 
8.009                    1.6769015                
8.01                     1.67707                  
8.011                    1.6772386                
8.012                    1.6774071                
8.013                    1.6775757                
8.014                    1.6777444                
8.015                    1.6779131                
8.016                    1.6780818                
8.017                    1.6782506                
8.018                    1.6784192                
8.019                    1.678588                 
8.02                     1.678757                 
8.021                    1.6789259                
8.022                    1.6790948                
8.023                    1.6792637                
8.024                    1.6794327                
8.025                    1.6796017                
8.026                    1.6797708                
8.027                    1.6799399                
8.028                    1.680109                 
8.029                    1.6802782                
8.03                     1.6804473                
8.031                    1.6806166                
8.032                    1.6807859                
8.033                    1.6809552                
8.034                    1.6811246                
8.035                    1.681294                 
8.036                    1.6814634                
8.037                    1.6816328                
8.038                    1.6818023                
8.039                    1.6819718                
8.04                     1.6821413                
8.041                    1.6823109                
8.042                    1.6824806                
8.043                    1.6826502                
8.044                    1.6828198                
8.045                    1.6829896                
8.046                    1.6831594                
8.047                    1.6833292                
8.048                    1.683499                 
8.049                    1.6836689                
8.05                     1.6838388                
8.051                    1.6840087                
8.052                    1.6841787                
8.053                    1.6843487                
8.054                    1.6845188                
8.055                    1.6846888                
8.056                    1.6848589                
8.057                    1.6850291                
8.058                    1.6851993                
8.059                    1.6853695                
8.06                     1.6855397                
8.061                    1.6857101                
8.062                    1.6858804                
8.063                    1.6860508                
8.064                    1.6862211                
8.065                    1.6863916                
8.066                    1.6865621                
8.067                    1.6867325                
8.068                    1.6869031                
8.069                    1.6870737                
8.07                     1.6872443                
8.071                    1.6874149                
8.072                    1.6875856                
8.073                    1.6877563                
8.074                    1.6879271                
8.075                    1.6880978                
8.076                    1.6882687                
8.077                    1.6884396                
8.078                    1.6886104                
8.079                    1.6887814                
8.08                     1.6889523                
8.081                    1.6891234                
8.082                    1.6892943                
8.083                    1.6894655                
8.084                    1.6896366                
8.085                    1.6898078                
8.086                    1.689979                 
8.087                    1.6901501                
8.088                    1.6903213                
8.089                    1.6904926                
8.09                     1.6906639                
8.091                    1.6908354                
8.092                    1.6910068                
8.093                    1.6911782                
8.094                    1.6913496                
8.095                    1.6915212                
8.096                    1.6916926                
8.097                    1.6918643                
8.098                    1.6920358                
8.099                    1.6922075                
8.1                      1.6923791                
8.101                    1.6925509                
8.102                    1.6927226                
8.103                    1.6928943                
8.104                    1.6930662                
8.105                    1.693238                 
8.106                    1.6934099                
8.107                    1.6935819                
8.108                    1.6937538                
8.109                    1.6939259                
8.11                     1.6940979                
8.111                    1.69427                  
8.112                    1.694442                 
8.113                    1.6946142                
8.114                    1.6947864                
8.115                    1.6949586                
8.116                    1.6951308                
8.117                    1.6953031                
8.118                    1.6954755                
8.119                    1.6956478                
8.12                     1.6958202                
8.121                    1.6959926                
8.122                    1.6961651                
8.123                    1.6963376                
8.124                    1.6965102                
8.125                    1.6966827                
8.126                    1.6968553                
8.127                    1.6970279                
8.128                    1.6972007                
8.129                    1.6973734                
8.13                     1.6975461                
8.131                    1.6977189                
8.132                    1.6978917                
8.133                    1.6980646                
8.134                    1.6982375                
8.135                    1.6984104                
8.136                    1.6985834                
8.137                    1.6987565                
8.138                    1.6989294                
8.139                    1.6991025                
8.14                     1.6992756                
8.141                    1.6994488                
8.142                    1.6996219                
8.143                    1.6997952                
8.144                    1.6999685                
8.145                    1.7001418                
8.146                    1.7003151                
8.147                    1.7004884                
8.148                    1.7006619                
8.149                    1.7008352                
8.15                     1.7010088                
8.151                    1.7011822                
8.152                    1.7013558                
8.153                    1.7015294                
8.154                    1.7017031                
8.155                    1.7018766                
8.156                    1.7020503                
8.157                    1.7022241                
8.158                    1.7023978                
8.159                    1.7025716                
8.16                     1.7027454                
8.161                    1.7029194                
8.162                    1.7030933                
8.163                    1.7032672                
8.164                    1.7034411                
8.165                    1.7036152                
8.166                    1.7037892                
8.167                    1.7039634                
8.168                    1.7041374                
8.169                    1.7043116                
8.17                     1.7044859                
8.171                    1.70466                  
8.172                    1.7048343                
8.173                    1.7050086                
8.174                    1.705183                 
8.175                    1.7053574                
8.176                    1.7055318                
8.177                    1.7057062                
8.178                    1.7058808                
8.179                    1.7060553                
8.18                     1.7062298                
8.181                    1.7064044                
8.182                    1.7065791                
8.183                    1.7067537                
8.184                    1.7069285                
8.185                    1.7071033                
8.186                    1.707278                 
8.187                    1.7074528                
8.188                    1.7076277                
8.189                    1.7078025                
8.19                     1.7079775                
8.191                    1.7081524                
8.192                    1.7083274                
8.193                    1.7085025                
8.194                    1.7086775                
8.195                    1.7088526                
8.196                    1.7090278                
8.197                    1.709203                 
8.198                    1.7093782                
8.199                    1.7095535                
8.2                      1.7097287                
8.201                    1.7099041                
8.202                    1.7100794                
8.203                    1.7102549                
8.204                    1.7104303                
8.205                    1.7106057                
8.206                    1.7107813                
8.207                    1.7109568                
8.208                    1.7111324                
8.209                    1.7113081                
8.21                     1.7114837                
8.211                    1.7116594                
8.212                    1.7118351                
8.213                    1.712011                 
8.214                    1.7121867                
8.215                    1.7123625                
8.216                    1.7125385                
8.217                    1.7127144                
8.218                    1.7128904                
8.219                    1.7130663                
8.22                     1.7132424                
8.221                    1.7134184                
8.222                    1.7135946                
8.223                    1.7137706                
8.224                    1.7139468                
8.225                    1.714123                 
8.226                    1.7142993                
8.227                    1.7144756                
8.228                    1.714652                 
8.229                    1.7148283                
8.23                     1.7150047                
8.231                    1.7151811                
8.232                    1.7153575                
8.233                    1.7155341                
8.234                    1.7157106                
8.235                    1.7158872                
8.236                    1.7160639                
8.237                    1.7162405                
8.238                    1.7164172                
8.239                    1.7165939                
8.24                     1.7167706                
8.241                    1.7169474                
8.242                    1.7171243                
8.243                    1.7173012                
8.244                    1.7174782                
8.245                    1.7176551                
8.246                    1.7178321                
8.247                    1.7180091                
8.248                    1.7181861                
8.249                    1.7183633                
8.25                     1.7185404                
8.251                    1.7187176                
8.252                    1.7188947                
8.253                    1.719072                 
8.254                    1.7192492                
8.255                    1.7194266                
8.256                    1.719604                 
8.257                    1.7197814                
8.258                    1.7199588                
8.259                    1.7201363                
8.26                     1.7203138                
8.261                    1.7204913                
8.262                    1.7206689                
8.263                    1.7208465                
8.264                    1.7210242                
8.265                    1.7212019                
8.266                    1.7213796                
8.267                    1.7215574                
8.268                    1.7217352                
8.269                    1.7219131                
8.27                     1.722091                 
8.271                    1.7222688                
8.272                    1.7224468                
8.273                    1.7226248                
8.274                    1.7228029                
8.275                    1.7229809                
8.276                    1.723159                 
8.277                    1.7233372                
8.278                    1.7235153                
8.279                    1.7236935                
8.28                     1.7238718                
8.281                    1.72405                  
8.282                    1.7242284                
8.283                    1.7244068                
8.284                    1.7245852                
8.285                    1.7247636                
8.286                    1.7249421                
8.287                    1.7251207                
8.288                    1.7252992                
8.289                    1.7254778                
8.29                     1.7256564                
8.291                    1.7258351                
8.292                    1.7260138                
8.293                    1.7261925                
8.294                    1.7263713                
8.295                    1.7265501                
8.296                    1.7267289                
8.297                    1.7269078                
8.298                    1.7270868                
8.299                    1.7272657                
8.3                      1.7274448                
8.301                    1.7276238                
8.302                    1.7278029                
8.303                    1.727982                 
8.304                    1.7281612                
8.305                    1.7283404                
8.306                    1.7285196                
8.307                    1.7286988                
8.308                    1.7288781                
8.309                    1.7290576                
8.31                     1.7292368                
8.311                    1.7294163                
8.312                    1.7295958                
8.313                    1.7297752                
8.314                    1.7299548                
8.315                    1.7301344                
8.316                    1.730314                 
8.317                    1.7304935                
8.318                    1.7306733                
8.319                    1.730853                 
8.32                     1.7310327                
8.321                    1.7312126                
8.322                    1.7313924                
8.323                    1.7315723                
8.324                    1.7317522                
8.325                    1.7319322                
8.326                    1.7321122                
8.327                    1.7322922                
8.328                    1.7324722                
8.329                    1.7326523                
8.33                     1.7328324                
8.331                    1.7330126                
8.332                    1.7331928                
8.333                    1.733373                 
8.334                    1.7335534                
8.335                    1.7337337                
8.336                    1.733914                 
8.337                    1.7340945                
8.338                    1.7342749                
8.339                    1.7344553                
8.34                     1.7346358                
8.341                    1.7348164                
8.342                    1.734997                 
8.343                    1.7351776                
8.344                    1.7353584                
8.345                    1.7355391                
8.346                    1.7357198                
8.347                    1.7359005                
8.348                    1.7360814                
8.349                    1.7362622                
8.35                     1.7364432                
8.351                    1.7366241                
8.352                    1.7368051                
8.353                    1.736986                 
8.354                    1.7371671                
8.355                    1.7373482                
8.356                    1.7375293                
8.357                    1.7377105                
8.358                    1.7378917                
8.359                    1.7380729                
8.36                     1.7382542                
8.361                    1.7384355                
8.362                    1.7386168                
8.363                    1.7387983                
8.364                    1.7389797                
8.365                    1.7391611                
8.366                    1.7393427                
8.367                    1.7395242                
8.368                    1.7397058                
8.369                    1.7398874                
8.37                     1.740069                 
8.371                    1.7402508                
8.372                    1.7404325                
8.373                    1.7406143                
8.374                    1.7407961                
8.375                    1.740978                 
8.376                    1.7411598                
8.377                    1.7413417                
8.378                    1.7415237                
8.379                    1.7417058                
8.38                     1.7418878                
8.381                    1.7420698                
8.382                    1.742252                 
8.383                    1.7424341                
8.384                    1.7426163                
8.385                    1.7427986                
8.386                    1.7429808                
8.387                    1.7431631                
8.388                    1.7433455                
8.389                    1.7435279                
8.39                     1.7437103                
8.391                    1.7438928                
8.392                    1.7440753                
8.393                    1.7442578                
8.394                    1.7444404                
8.395                    1.7446231                
8.396                    1.7448057                
8.397                    1.7449884                
8.398                    1.7451712                
8.399                    1.7453539                
8.4                      1.7455367                
8.401                    1.7457196                
8.402                    1.7459024                
8.403                    1.7460854                
8.404                    1.7462684                
8.405                    1.7464514                
8.406                    1.7466344                
8.407                    1.7468175                
8.408                    1.7470006                
8.409                    1.7471838                
8.41                     1.747367                 
8.411                    1.7475502                
8.412                    1.7477335                
8.413                    1.7479168                
8.414                    1.7481002                
8.415                    1.7482835                
8.416                    1.748467                 
8.417                    1.7486504                
8.418                    1.748834                 
8.419                    1.7490175                
8.42                     1.749201                 
8.421                    1.7493848                
8.422                    1.7495683                
8.423                    1.749752                 
8.424                    1.7499359                
8.425                    1.7501196                
8.426                    1.7503034                
8.427                    1.7504873                
8.428                    1.7506711                
8.429                    1.7508551                
8.43                     1.7510391                
8.431                    1.7512231                
8.432                    1.7514071                
8.433                    1.7515912                
8.434                    1.7517754                
8.435                    1.7519596                
8.436                    1.7521437                
8.437                    1.752328                 
8.438                    1.7525123                
8.439                    1.7526966                
8.44                     1.7528809                
8.441                    1.7530653                
8.442                    1.7532499                
8.443                    1.7534343                
8.444                    1.7536188                
8.445                    1.7538034                
8.446                    1.753988                 
8.447                    1.7541726                
8.448                    1.7543573                
8.449                    1.754542                 
8.45                     1.7547268                
8.451                    1.7549115                
8.452                    1.7550964                
8.453                    1.7552812                
8.454                    1.7554662                
8.455                    1.7556511                
8.456                    1.7558361                
8.457                    1.7560211                
8.458                    1.7562062                
8.459                    1.7563913                
8.46                     1.7565764                
8.461                    1.7567617                
8.462                    1.7569469                
8.463                    1.7571322                
8.464                    1.7573174                
8.465                    1.7575028                
8.466                    1.7576882                
8.467                    1.7578735                
8.468                    1.758059                 
8.469                    1.7582445                
8.47                     1.7584301                
8.471                    1.7586156                
8.472                    1.7588012                
8.473                    1.758987                 
8.474                    1.7591726                
8.475                    1.7593584                
8.476                    1.7595441                
8.477                    1.75973                  
8.478                    1.7599158                
8.479                    1.7601017                
8.48                     1.7602876                
8.481                    1.7604736                
8.482                    1.7606596                
8.483                    1.7608457                
8.484                    1.7610317                
8.485                    1.7612178                
8.486                    1.761404                 
8.487                    1.7615902                
8.488                    1.7617764                
8.489                    1.7619628                
8.49                     1.7621491                
8.491                    1.7623354                
8.492                    1.7625219                
8.493                    1.7627083                
8.494                    1.7628947                
8.495                    1.7630813                
8.496                    1.7632679                
8.497                    1.7634544                
8.498                    1.7636411                
8.499                    1.7638278                
8.5                      1.7640145                
8.501                    1.7642013                
8.502                    1.7643881                
8.503                    1.7645749                
8.504                    1.7647618                
8.505                    1.7649487                
8.506                    1.7651356                
8.507                    1.7653227                
8.508                    1.7655097                
8.509                    1.7656968                
8.51                     1.7658839                
8.511                    1.7660711                
8.512                    1.7662582                
8.513                    1.7664455                
8.514                    1.7666328                
8.515                    1.7668201                
8.516                    1.7670075                
8.517                    1.7671949                
8.518                    1.7673823                
8.519                    1.7675698                
8.52                     1.7677573                
8.521                    1.7679448                
8.522                    1.7681324                
8.523                    1.7683201                
8.524                    1.7685077                
8.525                    1.7686955                
8.526                    1.7688832                
8.527                    1.769071                 
8.528                    1.7692589                
8.529                    1.7694467                
8.53                     1.7696346                
8.531                    1.7698226                
8.532                    1.7700106                
8.533                    1.7701986                
8.534                    1.7703867                
8.535                    1.7705748                
8.536                    1.7707629                
8.537                    1.7709512                
8.538                    1.7711394                
8.539                    1.7713276                
8.54                     1.771516                 
8.541                    1.7717043                
8.542                    1.7718927                
8.543                    1.7720811                
8.544                    1.7722696                
8.545                    1.7724581                
8.546                    1.7726467                
8.547                    1.7728353                
8.548                    1.7730238                
8.549                    1.7732126                
8.55                     1.7734013                
8.551                    1.77359                  
8.552                    1.7737788                
8.553                    1.7739676                
8.554                    1.7741566                
8.555                    1.7743454                
8.556                    1.7745343                
8.557                    1.7747234                
8.558                    1.7749125                
8.559                    1.7751015                
8.56                     1.7752906                
8.561                    1.7754798                
8.562                    1.775669                 
8.563                    1.7758582                
8.564                    1.7760475                
8.565                    1.7762368                
8.566                    1.7764262                
8.567                    1.7766155                
8.568                    1.7768049                
8.569                    1.7769945                
8.57                     1.777184                 
8.571                    1.7773736                
8.572                    1.7775631                
8.573                    1.7777528                
8.574                    1.7779424                
8.575                    1.7781322                
8.576                    1.778322                 
8.577                    1.7785118                
8.578                    1.7787015                
8.579                    1.7788914                
8.58                     1.7790813                
8.581                    1.7792714                
8.582                    1.7794614                
8.583                    1.7796514                
8.584                    1.7798414                
8.585                    1.7800316                
8.586                    1.7802217                
8.587                    1.780412                 
8.588                    1.7806022                
8.589                    1.7807925                
8.59                     1.7809829                
8.591                    1.7811732                
8.592                    1.7813636                
8.593                    1.781554                 
8.594                    1.7817445                
8.595                    1.7819351                
8.596                    1.7821256                
8.597                    1.7823162                
8.598                    1.7825068                
8.599                    1.7826976                
8.6                      1.7828883                
8.601                    1.783079                 
8.602                    1.7832699                
8.603                    1.7834607                
8.604                    1.7836516                
8.605                    1.7838426                
8.606                    1.7840335                
8.607                    1.7842245                
8.608                    1.7844156                
8.609                    1.7846067                
8.61                     1.7847979                
8.611                    1.784989                 
8.612                    1.7851802                
8.613                    1.7853715                
8.614                    1.7855629                
8.615                    1.7857542                
8.616                    1.7859455                
8.617                    1.786137                 
8.618                    1.7863284                
8.619                    1.7865199                
8.62                     1.7867115                
8.621                    1.7869031                
8.622                    1.7870947                
8.623                    1.7872864                
8.624                    1.7874781                
8.625                    1.7876699                
8.626                    1.7878617                
8.627                    1.7880535                
8.628                    1.7882454                
8.629                    1.7884372                
8.63                     1.7886293                
8.631                    1.7888212                
8.632                    1.7890133                
8.633                    1.7892054                
8.634                    1.7893975                
8.635                    1.7895896                
8.636                    1.7897819                
8.637                    1.7899741                
8.638                    1.7901664                
8.639                    1.7903588                
8.64                     1.7905512                
8.641                    1.7907436                
8.642                    1.790936                 
8.643                    1.7911285                
8.644                    1.791321                 
8.645                    1.7915136                
8.646                    1.7917062                
8.647                    1.7918988                
8.648                    1.7920916                
8.649                    1.7922844                
8.65                     1.7924771                
8.651                    1.7926699                
8.652                    1.7928628                
8.653                    1.7930557                
8.654                    1.7932487                
8.655                    1.7934417                
8.656                    1.7936347                
8.657                    1.7938278                
8.658                    1.7940209                
8.659                    1.794214                 
8.66                     1.7944072                
8.661                    1.7946005                
8.662                    1.7947937                
8.663                    1.7949871                
8.664                    1.7951804                
8.665                    1.7953738                
8.666                    1.7955673                
8.667                    1.7957608                
8.668                    1.7959542                
8.669                    1.7961478                
8.67                     1.7963414                
8.671                    1.7965351                
8.672                    1.7967287                
8.673                    1.7969226                
8.674                    1.7971163                
8.675                    1.7973101                
8.676                    1.797504                 
8.677                    1.7976979                
8.678                    1.7978919                
8.679                    1.7980858                
8.68                     1.7982798                
8.681                    1.7984738                
8.682                    1.798668                 
8.683                    1.7988621                
8.684                    1.7990563                
8.685                    1.7992506                
8.686                    1.7994448                
8.687                    1.7996391                
8.688                    1.7998335                
8.689                    1.8000278                
8.69                     1.8002223                
8.691                    1.8004168                
8.692                    1.8006114                
8.693                    1.8008059                
8.694                    1.8010005                
8.695                    1.8011951                
8.696                    1.8013898                
8.697                    1.8015846                
8.698                    1.8017794                
8.699                    1.8019742                
8.7                      1.802169                 
8.701                    1.8023639                
8.702                    1.8025589                
8.703                    1.8027538                
8.704                    1.8029488                
8.705                    1.803144                 
8.706                    1.803339                 
8.707                    1.8035342                
8.708                    1.8037294                
8.709                    1.8039246                
8.71                     1.8041198                
8.711                    1.8043152                
8.712                    1.8045106                
8.713                    1.804706                 
8.714                    1.8049014                
8.715                    1.8050969                
8.716                    1.8052924                
8.717                    1.805488                 
8.718                    1.8056836                
8.719                    1.8058792                
8.72                     1.8060749                
8.721                    1.8062706                
8.722                    1.8064665                
8.723                    1.8066622                
8.724                    1.8068581                
8.725                    1.807054                 
8.726                    1.8072499                
8.727                    1.807446                 
8.728                    1.807642                 
8.729                    1.8078381                
8.73                     1.8080342                
8.731                    1.8082303                
8.732                    1.8084265                
8.733                    1.8086227                
8.734                    1.808819                 
8.735                    1.8090154                
8.736                    1.8092117                
8.737                    1.8094082                
8.738                    1.8096045                
8.739                    1.8098011                
8.74                     1.8099976                
8.741                    1.8101941                
8.742                    1.8103908                
8.743                    1.8105874                
8.744                    1.8107842                
8.745                    1.8109809                
8.746                    1.8111777                
8.747                    1.8113745                
8.748                    1.8115714                
8.749                    1.8117683                
8.75                     1.8119652                
8.751                    1.8121623                
8.752                    1.8123593                
8.753                    1.8125564                
8.754                    1.8127536                
8.755                    1.8129507                
8.756                    1.8131479                
8.757                    1.8133452                
8.758                    1.8135425                
8.759                    1.8137398                
8.76                     1.8139372                
8.761                    1.8141346                
8.762                    1.814332                 
8.763                    1.8145295                
8.764                    1.8147271                
8.765                    1.8149247                
8.766                    1.8151224                
8.767                    1.81532                  
8.768                    1.8155178                
8.769                    1.8157156                
8.77                     1.8159133                
8.771                    1.8161112                
8.772                    1.8163091                
8.773                    1.816507                 
8.774                    1.816705                 
8.775                    1.816903                 
8.776                    1.817101                 
8.777                    1.8172991                
8.778                    1.8174973                
8.779                    1.8176955                
8.78                     1.8178937                
8.781                    1.818092                 
8.782                    1.8182902                
8.783                    1.8184886                
8.784                    1.8186871                
8.785                    1.8188854                
8.786                    1.8190839                
8.787                    1.8192825                
8.788                    1.819481                 
8.789                    1.8196797                
8.79                     1.8198783                
8.791                    1.8200771                
8.792                    1.8202758                
8.793                    1.8204746                
8.794                    1.8206733                
8.795                    1.8208723                
8.796                    1.8210711                
8.797                    1.8212701                
8.798                    1.8214692                
8.799                    1.8216681                
8.8                      1.8218672                
8.801                    1.8220664                
8.802                    1.8222655                
8.803                    1.8224648                
8.804                    1.822664                 
8.805                    1.8228633                
8.806                    1.8230627                
8.807                    1.8232621                
8.808                    1.8234615                
8.809                    1.823661                 
8.81                     1.8238605                
8.811                    1.8240601                
8.812                    1.8242596                
8.813                    1.8244593                
8.814                    1.824659                 
8.815                    1.8248587                
8.816                    1.8250585                
8.817                    1.8252583                
8.818                    1.8254582                
8.819                    1.8256581                
8.82                     1.825858                 
8.821                    1.8260579                
8.822                    1.826258                 
8.823                    1.8264581                
8.824                    1.8266581                
8.825                    1.8268583                
8.826                    1.8270586                
8.827                    1.8272588                
8.828                    1.8274591                
8.829                    1.8276594                
8.83                     1.8278598                
8.831                    1.8280602                
8.832                    1.8282607                
8.833                    1.8284612                
8.834                    1.8286617                
8.835                    1.8288623                
8.836                    1.8290629                
8.837                    1.8292636                
8.838                    1.8294643                
8.839                    1.8296651                
8.84                     1.8298659                
8.841                    1.8300668                
8.842                    1.8302677                
8.843                    1.8304685                
8.844                    1.8306695                
8.845                    1.8308706                
8.846                    1.8310716                
8.847                    1.8312727                
8.848                    1.831474                 
8.849                    1.8316752                
8.85                     1.8318764                
8.851                    1.8320776                
8.852                    1.832279                 
8.853                    1.8324803                
8.854                    1.8326818                
8.855                    1.8328832                
8.856                    1.8330847                
8.857                    1.8332863                
8.858                    1.8334879                
8.859                    1.8336895                
8.86                     1.8338912                
8.861                    1.8340929                
8.862                    1.8342947                
8.863                    1.8344965                
8.864                    1.8346983                
8.865                    1.8349001                
8.866                    1.8351021                
8.867                    1.8353041                
8.868                    1.8355061                
8.869                    1.8357083                
8.87                     1.8359103                
8.871                    1.8361125                
8.872                    1.8363147                
8.873                    1.8365169                
8.874                    1.8367192                
8.875                    1.8369216                
8.876                    1.8371239                
8.877                    1.8373263                
8.878                    1.8375288                
8.879                    1.8377312                
8.88                     1.8379338                
8.881                    1.8381364                
8.882                    1.8383391                
8.883                    1.8385417                
8.884                    1.8387444                
8.885                    1.8389472                
8.886                    1.8391501                
8.887                    1.8393528                
8.888                    1.8395557                
8.889                    1.8397588                
8.89                     1.8399618                
8.891                    1.8401648                
8.892                    1.8403678                
8.893                    1.8405709                
8.894                    1.840774                 
8.895                    1.8409773                
8.896                    1.8411806                
8.897                    1.8413838                
8.898                    1.8415872                
8.899                    1.8417906                
8.9                      1.841994                 
8.901                    1.8421974                
8.902                    1.842401                 
8.903                    1.8426045                
8.904                    1.8428081                
8.905                    1.8430117                
8.906                    1.8432155                
8.907                    1.8434192                
8.908                    1.8436229                
8.909                    1.8438268                
8.91                     1.8440306                
8.911                    1.8442346                
8.912                    1.8444386                
8.913                    1.8446425                
8.914                    1.8448466                
8.915                    1.8450507                
8.916                    1.8452548                
8.917                    1.845459                 
8.918                    1.8456632                
8.919                    1.8458674                
8.92                     1.8460717                
8.921                    1.846276                 
8.922                    1.8464805                
8.923                    1.8466849                
8.924                    1.8468894                
8.925                    1.8470939                
8.926                    1.8472985                
8.927                    1.8475032                
8.928                    1.8477077                
8.929                    1.8479125                
8.93                     1.8481172                
8.931                    1.848322                 
8.932                    1.8485268                
8.933                    1.8487318                
8.934                    1.8489367                
8.935                    1.8491417                
8.936                    1.8493466                
8.937                    1.8495517                
8.938                    1.8497568                
8.939                    1.849962                 
8.94                     1.8501672                
8.941                    1.8503724                
8.942                    1.8505777                
8.943                    1.850783                 
8.944                    1.8509884                
8.945                    1.8511938                
8.946                    1.8513993                
8.947                    1.8516048                
8.948                    1.8518103                
8.949                    1.852016                 
8.95                     1.8522216                
8.951                    1.8524272                
8.952                    1.852633                 
8.953                    1.8528388                
8.954                    1.8530445                
8.955                    1.8532504                
8.956                    1.8534564                
8.957                    1.8536623                
8.958                    1.8538682                
8.959                    1.8540744                
8.96                     1.8542804                
8.961                    1.8544865                
8.962                    1.8546927                
8.963                    1.8548989                
8.964                    1.8551052                
8.965                    1.8553115                
8.966                    1.8555179                
8.967                    1.8557242                
8.968                    1.8559307                
8.969                    1.8561372                
8.97                     1.8563437                
8.971                    1.8565502                
8.972                    1.8567569                
8.973                    1.8569635                
8.974                    1.8571702                
8.975                    1.857377                 
8.976                    1.8575839                
8.977                    1.8577907                
8.978                    1.8579975                
8.979                    1.8582045                
8.98                     1.8584114                
8.981                    1.8586185                
8.982                    1.8588256                
8.983                    1.8590326                
8.984                    1.8592398                
8.985                    1.859447                 
8.986                    1.8596543                
8.987                    1.8598616                
8.988                    1.8600689                
8.989                    1.8602763                
8.99                     1.8604838                
8.991                    1.8606912                
8.992                    1.8608987                
8.993                    1.8611063                
8.994                    1.8613139                
8.995                    1.8615216                
8.996                    1.8617293                
8.997                    1.861937                 
8.998                    1.8621448                
8.999                    1.8623526                
9.0                      1.8625605                
9.001                    1.8627684                
9.002                    1.8629764                
9.003                    1.8631845                
9.004                    1.8633925                
9.005                    1.8636006                
9.006                    1.8638088                
9.007                    1.8640169                
9.008                    1.8642251                
9.009                    1.8644334                
9.01                     1.8646418                
9.011                    1.8648502                
9.012                    1.8650585                
9.013                    1.865267                 
9.014                    1.8654755                
9.015                    1.8656842                
9.016                    1.8658928                
9.017                    1.8661014                
9.018                    1.8663101                
9.019                    1.8665189                
9.02                     1.8667276                
9.021                    1.8669364                
9.022                    1.8671453                
9.023                    1.8673543                
9.024                    1.8675632                
9.025                    1.8677722                
9.026                    1.8679813                
9.027                    1.8681904                
9.028                    1.8683995                
9.029                    1.8686087                
9.03                     1.8688179                
9.031                    1.8690273                
9.032                    1.8692366                
9.033                    1.8694459                
9.034                    1.8696554                
9.035                    1.8698648                
9.036                    1.8700744                
9.037                    1.8702838                
9.038                    1.8704935                
9.039                    1.8707031                
9.04                     1.8709128                
9.041                    1.8711226                
9.042                    1.8713324                
9.043                    1.8715422                
9.044                    1.871752                 
9.045                    1.871962                 
9.046                    1.872172                 
9.047                    1.872382                 
9.048                    1.8725921                
9.049                    1.8728021                
9.05                     1.8730123                
9.051                    1.8732225                
9.052                    1.8734328                
9.053                    1.873643                 
9.054                    1.8738533                
9.055                    1.8740637                
9.056                    1.8742741                
9.057                    1.8744847                
9.058                    1.8746952                
9.059                    1.8749057                
9.06                     1.8751163                
9.061                    1.875327                 
9.062                    1.8755376                
9.063                    1.8757484                
9.064                    1.8759593                
9.065                    1.87617                  
9.066                    1.8763809                
9.067                    1.8765919                
9.068                    1.8768028                
9.069                    1.8770139                
9.07                     1.8772249                
9.071                    1.877436                 
9.072                    1.8776472                
9.073                    1.8778584                
9.074                    1.8780696                
9.075                    1.878281                 
9.076                    1.8784924                
9.077                    1.8787037                
9.078                    1.8789152                
9.079                    1.8791267                
9.08                     1.8793381                
9.081                    1.8795497                
9.082                    1.8797613                
9.083                    1.879973                 
9.084                    1.8801848                
9.085                    1.8803965                
9.086                    1.8806083                
9.087                    1.8808202                
9.088                    1.881032                 
9.089                    1.881244                 
9.09                     1.881456                 
9.091                    1.881668                 
9.092                    1.88188                  
9.093                    1.8820922                
9.094                    1.8823044                
9.095                    1.8825166                
9.096                    1.8827289                
9.097                    1.8829412                
9.098                    1.8831536                
9.099                    1.883366                 
9.1                      1.8835784                
9.101                    1.883791                 
9.102                    1.8840034                
9.103                    1.8842161                
9.104                    1.8844287                
9.105                    1.8846414                
9.106                    1.8848541                
9.107                    1.8850669                
9.108                    1.8852797                
9.109                    1.8854926                
9.11                     1.8857055                
9.111                    1.8859185                
9.112                    1.8861314                
9.113                    1.8863446                
9.114                    1.8865576                
9.115                    1.8867707                
9.116                    1.886984                 
9.117                    1.8871971                
9.118                    1.8874105                
9.119                    1.8876238                
9.12                     1.8878372                
9.121                    1.8880507                
9.122                    1.8882641                
9.123                    1.8884776                
9.124                    1.8886912                
9.125                    1.8889048                
9.126                    1.8891184                
9.127                    1.8893322                
9.128                    1.8895459                
9.129                    1.8897598                
9.13                     1.8899735                
9.131                    1.8901875                
9.132                    1.8904014                
9.133                    1.8906153                
9.134                    1.8908294                
9.135                    1.8910435                
9.136                    1.8912576                
9.137                    1.8914719                
9.138                    1.8916861                
9.139                    1.8919003                
9.14                     1.8921146                
9.141                    1.892329                 
9.142                    1.8925434                
9.143                    1.8927578                
9.144                    1.8929724                
9.145                    1.8931869                
9.146                    1.8934015                
9.147                    1.8936161                
9.148                    1.8938308                
9.149                    1.8940456                
9.15                     1.8942603                
9.151                    1.8944751                
9.152                    1.89469                  
9.153                    1.894905                 
9.154                    1.8951199                
9.155                    1.895335                 
9.156                    1.89555                  
9.157                    1.8957651                
9.158                    1.8959802                
9.159                    1.8961955                
9.16                     1.8964107                
9.161                    1.896626                 
9.162                    1.8968414                
9.163                    1.8970568                
9.164                    1.8972722                
9.165                    1.8974878                
9.166                    1.8977033                
9.167                    1.8979188                
9.168                    1.8981345                
9.169                    1.8983501                
9.17                     1.8985659                
9.171                    1.8987817                
9.172                    1.8989974                
9.173                    1.8992133                
9.174                    1.8994292                
9.175                    1.8996452                
9.176                    1.8998612                
9.177                    1.9000772                
9.178                    1.9002934                
9.179                    1.9005095                
9.18                     1.9007257                
9.181                    1.900942                 
9.182                    1.9011582                
9.183                    1.9013746                
9.184                    1.901591                 
9.185                    1.9018074                
9.186                    1.9020239                
9.187                    1.9022404                
9.188                    1.902457                 
9.189                    1.9026736                
9.19                     1.9028902                
9.191                    1.9031069                
9.192                    1.9033238                
9.193                    1.9035405                
9.194                    1.9037575                
9.195                    1.9039743                
9.196                    1.9041913                
9.197                    1.9044082                
9.198                    1.9046253                
9.199                    1.9048424                
9.2                      1.9050596                
9.201                    1.9052768                
9.202                    1.905494                 
9.203                    1.9057113                
9.204                    1.9059286                
9.205                    1.906146                 
9.206                    1.9063634                
9.207                    1.9065809                
9.208                    1.9067985                
9.209                    1.907016                 
9.21                     1.9072336                
9.211                    1.9074513                
9.212                    1.907669                 
9.213                    1.9078867                
9.214                    1.9081045                
9.215                    1.9083225                
9.216                    1.9085404                
9.217                    1.9087583                
9.218                    1.9089763                
9.219                    1.9091944                
9.22                     1.9094124                
9.221                    1.9096305                
9.222                    1.9098488                
9.223                    1.910067                 
9.224                    1.9102854                
9.225                    1.9105036                
9.226                    1.910722                 
9.227                    1.9109404                
9.228                    1.9111589                
9.229                    1.9113774                
9.23                     1.9115961                
9.231                    1.9118147                
9.232                    1.9120333                
9.233                    1.9122521                
9.234                    1.9124708                
9.235                    1.9126896                
9.236                    1.9129084                
9.237                    1.9131273                
9.238                    1.9133463                
9.239                    1.9135653                
9.24                     1.9137843                
9.241                    1.9140034                
9.242                    1.9142226                
9.243                    1.9144417                
9.244                    1.9146609                
9.245                    1.9148803                
9.246                    1.9150996                
9.247                    1.915319                 
9.248                    1.9155383                
9.249                    1.9157578                
9.25                     1.9159774                
9.251                    1.916197                 
9.252                    1.9164165                
9.253                    1.9166362                
9.254                    1.9168559                
9.255                    1.9170756                
9.256                    1.9172955                
9.257                    1.9175153                
9.258                    1.9177352                
9.259                    1.9179552                
9.26                     1.9181752                
9.261                    1.9183953                
9.262                    1.9186153                
9.263                    1.9188355                
9.264                    1.9190557                
9.265                    1.9192759                
9.266                    1.9194962                
9.267                    1.9197165                
9.268                    1.9199369                
9.269                    1.9201573                
9.27                     1.9203779                
9.271                    1.9205984                
9.272                    1.9208189                
9.273                    1.9210396                
9.274                    1.9212602                
9.275                    1.921481                 
9.276                    1.9217018                
9.277                    1.9219226                
9.278                    1.9221435                
9.279                    1.9223644                
9.28                     1.9225852                
9.281                    1.9228063                
9.282                    1.9230274                
9.283                    1.9232485                
9.284                    1.9234697                
9.285                    1.9236909                
9.286                    1.9239122                
9.287                    1.9241334                
9.288                    1.9243548                
9.289                    1.9245762                
9.29                     1.9247977                
9.291                    1.9250191                
9.292                    1.9252406                
9.293                    1.9254622                
9.294                    1.9256839                
9.295                    1.9259056                
9.296                    1.9261273                
9.297                    1.9263492                
9.298                    1.926571                 
9.299                    1.9267929                
9.3                      1.9270148                
9.301                    1.9272368                
9.302                    1.9274588                
9.303                    1.9276809                
9.304                    1.927903                 
9.305                    1.9281253                
9.306                    1.9283475                
9.307                    1.9285697                
9.308                    1.928792                 
9.309                    1.9290144                
9.31                     1.9292369                
9.311                    1.9294593                
9.312                    1.9296818                
9.313                    1.9299043                
9.314                    1.930127                 
9.315                    1.9303497                
9.316                    1.9305724                
9.317                    1.9307952                
9.318                    1.931018                 
9.319                    1.9312408                
9.32                     1.9314637                
9.321                    1.9316868                
9.322                    1.9319097                
9.323                    1.9321328                
9.324                    1.9323559                
9.325                    1.932579                 
9.326                    1.9328022                
9.327                    1.9330255                
9.328                    1.9332488                
9.329                    1.9334722                
9.33                     1.9336956                
9.331                    1.9339191                
9.332                    1.9341425                
9.333                    1.9343661                
9.334                    1.9345896                
9.335                    1.9348133                
9.336                    1.935037                 
9.337                    1.9352608                
9.338                    1.9354845                
9.339                    1.9357084                
9.34                     1.9359323                
9.341                    1.9361563                
9.342                    1.9363803                
9.343                    1.9366043                
9.344                    1.9368284                
9.345                    1.9370525                
9.346                    1.9372767                
9.347                    1.937501                 
9.348                    1.9377252                
9.349                    1.9379495                
9.35                     1.9381739                
9.351                    1.9383984                
9.352                    1.9386228                
9.353                    1.9388473                
9.354                    1.9390719                
9.355                    1.9392966                
9.356                    1.9395212                
9.357                    1.939746                 
9.358                    1.9399707                
9.359                    1.9401956                
9.36                     1.9404205                
9.361                    1.9406453                
9.362                    1.9408704                
9.363                    1.9410954                
9.364                    1.9413204                
9.365                    1.9415456                
9.366                    1.9417708                
9.367                    1.941996                 
9.368                    1.9422213                
9.369                    1.9424466                
9.37                     1.942672                 
9.371                    1.9428974                
9.372                    1.9431229                
9.373                    1.9433484                
9.374                    1.943574                 
9.375                    1.9437996                
9.376                    1.9440253                
9.377                    1.944251                 
9.378                    1.9444767                
9.379                    1.9447025                
9.38                     1.9449284                
9.381                    1.9451543                
9.382                    1.9453803                
9.383                    1.9456064                
9.384                    1.9458324                
9.385                    1.9460585                
9.386                    1.9462847                
9.387                    1.9465109                
9.388                    1.9467372                
9.389                    1.9469634                
9.39                     1.9471898                
9.391                    1.9474162                
9.392                    1.9476427                
9.393                    1.9478692                
9.394                    1.9480958                
9.395                    1.9483224                
9.396                    1.948549                 
9.397                    1.9487758                
9.398                    1.9490025                
9.399                    1.9492294                
9.4                      1.9494562                
9.401                    1.9496832                
9.402                    1.94991                  
9.403                    1.9501371                
9.404                    1.9503642                
9.405                    1.9505913                
9.406                    1.9508184                
9.407                    1.9510456                
9.408                    1.951273                 
9.409                    1.9515003                
9.41                     1.9517276                
9.411                    1.951955                 
9.412                    1.9521825                
9.413                    1.95241                  
9.414                    1.9526376                
9.415                    1.9528651                
9.416                    1.9530928                
9.417                    1.9533205                
9.418                    1.9535483                
9.419                    1.9537761                
9.42                     1.954004                 
9.421                    1.9542319                
9.422                    1.9544599                
9.423                    1.9546878                
9.424                    1.954916                 
9.425                    1.955144                 
9.426                    1.9553722                
9.427                    1.9556005                
9.428                    1.9558287                
9.429                    1.9560571                
9.43                     1.9562854                
9.431                    1.9565138                
9.432                    1.9567423                
9.433                    1.9569708                
9.434                    1.9571993                
9.435                    1.957428                 
9.436                    1.9576566                
9.437                    1.9578854                
9.438                    1.9581141                
9.439                    1.9583429                
9.44                     1.9585718                
9.441                    1.9588008                
9.442                    1.9590297                
9.443                    1.9592588                
9.444                    1.9594878                
9.445                    1.9597169                
9.446                    1.9599462                
9.447                    1.9601753                
9.448                    1.9604046                
9.449                    1.9606339                
9.45                     1.9608634                
9.451                    1.9610927                
9.452                    1.9613222                
9.453                    1.9615518                
9.454                    1.9617813                
9.455                    1.962011                 
9.456                    1.9622406                
9.457                    1.9624703                
9.458                    1.9627001                
9.459                    1.96293                  
9.46                     1.9631598                
9.461                    1.9633898                
9.462                    1.9636197                
9.463                    1.9638498                
9.464                    1.9640799                
9.465                    1.96431                  
9.466                    1.9645401                
9.467                    1.9647704                
9.468                    1.9650007                
9.469                    1.9652311                
9.47                     1.9654614                
9.471                    1.9656918                
9.472                    1.9659224                
9.473                    1.9661529                
9.474                    1.9663835                
9.475                    1.9666141                
9.476                    1.9668448                
9.477                    1.9670756                
9.478                    1.9673064                
9.479                    1.9675372                
9.48                     1.9677681                
9.481                    1.9679991                
9.482                    1.96823                  
9.483                    1.968461                 
9.484                    1.9686922                
9.485                    1.9689233                
9.486                    1.9691546                
9.487                    1.9693857                
9.488                    1.9696171                
9.489                    1.9698484                
9.49                     1.9700799                
9.491                    1.9703113                
9.492                    1.9705428                
9.493                    1.9707744                
9.494                    1.971006                 
9.495                    1.9712377                
9.496                    1.9714694                
9.497                    1.9717011                
9.498                    1.9719329                
9.499                    1.9721648                
9.5                      1.9723967                
9.501                    1.9726287                
9.502                    1.9728607                
9.503                    1.9730928                
9.504                    1.9733249                
9.505                    1.9735571                
9.506                    1.9737893                
9.507                    1.9740216                
9.508                    1.9742539                
9.509                    1.9744862                
9.51                     1.9747187                
9.511                    1.9749511                
9.512                    1.9751837                
9.513                    1.9754163                
9.514                    1.975649                 
9.515                    1.9758816                
9.516                    1.9761144                
9.517                    1.9763472                
9.518                    1.97658                  
9.519                    1.9768128                
9.52                     1.9770458                
9.521                    1.9772788                
9.522                    1.9775119                
9.523                    1.9777449                
9.524                    1.9779781                
9.525                    1.9782113                
9.526                    1.9784446                
9.527                    1.9786779                
9.528                    1.9789112                
9.529                    1.9791446                
9.53                     1.9793781                
9.531                    1.9796116                
9.532                    1.9798452                
9.533                    1.9800788                
9.534                    1.9803125                
9.535                    1.9805461                
9.536                    1.9807799                
9.537                    1.9810138                
9.538                    1.9812475                
9.539                    1.9814816                
9.54                     1.9817154                
9.541                    1.9819496                
9.542                    1.9821836                
9.543                    1.9824177                
9.544                    1.982652                 
9.545                    1.9828862                
9.546                    1.9831204                
9.547                    1.9833548                
9.548                    1.9835892                
9.549                    1.9838235                
9.55                     1.984058                 
9.551                    1.9842926                
9.552                    1.9845272                
9.553                    1.9847618                
9.554                    1.9849966                
9.555                    1.9852313                
9.556                    1.9854661                
9.557                    1.985701                 
9.558                    1.9859359                
9.559                    1.9861709                
9.56                     1.9864058                
9.561                    1.9866409                
9.562                    1.986876                 
9.563                    1.9871112                
9.564                    1.9873464                
9.565                    1.9875816                
9.566                    1.9878169                
9.567                    1.9880524                
9.568                    1.9882878                
9.569                    1.9885232                
9.57                     1.9887588                
9.571                    1.9889944                
9.572                    1.98923                  
9.573                    1.9894657                
9.574                    1.9897014                
9.575                    1.9899372                
9.576                    1.9901731                
9.577                    1.990409                 
9.578                    1.9906449                
9.579                    1.990881                 
9.58                     1.991117                 
9.581                    1.991353                 
9.582                    1.9915892                
9.583                    1.9918255                
9.584                    1.9920617                
9.585                    1.992298                 
9.586                    1.9925344                
9.587                    1.9927708                
9.588                    1.9930073                
9.589                    1.9932438                
9.59                     1.9934803                
9.591                    1.993717                 
9.592                    1.9939537                
9.593                    1.9941903                
9.594                    1.9944272                
9.595                    1.994664                 
9.596                    1.994901                 
9.597                    1.9951378                
9.598                    1.9953748                
9.599                    1.9956119                
9.6                      1.995849                 
9.601                    1.9960861                
9.602                    1.9963233                
9.603                    1.9965606                
9.604                    1.9967979                
9.605                    1.9970353                
9.606                    1.9972726                
9.607                    1.9975101                
9.608                    1.9977477                
9.609                    1.9979852                
9.61                     1.9982228                
9.611                    1.9984605                
9.612                    1.9986982                
9.613                    1.998936                 
9.614                    1.9991739                
9.615                    1.9994117                
9.616                    1.9996496                
9.617                    1.9998877                
9.618                    2.0001256                
