% x                      
0.0                      0.28831217               
0.01                     0.2877667                
0.02                     0.2872248                
0.03                     0.28668642               
0.04                     0.2861515                
0.05                     0.28562                  
0.06                     0.28509185               
0.07                     0.284567                 
0.08                     0.28404543               
0.09                     0.28352705               
0.1                      0.2830118                
0.11                     0.28249967               
0.12                     0.28199062               
0.13                     0.28148457               
0.14                     0.28098148               
0.15                     0.28048134               
0.16                     0.27998406               
0.17                     0.27948964               
0.18                     0.27899802               
0.19                     0.27850917               
0.2                      0.27802303               
0.21                     0.27753958               
0.22                     0.27705878               
0.23                     0.2765806                
0.24                     0.276105                 
0.25                     0.27563193               
0.26                     0.27516136               
0.27                     0.27469328               
0.28                     0.27422765               
0.29                     0.27376443               
0.3                      0.2733036                
0.31                     0.2728451                
0.32                     0.27238894               
0.33                     0.27193505               
0.34                     0.27148342               
0.35                     0.27103403               
0.36                     0.27058688               
0.37                     0.27014187               
0.38                     0.26969904               
0.39                     0.26925832               
0.4                      0.26881972               
0.41                     0.26838318               
0.42                     0.26794872               
0.43                     0.2675163                
0.44                     0.26708585               
0.45                     0.26665738               
0.46                     0.2662309                
0.47                     0.26580635               
0.48                     0.26538372               
0.49                     0.264963                 
0.5                      0.26454416               
0.51                     0.26412717               
0.52                     0.26371202               
0.53                     0.2632987                
0.54                     0.26288715               
0.55                     0.26247737               
0.56                     0.26206937               
0.57                     0.26166314               
0.58                     0.2612586                
0.59                     0.2608558                
0.6                      0.26045468               
0.61                     0.2600552                
0.62                     0.25965744               
0.63                     0.25926128               
0.64                     0.25886676               
0.65                     0.25847384               
0.66                     0.25808254               
0.67                     0.25769278               
0.68                     0.2573046                
0.69                     0.25691798               
0.7                      0.2565329                
0.71                     0.25614935               
0.72                     0.2557673                
0.73                     0.25538674               
0.74                     0.25500765               
0.75                     0.25463003               
0.76                     0.2542539                
0.77                     0.25387916               
0.78                     0.2535059                
0.79                     0.253134                 
0.8                      0.25276357               
0.81                     0.2523945                
0.82                     0.2520268                
0.83                     0.2516605                
0.84                     0.25129554               
0.85                     0.25093192               
0.86                     0.25056964               
0.87                     0.2502087                
0.88                     0.24984908               
0.89                     0.24949075               
0.9                      0.2491337                
0.91                     0.24877796               
0.92                     0.24842349               
0.93                     0.24807027               
0.94                     0.24771832               
0.95                     0.24736759               
0.96                     0.24701811               
0.97                     0.24666986               
0.98                     0.24632283               
0.99                     0.24597698               
1.0                      0.24563235               
1.01                     0.24528891               
1.02                     0.24494664               
1.03                     0.24460556               
1.04                     0.24426563               
1.05                     0.24392685               
1.06                     0.24358922               
1.07                     0.24325272               
1.08                     0.24291737               
1.09                     0.24258314               
1.1                      0.24225001               
1.11                     0.241918                 
1.12                     0.24158709               
1.13                     0.24125727               
1.14                     0.24092852               
1.15                     0.24060085               
1.16                     0.24027427               
1.17                     0.23994873               
1.18                     0.23962426               
1.19                     0.23930083               
1.2                      0.23897845               
1.21                     0.2386571                
1.22                     0.23833677               
1.23                     0.23801747               
1.24                     0.23769918               
1.25                     0.2373819                
1.26                     0.23706563               
1.27                     0.23675035               
1.28                     0.23643605               
1.29                     0.23612276               
1.3                      0.23581041               
1.31                     0.23549905               
1.32                     0.23518866               
1.33                     0.23487923               
1.34                     0.23457074               
1.35                     0.23426321               
1.36                     0.23395662               
1.37                     0.23365097               
1.38                     0.23334624               
1.39                     0.23304243               
1.4                      0.23273955               
1.41                     0.23243758               
1.42                     0.23213652               
1.43                     0.23183636               
1.44                     0.2315371                
1.45                     0.23123874               
1.46                     0.23094127               
1.47                     0.23064467               
1.48                     0.23034896               
1.49                     0.23005411               
1.5                      0.22976014               
1.51                     0.22946702               
1.52                     0.22917476               
1.53                     0.22888337               
1.54                     0.22859281               
1.55                     0.2283031                
1.56                     0.22801423               
1.57                     0.2277262                
1.58                     0.227439                 
1.59                     0.22715262               
1.6                      0.22686706               
1.61                     0.22658233               
1.62                     0.2262984                
1.63                     0.22601528               
1.64                     0.22573297               
1.65                     0.22545145               
1.66                     0.22517073               
1.67                     0.22489081               
1.68                     0.22461167               
1.69                     0.22433332               
1.7                      0.22405574               
1.71                     0.22377893               
1.72                     0.2235029                
1.73                     0.22322764               
1.74                     0.22295314               
1.75                     0.2226794                
1.76                     0.22240642               
1.77                     0.22213419               
1.78                     0.2218627                
1.79                     0.22159196               
1.8                      0.22132196               
1.81                     0.2210527                
1.82                     0.22078417               
1.83                     0.22051637               
1.84                     0.22024931               
1.85                     0.21998295               
1.86                     0.21971732               
1.87                     0.21945241               
1.88                     0.21918821               
1.89                     0.21892472               
1.9                      0.21866193               
1.91                     0.21839985               
1.92                     0.21813846               
1.93                     0.21787778               
1.94                     0.21761778               
1.95                     0.21735847               
1.96                     0.21709985               
1.97                     0.2168419                
1.98                     0.21658464               
1.99                     0.21632805               
2.0                      0.21607214               
2.01                     0.2158169                
2.02                     0.21556233               
2.03                     0.21530843               
2.04                     0.21505518               
2.05                     0.2148026                
2.06                     0.21455064               
2.07                     0.21429937               
2.08                     0.21404873               
2.09                     0.21379875               
2.1                      0.2135494                
2.11                     0.2133007                
2.12                     0.21305263               
2.13                     0.2128052                
2.14                     0.2125584                
2.15                     0.21231224               
2.16                     0.2120667                
2.17                     0.21182178               
2.18                     0.21157748               
2.19                     0.2113338                
2.2                      0.21109073               
2.21                     0.21084829               
2.22                     0.21060644               
2.23                     0.2103652                
2.24                     0.21012458               
2.25                     0.20988457               
2.26                     0.20964514               
2.27                     0.20940632               
2.28                     0.20916808               
2.29                     0.20893045               
2.3                      0.2086934                
2.31                     0.20845693               
2.32                     0.20822106               
2.33                     0.20798577               
2.34                     0.20775107               
2.35                     0.20751692               
2.36                     0.20728336               
2.37                     0.20705038               
2.38                     0.20681797               
2.39                     0.20658612               
2.4                      0.20635484               
2.41                     0.20612413               
2.42                     0.20589398               
2.43                     0.20566438               
2.44                     0.20543535               
2.45                     0.20520687               
2.46                     0.20497894               
2.47                     0.20475157               
2.48                     0.20452474               
2.49                     0.20429845               
2.5                      0.20407271               
2.51                     0.20384751               
2.52                     0.20362286               
2.53                     0.20339873               
2.54                     0.20317516               
2.55                     0.2029521                
2.56                     0.20272958               
2.57                     0.20250759               
2.58                     0.20228612               
2.59                     0.20206518               
2.6                      0.20184477               
2.61                     0.20162489               
2.62                     0.20140551               
2.63                     0.20118664               
2.64                     0.20096831               
2.65                     0.20075047               
2.66                     0.20053315               
2.67                     0.20031635               
2.68                     0.20010005               
2.69                     0.19988425               
2.7                      0.19966896               
2.71                     0.19945417               
2.72                     0.19923988               
2.73                     0.1990261                
2.74                     0.1988128                
2.75                     0.1986                   
2.76                     0.19838768               
2.77                     0.19817586               
2.78                     0.19796453               
2.79                     0.1977537                
2.8                      0.19754334               
2.81                     0.19733346               
2.82                     0.19712406               
2.83                     0.19691515               
2.84                     0.19670673               
2.85                     0.19649877               
2.86                     0.19629128               
2.87                     0.19608428               
2.88                     0.19587773               
2.89                     0.19567166               
2.9                      0.19546606               
2.91                     0.19526093               
2.92                     0.19505626               
2.93                     0.19485205               
2.94                     0.19464831               
2.95                     0.19444501               
2.96                     0.1942422                
2.97                     0.19403982               
2.98                     0.1938379                
2.99                     0.19363643               
3.0                      0.19343543               
3.01                     0.19323486               
3.02                     0.19303475               
3.03                     0.19283508               
3.04                     0.19263586               
3.05                     0.19243708               
3.06                     0.19223875               
3.07                     0.19204085               
3.08                     0.19184339               
3.09                     0.19164638               
3.1                      0.19144979               
3.11                     0.19125365               
3.12                     0.19105794               
3.13                     0.19086266               
3.14                     0.1906678                
3.15                     0.19047338               
3.16                     0.19027938               
3.17                     0.19008581               
3.18                     0.18989266               
3.19                     0.18969995               
3.2                      0.18950765               
3.21                     0.18931577               
3.22                     0.1891243                
3.23                     0.18893325               
3.24                     0.18874262               
3.25                     0.18855241               
3.26                     0.18836261               
3.27                     0.18817322               
3.28                     0.18798424               
3.29                     0.18779567               
3.3                      0.18760751               
3.31                     0.18741976               
3.32                     0.1872324                
3.33                     0.18704545               
3.34                     0.1868589                
3.35                     0.18667276               
3.36                     0.18648702               
3.37                     0.18630168               
3.38                     0.18611673               
3.39                     0.18593217               
3.4                      0.18574801               
3.41                     0.18556425               
3.42                     0.18538088               
3.43                     0.18519789               
3.44                     0.1850153                
3.45                     0.1848331                
3.46                     0.18465129               
3.47                     0.18446985               
3.48                     0.1842888                
3.49                     0.18410814               
3.5                      0.18392785               
3.51                     0.18374795               
3.52                     0.18356843               
3.53                     0.18338929               
3.54                     0.18321052               
3.55                     0.18303213               
3.56                     0.18285412               
3.57                     0.18267646               
3.58                     0.1824992                
3.59                     0.18232231               
3.6                      0.18214577               
3.61                     0.18196961               
3.62                     0.18179382               
3.63                     0.18161839               
3.64                     0.18144333               
3.65                     0.18126865               
3.66                     0.1810943                
3.67                     0.18092033               
3.68                     0.18074673               
3.69                     0.18057348               
3.7                      0.1804006                
3.71                     0.18022805               
3.72                     0.18005587               
3.73                     0.17988406               
3.74                     0.1797126                
3.75                     0.17954147               
3.76                     0.17937072               
3.77                     0.1792003                
3.78                     0.17903024               
3.79                     0.17886053               
3.8                      0.17869116               
3.81                     0.17852215               
3.82                     0.17835347               
3.83                     0.17818515               
3.84                     0.17801717               
3.85                     0.17784953               
3.86                     0.17768222               
3.87                     0.17751527               
3.88                     0.17734864               
3.89                     0.17718236               
3.9                      0.17701642               
3.91                     0.17685081               
3.92                     0.17668554               
3.93                     0.1765206                
3.94                     0.176356                 
3.95                     0.17619173               
3.96                     0.17602779               
3.97                     0.17586417               
3.98                     0.1757009                
3.99                     0.17553794               
4.0                      0.17537533               
4.01                     0.17521302               
4.02                     0.17505105               
4.03                     0.1748894                
4.04                     0.17472808               
4.05                     0.17456707               
4.06                     0.1744064                
4.07                     0.17424604               
4.08                     0.174086                 
4.09                     0.17392628               
4.1                      0.17376688               
4.11                     0.1736078                
4.12                     0.17344902               
4.13                     0.17329057               
4.14                     0.17313242               
4.15                     0.1729746                
4.16                     0.17281708               
4.17                     0.17265987               
4.18                     0.172503                 
4.19                     0.1723464                
4.2                      0.17219013               
4.21                     0.17203416               
4.22                     0.1718785                
4.23                     0.17172316               
4.24                     0.17156811               
4.25                     0.17141336               
4.26                     0.17125893               
4.27                     0.17110479               
4.28                     0.17095095               
4.29                     0.17079741               
4.3                      0.17064418               
4.31                     0.17049123               
4.32                     0.1703386                
4.33                     0.17018627               
4.34                     0.17003421               
4.35                     0.16988248               
4.36                     0.16973102               
4.37                     0.16957986               
4.38                     0.16942899               
4.39                     0.16927841               
4.4                      0.16912813               
4.41                     0.16897814               
4.42                     0.16882844               
4.43                     0.16867903               
4.44                     0.16852991               
4.45                     0.16838107               
4.46                     0.16823252               
4.47                     0.16808425               
4.48                     0.16793628               
4.49                     0.16778858               
4.5                      0.16764118               
4.51                     0.16749404               
4.52                     0.1673472                
4.53                     0.16720062               
4.54                     0.16705434               
4.55                     0.16690834               
4.56                     0.1667626                
4.57                     0.16661716               
4.58                     0.16647199               
4.59                     0.16632709               
4.6                      0.16618247               
4.61                     0.16603813               
4.62                     0.16589405               
4.63                     0.16575025               
4.64                     0.16560672               
4.65                     0.16546348               
4.66                     0.16532049               
4.67                     0.16517778               
4.68                     0.16503534               
4.69                     0.16489317               
4.7                      0.16475125               
4.71                     0.16460961               
4.72                     0.16446824               
4.73                     0.16432713               
4.74                     0.1641863                
4.75                     0.16404572               
4.76                     0.1639054                
4.77                     0.16376536               
4.78                     0.16362557               
4.79                     0.16348603               
4.8                      0.16334677               
4.81                     0.16320777               
4.82                     0.16306902               
4.83                     0.16293053               
4.84                     0.1627923                
4.85                     0.16265433               
4.86                     0.16251661               
4.87                     0.16237916               
4.88                     0.16224195               
4.89                     0.162105                 
4.9                      0.1619683                
4.91                     0.16183186               
4.92                     0.16169567               
4.93                     0.16155973               
4.94                     0.16142404               
4.95                     0.1612886                
4.96                     0.1611534                
4.97                     0.16101848               
4.98                     0.16088378               
4.99                     0.16074935               
5.0                      0.16061515               
5.01                     0.1604812                
5.02                     0.16034749               
5.03                     0.16021404               
5.04                     0.16008082               
5.05                     0.15994784               
5.06                     0.15981512               
5.07                     0.15968263               
5.08                     0.15955038               
5.09                     0.15941839               
5.1                      0.15928662               
5.11                     0.1591551                
5.12                     0.15902382               
5.13                     0.15889278               
5.14                     0.15876196               
5.15                     0.1586314                
5.16                     0.15850107               
5.17                     0.15837097               
5.18                     0.15824111               
5.19                     0.15811148               
5.2                      0.1579821                
5.21                     0.15785293               
5.22                     0.15772401               
5.23                     0.15759532               
5.24                     0.15746686               
5.25                     0.15733863               
5.26                     0.15721063               
5.27                     0.15708286               
5.28                     0.15695532               
5.29                     0.156828                 
5.3                      0.15670092               
5.31                     0.15657407               
5.32                     0.15644744               
5.33                     0.15632103               
5.34                     0.15619485               
5.35                     0.1560689                
5.36                     0.15594317               
5.37                     0.15581767               
5.38                     0.1556924                
5.39                     0.15556733               
5.4                      0.1554425                
5.41                     0.15531789               
5.42                     0.1551935                
5.43                     0.15506932               
5.44                     0.15494537               
5.45                     0.15482163               
5.46                     0.15469812               
5.47                     0.15457483               
5.48                     0.15445174               
5.49                     0.15432888               
5.5                      0.15420625               
5.51                     0.15408382               
5.52                     0.1539616                
5.53                     0.1538396                
5.54                     0.15371782               
5.55                     0.15359625               
5.56                     0.15347488               
5.57                     0.15335374               
5.58                     0.15323281               
5.59                     0.15311208               
5.6                      0.15299158               
5.61                     0.15287128               
5.62                     0.15275119               
5.63                     0.15263131               
5.64                     0.15251163               
5.65                     0.15239216               
5.66                     0.15227291               
5.67                     0.15215386               
5.68                     0.15203503               
5.69                     0.15191638               
5.7                      0.15179795               
5.71                     0.15167972               
5.72                     0.1515617                
5.73                     0.1514439                
5.74                     0.15132628               
5.75                     0.15120886               
5.76                     0.15109167               
5.77                     0.15097465               
5.78                     0.15085785               
5.79                     0.15074125               
5.8                      0.15062484               
5.81                     0.15050864               
5.82                     0.15039264               
5.83                     0.15027682               
5.84                     0.15016122               
5.85                     0.15004581               
5.86                     0.1499306                
5.87                     0.14981559               
5.88                     0.14970078               
5.89                     0.14958614               
5.9                      0.14947172               
5.91                     0.14935748               
5.92                     0.14924344               
5.93                     0.14912961               
5.94                     0.14901596               
5.95                     0.1489025                
5.96                     0.14878923               
5.97                     0.14867616               
5.98                     0.14856328               
5.99                     0.14845058               
6.0                      0.1483381                
6.01                     0.14822578               
6.02                     0.14811365               
6.03                     0.14800173               
6.04                     0.14788999               
6.05                     0.14777844               
6.06                     0.14766707               
6.07                     0.14755589               
6.08                     0.14744489               
6.09                     0.14733408               
6.1                      0.14722346               
6.11                     0.14711303               
6.12                     0.14700277               
6.13                     0.14689271               
6.14                     0.14678283               
6.15                     0.14667313               
6.16                     0.14656362               
6.17                     0.14645429               
6.18                     0.14634514               
6.19                     0.14623617               
6.2                      0.14612737               
6.21                     0.14601877               
6.22                     0.14591034               
6.23                     0.1458021                
6.24                     0.14569403               
6.25                     0.14558613               
6.26                     0.14547843               
6.27                     0.1453709                
6.28                     0.14526354               
6.29                     0.14515637               
6.3                      0.14504936               
6.31                     0.14494254               
6.32                     0.14483589               
6.33                     0.14472942               
6.34                     0.14462312               
6.35                     0.14451699               
6.36                     0.14441104               
6.37                     0.14430527               
6.38                     0.14419967               
6.39                     0.14409424               
6.4                      0.14398898               
6.41                     0.1438839                
6.42                     0.143779                 
6.43                     0.14367424               
6.44                     0.14356968               
6.45                     0.14346528               
6.46                     0.14336105               
6.47                     0.14325698               
6.48                     0.14315309               
6.49                     0.14304937               
6.5                      0.14294581               
6.51                     0.14284243               
6.52                     0.1427392                
6.53                     0.14263615               
6.54                     0.14253327               
6.55                     0.14243054               
6.56                     0.142328                 
6.57                     0.14222561               
6.58                     0.14212339               
6.59                     0.14202133               
6.6                      0.14191943               
6.61                     0.1418177                
6.62                     0.14171612               
6.63                     0.14161472               
6.64                     0.14151348               
6.65                     0.1414124                
6.66                     0.14131148               
6.67                     0.14121073               
6.68                     0.14111014               
6.69                     0.1410097                
6.7                      0.14090942               
6.71                     0.14080931               
6.72                     0.14070936               
6.73                     0.14060956               
6.74                     0.14050992               
6.75                     0.14041044               
6.76                     0.14031112               
6.77                     0.14021195               
6.78                     0.14011295               
6.79                     0.14001411               
6.8                      0.1399154                
6.81                     0.13981688               
6.82                     0.13971849               
6.83                     0.13962027               
6.84                     0.1395222                
6.85                     0.13942428               
6.86                     0.13932653               
6.87                     0.13922891               
6.88                     0.13913146               
6.89                     0.13903415               
6.9                      0.13893701               
6.91                     0.13884                  
6.92                     0.13874316               
6.93                     0.13864647               
6.94                     0.13854994               
6.95                     0.13845354               
6.96                     0.1383573                
6.97                     0.13826121               
6.98                     0.13816527               
6.99                     0.13806948               
7.0                      0.13797385               
7.01                     0.13787834               
7.02                     0.137783                 
7.03                     0.1376878                
7.04                     0.13759276               
7.05                     0.13749786               
7.06                     0.1374031                
7.07                     0.1373085                
7.08                     0.13721403               
7.09                     0.13711971               
7.1                      0.13702555               
7.11                     0.13693152               
7.12                     0.13683765               
7.13                     0.1367439                
7.14                     0.13665031               
7.15                     0.13655686               
7.16                     0.13646357               
7.17                     0.1363704                
7.18                     0.13627738               
7.19                     0.13618451               
7.2                      0.13609178               
7.21                     0.13599919               
7.22                     0.13590674               
7.23                     0.13581443               
7.24                     0.13572226               
7.25                     0.13563024               
7.26                     0.13553834               
7.27                     0.1354466                
7.28                     0.135355                 
7.29                     0.13526352               
7.3                      0.13517219               
7.31                     0.13508101               
7.32                     0.13498995               
7.33                     0.13489904               
7.34                     0.13480826               
7.35                     0.13471761               
7.36                     0.13462712               
7.37                     0.13453674               
7.38                     0.13444652               
7.39                     0.13435642               
7.4                      0.13426647               
7.41                     0.13417664               
7.42                     0.13408695               
7.43                     0.1339974                
7.44                     0.13390799               
7.45                     0.1338187                
7.46                     0.13372955               
7.47                     0.13364053               
7.48                     0.13355164               
7.49                     0.13346289               
7.5                      0.13337427               
7.51                     0.13328579               
7.52                     0.13319743               
7.53                     0.13310921               
7.54                     0.13302112               
7.55                     0.13293315               
7.56                     0.13284531               
7.57                     0.13275762               
7.58                     0.13267004               
7.59                     0.1325826                
7.6                      0.1324953                
7.61                     0.13240811               
7.62                     0.13232106               
7.63                     0.13223414               
7.64                     0.13214734               
7.65                     0.13206068               
7.66                     0.13197413               
7.67                     0.13188772               
7.68                     0.13180143               
7.69                     0.13171527               
7.7                      0.13162924               
7.71                     0.13154334               
7.72                     0.13145755               
7.73                     0.1313719                
7.74                     0.13128637               
7.75                     0.13120095               
7.76                     0.13111567               
7.77                     0.13103053               
7.78                     0.13094549               
7.79                     0.13086058               
7.8                      0.1307758                
7.81                     0.13069114               
7.82                     0.1306066                
7.83                     0.13052219               
7.84                     0.1304379                
7.85                     0.13035372               
7.86                     0.13026968               
7.87                     0.13018575               
7.88                     0.13010195               
7.89                     0.13001826               
7.9                      0.1299347                
7.91                     0.12985125               
7.92                     0.12976792               
7.93                     0.12968473               
7.94                     0.12960164               
7.95                     0.12951869               
7.96                     0.12943584               
7.97                     0.1293531                
7.98                     0.12927051               
7.99                     0.12918802               
8.0                      0.12910564               
8.01                     0.12902339               
8.02                     0.12894125               
8.03                     0.12885924               
8.04                     0.12877734               
8.05                     0.12869556               
8.06                     0.12861389               
8.07                     0.12853234               
8.08                     0.1284509                
8.09                     0.12836958               
8.1                      0.12828837               
8.11                     0.1282073                
8.12                     0.12812631               
8.13                     0.12804545               
8.14                     0.1279647                
8.15                     0.12788408               
8.16                     0.12780356               
8.17                     0.12772316               
8.18                     0.12764287               
8.19                     0.12756269               
8.2                      0.12748262               
8.21                     0.12740268               
8.22                     0.12732284               
8.23                     0.12724312               
8.24                     0.1271635                
8.25                     0.12708399               
8.26                     0.1270046                
8.27                     0.12692532               
8.28                     0.12684615               
8.29                     0.12676708               
8.3                      0.12668814               
8.31                     0.1266093                
8.32                     0.12653057               
8.33                     0.12645195               
8.34                     0.12637344               
8.35                     0.12629503               
8.36                     0.12621674               
8.37                     0.12613855               
8.38                     0.12606049               
8.39                     0.12598252               
8.4                      0.12590466               
8.41                     0.12582691               
8.42                     0.12574926               
8.43                     0.12567173               
8.44                     0.12559429               
8.45                     0.12551697               
8.46                     0.12543975               
8.47                     0.12536263               
8.48                     0.12528564               
8.49                     0.12520874               
8.5                      0.12513195               
8.51                     0.12505525               
8.52                     0.12497867               
8.53                     0.124902196              
8.54                     0.12482582               
8.55                     0.12474955               
8.56                     0.12467338               
8.57                     0.124597326              
8.58                     0.12452137               
8.59                     0.12444551               
8.6                      0.12436976               
8.61                     0.12429411               
8.62                     0.12421857               
8.63                     0.12414312               
8.64                     0.12406778               
8.65                     0.12399254               
8.66                     0.12391741               
8.67                     0.12384237               
8.68                     0.123767436              
8.69                     0.1236926                
8.7                      0.12361787               
8.71                     0.12354324               
8.72                     0.12346871               
8.73                     0.12339428               
8.74                     0.12331995               
8.75                     0.12324572               
8.76                     0.12317159               
8.77                     0.12309756               
8.78                     0.12302363               
8.79                     0.122949794              
8.8                      0.12287606               
8.81                     0.12280243               
8.82                     0.12272889               
8.83                     0.12265545               
8.84                     0.12258211               
8.85                     0.12250887               
8.86                     0.12243572               
8.87                     0.12236267               
8.88                     0.12228972               
8.89                     0.122216865              
8.9                      0.1221441                
8.91                     0.122071445              
8.92                     0.12199888               
8.93                     0.12192641               
8.94                     0.12185404               
8.95                     0.12178176               
8.96                     0.12170957               
8.97                     0.121637486              
8.98                     0.12156549               
8.99                     0.12149359               
9.0                      0.12142179               
9.01                     0.12135008               
9.02                     0.121278465              
9.03                     0.12120695               
9.04                     0.12113552               
9.05                     0.121064186              
9.06                     0.12099294               
9.07                     0.1209218                
9.08                     0.12085074               
9.09                     0.12077978               
9.1                      0.12070891               
9.11                     0.12063814               
9.12                     0.120567456              
9.13                     0.12049686               
9.14                     0.12042636               
9.15                     0.12035595               
9.16                     0.12028563               
9.17                     0.12021541               
9.18                     0.12014527               
9.19                     0.120075226              
9.2                      0.12000527               
9.21                     0.11993541               
9.22                     0.11986563               
9.23                     0.11979595               
9.24                     0.11972635               
9.25                     0.119656846              
9.26                     0.11958744               
9.27                     0.11951811               
9.28                     0.11944887               
9.29                     0.11937972               
9.3                      0.11931066               
9.31                     0.11924169               
9.32                     0.11917281               
9.33                     0.11910401               
9.34                     0.11903531               
9.35                     0.11896669               
9.36                     0.11889816               
9.37                     0.11882971               
9.38                     0.11876135               
9.39                     0.11869308               
9.4                      0.1186249                
9.41                     0.118556805              
9.42                     0.118488796              
9.43                     0.11842087               
9.44                     0.11835303               
9.45                     0.11828528               
9.46                     0.11821762               
9.47                     0.11815003               
9.48                     0.11808254               
9.49                     0.118015125              
9.5                      0.1179478                
9.51                     0.11788056               
9.52                     0.11781341               
9.53                     0.11774633               
9.54                     0.11767935               
9.55                     0.117612444              
9.56                     0.11754563               
9.57                     0.117478885              
9.58                     0.11741224               
9.59                     0.11734567               
9.6                      0.11727918               
9.61                     0.11721278               
9.62                     0.11714646               
9.63                     0.11708022               
9.64                     0.117014065              
9.65                     0.11694799               
9.66                     0.116882004              
9.67                     0.116816096              
9.68                     0.11675027               
9.69                     0.116684526              
9.7                      0.116618864              
9.71                     0.11655328               
9.72                     0.11648778               
9.73                     0.11642236               
9.74                     0.11635702               
9.75                     0.11629176               
9.76                     0.11622658               
9.77                     0.11616149               
9.78                     0.11609647               
9.79                     0.11603153               
9.8                      0.11596667               
9.81                     0.115901895              
9.82                     0.115837194              
9.83                     0.115772575              
9.84                     0.11570804               
9.85                     0.115643576              
9.86                     0.115579195              
9.87                     0.11551489               
9.88                     0.115450665              
9.89                     0.115386516              
9.9                      0.11532245               
9.91                     0.115258455              
9.92                     0.115194544              
9.93                     0.11513071               
9.94                     0.115066946              
9.95                     0.115003265              
9.96                     0.11493967               
9.97                     0.114876136              
9.98                     0.11481269               
9.99                     0.11474931               
10.0                     0.11468602               
10.01                    0.1146228                
10.02                    0.11455966               
10.03                    0.11449659               
10.04                    0.114433594              
10.05                    0.11437068               
10.06                    0.114307836              
10.07                    0.11424507               
10.08                    0.11418238               
10.09                    0.11411977               
10.1                     0.11405723               
10.11                    0.11399477               
10.12                    0.11393238               
10.13                    0.11387006               
10.14                    0.11380782               
10.15                    0.11374565               
10.16                    0.11368356               
10.17                    0.11362154               
10.18                    0.113559596              
10.19                    0.11349773               
10.2                     0.11343593               
10.21                    0.1133742                
10.22                    0.11331255               
10.23                    0.11325098               
10.24                    0.11318947               
10.25                    0.113128036              
10.26                    0.11306668               
10.27                    0.11300539               
10.28                    0.11294417               
10.29                    0.11288303               
10.3                     0.11282196               
10.31                    0.11276096               
10.32                    0.11270003               
10.33                    0.11263918               
10.34                    0.11257839               
10.35                    0.11251768               
10.36                    0.11245704               
10.37                    0.11239647               
10.38                    0.112335965              
10.39                    0.11227554               
10.4                     0.112215176              
10.41                    0.11215489               
10.42                    0.11209467               
10.43                    0.11203452               
10.44                    0.11197445               
10.45                    0.11191444               
10.46                    0.1118545                
10.47                    0.11179463               
10.48                    0.11173483               
10.49                    0.111675106              
10.5                     0.11161544               
10.51                    0.11155585               
10.52                    0.11149633               
10.53                    0.11143687               
10.54                    0.111377485              
10.55                    0.11131817               
10.56                    0.111258924              
10.57                    0.111199744              
10.58                    0.11114063               
10.59                    0.111081585              
10.6                     0.11102261               
10.61                    0.1109637                
10.62                    0.11090486               
10.63                    0.11084609               
10.64                    0.11078738               
10.65                    0.11072874               
10.66                    0.110670164              
10.67                    0.11061166               
10.68                    0.11055322               
10.69                    0.110494845              
10.7                     0.110436544              
10.71                    0.1103783                
10.72                    0.11032013               
10.73                    0.11026202               
10.74                    0.11020398               
10.75                    0.11014601               
10.76                    0.110088095              
10.77                    0.11003025               
10.78                    0.10997247               
10.79                    0.10991476               
10.8                     0.10985711               
10.81                    0.10979953               
10.82                    0.10974201               
10.83                    0.10968456               
10.84                    0.109627165              
10.85                    0.10956984               
10.86                    0.10951258               
10.87                    0.109455384              
10.88                    0.10939825               
10.89                    0.10934119               
10.9                     0.109284185              
10.91                    0.10922725               
10.92                    0.10917037               
10.93                    0.10911356               
10.94                    0.10905681               
10.95                    0.109000124              
10.96                    0.1089435                
10.97                    0.10888694               
10.98                    0.108830445              
10.99                    0.10877401               
11.0                     0.108717635              
11.01                    0.10866133               
11.02                    0.10860509               
11.03                    0.1085489                
11.04                    0.10849278               
11.05                    0.10843672               
11.06                    0.10838072               
11.07                    0.10832478               
11.08                    0.10826891               
11.09                    0.1082131                
11.1                     0.108157344              
11.11                    0.10810166               
11.12                    0.10804603               
11.13                    0.10799046               
11.14                    0.10793495               
11.15                    0.10787951               
11.16                    0.107824124              
11.17                    0.107768804              
11.18                    0.107713535              
11.19                    0.107658334              
11.2                     0.10760319               
11.21                    0.10754811               
11.22                    0.10749309               
11.23                    0.107438125              
11.24                    0.10738322               
11.25                    0.10732838               
11.26                    0.10727359               
11.27                    0.10721887               
11.28                    0.10716421               
11.29                    0.107109606              
11.3                     0.10705505               
11.31                    0.10700057               
11.32                    0.10694614               
11.33                    0.10689177               
11.34                    0.10683746               
11.35                    0.10678321               
11.36                    0.106729016              
11.37                    0.10667488               
11.38                    0.1066208                
11.39                    0.10656679               
11.4                     0.10651283               
11.41                    0.106458925              
11.42                    0.10640508               
11.43                    0.10635129               
11.44                    0.10629756               
11.45                    0.10624389               
11.46                    0.10619028               
11.47                    0.10613672               
11.48                    0.10608322               
11.49                    0.10602978               
11.5                     0.10597639               
11.51                    0.10592306               
11.52                    0.105869785              
11.53                    0.10581657               
11.54                    0.10576341               
11.55                    0.10571031               
11.56                    0.105657265              
11.57                    0.105604276              
11.58                    0.10555134               
11.59                    0.10549846               
11.6                     0.10544564               
11.61                    0.10539287               
11.62                    0.10534016               
11.63                    0.10528751               
11.64                    0.105234906              
11.65                    0.10518236               
11.66                    0.105129875              
11.67                    0.10507744               
11.68                    0.10502506               
11.69                    0.104972735              
11.7                     0.10492047               
11.71                    0.10486825               
11.72                    0.104816094              
11.73                    0.104763985              
11.74                    0.104711935              
11.75                    0.10465994               
11.76                    0.104608                 
11.77                    0.104556106              
11.78                    0.10450427               
11.79                    0.1044525                
11.8                     0.10440077               
11.81                    0.1043491                
11.82                    0.10429748               
11.83                    0.104245916              
11.84                    0.1041944                
11.85                    0.10414294               
11.86                    0.10409154               
11.87                    0.10404018               
11.88                    0.103988886              
11.89                    0.10393764               
11.9                     0.10388645               
11.91                    0.10383531               
11.92                    0.10378422               
11.93                    0.10373318               
11.94                    0.103682205              
11.95                    0.10363127               
11.96                    0.10358039               
11.97                    0.10352957               
11.98                    0.1034788                
11.99                    0.10342807               
12.0                     0.1033774                
12.01                    0.10332679               
12.02                    0.10327622               
12.03                    0.10322571               
12.04                    0.103175245              
12.05                    0.103124835              
12.06                    0.10307447               
12.07                    0.10302416               
12.08                    0.1029739                
12.09                    0.1029237                
12.1                     0.10287354               
12.11                    0.102823436              
12.12                    0.10277338               
12.13                    0.10272338               
12.14                    0.102673426              
12.15                    0.10262352               
12.16                    0.10257367               
12.17                    0.10252387               
12.18                    0.102474116              
12.19                    0.10242442               
12.2                     0.10237477               
12.21                    0.102325164              
12.22                    0.10227562               
12.23                    0.102226116              
12.24                    0.10217666               
12.25                    0.10212726               
12.26                    0.10207791               
12.27                    0.1020286                
12.28                    0.101979345              
12.29                    0.10193014               
12.3                     0.10188099               
12.31                    0.10183188               
12.32                    0.10178282               
12.33                    0.10173381               
12.34                    0.10168485               
12.35                    0.10163594               
12.36                    0.10158708               
12.37                    0.10153827               
12.38                    0.1014895                
12.39                    0.10144079               
12.4                     0.10139211               
12.41                    0.1013435                
12.42                    0.10129492               
12.43                    0.101246394              
12.44                    0.10119792               
12.45                    0.10114949               
12.46                    0.10110111               
12.47                    0.101052776              
12.48                    0.10100449               
12.49                    0.10095625               
12.5                     0.10090806               
12.51                    0.10085992               
12.52                    0.100811824              
12.53                    0.100763775              
12.54                    0.10071577               
12.55                    0.10066782               
12.56                    0.10061991               
12.57                    0.10057205               
12.58                    0.10052423               
12.59                    0.100476466              
12.6                     0.100428745              
12.61                    0.10038107               
12.62                    0.100333445              
12.63                    0.100285865              
12.64                    0.10023832               
12.65                    0.10019084               
12.66                    0.100143395              
12.67                    0.100095995              
12.68                    0.10004865               
12.69                    0.10000134               
12.7                     0.09995408               
12.71                    0.09990687               
12.72                    0.0998597                
12.73                    0.099812575              
12.74                    0.0997655                
12.75                    0.09971847               
12.76                    0.09967148               
12.77                    0.099624544              
12.78                    0.09957764               
12.79                    0.099530794              
12.8                     0.09948399               
12.81                    0.09943723               
12.82                    0.099390514              
12.83                    0.09934384               
12.84                    0.09929721               
12.85                    0.09925063               
12.86                    0.09920409               
12.87                    0.0991576                
12.88                    0.099111155              
12.89                    0.099064745              
12.9                     0.09901839               
12.91                    0.09897207               
12.92                    0.0989258                
12.93                    0.09887957               
12.94                    0.09883339               
12.95                    0.09878725               
12.96                    0.09874115               
12.97                    0.0986951                
12.98                    0.098649085              
12.99                    0.09860312               
13.0                     0.0985572                
13.01                    0.09851132               
13.02                    0.09846549               
13.03                    0.098419696              
13.04                    0.09837394               
13.05                    0.09832824               
13.06                    0.098282576              
13.07                    0.098236956              
13.08                    0.09819138               
13.09                    0.09814584               
13.1                     0.09810036               
13.11                    0.09805491               
13.12                    0.0980095                
13.13                    0.09796414               
13.14                    0.097918816              
13.15                    0.09787353               
13.16                    0.0978283                
13.17                    0.0977831                
13.18                    0.09773795               
13.19                    0.09769284               
13.2                     0.09764777               
13.21                    0.09760275               
13.22                    0.09755776               
13.23                    0.09751282               
13.24                    0.09746792               
13.25                    0.09742306               
13.26                    0.09737824               
13.27                    0.09733347               
13.28                    0.09728873               
13.29                    0.09724404               
13.3                     0.09719939               
13.31                    0.097154774              
13.32                    0.097110204              
13.33                    0.09706568               
13.34                    0.09702119               
13.35                    0.09697674               
13.36                    0.09693234               
13.37                    0.096887976              
13.38                    0.09684365               
13.39                    0.096799366              
13.4                     0.096755125              
13.41                    0.09671092               
13.42                    0.09666676               
13.43                    0.09662264               
13.44                    0.09657856               
13.45                    0.09653451               
13.46                    0.09649052               
13.47                    0.09644656               
13.48                    0.09640264               
13.49                    0.096358754              
13.5                     0.096314915              
13.51                    0.09627111               
13.52                    0.096227355              
13.53                    0.096183635              
13.54                    0.09613995               
13.55                    0.096096314              
13.56                    0.096052706              
13.57                    0.09600915               
13.58                    0.095965624              
13.59                    0.09592214               
13.6                     0.0958787                
13.61                    0.09583529               
13.62                    0.09579193               
13.63                    0.095748596              
13.64                    0.09570531               
13.65                    0.095662065              
13.66                    0.09561885               
13.67                    0.09557568               
13.68                    0.09553255               
13.69                    0.09548946               
13.7                     0.0954464                
13.71                    0.09540338               
13.72                    0.095360406              
13.73                    0.09531747               
13.74                    0.09527457               
13.75                    0.095231704              
13.76                    0.09518888               
13.77                    0.09514609               
13.78                    0.095103346              
13.79                    0.09506063               
13.8                     0.09501796               
13.81                    0.09497533               
13.82                    0.094932735              
13.83                    0.09489017               
13.84                    0.09484765               
13.85                    0.09480517               
13.86                    0.09476273               
13.87                    0.09472032               
13.88                    0.09467795               
13.89                    0.09463561               
13.9                     0.094593324              
13.91                    0.094551064              
13.92                    0.09450884               
13.93                    0.09446666               
13.94                    0.094424516              
13.95                    0.094382405              
13.96                    0.09434033               
13.97                    0.094298296              
13.98                    0.0942563                
13.99                    0.094214335              
14.0                     0.09417241               
14.01                    0.09413052               
14.02                    0.09408867               
14.03                    0.09404686               
14.04                    0.094005086              
14.05                    0.09396334               
14.06                    0.09392164               
14.07                    0.09387997               
14.08                    0.093838334              
14.09                    0.093796745              
14.1                     0.093755186              
14.11                    0.093713656              
14.12                    0.09367217               
14.13                    0.09363072               
14.14                    0.093589306              
14.15                    0.093547925              
14.16                    0.09350658               
14.17                    0.093465276              
14.18                    0.09342401               
14.19                    0.09338277               
14.2                     0.09334157               
14.21                    0.0933004                
14.22                    0.093259275              
14.23                    0.09321818               
14.24                    0.093177125              
14.25                    0.0931361                
14.26                    0.09309511               
14.27                    0.09305416               
14.28                    0.09301324               
14.29                    0.09297236               
14.3                     0.09293152               
14.31                    0.0928907                
14.32                    0.092849925              
14.33                    0.092809185              
14.34                    0.092768475              
14.35                    0.0927278                
14.36                    0.09268717               
14.37                    0.09264656               
14.38                    0.09260599               
14.39                    0.09256546               
14.4                     0.09252496               
14.41                    0.0924845                
14.42                    0.09244407               
14.43                    0.09240367               
14.44                    0.09236331               
14.45                    0.09232298               
14.46                    0.09228269               
14.47                    0.092242435              
14.48                    0.09220221               
14.49                    0.09216202               
14.5                     0.09212186               
14.51                    0.09208174               
14.52                    0.09204165               
14.53                    0.092001595              
14.54                    0.09196158               
14.55                    0.09192159               
14.56                    0.09188163               
14.57                    0.09184171               
14.58                    0.09180183               
14.59                    0.09176198               
14.6                     0.09172215               
14.61                    0.091682374              
14.62                    0.09164262               
14.63                    0.0916029                
14.64                    0.09156322               
14.65                    0.09152356               
14.66                    0.09148394               
14.67                    0.09144436               
14.68                    0.0914048                
14.69                    0.091365285              
14.7                     0.0913258                
14.71                    0.09128634               
14.72                    0.09124692               
14.73                    0.091207534              
14.74                    0.09116817               
14.75                    0.091128856              
14.76                    0.09108956               
14.77                    0.091050304              
14.78                    0.09101108               
14.79                    0.09097189               
14.8                     0.09093273               
14.81                    0.0908936                
14.82                    0.0908545                
14.83                    0.09081544               
14.84                    0.09077641               
14.85                    0.09073741               
14.86                    0.09069844               
14.87                    0.090659514              
14.88                    0.09062061               
14.89                    0.09058174               
14.9                     0.0905429                
14.91                    0.090504095              
14.92                    0.09046532               
14.93                    0.09042658               
14.94                    0.090387866              
14.95                    0.09034919               
14.96                    0.090310544              
14.97                    0.09027193               
14.98                    0.09023334               
14.99                    0.09019479               
15.0                     0.09015627               
15.01                    0.09011778               
15.02                    0.09007932               
15.03                    0.09004089               
15.04                    0.0900025                
15.05                    0.08996414               
15.06                    0.0899258                
15.07                    0.0898875                
15.08                    0.08984923               
15.09                    0.08981099               
15.1                     0.08977278               
15.11                    0.08973461               
15.12                    0.08969646               
15.13                    0.08965834               
15.14                    0.08962026               
15.15                    0.089582205              
15.16                    0.089544185              
15.17                    0.089506194              
15.18                    0.089468226              
15.19                    0.089430295              
15.2                     0.089392394              
15.21                    0.08935453               
15.22                    0.08931669               
15.23                    0.08927888               
15.24                    0.0892411                
15.25                    0.08920335               
15.26                    0.089165635              
15.27                    0.08912795               
15.28                    0.08909029               
15.29                    0.08905266               
15.3                     0.08901507               
15.31                    0.0889775                
15.32                    0.08893996               
15.33                    0.08890245               
15.34                    0.088864975              
15.35                    0.08882753               
15.36                    0.08879011               
15.37                    0.088752724              
15.38                    0.08871537               
15.39                    0.08867804               
15.4                     0.08864074               
15.41                    0.088603474              
15.42                    0.088566236              
15.43                    0.08852903               
15.44                    0.08849184               
15.45                    0.08845469               
15.46                    0.088417575              
15.47                    0.08838048               
15.48                    0.08834342               
15.49                    0.08830639               
15.5                     0.08826938               
15.51                    0.088232405              
15.52                    0.088195466              
15.53                    0.08815855               
15.54                    0.08812166               
15.55                    0.0880848                
15.56                    0.088047974              
15.57                    0.088011175              
15.58                    0.0879744                
15.59                    0.08793766               
15.6                     0.087900944              
15.61                    0.087864265              
15.62                    0.08782761               
15.63                    0.08779098               
15.64                    0.08775438               
15.65                    0.08771781               
15.66                    0.08768127               
15.67                    0.087644756              
15.68                    0.08760827               
15.69                    0.087571815              
15.7                     0.08753539               
15.71                    0.08749899               
15.72                    0.08746262               
15.73                    0.087426275              
15.74                    0.08738996               
15.75                    0.08735368               
15.76                    0.08731742               
15.77                    0.08728119               
15.78                    0.08724499               
15.79                    0.087208815              
15.8                     0.08717267               
15.81                    0.08713655               
15.82                    0.08710047               
15.83                    0.0870644                
15.84                    0.08702837               
15.85                    0.08699237               
15.86                    0.08695639               
15.87                    0.08692044               
15.88                    0.08688451               
15.89                    0.08684862               
15.9                     0.08681275               
15.91                    0.08677691               
15.92                    0.086741105              
15.93                    0.08670532               
15.94                    0.08666956               
15.95                    0.08663383               
15.96                    0.08659813               
15.97                    0.086562455              
15.98                    0.0865268                
15.99                    0.08649118               
16.0                     0.08645559               
16.01                    0.08642003               
16.02                    0.08638449               
16.03                    0.08634898               
16.04                    0.08631349               
16.05                    0.086278036              
16.06                    0.08624261               
16.07                    0.0862072                
16.08                    0.08617183               
16.09                    0.086136475              
16.1                     0.08610115               
16.11                    0.08606586               
16.12                    0.08603059               
16.13                    0.08599535               
16.14                    0.085960135              
16.15                    0.085924946              
16.16                    0.08588978               
16.17                    0.08585464               
16.18                    0.085819535              
16.19                    0.08578445               
16.2                     0.085749395              
16.21                    0.08571437               
16.22                    0.08567937               
16.23                    0.08564439               
16.24                    0.085609436              
16.25                    0.085574515              
16.26                    0.08553962               
16.27                    0.08550475               
16.28                    0.0854699                
16.29                    0.08543508               
16.3                     0.08540029               
16.31                    0.08536552               
16.32                    0.08533078               
16.33                    0.085296065              
16.34                    0.085261375              
16.35                    0.085226715              
16.36                    0.08519208               
16.37                    0.08515746               
16.38                    0.085122876              
16.39                    0.08508832               
16.4                     0.08505379               
16.41                    0.085019276              
16.42                    0.084984794              
16.43                    0.08495034               
16.44                    0.084915906              
16.45                    0.0848815                
16.46                    0.08484712               
16.47                    0.08481277               
16.48                    0.08477844               
16.49                    0.08474413               
16.5                     0.08470986               
16.51                    0.08467561               
16.52                    0.08464138               
16.53                    0.08460718               
16.54                    0.084573                 
16.55                    0.08453885               
16.56                    0.08450472               
16.57                    0.08447062               
16.58                    0.08443654               
16.59                    0.084402494              
16.6                     0.08436847               
16.61                    0.08433447               
16.62                    0.084300496              
16.63                    0.08426654               
16.64                    0.08423262               
16.65                    0.08419872               
16.66                    0.08416484               
16.67                    0.084130995              
16.68                    0.08409716               
16.69                    0.084063366              
16.7                     0.084029585              
16.71                    0.083995834              
16.72                    0.083962105              
16.73                    0.083928406              
16.74                    0.08389473               
16.75                    0.083861075              
16.76                    0.08382744               
16.77                    0.08379384               
16.78                    0.08376026               
16.79                    0.083726704              
16.8                     0.08369318               
16.81                    0.08365967               
16.82                    0.08362619               
16.83                    0.08359273               
16.84                    0.0835593                
16.85                    0.08352589               
16.86                    0.0834925                
16.87                    0.08345914               
16.88                    0.083425805              
16.89                    0.08339249               
16.9                     0.083359204              
16.91                    0.08332594               
16.92                    0.0832927                
16.93                    0.08325948               
16.94                    0.083226286              
16.95                    0.08319312               
16.96                    0.083159976              
16.97                    0.08312686               
16.98                    0.083093755              
16.99                    0.08306069               
17.0                     0.08302764               
17.01                    0.08299461               
17.02                    0.08296161               
17.03                    0.08292863               
17.04                    0.082895674              
17.05                    0.08286274               
17.06                    0.08282984               
17.07                    0.08279695               
17.08                    0.0827641                
17.09                    0.082731254              
17.1                     0.08269844               
17.11                    0.08266565               
17.12                    0.08263289               
17.13                    0.08260015               
17.14                    0.08256742               
17.15                    0.08253473               
17.16                    0.08250206               
17.17                    0.082469404              
17.18                    0.08243678               
17.19                    0.082404174              
17.2                     0.0823716                
17.21                    0.08233904               
17.22                    0.082306504              
17.23                    0.082274                 
17.24                    0.082241505              
17.25                    0.08220904               
17.26                    0.0821766                
17.27                    0.082144186              
17.28                    0.08211178               
17.29                    0.08207941               
17.3                     0.08204707               
17.31                    0.08201474               
17.32                    0.081982434              
17.33                    0.08195015               
17.34                    0.08191789               
17.35                    0.08188566               
17.36                    0.08185344               
17.37                    0.08182125               
17.38                    0.081789084              
17.39                    0.081756935              
17.4                     0.081724815              
17.41                    0.08169271               
17.42                    0.081660636              
17.43                    0.08162858               
17.44                    0.081596546              
17.45                    0.08156454               
17.46                    0.08153255               
17.47                    0.08150058               
17.48                    0.08146864               
17.49                    0.081436716              
17.5                     0.08140482               
17.51                    0.08137295               
17.52                    0.08134109               
17.53                    0.08130926               
17.54                    0.081277445              
17.55                    0.08124566               
17.56                    0.08121389               
17.57                    0.08118215               
17.58                    0.08115043               
17.59                    0.08111873               
17.6                     0.08108705               
17.61                    0.081055395              
17.62                    0.08102376               
17.63                    0.080992155              
17.64                    0.080960564              
17.65                    0.080928996              
17.66                    0.08089745               
17.67                    0.08086593               
17.68                    0.08083442               
17.69                    0.08080294               
17.7                     0.08077148               
17.71                    0.08074004               
17.72                    0.08070863               
17.73                    0.08067723               
17.74                    0.08064587               
17.75                    0.080614515              
17.76                    0.080583185              
17.77                    0.08055188               
17.78                    0.08052059               
17.79                    0.08048933               
17.8                     0.08045808               
17.81                    0.080426864              
17.82                    0.08039566               
17.83                    0.08036448               
17.84                    0.08033333               
17.85                    0.080302194              
17.86                    0.08027107               
17.87                    0.08023998               
17.88                    0.08020891               
17.89                    0.08017786               
17.9                     0.08014683               
17.91                    0.08011582               
17.92                    0.08008483               
17.93                    0.080053866              
17.94                    0.08002292               
17.95                    0.079992                 
17.96                    0.07996109               
17.97                    0.079930216              
17.98                    0.07989935               
17.99                    0.07986851               
18.0                     0.079837695              
18.01                    0.079806894              
18.02                    0.079776116              
18.03                    0.07974536               
18.04                    0.079714626              
18.05                    0.07968391               
18.06                    0.07965322               
18.07                    0.079622544              
18.08                    0.07959189               
18.09                    0.079561256              
18.1                     0.07953065               
18.11                    0.07950006               
18.12                    0.07946949               
18.13                    0.07943894               
18.14                    0.07940841               
18.15                    0.0793779                
18.16                    0.07934741               
18.17                    0.079316944              
18.18                    0.0792865                
18.19                    0.07925607               
18.2                     0.07922567               
18.21                    0.07919528               
18.22                    0.079164915              
18.23                    0.07913457               
18.24                    0.079104245              
18.25                    0.07907394               
18.26                    0.07904366               
18.27                    0.0790134                
18.28                    0.07898315               
18.29                    0.07895293               
18.3                     0.078922726              
18.31                    0.078892544              
18.32                    0.078862384              
18.33                    0.07883224               
18.34                    0.078802116              
18.35                    0.078772016              
18.36                    0.07874193               
18.37                    0.078711875              
18.38                    0.07868183               
18.39                    0.07865181               
18.4                     0.078621805              
18.41                    0.07859182               
18.42                    0.07856186               
18.43                    0.07853192               
18.44                    0.07850199               
18.45                    0.07847209               
18.46                    0.07844221               
18.47                    0.07841235               
18.48                    0.0783825                
18.49                    0.07835268               
18.5                     0.07832287               
18.51                    0.07829309               
18.52                    0.07826333               
18.53                    0.07823358               
18.54                    0.07820386               
18.55                    0.07817415               
18.56                    0.07814446               
18.57                    0.0781148                
18.58                    0.07808515               
18.59                    0.07805552               
18.6                     0.078025915              
18.61                    0.07799632               
18.62                    0.07796676               
18.63                    0.07793721               
18.64                    0.077907674              
18.65                    0.07787816               
18.66                    0.07784867               
18.67                    0.0778192                
18.68                    0.077789746              
18.69                    0.07776031               
18.7                     0.077730894              
18.71                    0.0777015                
18.72                    0.077672124              
18.73                    0.07764277               
18.74                    0.07761343               
18.75                    0.07758411               
18.76                    0.077554815              
18.77                    0.077525534              
18.78                    0.07749627               
18.79                    0.077467024              
18.8                     0.0774378                
18.81                    0.0774086                
18.82                    0.07737941               
18.83                    0.077350244              
18.84                    0.0773211                
18.85                    0.07729197               
18.86                    0.07726286               
18.87                    0.07723377               
18.88                    0.0772047                
18.89                    0.07717565               
18.9                     0.07714661               
18.91                    0.07711759               
18.92                    0.077088594              
18.93                    0.07705962               
18.94                    0.07703066               
18.95                    0.07700172               
18.96                    0.0769728                
18.97                    0.0769439                
18.98                    0.07691501               
18.99                    0.07688614               
19.0                     0.0768573                
19.01                    0.076828465              
19.02                    0.07679965               
19.03                    0.076770864              
19.04                    0.07674209               
19.05                    0.07671334               
19.06                    0.0766846                
19.07                    0.07665588               
19.08                    0.07662718               
19.09                    0.0765985                
19.1                     0.07656983               
19.11                    0.07654119               
19.12                    0.07651257               
19.13                    0.07648396               
19.14                    0.07645537               
19.15                    0.0764268                
19.16                    0.076398246              
19.17                    0.07636971               
19.18                    0.07634119               
19.19                    0.07631269               
19.2                     0.076284215              
19.21                    0.07625575               
19.22                    0.07622731               
19.23                    0.07619888               
19.24                    0.076170474              
19.25                    0.07614208               
19.26                    0.07611371               
19.27                    0.07608536               
19.28                    0.076057024              
19.29                    0.076028705              
19.3                     0.07600041               
19.31                    0.075972125              
19.32                    0.07594386               
19.33                    0.07591561               
19.34                    0.07588738               
19.35                    0.075859174              
19.36                    0.07583098               
19.37                    0.0758028                
19.38                    0.07577465               
19.39                    0.07574651               
19.4                     0.07571839               
19.41                    0.075690284              
19.42                    0.075662196              
19.43                    0.07563413               
19.44                    0.07560608               
19.45                    0.07557805               
19.46                    0.075550035              
19.47                    0.075522035              
19.48                    0.07549405               
19.49                    0.07546609               
19.5                     0.07543815               
19.51                    0.07541022               
19.52                    0.07538231               
19.53                    0.07535442               
19.54                    0.07532654               
19.55                    0.07529868               
19.56                    0.07527085               
19.57                    0.075243026              
19.58                    0.07521522               
19.59                    0.07518743               
19.6                     0.07515966               
19.61                    0.07513191               
19.62                    0.07510417               
19.63                    0.07507645               
19.64                    0.07504875               
19.65                    0.075021066              
19.66                    0.0749934                
19.67                    0.07496575               
19.68                    0.07493812               
19.69                    0.07491051               
19.7                     0.07488291               
19.71                    0.07485533               
19.72                    0.07482776               
19.73                    0.074800216              
19.74                    0.074772686              
19.75                    0.07474517               
19.76                    0.07471768               
19.77                    0.0746902                
19.78                    0.07466274               
19.79                    0.0746353                
19.8                     0.07460787               
19.81                    0.07458046               
19.82                    0.074553065              
19.83                    0.07452569               
19.84                    0.074498326              
19.85                    0.07447099               
19.86                    0.07444366               
19.87                    0.074416354              
19.88                    0.07438906               
19.89                    0.074361786              
19.9                     0.074334525              
19.91                    0.074307285              
19.92                    0.07428006               
19.93                    0.07425285               
19.94                    0.074225664              
19.95                    0.074198484              
19.96                    0.07417133               
19.97                    0.074144185              
19.98                    0.074117064              
19.99                    0.07408995               
20.0                     0.07406286               
20.01                    0.074035786              
20.02                    0.07400873               
20.03                    0.07398169               
20.04                    0.073954664              
20.05                    0.073927656              
20.06                    0.07390066               
20.07                    0.073873684              
20.08                    0.07384673               
20.09                    0.07381979               
20.1                     0.07379286               
20.11                    0.07376595               
20.12                    0.07373906               
20.13                    0.07371218               
20.14                    0.07368532               
20.15                    0.073658474              
20.16                    0.073631644              
20.17                    0.07360484               
20.18                    0.07357804               
20.19                    0.07355126               
20.2                     0.0735245                
20.21                    0.07349775               
20.22                    0.073471025              
20.23                    0.07344431               
20.24                    0.07341761               
20.25                    0.07339093               
20.26                    0.073364265              
20.27                    0.073337615              
20.28                    0.07331098               
20.29                    0.073284365              
20.3                     0.07325776               
20.31                    0.073231176              
20.32                    0.07320461               
20.33                    0.07317805               
20.34                    0.073151514              
20.35                    0.073125                 
20.36                    0.07309849               
20.37                    0.073072                 
20.38                    0.07304553               
20.39                    0.07301907               
20.4                     0.07299263               
20.41                    0.0729662                
20.42                    0.0729398                
20.43                    0.0729134                
20.44                    0.072887026              
20.45                    0.072860666              
20.46                    0.07283431               
20.47                    0.07280798               
20.48                    0.072781675              
20.49                    0.072755374              
20.5                     0.07272909               
20.51                    0.072702825              
20.52                    0.07267657               
20.53                    0.072650336              
20.54                    0.07262412               
20.55                    0.07259791               
20.56                    0.072571725              
20.57                    0.07254555               
20.58                    0.07251939               
20.59                    0.07249325               
20.6                     0.072467126              
20.61                    0.07244101               
20.62                    0.07241492               
20.63                    0.072388835              
20.64                    0.07236277               
20.65                    0.072336726              
20.66                    0.07231069               
20.67                    0.072284676              
20.68                    0.07225867               
20.69                    0.072232686              
20.7                     0.07220671               
20.71                    0.072180755              
20.72                    0.07215481               
20.73                    0.07212889               
20.74                    0.07210298               
20.75                    0.07207709               
20.76                    0.072051205              
20.77                    0.072025344              
20.78                    0.0719995                
20.79                    0.07197366               
20.8                     0.07194784               
20.81                    0.07192204               
20.82                    0.071896255              
20.83                    0.07187048               
20.84                    0.07184472               
20.85                    0.07181898               
20.86                    0.07179325               
20.87                    0.07176754               
20.88                    0.07174185               
20.89                    0.07171617               
20.9                     0.0716905                
20.91                    0.07166485               
20.92                    0.07163921               
20.93                    0.07161359               
20.94                    0.07158798               
20.95                    0.071562394              
20.96                    0.07153682               
20.97                    0.07151125               
20.98                    0.071485706              
20.99                    0.07146018               
21.0                     0.07143466               
21.01                    0.07140916               
21.02                    0.07138368               
21.03                    0.071358204              
21.04                    0.071332745              
21.05                    0.0713073                
21.06                    0.07128188               
21.07                    0.071256466              
21.08                    0.07123107               
21.09                    0.07120569               
21.1                     0.07118032               
21.11                    0.07115497               
21.12                    0.07112963               
21.13                    0.0711043                
21.14                    0.071079                 
21.15                    0.071053706              
21.16                    0.07102843               
21.17                    0.07100316               
21.18                    0.07097791               
21.19                    0.070952676              
21.2                     0.070927456              
21.21                    0.07090225               
21.22                    0.07087706               
21.23                    0.070851885              
21.24                    0.07082672               
21.25                    0.07080157               
21.26                    0.07077644               
21.27                    0.070751324              
21.28                    0.070726216              
21.29                    0.07070113               
21.3                     0.07067605               
21.31                    0.070650995              
21.32                    0.070625946              
21.33                    0.07060092               
21.34                    0.0705759                
21.35                    0.070550896              
21.36                    0.07052591               
21.37                    0.07050094               
21.38                    0.07047598               
21.39                    0.070451036              
21.4                     0.0704261                
21.41                    0.070401184              
21.42                    0.070376284              
21.43                    0.0703514                
21.44                    0.07032652               
21.45                    0.07030167               
21.46                    0.07027682               
21.47                    0.070251994              
21.48                    0.070227176              
21.49                    0.07020237               
21.5                     0.070177585              
21.51                    0.07015281               
21.52                    0.07012805               
21.53                    0.07010331               
21.54                    0.070078574              
21.55                    0.07005386               
21.56                    0.070029154              
21.57                    0.07000447               
21.58                    0.069979794              
21.59                    0.06995513               
21.6                     0.06993049               
21.61                    0.069905855              
21.62                    0.06988124               
21.63                    0.06985663               
21.64                    0.06983204               
21.65                    0.06980746               
21.66                    0.069782905              
21.67                    0.069758356              
21.68                    0.06973382               
21.69                    0.0697093                
21.7                     0.069684796              
21.71                    0.069660306              
21.72                    0.06963582               
21.73                    0.069611356              
21.74                    0.06958691               
21.75                    0.06956247               
21.76                    0.06953805               
21.77                    0.06951364               
21.78                    0.06948924               
21.79                    0.06946486               
21.8                     0.06944049               
21.81                    0.06941614               
21.82                    0.0693918                
21.83                    0.069367476              
21.84                    0.069343165              
21.85                    0.06931886               
21.86                    0.06929458               
21.87                    0.069270305              
21.88                    0.069246046              
21.89                    0.0692218                
21.9                     0.06919757               
21.91                    0.06917336               
21.92                    0.06914915               
21.93                    0.06912497               
21.94                    0.06910079               
21.95                    0.06907663               
21.96                    0.06905247               
21.97                    0.06902834               
21.98                    0.06900422               
21.99                    0.06898011               
22.0                     0.06895602               
22.01                    0.06893194               
22.02                    0.068907864              
22.03                    0.068883814              
22.04                    0.06885977               
22.05                    0.06883574               
22.06                    0.06881173               
22.07                    0.06878773               
22.08                    0.06876375               
22.09                    0.06873977               
22.1                     0.06871581               
22.11                    0.068691865              
22.12                    0.06866793               
22.13                    0.06864401               
22.14                    0.06862011               
22.15                    0.068596214              
22.16                    0.068572335              
22.17                    0.06854846               
22.18                    0.068524614              
22.19                    0.06850077               
22.2                     0.068476945              
22.21                    0.06845313               
22.22                    0.06842933               
22.23                    0.068405546              
22.24                    0.06838177               
22.25                    0.06835801               
22.26                    0.06833426               
22.27                    0.06831053               
22.28                    0.06828681               
22.29                    0.0682631                
22.3                     0.068239406              
22.31                    0.06821572               
22.32                    0.06819206               
22.33                    0.0681684                
22.34                    0.06814475               
22.35                    0.06812113               
22.36                    0.06809751               
22.37                    0.068073906              
22.38                    0.06805032               
22.39                    0.068026744              
22.4                     0.06800318               
22.41                    0.06797963               
22.42                    0.06795609               
22.43                    0.06793256               
22.44                    0.067909054              
22.45                    0.067885555              
22.46                    0.06786206               
22.47                    0.067838594              
22.48                    0.06781513               
22.49                    0.067791685              
22.5                     0.06776825               
22.51                    0.06774483               
22.52                    0.06772142               
22.53                    0.067698024              
22.54                    0.067674644              
22.55                    0.06765127               
22.56                    0.067627914              
22.57                    0.06760457               
22.58                    0.06758124               
22.59                    0.067557916              
22.6                     0.06753461               
22.61                    0.06751132               
22.62                    0.06748804               
22.63                    0.06746477               
22.64                    0.067441516              
22.65                    0.06741827               
22.66                    0.06739505               
22.67                    0.06737182               
22.68                    0.06734862               
22.69                    0.06732543               
22.7                     0.06730225               
22.71                    0.067279086              
22.72                    0.06725593               
22.73                    0.06723279               
22.74                    0.06720966               
22.75                    0.06718654               
22.76                    0.067163445              
22.77                    0.06714035               
22.78                    0.067117274              
22.79                    0.06709421               
22.8                     0.067071155              
22.81                    0.06704811               
22.82                    0.06702509               
22.83                    0.06700207               
22.84                    0.066979066              
22.85                    0.06695607               
22.86                    0.066933095              
22.87                    0.06691013               
22.88                    0.06688718               
22.89                    0.06686424               
22.9                     0.06684131               
22.91                    0.066818394              
22.92                    0.06679549               
22.93                    0.0667726                
22.94                    0.06674972               
22.95                    0.066726856              
22.96                    0.066704                 
22.97                    0.06668116               
22.98                    0.066658325              
22.99                    0.06663551               
23.0                     0.066612706              
23.01                    0.066589914              
23.02                    0.06656713               
23.03                    0.06654437               
23.04                    0.06652161               
23.05                    0.06649887               
23.06                    0.06647614               
23.07                    0.06645342               
23.08                    0.06643071               
23.09                    0.066408016              
23.1                     0.066385336              
23.11                    0.066362664              
23.12                    0.06634001               
23.13                    0.06631736               
23.14                    0.06629472               
23.15                    0.0662721                
23.16                    0.0662495                
23.17                    0.0662269                
23.18                    0.06620431               
23.19                    0.06618174               
23.2                     0.06615918               
23.21                    0.06613663               
23.22                    0.06611409               
23.23                    0.06609157               
23.24                    0.06606905               
23.25                    0.06604655               
23.26                    0.066024065              
23.27                    0.06600159               
23.28                    0.06597912               
23.29                    0.065956675              
23.3                     0.06593423               
23.31                    0.0659118                
23.32                    0.06588938               
23.33                    0.06586698               
23.34                    0.06584459               
23.35                    0.06582221               
23.36                    0.06579984               
23.37                    0.06577748               
23.38                    0.06575514               
23.39                    0.0657328                
23.4                     0.06571048               
23.41                    0.06568817               
23.42                    0.06566587               
23.43                    0.065643586              
23.44                    0.06562131               
23.45                    0.06559905               
23.46                    0.0655768                
23.47                    0.06555456               
23.48                    0.065532334              
23.49                    0.06551012               
23.5                     0.065487914              
23.51                    0.06546572               
23.52                    0.06544354               
23.53                    0.06542137               
23.54                    0.065399215              
23.55                    0.06537707               
23.56                    0.065354936              
23.57                    0.065332815              
23.58                    0.06531071               
23.59                    0.06528861               
23.6                     0.06526652               
23.61                    0.06524444               
23.62                    0.06522238               
23.63                    0.06520033               
23.64                    0.06517829               
23.65                    0.065156266              
23.66                    0.06513425               
23.67                    0.06511224               
23.68                    0.06509025               
23.69                    0.06506827               
23.7                     0.065046296              
23.71                    0.06502434               
23.72                    0.06500239               
23.73                    0.064980455              
23.74                    0.06495853               
23.75                    0.064936616              
23.76                    0.06491471               
23.77                    0.06489282               
23.78                    0.064870946              
23.79                    0.06484908               
23.8                     0.064827226              
23.81                    0.06480538               
23.82                    0.06478354               
23.83                    0.06476173               
23.84                    0.06473991               
23.85                    0.06471812               
23.86                    0.06469633               
23.87                    0.064674556              
23.88                    0.06465279               
23.89                    0.06463104               
23.9                     0.0646093                
23.91                    0.06458756               
23.92                    0.064565845              
23.93                    0.06454414               
23.94                    0.064522445              
23.95                    0.06450076               
23.96                    0.06447908               
23.97                    0.06445742               
23.98                    0.06443577               
23.99                    0.06441413               
24.0                     0.0643925                
24.01                    0.064370885              
24.02                    0.06434928               
24.03                    0.06432768               
24.04                    0.064306095              
24.05                    0.064284526              
24.06                    0.064262964              
24.07                    0.06424142               
24.08                    0.06421988               
24.09                    0.064198345              
24.1                     0.06417683               
24.11                    0.064155325              
24.12                    0.06413383               
24.13                    0.06411234               
24.14                    0.06409087               
24.15                    0.06406941               
24.16                    0.06404796               
24.17                    0.06402652               
24.18                    0.06400509               
24.19                    0.06398368               
24.2                     0.06396227               
24.21                    0.063940875              
24.22                    0.06391949               
24.23                    0.063898124              
24.24                    0.06387676               
24.25                    0.06385541               
24.26                    0.06383407               
24.27                    0.06381274               
24.28                    0.063791424              
24.29                    0.063770115              
24.3                     0.06374882               
24.31                    0.063727535              
24.32                    0.063706264              
24.33                    0.063685                 
24.34                    0.06366374               
24.35                    0.0636425                
24.36                    0.063621275              
24.37                    0.063600056              
24.38                    0.063578844              
24.39                    0.06355765               
24.4                     0.063536465              
24.41                    0.06351528               
24.42                    0.06349412               
24.43                    0.063472964              
24.44                    0.06345183               
24.45                    0.06343069               
24.46                    0.06340957               
24.47                    0.06338846               
24.48                    0.06336736               
24.49                    0.06334627               
24.5                     0.06332519               
24.51                    0.063304126              
24.52                    0.06328306               
24.53                    0.063262016              
24.54                    0.06324098               
24.55                    0.06321996               
24.56                    0.06319895               
24.57                    0.06317794               
24.58                    0.06315695               
24.59                    0.06313597               
24.6                     0.06311499               
24.61                    0.063094035              
24.62                    0.063073084              
24.63                    0.06305215               
24.64                    0.06303121               
24.65                    0.0630103                
24.66                    0.06298939               
24.67                    0.06296849               
24.68                    0.06294761               
24.69                    0.06292673               
24.7                     0.06290586               
24.71                    0.06288501               
24.72                    0.06286417               
24.73                    0.06284333               
24.74                    0.06282251               
24.75                    0.0628017                
24.76                    0.062780894              
24.77                    0.06276011               
24.78                    0.06273933               
24.79                    0.062718555              
24.8                     0.06269779               
24.81                    0.06267705               
24.82                    0.062656306              
24.83                    0.06263558               
24.84                    0.06261486               
24.85                    0.06259415               
24.86                    0.062573455              
24.87                    0.062552765              
24.88                    0.06253209               
24.89                    0.06251143               
24.9                     0.062490772              
24.91                    0.062470127              
24.92                    0.062449493              
24.93                    0.06242887               
24.94                    0.062408254              
24.95                    0.06238765               
24.96                    0.06236706               
24.97                    0.062346473              
24.98                    0.062325902              
24.99                    0.062305342              
25.0                     0.06228479               
25.01                    0.06226425               
25.02                    0.062243715              
25.03                    0.062223196              
25.04                    0.062202685              
25.05                    0.062182184              
25.06                    0.062161695              
25.07                    0.062141217              
25.08                    0.062120747              
25.09                    0.062100288              
25.1                     0.06207984               
25.11                    0.0620594                
25.12                    0.06203897               
25.13                    0.06201855               
25.14                    0.061998144              
25.15                    0.061977748              
25.16                    0.06195736               
25.17                    0.061936982              
25.18                    0.061916616              
25.19                    0.061896257              
25.2                     0.06187591               
25.21                    0.061855573              
25.22                    0.061835248              
25.23                    0.06181493               
25.24                    0.061794624              
25.25                    0.06177433               
25.26                    0.06175404               
25.27                    0.061733764              
25.28                    0.061713498              
25.29                    0.061693244              
25.3                     0.061672997              
25.31                    0.06165276               
25.32                    0.061632533              
25.33                    0.06161232               
25.34                    0.061592113              
25.35                    0.06157192               
25.36                    0.06155173               
25.37                    0.061531555              
25.38                    0.06151139               
25.39                    0.061491232              
25.4                     0.061471086              
25.41                    0.06145095               
25.42                    0.061430827              
25.43                    0.06141071               
25.44                    0.061390605              
25.45                    0.061370507              
25.46                    0.061350424              
25.47                    0.061330345              
25.48                    0.06131028               
25.49                    0.061290223              
25.5                     0.061270177              
25.51                    0.06125014               
25.52                    0.061230116              
25.53                    0.061210096              
25.54                    0.06119009               
25.55                    0.061170094              
25.56                    0.061150108              
25.57                    0.06113013               
25.58                    0.06111016               
25.59                    0.061090205              
25.6                     0.061070256              
25.61                    0.06105032               
25.62                    0.06103039               
25.63                    0.061010472              
25.64                    0.060990565              
25.65                    0.060970664              
25.66                    0.060950775              
25.67                    0.060930897              
25.68                    0.060911026              
25.69                    0.060891166              
25.7                     0.060871318              
25.71                    0.060851477              
25.72                    0.060831647              
25.73                    0.060811825              
25.74                    0.060792014              
25.75                    0.060772214              
25.76                    0.06075242               
25.77                    0.060732637              
25.78                    0.060712866              
25.79                    0.060693104              
25.8                     0.06067335               
25.81                    0.06065361               
25.82                    0.06063387               
25.83                    0.06061415               
25.84                    0.060594436              
25.85                    0.06057473               
25.86                    0.060555033              
25.87                    0.06053535               
25.88                    0.060515672              
25.89                    0.060496006              
25.9                     0.060476348              
25.91                    0.0604567                
25.92                    0.060437065              
25.93                    0.060417436              
25.94                    0.06039782               
25.95                    0.06037821               
25.96                    0.06035861               
25.97                    0.06033902               
25.98                    0.06031944               
25.99                    0.060299866              
26.0                     0.060280304              
26.01                    0.060260754              
26.02                    0.06024121               
26.03                    0.06022168               
26.04                    0.060202155              
26.05                    0.060182642              
26.06                    0.060163137              
26.07                    0.060143642              
26.08                    0.060124155              
26.09                    0.06010468               
26.1                     0.060085215              
26.11                    0.060065757              
26.12                    0.060046308              
26.13                    0.06002687               
26.14                    0.06000744               
26.15                    0.05998802               
26.16                    0.05996861               
26.17                    0.059949208              
26.18                    0.059929818              
26.19                    0.059910435              
26.2                     0.059891064              
26.21                    0.0598717                
26.22                    0.059852343              
26.23                    0.059833                 
26.24                    0.059813663              
26.25                    0.059794337              
26.26                    0.05977502               
26.27                    0.059755713              
26.28                    0.059736416              
26.29                    0.059717126              
26.3                     0.059697848              
26.31                    0.059678577              
26.32                    0.059659313              
26.33                    0.05964006               
26.34                    0.05962082               
26.35                    0.059601586              
26.36                    0.059582364              
26.37                    0.05956315               
26.38                    0.05954394               
26.39                    0.059524745              
26.4                     0.05950556               
26.41                    0.05948638               
26.42                    0.05946721               
26.43                    0.059448052              
26.44                    0.0594289                
26.45                    0.05940976               
26.46                    0.059390627              
26.47                    0.059371505              
26.48                    0.05935239               
26.49                    0.059333287              
26.5                     0.05931419               
26.51                    0.059295103              
26.52                    0.059276026              
26.53                    0.059256956              
26.54                    0.059237897              
26.55                    0.05921885               
26.56                    0.059199806              
26.57                    0.059180778              
26.58                    0.059161752              
26.59                    0.05914274               
26.6                     0.059123736              
26.61                    0.05910474               
26.62                    0.059085753              
26.63                    0.059066776              
26.64                    0.059047807              
26.65                    0.05902885               
26.66                    0.0590099                
26.67                    0.058990955              
26.68                    0.058972023              
26.69                    0.0589531                
26.7                     0.058934186              
26.71                    0.05891528               
26.72                    0.058896385              
26.73                    0.058877494              
26.74                    0.05885862               
26.75                    0.05883975               
26.76                    0.05882089               
26.77                    0.058802035              
26.78                    0.058783192              
26.79                    0.05876436               
26.8                     0.058745533              
26.81                    0.058726717              
26.82                    0.05870791               
26.83                    0.058689114              
26.84                    0.058670323              
26.85                    0.058651544              
26.86                    0.058632772              
26.87                    0.05861401               
26.88                    0.058595255              
26.89                    0.058576513              
26.9                     0.058557775              
26.91                    0.058539048              
26.92                    0.058520332              
26.93                    0.05850162               
26.94                    0.05848292               
26.95                    0.05846423               
26.96                    0.058445547              
26.97                    0.058426872              
26.98                    0.058408204              
26.99                    0.05838955               
27.0                     0.058370903              
27.01                    0.05835226               
27.02                    0.05833363               
27.03                    0.05831501               
27.04                    0.058296397              
27.05                    0.058277793              
27.06                    0.0582592                
27.07                    0.05824061               
27.08                    0.058222033              
27.09                    0.058203466              
27.1                     0.058184907              
27.11                    0.058166355              
27.12                    0.05814781               
27.13                    0.058129277              
27.14                    0.05811075               
27.15                    0.058092233              
27.16                    0.058073726              
27.17                    0.058055226              
27.18                    0.058036737              
27.19                    0.058018252              
27.2                     0.05799978               
27.21                    0.057981316              
27.22                    0.05796286               
27.23                    0.057944413              
27.24                    0.057925973              
27.25                    0.057907544              
27.26                    0.057889123              
27.27                    0.05787071               
27.28                    0.0578523                
27.29                    0.057833906              
27.3                     0.057815522              
27.31                    0.05779714               
27.32                    0.057778772              
27.33                    0.05776041               
27.34                    0.057742056              
27.35                    0.057723712              
27.36                    0.057705376              
27.37                    0.057687048              
27.38                    0.05766873               
27.39                    0.05765042               
27.4                     0.05763212               
27.41                    0.057613824              
27.42                    0.05759554               
27.43                    0.057577264              
27.44                    0.057558995              
27.45                    0.057540737              
27.46                    0.057522487              
27.47                    0.057504244              
27.48                    0.05748601               
27.49                    0.057467785              
27.5                     0.057449568              
27.51                    0.05743136               
27.52                    0.057413157              
27.53                    0.057394966              
27.54                    0.057376783              
27.55                    0.057358608              
27.56                    0.057340443              
27.57                    0.057322286              
27.58                    0.057304136              
27.59                    0.057285994              
27.6                     0.057267863              
27.61                    0.057249736              
27.62                    0.05723162               
27.63                    0.057213515              
27.64                    0.057195414              
27.65                    0.057177324              
27.66                    0.05715924               
27.67                    0.057141166              
27.68                    0.057123102              
27.69                    0.057105042              
27.7                     0.057086993              
27.71                    0.057068955              
27.72                    0.05705092               
27.73                    0.057032898              
27.74                    0.057014883              
27.75                    0.056996875              
27.76                    0.056978874              
27.77                    0.056960884              
27.78                    0.0569429                
27.79                    0.056924928              
27.8                     0.05690696               
27.81                    0.056889                 
27.82                    0.056871053              
27.83                    0.05685311               
27.84                    0.05683518               
27.85                    0.056817252              
27.86                    0.056799337              
27.87                    0.056781426              
27.88                    0.056763526              
27.89                    0.056745637              
27.9                     0.056727752              
27.91                    0.056709874              
27.92                    0.056692008              
27.93                    0.05667415               
27.94                    0.056656297              
27.95                    0.056638457              
27.96                    0.05662062               
27.97                    0.056602795              
27.98                    0.056584977              
27.99                    0.056567166              
28.0                     0.056549363              
28.01                    0.05653157               
28.02                    0.056513783              
28.03                    0.056496006              
28.04                    0.056478236              
28.05                    0.056460474              
28.06                    0.056442723              
28.07                    0.056424975              
28.08                    0.05640724               
28.09                    0.05638951               
28.1                     0.05637179               
28.11                    0.056354076              
28.12                    0.05633637               
28.13                    0.056318674              
28.14                    0.056300987              
28.15                    0.056283306              
28.16                    0.056265634              
28.17                    0.05624797               
28.18                    0.05623031               
28.19                    0.056212664              
28.2                     0.05619502               
28.21                    0.05617739               
28.22                    0.056159765              
28.23                    0.056142148              
28.24                    0.056124542              
28.25                    0.05610694               
28.26                    0.05608935               
28.27                    0.056071762              
28.28                    0.056054186              
28.29                    0.056036618              
28.3                     0.056019057              
28.31                    0.056001507              
28.32                    0.05598396               
28.33                    0.055966426              
28.34                    0.055948894              
28.35                    0.055931374              
28.36                    0.05591386               
28.37                    0.055896357              
28.38                    0.05587886               
28.39                    0.055861373              
28.4                     0.05584389               
28.41                    0.055826418              
28.42                    0.05580895               
28.43                    0.055791494              
28.44                    0.055774044              
28.45                    0.055756602              
28.46                    0.055739168              
28.47                    0.05572174               
28.48                    0.055704325              
28.49                    0.055686913              
28.5                     0.055669513              
28.51                    0.055652115              
28.52                    0.05563473               
28.53                    0.05561735               
28.54                    0.05559998               
28.55                    0.055582616              
28.56                    0.05556526               
28.57                    0.055547915              
28.58                    0.055530574              
28.59                    0.055513244              
28.6                     0.055495918              
28.61                    0.055478603              
28.62                    0.05546129               
28.63                    0.05544399               
28.64                    0.0554267                
28.65                    0.055409413              
28.66                    0.055392135              
28.67                    0.05537487               
28.68                    0.055357605              
28.69                    0.05534035               
28.7                     0.055323105              
28.71                    0.055305865              
28.72                    0.055288635              
28.73                    0.05527141               
28.74                    0.055254195              
28.75                    0.055236988              
28.76                    0.055219784              
28.77                    0.055202592              
28.78                    0.055185407              
28.79                    0.05516823               
28.8                     0.05515106               
28.81                    0.0551339                
28.82                    0.055116747              
28.83                    0.0550996                
28.84                    0.05508246               
28.85                    0.05506533               
28.86                    0.055048205              
28.87                    0.05503109               
28.88                    0.05501398               
28.89                    0.05499688               
28.9                     0.05497979               
28.91                    0.054962702              
28.92                    0.054945625              
28.93                    0.054928556              
28.94                    0.05491149               
28.95                    0.054894436              
28.96                    0.05487739               
28.97                    0.05486035               
28.98                    0.054843318              
28.99                    0.054826293              
29.0                     0.054809276              
29.01                    0.054792266              
29.02                    0.054775264              
29.03                    0.05475827               
29.04                    0.054741286              
29.05                    0.054724306              
29.06                    0.054707333              
29.07                    0.05469037               
29.08                    0.05467341               
29.09                    0.054656465              
29.1                     0.054639522              
29.11                    0.054622587              
29.12                    0.05460566               
29.13                    0.054588743              
29.14                    0.05457183               
29.15                    0.054554924              
29.16                    0.05453803               
29.17                    0.05452114               
29.18                    0.05450426               
29.19                    0.054487385              
29.2                     0.054470517              
29.21                    0.05445366               
29.22                    0.054436807              
29.23                    0.05441996               
29.24                    0.054403126              
29.25                    0.054386295              
29.26                    0.054369476              
29.27                    0.05435266               
29.28                    0.05433585               
29.29                    0.054319054              
29.3                     0.05430226               
29.31                    0.054285474              
29.32                    0.0542687                
29.33                    0.054251928              
29.34                    0.054235164              
29.35                    0.054218408              
29.36                    0.054201663              
29.37                    0.05418492               
29.38                    0.054168187              
29.39                    0.05415146               
29.4                     0.05413474               
29.41                    0.05411803               
29.42                    0.05410133               
29.43                    0.054084633              
29.44                    0.054067943              
29.45                    0.05405126               
29.46                    0.054034587              
29.47                    0.05401792               
29.48                    0.05400126               
29.49                    0.053984605              
29.5                     0.05396796               
29.51                    0.053951323              
29.52                    0.053934693              
29.53                    0.05391807               
29.54                    0.053901453              
29.55                    0.053884845              
29.56                    0.05386824               
29.57                    0.05385165               
29.58                    0.05383506               
29.59                    0.053818483              
29.6                     0.05380191               
29.61                    0.053785346              
29.62                    0.053768788              
29.63                    0.053752236              
29.64                    0.053735692              
29.65                    0.053719155              
29.66                    0.053702626              
29.67                    0.053686105              
29.68                    0.05366959               
29.69                    0.053653084              
29.7                     0.053636584              
29.71                    0.05362009               
29.72                    0.053603604              
29.73                    0.053587127              
29.74                    0.053570654              
29.75                    0.053554192              
29.76                    0.053537734              
29.77                    0.053521283              
29.78                    0.05350484               
29.79                    0.053488407              
29.8                     0.05347198               
29.81                    0.053455558              
29.82                    0.053439144              
29.83                    0.053422734              
29.84                    0.053406335              
29.85                    0.053389944              
29.86                    0.053373557              
29.87                    0.05335718               
29.88                    0.053340808              
29.89                    0.053324442              
29.9                     0.05330809               
29.91                    0.053291738              
29.92                    0.053275395              
29.93                    0.05325906               
29.94                    0.053242728              
29.95                    0.053226408              
29.96                    0.053210095              
29.97                    0.053193785              
29.98                    0.053177487              
29.99                    0.053161193              
30.0                     0.053144906              
30.01                    0.053128626              
30.02                    0.053112354              
30.03                    0.05309609               
30.04                    0.053079832              
30.05                    0.05306358               
30.06                    0.053047337              
30.07                    0.053031098              
30.08                    0.05301487               
30.09                    0.052998647              
30.1                     0.05298243               
30.11                    0.052966222              
30.12                    0.05295002               
30.13                    0.052933823              
30.14                    0.052917637              
30.15                    0.052901454              
30.16                    0.052885283              
30.17                    0.052869115              
30.18                    0.052852955              
30.19                    0.0528368                
30.2                     0.052820656              
30.21                    0.052804515              
30.22                    0.052788384              
30.23                    0.052772257              
30.24                    0.05275614               
30.25                    0.05274003               
30.26                    0.052723926              
30.27                    0.052707825              
30.28                    0.052691735              
30.29                    0.052675653              
30.3                     0.052659575              
30.31                    0.052643504              
30.32                    0.052627444              
30.33                    0.05261139               
30.34                    0.052595336              
30.35                    0.052579295              
30.36                    0.05256326               
30.37                    0.05254723               
30.38                    0.05253121               
30.39                    0.052515194              
30.4                     0.052499186              
30.41                    0.052483186              
30.42                    0.05246719               
30.43                    0.052451205              
30.44                    0.052435223              
30.45                    0.05241925               
30.46                    0.052403282              
30.47                    0.052387323              
30.48                    0.05237137               
30.49                    0.052355424              
30.5                     0.052339483              
30.51                    0.05232355               
30.52                    0.052307624              
30.53                    0.052291706              
30.54                    0.052275795              
30.55                    0.05225989               
30.56                    0.05224399               
30.57                    0.052228097              
30.58                    0.052212212              
30.59                    0.052196335              
30.6                     0.05218046               
30.61                    0.0521646                
30.62                    0.05214874               
30.63                    0.05213289               
30.64                    0.052117046              
30.65                    0.052101206              
30.66                    0.052085374              
30.67                    0.052069552              
30.68                    0.052053735              
30.69                    0.052037925              
30.7                     0.052022118              
30.71                    0.052006323              
30.72                    0.05199053               
30.73                    0.051974747              
30.74                    0.05195897               
30.75                    0.051943198              
30.76                    0.051927436              
30.77                    0.05191168               
30.78                    0.051895928              
30.79                    0.051880185              
30.8                     0.051864445              
30.81                    0.051848717              
30.82                    0.051832993              
30.83                    0.051817276              
30.84                    0.051801566              
30.85                    0.05178586               
30.86                    0.051770166              
30.87                    0.051754475              
30.88                    0.05173879               
30.89                    0.05172311               
30.9                     0.051707443              
30.91                    0.051691778              
30.92                    0.05167612               
30.93                    0.05166047               
30.94                    0.05164483               
30.95                    0.05162919               
30.96                    0.051613558              
30.97                    0.051597934              
30.98                    0.051582318              
30.99                    0.051566705              
31.0                     0.0515511                
31.01                    0.051535502              
31.02                    0.05151991               
31.03                    0.05150433               
31.04                    0.05148875               
31.05                    0.051473178              
31.06                    0.051457614              
31.07                    0.051442057              
31.08                    0.051426504              
31.09                    0.05141096               
31.1                     0.05139542               
31.11                    0.05137989               
31.12                    0.051364362              
31.13                    0.051348843              
31.14                    0.05133333               
31.15                    0.051317826              
31.16                    0.051302325              
31.17                    0.05128683               
31.18                    0.051271345              
31.19                    0.051255867              
31.2                     0.051240392              
31.21                    0.051224925              
31.22                    0.051209465              
31.23                    0.051194012              
31.24                    0.051178563              
31.25                    0.051163122              
31.26                    0.05114769               
31.27                    0.05113226               
31.28                    0.05111684               
31.29                    0.051101424              
31.3                     0.051086016              
31.31                    0.051070612              
31.32                    0.051055215              
31.33                    0.051039826              
31.34                    0.051024444              
31.35                    0.05100907               
31.36                    0.0509937                
31.37                    0.050978336              
31.38                    0.050962977              
31.39                    0.05094763               
31.4                     0.050932284              
31.41                    0.050916944              
31.42                    0.050901614              
31.43                    0.05088629               
31.44                    0.05087097               
31.45                    0.05085566               
31.46                    0.05084035               
31.47                    0.050825052              
31.48                    0.05080976               
31.49                    0.050794475              
31.5                     0.050779194              
31.51                    0.05076392               
31.52                    0.050748654              
31.53                    0.05073339               
31.54                    0.050718136              
31.55                    0.05070289               
31.56                    0.050687645              
31.57                    0.05067241               
31.58                    0.05065718               
31.59                    0.050641958              
31.6                     0.05062674               
31.61                    0.05061153               
31.62                    0.050596327              
31.63                    0.050581127              
31.64                    0.050565936              
31.65                    0.05055075               
31.66                    0.050535575              
31.67                    0.0505204                
31.68                    0.050505236              
31.69                    0.050490074              
31.7                     0.050474923              
31.71                    0.050459776              
31.72                    0.050444633              
31.73                    0.050429497              
31.74                    0.05041437               
31.75                    0.050399248              
31.76                    0.050384134              
31.77                    0.050369024              
31.78                    0.05035392               
31.79                    0.050338823              
31.8                     0.050323732              
31.81                    0.05030865               
31.82                    0.05029357               
31.83                    0.050278496              
31.84                    0.05026343               
31.85                    0.05024837               
31.86                    0.05023332               
31.87                    0.05021827               
31.88                    0.05020323               
31.89                    0.050188195              
31.9                     0.050173167              
31.91                    0.050158143              
31.92                    0.050143126              
31.93                    0.050128117              
31.94                    0.050113115              
31.95                    0.050098117              
31.96                    0.050083127              
31.97                    0.05006814               
31.98                    0.05005316               
31.99                    0.05003819               
32.0                     0.05002322               
32.01                    0.050008263              
32.02                    0.049993306              
32.03                    0.04997836               
32.04                    0.04996342               
32.05                    0.04994848               
32.06                    0.049933553              
32.07                    0.04991863               
32.08                    0.04990371               
32.09                    0.0498888                
32.1                     0.049873896              
32.11                    0.049858995              
32.12                    0.049844105              
32.13                    0.049829215              
32.14                    0.049814336              
32.15                    0.04979946               
32.16                    0.049784593              
32.17                    0.04976973               
32.18                    0.049754873              
32.19                    0.049740024              
32.2                     0.049725182              
32.21                    0.049710345              
32.22                    0.04969551               
32.23                    0.049680684              
32.24                    0.049665865              
32.25                    0.049651053              
32.26                    0.049636245              
32.27                    0.049621444              
32.28                    0.049606647              
32.29                    0.049591858              
32.3                     0.049577076              
32.31                    0.049562298              
32.32                    0.049547527              
32.33                    0.049532764              
32.34                    0.049518004              
32.35                    0.04950325               
32.36                    0.049488503              
32.37                    0.049473763              
32.38                    0.049459025              
32.39                    0.0494443                
32.4                     0.049429577              
32.41                    0.04941486               
32.42                    0.049400147              
32.43                    0.049385443              
32.44                    0.049370743              
32.45                    0.04935605               
32.46                    0.049341366              
32.47                    0.049326684              
32.48                    0.049312007              
32.49                    0.04929734               
32.5                     0.049282677              
32.51                    0.04926802               
32.52                    0.049253367              
32.53                    0.049238723              
32.54                    0.049224086              
32.55                    0.04920945               
32.56                    0.049194824              
32.57                    0.049180202              
32.58                    0.049165588              
32.59                    0.049150977              
32.6                     0.049136374              
32.61                    0.04912178               
32.62                    0.049107186              
32.63                    0.049092602              
32.64                    0.04907802               
32.65                    0.049063448              
32.66                    0.04904888               
32.67                    0.049034316              
32.68                    0.04901976               
32.69                    0.04900521               
32.7                     0.048990667              
32.71                    0.04897613               
32.72                    0.048961595              
32.73                    0.04894707               
32.74                    0.04893255               
32.75                    0.048918035              
32.76                    0.048903525              
32.77                    0.048889022              
32.78                    0.048874527              
32.79                    0.048860036              
32.8                     0.04884555               
32.81                    0.04883107               
32.82                    0.048816595              
32.83                    0.04880213               
32.84                    0.04878767               
32.85                    0.04877321               
32.86                    0.04875876               
32.87                    0.048744317              
32.88                    0.048729878              
32.89                    0.048715446              
32.9                     0.048701018              
32.91                    0.048686597              
32.92                    0.04867218               
32.93                    0.04865777               
32.94                    0.04864337               
32.95                    0.04862897               
32.96                    0.04861458               
32.97                    0.048600193              
32.98                    0.048585813              
32.99                    0.048571438              
33.0                     0.04855707               
33.01                    0.048542704              
33.02                    0.048528347              
33.03                    0.048513997              
33.04                    0.04849965               
33.05                    0.048485313              
33.06                    0.048470978              
33.07                    0.04845665               
33.08                    0.048442326              
33.09                    0.04842801               
33.1                     0.048413698              
33.11                    0.048399393              
33.12                    0.048385095              
33.13                    0.0483708                
33.14                    0.04835651               
33.15                    0.048342228              
33.16                    0.048327953              
33.17                    0.04831368               
33.18                    0.048299417              
33.19                    0.048285156              
33.2                     0.048270904              
33.21                    0.048256654              
33.22                    0.048242413              
33.23                    0.04822818               
33.24                    0.048213944              
33.25                    0.04819972               
33.26                    0.0481855                
33.27                    0.048171286              
33.28                    0.048157077              
33.29                    0.048142876              
33.3                     0.04812868               
33.31                    0.04811449               
33.32                    0.048100304              
33.33                    0.048086125              
33.34                    0.04807195               
33.35                    0.048057783              
33.36                    0.04804362               
33.37                    0.048029464              
33.38                    0.04801531               
33.39                    0.048001166              
33.4                     0.047987025              
33.41                    0.04797289               
33.42                    0.04795876               
33.43                    0.04794464               
33.44                    0.04793052               
33.45                    0.04791641               
33.46                    0.047902305              
33.47                    0.0478882                
33.48                    0.047874108              
33.49                    0.04786002               
33.5                     0.047845934              
33.51                    0.047831856              
33.52                    0.047817785              
33.53                    0.047803715              
33.54                    0.047789656              
33.55                    0.0477756                
33.56                    0.04776155               
33.57                    0.047747504              
33.58                    0.047733467              
33.59                    0.047719434              
33.6                     0.047705404              
33.61                    0.047691382              
33.62                    0.047677364              
33.63                    0.047663353              
33.64                    0.04764935               
33.65                    0.04763535               
33.66                    0.047621354              
33.67                    0.047607366              
33.68                    0.04759338               
33.69                    0.047579404              
33.7                     0.047565434              
33.71                    0.047551468              
33.72                    0.047537506              
33.73                    0.04752355               
33.74                    0.0475096                
33.75                    0.047495656              
33.76                    0.047481716              
33.77                    0.047467783              
33.78                    0.047453854              
33.79                    0.047439933              
33.8                     0.047426015              
33.81                    0.047412105              
33.82                    0.0473982                
33.83                    0.0473843                
33.84                    0.047370404              
33.85                    0.047356512              
33.86                    0.04734263               
33.87                    0.04732875               
33.88                    0.04731488               
33.89                    0.04730101               
33.9                     0.047287147              
33.91                    0.047273293              
33.92                    0.047259443              
33.93                    0.047245596              
33.94                    0.047231756              
33.95                    0.04721792               
33.96                    0.047204092              
33.97                    0.047190268              
33.98                    0.04717645               
33.99                    0.047162637              
34.0                     0.04714883               
34.01                    0.04713503               
34.02                    0.04712123               
34.03                    0.04710744               
34.04                    0.047093656              
34.05                    0.047079876              
34.06                    0.0470661                
34.07                    0.04705233               
34.08                    0.047038566              
34.09                    0.04702481               
34.1                     0.047011055              
34.11                    0.04699731               
34.12                    0.046983566              
34.13                    0.046969827              
34.14                    0.046956096              
34.15                    0.046942372              
34.16                    0.04692865               
34.17                    0.046914935              
34.18                    0.046901226              
34.19                    0.04688752               
34.2                     0.046873823              
34.21                    0.04686013               
34.22                    0.04684644               
34.23                    0.046832755              
34.24                    0.04681908               
34.25                    0.046805408              
34.26                    0.04679174               
34.27                    0.04677808               
34.28                    0.046764422              
34.29                    0.04675077               
34.3                     0.046737127              
34.31                    0.046723485              
34.32                    0.04670985               
34.33                    0.04669622               
34.34                    0.046682596              
34.35                    0.046668977              
34.36                    0.046655364              
34.37                    0.046641756              
34.38                    0.046628155              
34.39                    0.046614558              
34.4                     0.046600964              
34.41                    0.046587378              
34.42                    0.046573795              
34.43                    0.04656022               
34.44                    0.04654665               
34.45                    0.04653308               
34.46                    0.04651952               
34.47                    0.046505965              
34.48                    0.046492416              
34.49                    0.04647887               
34.5                     0.046465334              
34.51                    0.0464518                
34.52                    0.04643827               
34.53                    0.046424747              
34.54                    0.046411227              
34.55                    0.046397716              
34.56                    0.046384208              
34.57                    0.046370707              
34.58                    0.04635721               
34.59                    0.046343718              
34.6                     0.046330232              
34.61                    0.04631675               
34.62                    0.046303272              
34.63                    0.0462898                
34.64                    0.04627634               
34.65                    0.046262875              
34.66                    0.04624942               
34.67                    0.04623597               
34.68                    0.046222527              
34.69                    0.046209086              
34.7                     0.046195652              
34.71                    0.046182223              
34.72                    0.0461688                
34.73                    0.046155382              
34.74                    0.046141967              
34.75                    0.04612856               
34.76                    0.046115156              
34.77                    0.04610176               
34.78                    0.046088368              
34.79                    0.04607498               
34.8                     0.046061598              
34.81                    0.04604822               
34.82                    0.046034846              
34.83                    0.04602148               
34.84                    0.04600812               
34.85                    0.045994762              
34.86                    0.045981415              
34.87                    0.045968067              
34.88                    0.045954727              
34.89                    0.04594139               
34.9                     0.04592806               
34.91                    0.045914736              
34.92                    0.045901414              
34.93                    0.0458881                
34.94                    0.04587479               
34.95                    0.045861486              
34.96                    0.045848187              
34.97                    0.04583489               
34.98                    0.045821603              
34.99                    0.04580832               
35.0                     0.04579504               
35.01                    0.045781765              
35.02                    0.045768496              
35.03                    0.045755234              
35.04                    0.045741975              
35.05                    0.04572872               
35.06                    0.045715474              
35.07                    0.04570223               
35.08                    0.04568899               
35.09                    0.04567576               
35.1                     0.04566253               
35.11                    0.045649305              
35.12                    0.045636088              
35.13                    0.045622878              
35.14                    0.045609668              
35.15                    0.045596465              
35.16                    0.04558327               
35.17                    0.045570076              
35.18                    0.045556888              
35.19                    0.045543708              
35.2                     0.04553053               
35.21                    0.04551736               
35.22                    0.04550419               
35.23                    0.04549103               
35.24                    0.04547787               
35.25                    0.04546472               
35.26                    0.045451574              
35.27                    0.04543843               
35.28                    0.045425296              
35.29                    0.045412164              
35.3                     0.045399036              
35.31                    0.045385916              
35.32                    0.0453728                
35.33                    0.04535969               
35.34                    0.04534658               
35.35                    0.04533348               
35.36                    0.045320384              
35.37                    0.045307294              
35.38                    0.045294207              
35.39                    0.045281123              
35.4                     0.045268048              
35.41                    0.045254976              
35.42                    0.04524191               
35.43                    0.04522885               
35.44                    0.045215793              
35.45                    0.045202743              
35.46                    0.045189697              
35.47                    0.045176655              
35.48                    0.045163617              
35.49                    0.045150585              
35.5                     0.04513756               
35.51                    0.04512454               
35.52                    0.045111522              
35.53                    0.04509851               
35.54                    0.045085505              
35.55                    0.045072503              
35.56                    0.045059506              
35.57                    0.045046516              
35.58                    0.04503353               
35.59                    0.045020547              
35.6                     0.045007568              
35.61                    0.044994596              
35.62                    0.044981632              
35.63                    0.04496867               
35.64                    0.04495571               
35.65                    0.04494276               
35.66                    0.044929814              
35.67                    0.044916872              
35.68                    0.044903934              
35.69                    0.044891                 
35.7                     0.044878073              
35.71                    0.04486515               
35.72                    0.044852234              
35.73                    0.044839323              
35.74                    0.044826414              
35.75                    0.04481351               
35.76                    0.044800613              
35.77                    0.04478772               
35.78                    0.04477483               
35.79                    0.04476195               
35.8                     0.04474907               
35.81                    0.044736195              
35.82                    0.04472333               
35.83                    0.044710465              
35.84                    0.044697605              
35.85                    0.044684753              
35.86                    0.044671904              
35.87                    0.04465906               
35.88                    0.04464622               
35.89                    0.044633385              
35.9                     0.044620555              
35.91                    0.044607732              
35.92                    0.04459491               
35.93                    0.044582095              
35.94                    0.044569287              
35.95                    0.04455648               
35.96                    0.04454368               
35.97                    0.044530887              
35.98                    0.044518095              
35.99                    0.04450531               
36.0                     0.044492528              
36.01                    0.04447975               
36.02                    0.04446698               
36.03                    0.044454213              
36.04                    0.044441454              
36.05                    0.044428695              
36.06                    0.044415943              
36.07                    0.044403195              
36.08                    0.044390455              
36.09                    0.044377718              
36.1                     0.044364985              
36.11                    0.044352256              
36.12                    0.044339534              
36.13                    0.044326816              
36.14                    0.0443141                
36.15                    0.04430139               
36.16                    0.044288687              
36.17                    0.044275988              
36.18                    0.044263296              
36.19                    0.044250604              
36.2                     0.04423792               
36.21                    0.044225242              
36.22                    0.044212565              
36.23                    0.044199895              
36.24                    0.04418723               
36.25                    0.044174567              
36.26                    0.044161912              
36.27                    0.04414926               
36.28                    0.044136614              
36.29                    0.044123974              
36.3                     0.044111334              
36.31                    0.0440987                
36.32                    0.044086076              
36.33                    0.04407345               
36.34                    0.044060834              
36.35                    0.04404822               
36.36                    0.044035614              
36.37                    0.044023007              
36.38                    0.04401041               
36.39                    0.043997817              
36.4                     0.043985225              
36.41                    0.04397264               
36.42                    0.04396006               
36.43                    0.043947484              
36.44                    0.043934915              
36.45                    0.04392235               
36.46                    0.043909788              
36.47                    0.04389723               
36.48                    0.04388468               
36.49                    0.04387213               
36.5                     0.04385959               
36.51                    0.04384705               
36.52                    0.04383452               
36.53                    0.04382199               
36.54                    0.043809466              
36.55                    0.043796945              
36.56                    0.043784432              
36.57                    0.043771923              
36.58                    0.043759417              
36.59                    0.04374692               
36.6                     0.04373442               
36.61                    0.04372193               
36.62                    0.043709446              
36.63                    0.043696962              
36.64                    0.043684486              
36.65                    0.043672014              
36.66                    0.043659545              
36.67                    0.043647084              
36.68                    0.043634623              
36.69                    0.04362217               
36.7                     0.043609723              
36.71                    0.043597277              
36.72                    0.04358484               
36.73                    0.043572403              
36.74                    0.043559972              
36.75                    0.04354755               
36.76                    0.043535125              
36.77                    0.043522708              
36.78                    0.0435103                
36.79                    0.04349789               
36.8                     0.04348549               
36.81                    0.04347309               
36.82                    0.043460697              
36.83                    0.043448307              
36.84                    0.043435924              
36.85                    0.043423545              
36.86                    0.04341117               
36.87                    0.043398798              
36.88                    0.043386433              
36.89                    0.043374073              
36.9                     0.043361716              
36.91                    0.043349363              
36.92                    0.043337017              
36.93                    0.04332467               
36.94                    0.043312334              
36.95                    0.043300003              
36.96                    0.043287672              
36.97                    0.04327535               
36.98                    0.04326303               
36.99                    0.043250713              
37.0                     0.0432384                
37.01                    0.043226097              
37.02                    0.043213796              
37.03                    0.0432015                
37.04                    0.043189205              
37.05                    0.04317692               
37.06                    0.043164633              
37.07                    0.043152355              
37.08                    0.04314008               
37.09                    0.043127812              
37.1                     0.043115545              
37.11                    0.043103285              
37.12                    0.04309103               
37.13                    0.04307878               
37.14                    0.04306653               
37.15                    0.04305429               
37.16                    0.043042053              
37.17                    0.04302982               
37.18                    0.04301759               
37.19                    0.043005366              
37.2                     0.042993147              
37.21                    0.04298093               
37.22                    0.04296872               
37.23                    0.042956512              
37.24                    0.042944312              
37.25                    0.042932115              
37.26                    0.042919923              
37.27                    0.042907733              
37.28                    0.04289555               
37.29                    0.04288337               
37.3                     0.042871196              
37.31                    0.042859025              
37.32                    0.042846862              
37.33                    0.0428347                
37.34                    0.042822544              
37.35                    0.04281039               
37.36                    0.042798243              
37.37                    0.0427861                
37.38                    0.042773962              
37.39                    0.04276183               
37.4                     0.0427497                
37.41                    0.042737573              
37.42                    0.04272545               
37.43                    0.042713337              
37.44                    0.042701222              
37.45                    0.042689115              
37.46                    0.04267701               
37.47                    0.042664915              
37.48                    0.04265282               
37.49                    0.04264073               
37.5                     0.042628646              
37.51                    0.042616565              
37.52                    0.042604487              
37.53                    0.042592417              
37.54                    0.042580348              
37.55                    0.042568285              
37.56                    0.042556226              
37.57                    0.042544175              
37.58                    0.042532124              
37.59                    0.04252008               
37.6                     0.042508036              
37.61                    0.042496                 
37.62                    0.04248397               
37.63                    0.04247194               
37.64                    0.04245992               
37.65                    0.0424479                
37.66                    0.042435884              
37.67                    0.042423874              
37.68                    0.04241187               
37.69                    0.04239987               
37.7                     0.042387873              
37.71                    0.04237588               
37.72                    0.042363893              
37.73                    0.04235191               
37.74                    0.04233993               
37.75                    0.042327955              
37.76                    0.042315986              
37.77                    0.042304017              
37.78                    0.04229206               
37.79                    0.0422801                
37.8                     0.042268146              
37.81                    0.0422562                
37.82                    0.042244256              
37.83                    0.042232316              
37.84                    0.04222038               
37.85                    0.042208448              
37.86                    0.04219652               
37.87                    0.0421846                
37.88                    0.04217268               
37.89                    0.042160768              
37.9                     0.04214886               
37.91                    0.042136952              
37.92                    0.042125054              
37.93                    0.042113155              
37.94                    0.042101264              
37.95                    0.042089377              
37.96                    0.042077493              
37.97                    0.042065617              
37.98                    0.04205374               
37.99                    0.04204187               
38.0                     0.042030007              
38.01                    0.042018145              
38.02                    0.042006288              
38.03                    0.041994434              
38.04                    0.041982584              
38.05                    0.04197074               
38.06                    0.041958902              
38.07                    0.041947067              
38.08                    0.041935235              
38.09                    0.041923407              
38.1                     0.041911583              
38.11                    0.041899767              
38.12                    0.041887954              
38.13                    0.041876145              
38.14                    0.04186434               
38.15                    0.041852538              
38.16                    0.04184074               
38.17                    0.041828945              
38.18                    0.04181716               
38.19                    0.041805375              
38.2                     0.041793596              
38.21                    0.04178182               
38.22                    0.04177005               
38.23                    0.04175828               
38.24                    0.04174652               
38.25                    0.04173476               
38.26                    0.041723005              
38.27                    0.041711256              
38.28                    0.04169951               
38.29                    0.04168777               
38.3                     0.041676033              
38.31                    0.0416643                
38.32                    0.04165257               
38.33                    0.041640848              
38.34                    0.04162913               
38.35                    0.041617412              
38.36                    0.0416057                
38.37                    0.041593995              
38.38                    0.04158229               
38.39                    0.041570593              
38.4                     0.041558895              
38.41                    0.041547205              
38.42                    0.04153552               
38.43                    0.04152384               
38.44                    0.04151216               
38.45                    0.041500486              
38.46                    0.04148882               
38.47                    0.041477155              
38.48                    0.04146549               
38.49                    0.041453835              
38.5                     0.041442186              
38.51                    0.041430537              
38.52                    0.04141889               
38.53                    0.041407254              
38.54                    0.041395616              
38.55                    0.041383985              
38.56                    0.04137236               
38.57                    0.041360736              
38.58                    0.041349117              
38.59                    0.0413375                
38.6                     0.041325893              
38.61                    0.041314285              
38.62                    0.041302685              
38.63                    0.041291088              
38.64                    0.041279495              
38.65                    0.041267905              
38.66                    0.04125632               
38.67                    0.041244738              
38.68                    0.04123316               
38.69                    0.04122159               
38.7                     0.04121002               
38.71                    0.041198455              
38.72                    0.041186895              
38.73                    0.04117534               
38.74                    0.041163787              
38.75                    0.04115224               
38.76                    0.041140698              
38.77                    0.041129157              
38.78                    0.041117623              
38.79                    0.04110609               
38.8                     0.041094564              
38.81                    0.04108304               
38.82                    0.041071523              
38.83                    0.041060008              
38.84                    0.041048497              
38.85                    0.041036993              
38.86                    0.04102549               
38.87                    0.041013993              
38.88                    0.041002497              
38.89                    0.04099101               
38.9                     0.040979523              
38.91                    0.040968042              
38.92                    0.040956564              
38.93                    0.04094509               
38.94                    0.040933624              
38.95                    0.040922157              
38.96                    0.0409107                
38.97                    0.04089924               
38.98                    0.040887788              
38.99                    0.04087634               
39.0                     0.040864896              
39.01                    0.040853456              
39.02                    0.04084202               
39.03                    0.040830586              
39.04                    0.040819157              
39.05                    0.040807735              
39.06                    0.040796313              
39.07                    0.0407849                
39.08                    0.04077349               
39.09                    0.04076208               
39.1                     0.040750675              
39.11                    0.040739276              
39.12                    0.040727884              
39.13                    0.04071649               
39.14                    0.040705103              
39.15                    0.04069372               
39.16                    0.040682342              
39.17                    0.040670965              
39.18                    0.040659595              
39.19                    0.04064823               
39.2                     0.040636867              
39.21                    0.04062551               
39.22                    0.040614154              
39.23                    0.040602803              
39.24                    0.040591456              
39.25                    0.040580112              
39.26                    0.040568776              
39.27                    0.04055744               
39.28                    0.04054611               
39.29                    0.040534783              
39.3                     0.040523462              
39.31                    0.040512145              
39.32                    0.04050083               
39.33                    0.04048952               
39.34                    0.040478215              
39.35                    0.040466912              
39.36                    0.040455613              
39.37                    0.04044432               
39.38                    0.04043303               
39.39                    0.040421743              
39.4                     0.040410463              
39.41                    0.040399183              
39.42                    0.04038791               
39.43                    0.04037664               
39.44                    0.04036537               
39.45                    0.04035411               
39.46                    0.040342852              
39.47                    0.0403316                
39.48                    0.04032035               
39.49                    0.040309105              
39.5                     0.040297862              
39.51                    0.040286623              
39.52                    0.04027539               
39.53                    0.04026416               
39.54                    0.040252935              
39.55                    0.040241715              
39.56                    0.040230494              
39.57                    0.04021928               
39.58                    0.04020807               
39.59                    0.040196866              
39.6                     0.040185664              
39.61                    0.040174466              
39.62                    0.04016327               
39.63                    0.04015208               
39.64                    0.040140893              
39.65                    0.040129714              
39.66                    0.040118534              
39.67                    0.040107362              
39.68                    0.04009619               
39.69                    0.040085025              
39.7                     0.04007386               
39.71                    0.040062703              
39.72                    0.04005155               
39.73                    0.0400404                
39.74                    0.04002925               
39.75                    0.040018108              
39.76                    0.04000697               
39.77                    0.039995834              
39.78                    0.039984707              
39.79                    0.03997358               
39.8                     0.039962456              
39.81                    0.039951336              
39.82                    0.039940223              
39.83                    0.03992911               
39.84                    0.039918                 
39.85                    0.0399069                
39.86                    0.0398958                
39.87                    0.039884705              
39.88                    0.039873615              
39.89                    0.039862525              
39.9                     0.039851442              
39.91                    0.039840363              
39.92                    0.039829288              
39.93                    0.039818216              
39.94                    0.03980715               
39.95                    0.039796084              
39.96                    0.039785024              
39.97                    0.039773967              
39.98                    0.039762914              
39.99                    0.039751865              
40.0                     0.039740823              
40.01                    0.03972978               
40.02                    0.039718743              
40.03                    0.039707713              
40.04                    0.039696682              
40.05                    0.03968566               
40.06                    0.039674636              
40.07                    0.03966362               
40.08                    0.039652605              
40.09                    0.039641596              
40.1                     0.039630592              
40.11                    0.039619587              
40.12                    0.03960859               
40.13                    0.039597597              
40.14                    0.039586607              
40.15                    0.03957562               
40.16                    0.039564636              
40.17                    0.039553657              
40.18                    0.039542682              
40.19                    0.03953171               
40.2                     0.039520748              
40.21                    0.039509784              
40.22                    0.039498825              
40.23                    0.03948787               
40.24                    0.039476916              
40.25                    0.039465968              
40.26                    0.039455026              
40.27                    0.039444085              
40.28                    0.039433148              
40.29                    0.039422218              
40.3                     0.039411288              
40.31                    0.03940036               
40.32                    0.039389443              
40.33                    0.039378524              
40.34                    0.039367612              
40.35                    0.0393567                
40.36                    0.039345797              
40.37                    0.039334893              
40.38                    0.039323997              
40.39                    0.039313104              
40.4                     0.03930221               
40.41                    0.039291326              
40.42                    0.039280444              
40.43                    0.039269563              
40.44                    0.03925869               
40.45                    0.03924782               
40.46                    0.03923695               
40.47                    0.03922609               
40.48                    0.039215226              
40.49                    0.03920437               
40.5                     0.03919352               
40.51                    0.03918267               
40.52                    0.039171826              
40.53                    0.039160985              
40.54                    0.03915015               
40.55                    0.039139315              
40.56                    0.039128486              
40.57                    0.03911766               
40.58                    0.03910684               
40.59                    0.03909602               
40.6                     0.039085206              
40.61                    0.039074395              
40.62                    0.039063588              
40.63                    0.039052784              
40.64                    0.039041985              
40.65                    0.03903119               
40.66                    0.0390204                
40.67                    0.039009612              
40.68                    0.038998827              
40.69                    0.038988046              
40.7                     0.03897727               
40.71                    0.038966496              
40.72                    0.038955726              
40.73                    0.038944963              
40.74                    0.0389342                
40.75                    0.038923442              
40.76                    0.038912687              
40.77                    0.03890194               
40.78                    0.038891193              
40.79                    0.03888045               
40.8                     0.03886971               
40.81                    0.038858972              
40.82                    0.038848244              
40.83                    0.038837515              
40.84                    0.03882679               
40.85                    0.03881607               
40.86                    0.038805354              
40.87                    0.03879464               
40.88                    0.03878393               
40.89                    0.038773224              
40.9                     0.038762525              
40.91                    0.038751826              
40.92                    0.03874113               
40.93                    0.03873044               
40.94                    0.038719755              
40.95                    0.03870907               
40.96                    0.03869839               
40.97                    0.038687713              
40.98                    0.038677044              
40.99                    0.038666375              
41.0                     0.03865571               
41.01                    0.038645048              
41.02                    0.03863439               
41.03                    0.03862374               
41.04                    0.03861309               
41.05                    0.03860244               
41.06                    0.0385918                
41.07                    0.03858116               
41.08                    0.038570527              
41.09                    0.038559895              
41.1                     0.038549267              
41.11                    0.038538642              
41.12                    0.03852802               
41.13                    0.038517404              
41.14                    0.03850679               
41.15                    0.03849618               
41.16                    0.038485575              
41.17                    0.038474973              
41.18                    0.038464375              
41.19                    0.038453784              
41.2                     0.038443193              
41.21                    0.0384326                
41.22                    0.03842202               
41.23                    0.03841144               
41.24                    0.038400862              
41.25                    0.03839029               
41.26                    0.03837972               
41.27                    0.038369156              
41.28                    0.038358595              
41.29                    0.038348038              
41.3                     0.038337484              
41.31                    0.03832693               
41.32                    0.038316384              
41.33                    0.03830584               
41.34                    0.038295303              
41.35                    0.038284764              
41.36                    0.038274232              
41.37                    0.038263705              
41.38                    0.038253177              
41.39                    0.038242657              
41.4                     0.03823214               
41.41                    0.038221624              
41.42                    0.038211115              
41.43                    0.038200606              
41.44                    0.038190104              
41.45                    0.038179602              
41.46                    0.03816911               
41.47                    0.038158614              
41.48                    0.038148124              
41.49                    0.03813764               
41.5                     0.038127158              
41.51                    0.03811668               
41.52                    0.038106207              
41.53                    0.038095735              
41.54                    0.038085267              
41.55                    0.038074803              
41.56                    0.038064342              
41.57                    0.038053885              
41.58                    0.038043432              
41.59                    0.038032986              
41.6                     0.03802254               
41.61                    0.038012095              
41.62                    0.038001657              
41.63                    0.037991222              
41.64                    0.03798079               
41.65                    0.037970364              
41.66                    0.03795994               
41.67                    0.037949517              
41.68                    0.0379391                
41.69                    0.03792869               
41.7                     0.037918277              
41.71                    0.037907872              
41.72                    0.03789747               
41.73                    0.03788707               
41.74                    0.037876677              
41.75                    0.037866283              
41.76                    0.037855893              
41.77                    0.03784551               
41.78                    0.03783513               
41.79                    0.03782475               
41.8                     0.037814375              
41.81                    0.037804008              
41.82                    0.03779364               
41.83                    0.037783276              
41.84                    0.037772916              
41.85                    0.03776256               
41.86                    0.037752207              
41.87                    0.03774186               
41.88                    0.03773151               
41.89                    0.03772117               
41.9                     0.03771083               
41.91                    0.037700497              
41.92                    0.037690163              
41.93                    0.037679836              
41.94                    0.03766951               
41.95                    0.03765919               
41.96                    0.03764887               
41.97                    0.03763856               
41.98                    0.03762825               
41.99                    0.03761794               
42.0                     0.037607636              
42.01                    0.03759734               
42.02                    0.037587043              
42.03                    0.03757675               
42.04                    0.03756646               
42.05                    0.037556175              
42.06                    0.037545893              
42.07                    0.03753561               
42.08                    0.037525337              
42.09                    0.037515067              
42.1                     0.0375048                
42.11                    0.037494533              
42.12                    0.037484273              
42.13                    0.037474014              
42.14                    0.037463762              
42.15                    0.03745351               
42.16                    0.03744326               
42.17                    0.03743302               
42.18                    0.03742278               
42.19                    0.037412543              
42.2                     0.03740231               
42.21                    0.03739208               
42.22                    0.037381854              
42.23                    0.03737163               
42.24                    0.037361413              
42.25                    0.037351195              
42.26                    0.037340984              
42.27                    0.037330776              
42.28                    0.03732057               
42.29                    0.03731037               
42.3                     0.03730017               
42.31                    0.037289973              
42.32                    0.037279785              
42.33                    0.037269596              
42.34                    0.03725941               
42.35                    0.03724923               
42.36                    0.037239052              
42.37                    0.03722888               
42.38                    0.03721871               
42.39                    0.037208542              
42.4                     0.037198376              
42.41                    0.037188217              
42.42                    0.037178062              
42.43                    0.037167907              
42.44                    0.03715776               
42.45                    0.03714761               
42.46                    0.037137467              
42.47                    0.037127327              
42.48                    0.037117194              
42.49                    0.03710706               
42.5                     0.037096933              
42.51                    0.037086803              
42.52                    0.03707668               
42.53                    0.037066564              
42.54                    0.03705645               
42.55                    0.037046336              
42.56                    0.03703623               
42.57                    0.037026122              
42.58                    0.037016023              
42.59                    0.037005924              
42.6                     0.03699583               
42.61                    0.036985736              
42.62                    0.03697565               
42.63                    0.036965564              
42.64                    0.036955483              
42.65                    0.036945406              
42.66                    0.036935333              
42.67                    0.03692526               
42.68                    0.036915194              
42.69                    0.03690513               
42.7                     0.03689507               
42.71                    0.036885012              
42.72                    0.036874957              
42.73                    0.036864907              
42.74                    0.03685486               
42.75                    0.036844816              
42.76                    0.036834776              
42.77                    0.03682474               
42.78                    0.036814705              
42.79                    0.036804676              
42.8                     0.036794648              
42.81                    0.036784627              
42.82                    0.036774606              
42.83                    0.03676459               
42.84                    0.03675458               
42.85                    0.03674457               
42.86                    0.036734562              
42.87                    0.036724556              
42.88                    0.036714558              
42.89                    0.036704563              
42.9                     0.036694568              
42.91                    0.03668458               
42.92                    0.036674593              
42.93                    0.036664613              
42.94                    0.036654633              
42.95                    0.036644656              
42.96                    0.036634684              
42.97                    0.036624715              
42.98                    0.03661475               
42.99                    0.036604784              
43.0                     0.036594827              
43.01                    0.036584873              
43.02                    0.03657492               
43.03                    0.03656497               
43.04                    0.036555026              
43.05                    0.036545083              
43.06                    0.036535144              
43.07                    0.03652521               
43.08                    0.036515273              
43.09                    0.036505345              
43.1                     0.03649542               
43.11                    0.036485497              
43.12                    0.03647558               
43.13                    0.036465663              
43.14                    0.03645575               
43.15                    0.03644584               
43.16                    0.036435936              
43.17                    0.036426034              
43.18                    0.036416136              
43.19                    0.03640624               
43.2                     0.036396347              
43.21                    0.03638646               
43.22                    0.036376573              
43.23                    0.03636669               
43.24                    0.036356814              
43.25                    0.03634694               
43.26                    0.036337066              
43.27                    0.036327194              
43.28                    0.03631733               
43.29                    0.03630747               
43.3                     0.03629761               
43.31                    0.036287755              
43.32                    0.0362779                
43.33                    0.03626805               
43.34                    0.036258206              
43.35                    0.036248364              
43.36                    0.036238525              
43.37                    0.03622869               
43.38                    0.036218856              
43.39                    0.03620903               
43.4                     0.0361992                
43.41                    0.036189377              
43.42                    0.036179557              
43.43                    0.03616974               
43.44                    0.03615993               
43.45                    0.03615012               
43.46                    0.036140315              
43.47                    0.03613051               
43.48                    0.036120713              
43.49                    0.036110915              
43.5                     0.03610112               
43.51                    0.03609133               
43.52                    0.036081545              
43.53                    0.036071762              
43.54                    0.036061984              
43.55                    0.03605221               
43.56                    0.036042433              
43.57                    0.03603266               
43.58                    0.036022898              
43.59                    0.036013134              
43.6                     0.036003374              
43.61                    0.035993617              
43.62                    0.03598386               
43.63                    0.03597411               
43.64                    0.035964366              
43.65                    0.03595462               
43.66                    0.03594488               
43.67                    0.03593514               
43.68                    0.035925407              
43.69                    0.035915677              
43.7                     0.03590595               
43.71                    0.035896227              
43.72                    0.035886504              
43.73                    0.035876784              
43.74                    0.035867073              
43.75                    0.03585736               
43.76                    0.035847653              
43.77                    0.03583795               
43.78                    0.035828244              
43.79                    0.035818547              
43.8                     0.03580885               
43.81                    0.03579916               
43.82                    0.03578947               
43.83                    0.035779785              
43.84                    0.035770103              
43.85                    0.035760425              
43.86                    0.035750747              
43.87                    0.035741076              
43.88                    0.035731405              
43.89                    0.035721738              
43.9                     0.035712074              
43.91                    0.035702415              
43.92                    0.03569276               
43.93                    0.035683107              
43.94                    0.035673458              
43.95                    0.03566381               
43.96                    0.035654165              
43.97                    0.035644528              
43.98                    0.03563489               
43.99                    0.035625253              
44.0                     0.035615623              
44.01                    0.035605997              
44.02                    0.03559637               
44.03                    0.035586752              
44.04                    0.035577133              
44.05                    0.03556752               
44.06                    0.035557907              
44.07                    0.0355483                
44.08                    0.035538692              
44.09                    0.035529092              
44.1                     0.035519492              
44.11                    0.035509896              
44.12                    0.035500303              
44.13                    0.035490714              
44.14                    0.03548113               
44.15                    0.035471544              
44.16                    0.035461966              
44.17                    0.03545239               
44.18                    0.035442814              
44.19                    0.035433248              
44.2                     0.035423677              
44.21                    0.035414115              
44.22                    0.035404555              
44.23                    0.035394996              
44.24                    0.03538544               
44.25                    0.035375893              
44.26                    0.035366345              
44.27                    0.035356797              
44.28                    0.035347257              
44.29                    0.03533772               
44.3                     0.035328183              
44.31                    0.03531865               
44.32                    0.03530912               
44.33                    0.035299595              
44.34                    0.035290074              
44.35                    0.035280555              
44.36                    0.035271037              
44.37                    0.035261527              
44.38                    0.035252016              
44.39                    0.03524251               
44.4                     0.035233006              
44.41                    0.035223503              
44.42                    0.035214007              
44.43                    0.03520451               
44.44                    0.035195023              
44.45                    0.035185535              
44.46                    0.03517605               
44.47                    0.035166565              
44.48                    0.03515709               
44.49                    0.03514761               
44.5                     0.03513814               
44.51                    0.03512867               
44.52                    0.035119206              
44.53                    0.035109743              
44.54                    0.03510028               
44.55                    0.035090826              
44.56                    0.03508137               
44.57                    0.03507192               
44.58                    0.035062473              
44.59                    0.03505303               
44.6                     0.03504359               
44.61                    0.035034154              
44.62                    0.035024717              
44.63                    0.035015285              
44.64                    0.035005856              
44.65                    0.03499643               
44.66                    0.03498701               
44.67                    0.03497759               
44.68                    0.034968175              
44.69                    0.03495876               
44.7                     0.03494935               
44.71                    0.034939945              
44.72                    0.034930542              
44.73                    0.03492114               
44.74                    0.03491174               
44.75                    0.03490235               
44.76                    0.034892958              
44.77                    0.03488357               
44.78                    0.034874182              
44.79                    0.034864802              
44.8                     0.03485542               
44.81                    0.034846045              
44.82                    0.034836672              
44.83                    0.034827303              
44.84                    0.034817938              
44.85                    0.034808572              
44.86                    0.034799214              
44.87                    0.034789857              
44.88                    0.034780502              
44.89                    0.03477115               
44.9                     0.0347618                
44.91                    0.03475246               
44.92                    0.034743115              
44.93                    0.034733776              
44.94                    0.03472444               
44.95                    0.03471511               
44.96                    0.03470578               
44.97                    0.034696452              
44.98                    0.034687128              
44.99                    0.034677807              
45.0                     0.03466849               
45.01                    0.034659177              
45.02                    0.034649868              
45.03                    0.034640558              
45.04                    0.034631252              
45.05                    0.03462195               
45.06                    0.034612652              
45.07                    0.034603357              
45.08                    0.034594063              
45.09                    0.03458477               
45.1                     0.034575485              
45.11                    0.0345662                
45.12                    0.03455692               
45.13                    0.034547646              
45.14                    0.03453837               
45.15                    0.034529097              
45.16                    0.03451983               
45.17                    0.034510564              
45.18                    0.034501303              
45.19                    0.034492042              
45.2                     0.034482785              
45.21                    0.03447353               
45.22                    0.03446428               
45.23                    0.034455035              
45.24                    0.03444579               
45.25                    0.03443655               
45.26                    0.03442731               
45.27                    0.034418076              
45.28                    0.034408845              
45.29                    0.034399614              
45.3                     0.03439039               
45.31                    0.034381166              
45.32                    0.034371946              
45.33                    0.03436273               
45.34                    0.034353513              
45.35                    0.034344304              
45.36                    0.034335095              
45.37                    0.03432589               
45.38                    0.03431669               
45.39                    0.03430749               
45.4                     0.034298293              
45.41                    0.034289103              
45.42                    0.034279913              
45.43                    0.034270726              
45.44                    0.03426154               
45.45                    0.03425236               
45.46                    0.03424318               
45.47                    0.034234006              
45.48                    0.034224834              
45.49                    0.034215666              
45.5                     0.0342065                
45.51                    0.034197338              
45.52                    0.034188177              
45.53                    0.03417902               
45.54                    0.034169868              
45.55                    0.034160715              
45.56                    0.03415157               
45.57                    0.034142423              
45.58                    0.03413328               
45.59                    0.034124143              
45.6                     0.034115005              
45.61                    0.034105875              
45.62                    0.034096744              
45.63                    0.034087617              
45.64                    0.03407849               
45.65                    0.03406937               
45.66                    0.03406025               
45.67                    0.03405114               
45.68                    0.034042027              
45.69                    0.034032915              
45.7                     0.03402381               
45.71                    0.034014706              
45.72                    0.034005605              
45.73                    0.033996508              
45.74                    0.033987414              
45.75                    0.033978324              
45.76                    0.033969235              
45.77                    0.03396015               
45.78                    0.033951066              
45.79                    0.033941988              
45.8                     0.03393291               
45.81                    0.03392384               
45.82                    0.033914767              
45.83                    0.0339057                
45.84                    0.033896632              
45.85                    0.033887573              
45.86                    0.033878513              
45.87                    0.033869456              
45.88                    0.033860404              
45.89                    0.033851355              
45.9                     0.033842307              
45.91                    0.03383326               
45.92                    0.03382422               
45.93                    0.033815183              
45.94                    0.03380615               
45.95                    0.033797115              
45.96                    0.033788085              
45.97                    0.03377906               
45.98                    0.033770036              
45.99                    0.033761013              
46.0                     0.033751998              
46.01                    0.033742983              
46.02                    0.03373397               
46.03                    0.03372496               
46.04                    0.033715956              
46.05                    0.033706952              
46.06                    0.03369795               
46.07                    0.033688955              
46.08                    0.033679962              
46.09                    0.03367097               
46.1                     0.03366198               
46.11                    0.033652995              
46.12                    0.033644013              
46.13                    0.03363503               
46.14                    0.033626057              
46.15                    0.033617083              
46.16                    0.033608112              
46.17                    0.033599142              
46.18                    0.03359018               
46.19                    0.033581216              
46.2                     0.033572257              
46.21                    0.0335633                
46.22                    0.033554345              
46.23                    0.033545393              
46.24                    0.033536445              
46.25                    0.0335275                
46.26                    0.03351856               
46.27                    0.03350962               
46.28                    0.033500686              
46.29                    0.033491753              
46.3                     0.03348282               
46.31                    0.033473894              
46.32                    0.03346497               
46.33                    0.033456046              
46.34                    0.033447128              
46.35                    0.033438213              
46.36                    0.0334293                
46.37                    0.033420388              
46.38                    0.03341148               
46.39                    0.033402577              
46.4                     0.033393677              
46.41                    0.033384778              
46.42                    0.03337588               
46.43                    0.03336699               
46.44                    0.033358097              
46.45                    0.033349212              
46.46                    0.033340327              
46.47                    0.033331446              
46.48                    0.033322565              
46.49                    0.03331369               
46.5                     0.033304818              
46.51                    0.033295948              
46.52                    0.033287082              
46.53                    0.033278216              
46.54                    0.033269357              
46.55                    0.0332605                
46.56                    0.03325164               
46.57                    0.03324279               
46.58                    0.033233937              
46.59                    0.033225093              
46.6                     0.033216245              
46.61                    0.033207405              
46.62                    0.033198565              
46.63                    0.033189733              
46.64                    0.0331809                
46.65                    0.033172067              
46.66                    0.033163242              
46.67                    0.033154417              
46.68                    0.033145595              
46.69                    0.033136778              
46.7                     0.03312796               
46.71                    0.03311915               
46.72                    0.03311034               
46.73                    0.033101533              
46.74                    0.033092726              
46.75                    0.033083927              
46.76                    0.033075128              
46.77                    0.03306633               
46.78                    0.033057537              
46.79                    0.033048745              
46.8                     0.03303996               
46.81                    0.033031177              
46.82                    0.033022393              
46.83                    0.033013616              
46.84                    0.03300484               
46.85                    0.032996066              
46.86                    0.032987293              
46.87                    0.032978527              
46.88                    0.03296976               
46.89                    0.032961                 
46.9                     0.03295224               
46.91                    0.032943483              
46.92                    0.032934733              
46.93                    0.032925982              
46.94                    0.03291723               
46.95                    0.032908488              
46.96                    0.032899745              
46.97                    0.032891005              
46.98                    0.03288227               
46.99                    0.032873534              
47.0                     0.032864805              
47.01                    0.032856077              
47.02                    0.03284735               
47.03                    0.032838628              
47.04                    0.032829907              
47.05                    0.03282119               
47.06                    0.032812476              
47.07                    0.032803766              
47.08                    0.032795057              
47.09                    0.03278635               
47.1                     0.03277765               
47.11                    0.032768946              
47.12                    0.032760248              
47.13                    0.032751556              
47.14                    0.03274286               
47.15                    0.032734174              
47.16                    0.032725487              
47.17                    0.032716803              
47.18                    0.032708123              
47.19                    0.032699443              
47.2                     0.03269077               
47.21                    0.0326821                
47.22                    0.032673426              
47.23                    0.03266476               
47.24                    0.032656096              
47.25                    0.032647435              
47.26                    0.032638777              
47.27                    0.03263012               
47.28                    0.03262147               
47.29                    0.03261282               
47.3                     0.03260417               
47.31                    0.032595526              
47.32                    0.032586884              
47.33                    0.032578245              
47.34                    0.03256961               
47.35                    0.032560974              
47.36                    0.032552343              
47.37                    0.032543715              
47.38                    0.03253509               
47.39                    0.032526467              
47.4                     0.032517847              
47.41                    0.03250923               
47.42                    0.032500617              
47.43                    0.032492004              
47.44                    0.032483395              
47.45                    0.03247479               
47.46                    0.032466188              
47.47                    0.032457586              
47.48                    0.03244899               
47.49                    0.032440394              
47.5                     0.0324318                
47.51                    0.032423213              
47.52                    0.032414626              
47.53                    0.03240604               
47.54                    0.03239746               
47.55                    0.03238888               
47.56                    0.032380305              
47.57                    0.032371733              
47.58                    0.03236316               
47.59                    0.032354593              
47.6                     0.03234603               
47.61                    0.032337468              
47.62                    0.032328907              
47.63                    0.03232035               
47.64                    0.032311797              
47.65                    0.032303244              
47.66                    0.032294698              
47.67                    0.032286152              
47.68                    0.032277606              
47.69                    0.032269068              
47.7                     0.03226053               
47.71                    0.032251995              
47.72                    0.032243464              
47.73                    0.032234933              
47.74                    0.032226406              
47.75                    0.032217883              
47.76                    0.03220936               
47.77                    0.032200843              
47.78                    0.032192327              
47.79                    0.032183815              
47.8                     0.032175303              
47.81                    0.032166794              
47.82                    0.03215829               
47.83                    0.032149788              
47.84                    0.032141287              
47.85                    0.03213279               
47.86                    0.032124296              
47.87                    0.032115806              
47.88                    0.032107316              
47.89                    0.03209883               
47.9                     0.032090347              
47.91                    0.032081865              
47.92                    0.032073386              
47.93                    0.03206491               
47.94                    0.03205644               
47.95                    0.03204797               
47.96                    0.032039504              
47.97                    0.032031037              
47.98                    0.032022577              
47.99                    0.032014117              
48.0                     0.03200566               
48.01                    0.031997208              
48.02                    0.031988755              
48.03                    0.031980306              
48.04                    0.03197186               
48.05                    0.03196342               
48.06                    0.031954978              
48.07                    0.03194654               
48.08                    0.031938106              
48.09                    0.03192967               
48.1                     0.03192124               
48.11                    0.031912815              
48.12                    0.031904392              
48.13                    0.03189597               
48.14                    0.03188755               
48.15                    0.031879134              
48.16                    0.031870723              
48.17                    0.03186231               
48.18                    0.031853903              
48.19                    0.031845495              
48.2                     0.031837095              
48.21                    0.031828694              
48.22                    0.031820297              
48.23                    0.0318119                
48.24                    0.031803507              
48.25                    0.031795118              
48.26                    0.031786732              
48.27                    0.031778347              
48.28                    0.031769965              
48.29                    0.031761587              
48.3                     0.03175321               
48.31                    0.031744838              
48.32                    0.031736467              
48.33                    0.031728096              
48.34                    0.031719733              
48.35                    0.03171137               
48.36                    0.031703006              
48.37                    0.03169465               
48.38                    0.031686295              
48.39                    0.031677943              
48.4                     0.03166959               
48.41                    0.031661246              
48.42                    0.0316529                
48.43                    0.03164456               
48.44                    0.03163622               
48.45                    0.031627882              
48.46                    0.03161955               
48.47                    0.031611215              
48.48                    0.03160289               
48.49                    0.031594563              
48.5                     0.031586237              
48.51                    0.03157792               
48.52                    0.0315696                
48.53                    0.031561285              
48.54                    0.03155297               
48.55                    0.03154466               
48.56                    0.031536352              
48.57                    0.03152805               
48.58                    0.031519745              
48.59                    0.031511445              
48.6                     0.03150315               
48.61                    0.031494852              
48.62                    0.03148656               
48.63                    0.03147827               
48.64                    0.031469986              
48.65                    0.0314617                
48.66                    0.03145342               
48.67                    0.031445142              
48.68                    0.031436864              
48.69                    0.03142859               
48.7                     0.03142032               
48.71                    0.03141205               
48.72                    0.031403784              
48.73                    0.03139552               
48.74                    0.031387262              
48.75                    0.031379003              
48.76                    0.031370748              
48.77                    0.031362496              
48.78                    0.031354245              
48.79                    0.031345997              
48.8                     0.031337753              
48.81                    0.03132951               
48.82                    0.03132127               
48.83                    0.031313032              
48.84                    0.0313048                
48.85                    0.031296566              
48.86                    0.031288337              
48.87                    0.031280108              
48.88                    0.031271886              
48.89                    0.031263664              
48.9                     0.031255446              
48.91                    0.031247228              
48.92                    0.031239014              
48.93                    0.031230804              
48.94                    0.031222595              
48.95                    0.031214388              
48.96                    0.031206185              
48.97                    0.031197984              
48.98                    0.031189784              
48.99                    0.031181589              
49.0                     0.031173395              
49.01                    0.031165205              
49.02                    0.031157017              
49.03                    0.03114883               
49.04                    0.031140648              
49.05                    0.031132467              
49.06                    0.03112429               
49.07                    0.031116115              
49.08                    0.031107942              
49.09                    0.031099772              
49.1                     0.031091604              
49.11                    0.03108344               
49.12                    0.031075276              
49.13                    0.031067118              
49.14                    0.03105896               
49.15                    0.031050805              
49.16                    0.031042654              
49.17                    0.031034503              
49.18                    0.031026356              
49.19                    0.031018212              
49.2                     0.03101007               
49.21                    0.031001931              
49.22                    0.030993793              
49.23                    0.030985659              
49.24                    0.030977529              
49.25                    0.030969398              
49.26                    0.030961271              
49.27                    0.030953148              
49.28                    0.030945027              
49.29                    0.030936908              
49.3                     0.03092879               
49.31                    0.030920677              
49.32                    0.030912567              
49.33                    0.030904457              
49.34                    0.03089635               
49.35                    0.030888248              
49.36                    0.030880146              
49.37                    0.030872047              
49.38                    0.030863952              
49.39                    0.030855859              
49.4                     0.030847767              
49.41                    0.030839678              
49.42                    0.030831592              
49.43                    0.03082351               
49.44                    0.030815428              
49.45                    0.03080735               
49.46                    0.030799273              
49.47                    0.0307912                
49.48                    0.03078313               
49.49                    0.030775063              
49.5                     0.030766996              
49.51                    0.030758934              
49.52                    0.030750873              
49.53                    0.030742815              
49.54                    0.030734759              
49.55                    0.030726707              
49.56                    0.030718654              
49.57                    0.030710608              
49.58                    0.030702561              
49.59                    0.030694518              
49.6                     0.030686479              
49.61                    0.03067844               
49.62                    0.030670404              
49.63                    0.030662373              
49.64                    0.030654341              
49.65                    0.030646313              
49.66                    0.030638289              
49.67                    0.030630264              
49.68                    0.030622244              
49.69                    0.030614227              
49.7                     0.030606212              
49.71                    0.030598199              
49.72                    0.030590188              
49.73                    0.03058218               
49.74                    0.030574175              
49.75                    0.030566173              
49.76                    0.03055817               
49.77                    0.030550174              
49.78                    0.030542178              
49.79                    0.030534185              
49.8                     0.030526195              
49.81                    0.030518208              
49.82                    0.030510223              
49.83                    0.03050224               
49.84                    0.030494258              
49.85                    0.03048628               
49.86                    0.030478304              
49.87                    0.030470332              
49.88                    0.030462362              
49.89                    0.030454393              
49.9                     0.030446429              
49.91                    0.030438466              
49.92                    0.030430505              
49.93                    0.030422546              
49.94                    0.03041459               
49.95                    0.030406637              
49.96                    0.030398687              
49.97                    0.03039074               
49.98                    0.030382793              
49.99                    0.030374851              
50.0                     0.03036691               
50.01                    0.030358972              
50.02                    0.030351035              
50.03                    0.030343102              
50.04                    0.030335171              
50.05                    0.030327244              
50.06                    0.030319318              
50.07                    0.030311394              
50.08                    0.030303473              
50.09                    0.030295555              
50.1                     0.030287638              
50.11                    0.030279726              
50.12                    0.030271813              
50.13                    0.030263904              
50.14                    0.030256                 
50.15                    0.030248096              
50.16                    0.030240195              
50.17                    0.030232295              
50.18                    0.0302244                
50.19                    0.030216506              
50.2                     0.030208614              
50.21                    0.030200725              
50.22                    0.030192839              
50.23                    0.030184954              
50.24                    0.030177074              
50.25                    0.030169195              
50.26                    0.030161317              
50.27                    0.030153442              
50.28                    0.03014557               
50.29                    0.030137701              
50.3                     0.030129835              
50.31                    0.03012197               
50.32                    0.030114109              
50.33                    0.030106248              
50.34                    0.030098392              
50.35                    0.030090537              
50.36                    0.030082684              
50.37                    0.030074835              
50.38                    0.030066987              
50.39                    0.030059142              
50.4                     0.0300513                
50.41                    0.03004346               
50.42                    0.030035622              
50.43                    0.030027786              
50.44                    0.030019954              
50.45                    0.030012123              
50.46                    0.030004296              
50.47                    0.02999647               
50.48                    0.029988647              
50.49                    0.029980827              
50.5                     0.029973008              
50.51                    0.029965192              
50.52                    0.02995738               
50.53                    0.029949568              
50.54                    0.02994176               
50.55                    0.029933954              
50.56                    0.02992615               
50.57                    0.029918348              
50.58                    0.02991055               
50.59                    0.029902754              
50.6                     0.02989496               
50.61                    0.029887168              
50.62                    0.029879378              
50.63                    0.029871592              
50.64                    0.029863808              
50.65                    0.029856026              
50.66                    0.029848246              
50.67                    0.02984047               
50.68                    0.029832695              
50.69                    0.029824922              
50.7                     0.029817153              
50.71                    0.029809386              
50.72                    0.02980162               
50.73                    0.029793857              
50.74                    0.029786097              
50.75                    0.029778339              
50.76                    0.029770583              
50.77                    0.02976283               
50.78                    0.02975508               
50.79                    0.029747332              
50.8                     0.029739585              
50.81                    0.029731842              
50.82                    0.0297241                
50.83                    0.029716361              
50.84                    0.029708626              
50.85                    0.029700892              
50.86                    0.02969316               
50.87                    0.02968543               
50.88                    0.029677704              
50.89                    0.02966998               
50.9                     0.029662257              
50.91                    0.029654538              
50.92                    0.029646821              
50.93                    0.029639106              
50.94                    0.029631393              
50.95                    0.029623684              
50.96                    0.029615976              
50.97                    0.02960827               
50.98                    0.029600568              
50.99                    0.029592868              
51.0                     0.02958517               
51.01                    0.029577473              
51.02                    0.02956978               
51.03                    0.02956209               
51.04                    0.0295544                
51.05                    0.029546713              
51.06                    0.02953903               
51.07                    0.029531348              
51.08                    0.029523669              
51.09                    0.029515993              
51.1                     0.029508319              
51.11                    0.029500647              
51.12                    0.029492976              
51.13                    0.02948531               
51.14                    0.029477645              
51.15                    0.029469982              
51.16                    0.02946232               
51.17                    0.029454663              
51.18                    0.029447008              
51.19                    0.029439354              
51.2                     0.029431704              
51.21                    0.029424056              
51.22                    0.02941641               
51.23                    0.029408766              
51.24                    0.029401124              
51.25                    0.029393485              
51.26                    0.029385848              
51.27                    0.029378215              
51.28                    0.029370582              
51.29                    0.029362952              
51.3                     0.029355325              
51.31                    0.029347701              
51.32                    0.029340079              
51.33                    0.029332457              
51.34                    0.02932484               
51.35                    0.029317224              
51.36                    0.029309612              
51.37                    0.029302001              
51.38                    0.029294392              
51.39                    0.029286785              
51.4                     0.029279182              
51.41                    0.02927158               
51.42                    0.02926398               
51.43                    0.029256385              
51.44                    0.02924879               
51.45                    0.029241199              
51.46                    0.029233608              
51.47                    0.02922602               
51.48                    0.029218435              
51.49                    0.029210852              
51.5                     0.029203271              
51.51                    0.029195694              
51.52                    0.029188119              
51.53                    0.029180545              
51.54                    0.029172974              
51.55                    0.029165406              
51.56                    0.029157838              
51.57                    0.029150274              
51.58                    0.029142713              
51.59                    0.029135153              
51.6                     0.029127596              
51.61                    0.029120041              
51.62                    0.029112488              
51.63                    0.029104939              
51.64                    0.02909739               
51.65                    0.029089844              
51.66                    0.029082302              
51.67                    0.02907476               
51.68                    0.029067222              
51.69                    0.029059686              
51.7                     0.029052151              
51.71                    0.029044619              
51.72                    0.02903709               
51.73                    0.029029563              
51.74                    0.029022038              
51.75                    0.029014517              
51.76                    0.029006995              
51.77                    0.028999478              
51.78                    0.028991962              
51.79                    0.02898445               
51.8                     0.028976938              
51.81                    0.02896943               
51.82                    0.028961923              
51.83                    0.028954418              
51.84                    0.028946918              
51.85                    0.028939418              
51.86                    0.028931921              
51.87                    0.028924426              
51.88                    0.028916933              
51.89                    0.028909443              
51.9                     0.028901955              
51.91                    0.02889447               
51.92                    0.028886987              
51.93                    0.028879505              
51.94                    0.028872026              
51.95                    0.02886455               
51.96                    0.028857075              
51.97                    0.028849604              
51.98                    0.028842134              
51.99                    0.028834667              
52.0                     0.028827202              
52.01                    0.028819738              
52.02                    0.028812278              
52.03                    0.02880482               
52.04                    0.028797364              
52.05                    0.028789911              
52.06                    0.028782459              
52.07                    0.02877501               
52.08                    0.028767563              
52.09                    0.028760118              
52.1                     0.028752677              
52.11                    0.028745236              
52.12                    0.028737798              
52.13                    0.028730363              
52.14                    0.02872293               
52.15                    0.028715499              
52.16                    0.02870807               
52.17                    0.028700644              
52.18                    0.02869322               
52.19                    0.028685799              
52.2                     0.02867838               
52.21                    0.028670961              
52.22                    0.028663548              
52.23                    0.028656134              
52.24                    0.028648723              
52.25                    0.028641315              
52.26                    0.02863391               
52.27                    0.028626505              
52.28                    0.028619105              
52.29                    0.028611705              
52.3                     0.028604308              
52.31                    0.028596913              
52.32                    0.02858952               
52.33                    0.028582131              
52.34                    0.028574744              
52.35                    0.028567357              
52.36                    0.028559975              
52.37                    0.028552594              
52.38                    0.028545214              
52.39                    0.028537838              
52.4                     0.028530464              
52.41                    0.028523091              
52.42                    0.02851572               
52.43                    0.028508354              
52.44                    0.02850099               
52.45                    0.028493626              
52.46                    0.028486265              
52.47                    0.028478906              
52.48                    0.02847155               
52.49                    0.028464196              
52.5                     0.028456844              
52.51                    0.028449494              
52.52                    0.028442146              
52.53                    0.028434802              
52.54                    0.02842746               
52.55                    0.028420119              
52.56                    0.02841278               
52.57                    0.028405443              
52.58                    0.02839811               
52.59                    0.028390778              
52.6                     0.028383449              
52.61                    0.028376121              
52.62                    0.028368795              
52.63                    0.028361473              
52.64                    0.028354153              
52.65                    0.028346835              
52.66                    0.028339518              
52.67                    0.028332204              
52.68                    0.028324893              
52.69                    0.028317584              
52.7                     0.028310275              
52.71                    0.028302971              
52.72                    0.028295668              
52.73                    0.028288368              
52.74                    0.028281068              
52.75                    0.028273772              
52.76                    0.028266478              
52.77                    0.028259188              
52.78                    0.028251898              
52.79                    0.02824461               
52.8                     0.028237326              
52.81                    0.028230043              
52.82                    0.028222762              
52.83                    0.028215485              
52.84                    0.028208207              
52.85                    0.028200934              
52.86                    0.028193662              
52.87                    0.028186392              
52.88                    0.028179126              
52.89                    0.02817186               
52.9                     0.028164597              
52.91                    0.028157337              
52.92                    0.028150078              
52.93                    0.028142821              
52.94                    0.028135568              
52.95                    0.028128315              
52.96                    0.028121065              
52.97                    0.028113818              
52.98                    0.028106574              
52.99                    0.02809933               
53.0                     0.02809209               
53.01                    0.02808485               
53.02                    0.028077614              
53.03                    0.028070379              
53.04                    0.028063148              
53.05                    0.028055917              
53.06                    0.02804869               
53.07                    0.028041465              
53.08                    0.028034242              
53.09                    0.02802702               
53.1                     0.0280198                
53.11                    0.028012585              
53.12                    0.02800537               
53.13                    0.027998157              
53.14                    0.027990948              
53.15                    0.02798374               
53.16                    0.027976533              
53.17                    0.02796933               
53.18                    0.02796213               
53.19                    0.027954929              
53.2                     0.027947733              
53.21                    0.027940538              
53.22                    0.027933344              
53.23                    0.027926154              
53.24                    0.027918966              
53.25                    0.02791178               
53.26                    0.027904596              
53.27                    0.027897414              
53.28                    0.027890235              
53.29                    0.027883057              
53.3                     0.027875882              
53.31                    0.027868709              
53.32                    0.027861537              
53.33                    0.027854368              
53.34                    0.027847202              
53.35                    0.027840037              
53.36                    0.027832875              
53.37                    0.027825715              
53.38                    0.027818557              
53.39                    0.027811402              
53.4                     0.027804248              
53.41                    0.027797097              
53.42                    0.027789947              
53.43                    0.0277828                
53.44                    0.027775656              
53.45                    0.027768513              
53.46                    0.027761372              
53.47                    0.027754234              
53.48                    0.027747098              
53.49                    0.027739963              
53.5                     0.02773283               
53.51                    0.027725702              
53.52                    0.027718574              
53.53                    0.02771145               
53.54                    0.027704325              
53.55                    0.027697204              
53.56                    0.027690085              
53.57                    0.027682967              
53.58                    0.027675854              
53.59                    0.02766874               
53.6                     0.02766163               
53.61                    0.027654521              
53.62                    0.027647415              
53.63                    0.027640311              
53.64                    0.02763321               
53.65                    0.02762611               
53.66                    0.027619014              
53.67                    0.027611917              
53.68                    0.027604824              
53.69                    0.027597733              
53.7                     0.027590644              
53.71                    0.027583556              
53.72                    0.027576473              
53.73                    0.027569389              
53.74                    0.027562309              
53.75                    0.027555231              
53.76                    0.027548155              
53.77                    0.02754108               
53.78                    0.02753401               
53.79                    0.02752694               
53.8                     0.027519872              
53.81                    0.027512806              
53.82                    0.027505742              
53.83                    0.027498681              
53.84                    0.027491622              
53.85                    0.027484566              
53.86                    0.02747751               
53.87                    0.027470458              
53.88                    0.027463408              
53.89                    0.02745636               
53.9                     0.027449314              
53.91                    0.027442269              
53.92                    0.027435226              
53.93                    0.027428187              
53.94                    0.027421148              
53.95                    0.027414113              
53.96                    0.02740708               
53.97                    0.027400048              
53.98                    0.027393019              
53.99                    0.027385991              
54.0                     0.027378967              
54.01                    0.027371943              
54.02                    0.027364923              
54.03                    0.027357904              
54.04                    0.027350888              
54.05                    0.027343873              
54.06                    0.02733686               
54.07                    0.02732985               
54.08                    0.027322842              
54.09                    0.027315835              
54.1                     0.027308831              
54.11                    0.02730183               
54.12                    0.02729483               
54.13                    0.027287832              
54.14                    0.027280837              
54.15                    0.027273843              
54.16                    0.027266853              
54.17                    0.027259862              
54.18                    0.027252875              
54.19                    0.02724589               
54.2                     0.027238907              
54.21                    0.027231926              
54.22                    0.027224949              
54.23                    0.027217971              
54.24                    0.027210997              
54.25                    0.027204024              
54.26                    0.027197054              
54.27                    0.027190086              
54.28                    0.02718312               
54.29                    0.027176155              
54.3                     0.027169194              
54.31                    0.027162233              
54.32                    0.027155276              
54.33                    0.02714832               
54.34                    0.027141366              
54.35                    0.027134415              
54.36                    0.027127465              
54.37                    0.027120518              
54.38                    0.027113574              
54.39                    0.02710663               
54.4                     0.02709969               
54.41                    0.02709275               
54.42                    0.027085813              
54.43                    0.027078878              
54.44                    0.027071945              
54.45                    0.027065014              
54.46                    0.027058087              
54.47                    0.02705116               
54.48                    0.027044235              
54.49                    0.027037313              
54.5                     0.027030393              
54.51                    0.027023476              
54.52                    0.02701656               
54.53                    0.027009645              
54.54                    0.027002733              
54.55                    0.026995823              
54.56                    0.026988914              
54.57                    0.02698201               
54.58                    0.026975106              
54.59                    0.026968203              
54.6                     0.026961304              
54.61                    0.026954407              
54.62                    0.026947511              
54.63                    0.026940618              
54.64                    0.026933728              
54.65                    0.026926838              
54.66                    0.026919952              
54.67                    0.026913065              
54.68                    0.026906183              
54.69                    0.026899302              
54.7                     0.026892424              
54.71                    0.026885547              
54.72                    0.026878672              
54.73                    0.026871799              
54.74                    0.02686493               
54.75                    0.02685806               
54.76                    0.026851194              
54.77                    0.026844328              
54.78                    0.026837466              
54.79                    0.026830606              
54.8                     0.026823748              
54.81                    0.026816892              
54.82                    0.026810037              
54.83                    0.026803186              
54.84                    0.026796335              
54.85                    0.026789488              
54.86                    0.026782641              
54.87                    0.026775798              
54.88                    0.026768956              
54.89                    0.026762117              
54.9                     0.026755279              
54.91                    0.026748443              
54.92                    0.026741609              
54.93                    0.026734777              
54.94                    0.026727948              
54.95                    0.02672112               
54.96                    0.026714295              
54.97                    0.026707472              
54.98                    0.02670065               
54.99                    0.02669383               
55.0                     0.026687013              
55.01                    0.026680198              
55.02                    0.026673384              
55.03                    0.026666574              
55.04                    0.026659764              
55.05                    0.026652956              
55.06                    0.026646152              
55.07                    0.02663935               
55.08                    0.026632547              
55.09                    0.026625749              
55.1                     0.026618952              
55.11                    0.026612157              
55.12                    0.026605364              
55.13                    0.026598573              
55.14                    0.026591785              
55.15                    0.026584998              
55.16                    0.026578212              
55.17                    0.02657143               
55.18                    0.02656465               
55.19                    0.02655787               
55.2                     0.026551094              
55.21                    0.02654432               
55.22                    0.026537547              
55.23                    0.026530776              
55.24                    0.026524007              
55.25                    0.02651724               
55.26                    0.026510477              
55.27                    0.026503714              
55.28                    0.026496954              
55.29                    0.026490195              
55.3                     0.026483439              
55.31                    0.026476685              
55.32                    0.026469931              
55.33                    0.02646318               
55.34                    0.026456432              
55.35                    0.026449686              
55.36                    0.026442941              
55.37                    0.0264362                
55.38                    0.02642946               
55.39                    0.02642272               
55.4                     0.026415985              
55.41                    0.02640925               
55.42                    0.026402518              
55.43                    0.026395788              
55.44                    0.026389059              
55.45                    0.026382333              
55.46                    0.026375609              
55.47                    0.026368886              
55.48                    0.026362166              
55.49                    0.026355447              
55.5                     0.026348732              
55.51                    0.026342018              
55.52                    0.026335305              
55.53                    0.026328595              
55.54                    0.026321886              
55.55                    0.02631518               
55.56                    0.026308475              
55.57                    0.026301773              
55.58                    0.026295073              
55.59                    0.026288375              
55.6                     0.026281679              
55.61                    0.026274985              
55.62                    0.026268292              
55.63                    0.026261602              
55.64                    0.026254913              
55.65                    0.026248228              
55.66                    0.026241543              
55.67                    0.026234861              
55.68                    0.02622818               
55.69                    0.026221503              
55.7                     0.026214825              
55.71                    0.026208151              
55.72                    0.02620148               
55.73                    0.026194809              
55.74                    0.026188139              
55.75                    0.026181472              
55.76                    0.026174808              
55.77                    0.026168147              
55.78                    0.026161486              
55.79                    0.026154827              
55.8                     0.02614817               
55.81                    0.026141517              
55.82                    0.026134863              
55.83                    0.026128214              
55.84                    0.026121564              
55.85                    0.026114918              
55.86                    0.026108272              
55.87                    0.02610163               
55.88                    0.02609499               
55.89                    0.026088351              
55.9                     0.026081715              
55.91                    0.02607508               
55.92                    0.026068447              
55.93                    0.026061816              
55.94                    0.026055187              
55.95                    0.02604856               
55.96                    0.026041934              
55.97                    0.026035313              
55.98                    0.02602869               
55.99                    0.026022071              
56.0                     0.026015455              
56.01                    0.026008839              
56.02                    0.026002226              
56.03                    0.025995616              
56.04                    0.025989005              
56.05                    0.025982399              
56.06                    0.025975794              
56.07                    0.02596919               
56.08                    0.02596259               
56.09                    0.02595599               
56.1                     0.025949392              
56.11                    0.025942797              
56.12                    0.025936203              
56.13                    0.025929611              
56.14                    0.025923021              
56.15                    0.025916435              
56.16                    0.025909849              
56.17                    0.025903264              
56.18                    0.025896683              
56.19                    0.025890103              
56.2                     0.025883526              
56.21                    0.025876949              
56.22                    0.025870375              
56.23                    0.025863802              
56.24                    0.025857233              
56.25                    0.025850665              
56.26                    0.025844099              
56.27                    0.025837535              
56.28                    0.025830971              
56.29                    0.02582441               
56.3                     0.025817852              
56.31                    0.025811296              
56.32                    0.025804741              
56.33                    0.02579819               
56.34                    0.02579164               
56.35                    0.02578509               
56.36                    0.025778543              
56.37                    0.025771998              
56.38                    0.025765456              
56.39                    0.025758915              
56.4                     0.025752375              
56.41                    0.025745839              
56.42                    0.025739303              
56.43                    0.02573277               
56.44                    0.025726238              
56.45                    0.02571971               
56.46                    0.025713183              
56.47                    0.025706656              
56.48                    0.025700133              
56.49                    0.025693612              
56.5                     0.025687091              
56.51                    0.025680574              
56.52                    0.025674058              
56.53                    0.025667544              
56.54                    0.025661033              
56.55                    0.025654523              
56.56                    0.025648015              
56.57                    0.025641508              
56.58                    0.025635004              
56.59                    0.025628502              
56.6                     0.025622                 
56.61                    0.025615502              
56.62                    0.025609007              
56.63                    0.025602512              
56.64                    0.025596019              
56.65                    0.025589528              
56.66                    0.02558304               
56.67                    0.025576552              
56.68                    0.025570067              
56.69                    0.025563585              
56.7                     0.025557103              
56.71                    0.025550624              
56.72                    0.025544146              
56.73                    0.025537672              
56.74                    0.025531197              
56.75                    0.025524726              
56.76                    0.025518255              
56.77                    0.025511788              
56.78                    0.025505323              
56.79                    0.025498858              
56.8                     0.025492396              
56.81                    0.025485937              
56.82                    0.025479477              
56.83                    0.025473021              
56.84                    0.025466567              
56.85                    0.025460115              
56.86                    0.025453664              
56.87                    0.025447216              
56.88                    0.025440767              
56.89                    0.025434323              
56.9                     0.02542788               
56.91                    0.025421439              
56.92                    0.025415                 
56.93                    0.025408562              
56.94                    0.025402127              
56.95                    0.025395693              
56.96                    0.025389262              
56.97                    0.025382832              
56.98                    0.025376406              
56.99                    0.02536998               
57.0                     0.025363555              
57.01                    0.025357133              
57.02                    0.025350712              
57.03                    0.025344294              
57.04                    0.025337879              
57.05                    0.025331464              
57.06                    0.02532505               
57.07                    0.02531864               
57.08                    0.02531223               
57.09                    0.025305824              
57.1                     0.025299419              
57.11                    0.025293015              
57.12                    0.025286615              
57.13                    0.025280215              
57.14                    0.025273817              
57.15                    0.025267422              
57.16                    0.025261028              
57.17                    0.025254637              
57.18                    0.025248246              
57.19                    0.025241857              
57.2                     0.025235472              
57.21                    0.025229087              
57.22                    0.025222706              
57.23                    0.025216324              
57.24                    0.025209947              
57.25                    0.025203569              
57.26                    0.025197193              
57.27                    0.02519082               
57.28                    0.025184449              
57.29                    0.02517808               
57.3                     0.025171712              
57.31                    0.025165347              
57.32                    0.025158985              
57.33                    0.025152622              
57.34                    0.025146263              
57.35                    0.025139904              
57.36                    0.025133548              
57.37                    0.025127193              
57.38                    0.025120841              
57.39                    0.02511449               
57.4                     0.025108142              
57.41                    0.025101794              
57.42                    0.02509545               
57.43                    0.025089107              
57.44                    0.025082765              
57.45                    0.025076427              
57.46                    0.025070088              
57.47                    0.025063753              
57.48                    0.025057418              
57.49                    0.025051087              
57.5                     0.025044758              
57.51                    0.025038429              
57.52                    0.025032103              
57.53                    0.025025778              
57.54                    0.025019456              
57.55                    0.025013134              
57.56                    0.025006816              
57.57                    0.0250005                
57.58                    0.024994183              
57.59                    0.02498787               
57.6                     0.024981558              
57.61                    0.02497525               
57.62                    0.02496894               
57.63                    0.024962636              
57.64                    0.024956333              
57.65                    0.02495003               
57.66                    0.02494373               
57.67                    0.02493743               
57.68                    0.024931135              
57.69                    0.024924839              
57.7                     0.024918547              
57.71                    0.024912255              
57.72                    0.024905967              
57.73                    0.024899678              
57.74                    0.024893394              
57.75                    0.02488711               
57.76                    0.024880828              
57.77                    0.024874547              
57.78                    0.024868269              
57.79                    0.024861993              
57.8                     0.024855718              
57.81                    0.024849446              
57.82                    0.024843175              
57.83                    0.024836905              
57.84                    0.02483064               
57.85                    0.024824373              
57.86                    0.02481811               
57.87                    0.024811849              
57.88                    0.024805589              
57.89                    0.02479933               
57.9                     0.024793075              
57.91                    0.02478682               
57.92                    0.024780568              
57.93                    0.024774319              
57.94                    0.02476807               
57.95                    0.024761822              
57.96                    0.024755577              
57.97                    0.024749333              
57.98                    0.024743093              
57.99                    0.024736853              
58.0                     0.024730615              
58.01                    0.02472438               
58.02                    0.024718145              
58.03                    0.024711912              
58.04                    0.024705682              
58.05                    0.024699453              
58.06                    0.024693226              
58.07                    0.024687001              
58.08                    0.024680778              
58.09                    0.024674557              
58.1                     0.024668338              
58.11                    0.02466212               
58.12                    0.024655905              
58.13                    0.02464969               
58.14                    0.024643479              
58.15                    0.024637267              
58.16                    0.024631059              
58.17                    0.024624852              
58.18                    0.024618648              
58.19                    0.024612444              
58.2                     0.024606243              
58.21                    0.024600044              
58.22                    0.024593847              
58.23                    0.02458765               
58.24                    0.024581457              
58.25                    0.024575263              
58.26                    0.024569074              
58.27                    0.024562884              
58.28                    0.024556698              
58.29                    0.024550512              
58.3                     0.02454433               
58.31                    0.024538148              
58.32                    0.02453197               
58.33                    0.024525791              
58.34                    0.024519615              
58.35                    0.024513442              
58.36                    0.02450727               
58.37                    0.024501098              
58.38                    0.02449493               
58.39                    0.024488764              
58.4                     0.024482599              
58.41                    0.024476435              
58.42                    0.024470273              
58.43                    0.024464114              
58.44                    0.024457956              
58.45                    0.0244518                
58.46                    0.024445646              
58.47                    0.024439493              
58.48                    0.024433343              
58.49                    0.024427192              
58.5                     0.024421046              
58.51                    0.0244149                
58.52                    0.024408758              
58.53                    0.024402617              
58.54                    0.024396475              
58.55                    0.024390338              
58.56                    0.0243842                
58.57                    0.024378067              
58.58                    0.024371935              
58.59                    0.024365803              
58.6                     0.024359673              
58.61                    0.024353547              
58.62                    0.02434742               
58.63                    0.024341298              
58.64                    0.024335176              
58.65                    0.024329055              
58.66                    0.024322936              
58.67                    0.02431682               
58.68                    0.024310706              
58.69                    0.024304593              
58.7                     0.024298482              
58.71                    0.024292372              
58.72                    0.024286265              
58.73                    0.024280159              
58.74                    0.024274055              
58.75                    0.024267951              
58.76                    0.02426185               
58.77                    0.024255753              
58.78                    0.024249656              
58.79                    0.02424356               
58.8                     0.024237467              
58.81                    0.024231374              
58.82                    0.024225285              
58.83                    0.024219196              
58.84                    0.024213111              
58.85                    0.024207026              
58.86                    0.024200944              
58.87                    0.024194863              
58.88                    0.024188783              
58.89                    0.024182705              
58.9                     0.02417663               
58.91                    0.024170557              
58.92                    0.024164485              
58.93                    0.024158414              
58.94                    0.024152346              
58.95                    0.024146277              
58.96                    0.024140213              
58.97                    0.02413415               
58.98                    0.024128089              
58.99                    0.02412203               
59.0                     0.02411597               
59.01                    0.024109915              
59.02                    0.02410386               
59.03                    0.024097808              
59.04                    0.024091756              
59.05                    0.024085708              
59.06                    0.02407966               
59.07                    0.024073614              
59.08                    0.024067571              
59.09                    0.024061529              
59.1                     0.024055488              
59.11                    0.02404945               
59.12                    0.024043413              
59.13                    0.024037378              
59.14                    0.024031345              
59.15                    0.024025314              
59.16                    0.024019282              
59.17                    0.024013255              
59.18                    0.02400723               
59.19                    0.024001203              
59.2                     0.023995182              
59.21                    0.02398916               
59.22                    0.023983141              
59.23                    0.023977123              
59.24                    0.023971107              
59.25                    0.023965094              
59.26                    0.023959082              
59.27                    0.02395307               
59.28                    0.023947062              
59.29                    0.023941055              
59.3                     0.02393505               
59.31                    0.023929046              
59.32                    0.023923045              
59.33                    0.023917045              
59.34                    0.023911046              
59.35                    0.02390505               
59.36                    0.023899054              
59.37                    0.023893062              
59.38                    0.02388707               
59.39                    0.023881081              
59.4                     0.023875093              
59.41                    0.023869107              
59.42                    0.023863124              
59.43                    0.02385714               
59.44                    0.02385116               
59.45                    0.02384518               
59.46                    0.023839204              
59.47                    0.023833226              
59.48                    0.023827253              
59.49                    0.023821281              
59.5                     0.023815311              
59.51                    0.023809342              
59.52                    0.023803376              
59.53                    0.02379741               
59.54                    0.023791447              
59.55                    0.023785485              
59.56                    0.023779524              
59.57                    0.023773566              
59.58                    0.02376761               
59.59                    0.023761654              
59.6                     0.023755701              
59.61                    0.02374975               
59.62                    0.0237438                
59.63                    0.023737853              
59.64                    0.023731906              
59.65                    0.023725962              
59.66                    0.02372002               
59.67                    0.023714079              
59.68                    0.023708139              
59.69                    0.023702202              
59.7                     0.023696266              
59.71                    0.023690332              
59.72                    0.0236844                
59.73                    0.023678469              
59.74                    0.02367254               
59.75                    0.023666613              
59.76                    0.023660688              
59.77                    0.023654763              
59.78                    0.023648841              
59.79                    0.023642922              
59.8                     0.023637002              
59.81                    0.023631085              
59.82                    0.02362517               
59.83                    0.023619257              
59.84                    0.023613345              
59.85                    0.023607435              
59.86                    0.023601526              
59.87                    0.02359562               
59.88                    0.023589715              
59.89                    0.023583813              
59.9                     0.02357791               
59.91                    0.02357201               
59.92                    0.023566112              
59.93                    0.023560217              
59.94                    0.023554321              
59.95                    0.02354843               
59.96                    0.023542538              
59.97                    0.023536649              
59.98                    0.02353076               
59.99                    0.023524875              
60.0                     0.02351899               
60.01                    0.023513107              
60.02                    0.023507226              
60.03                    0.023501348              
60.04                    0.02349547               
60.05                    0.023489594              
60.06                    0.02348372               
60.07                    0.023477847              
60.08                    0.023471976              
60.09                    0.023466107              
60.1                     0.02346024               
60.11                    0.023454374              
60.12                    0.02344851               
60.13                    0.023442648              
60.14                    0.023436788              
60.15                    0.023430929              
60.16                    0.023425072              
60.17                    0.023419216              
60.18                    0.023413362              
60.19                    0.02340751               
60.2                     0.023401659              
60.21                    0.023395812              
60.22                    0.023389963              
60.23                    0.023384118              
60.24                    0.023378275              
60.25                    0.023372434              
60.26                    0.023366593              
60.27                    0.023360755              
60.28                    0.023354918              
60.29                    0.023349082              
60.3                     0.02334325               
60.31                    0.023337418              
60.32                    0.023331588              
60.33                    0.02332576               
60.34                    0.023319932              
60.35                    0.023314107              
60.36                    0.023308285              
60.37                    0.023302462              
60.38                    0.023296643              
60.39                    0.023290824              
60.4                     0.023285007              
60.41                    0.023279192              
60.42                    0.023273379              
60.43                    0.023267567              
60.44                    0.023261758              
60.45                    0.02325595               
60.46                    0.023250144              
60.47                    0.023244338              
60.48                    0.023238536              
60.49                    0.023232734              
60.5                     0.023226934              
60.51                    0.023221135              
60.52                    0.023215339              
60.53                    0.023209544              
60.54                    0.023203751              
60.55                    0.02319796               
60.56                    0.023192171              
60.57                    0.023186382              
60.58                    0.023180597              
60.59                    0.023174811              
60.6                     0.023169028              
60.61                    0.023163246              
60.62                    0.023157466              
60.63                    0.023151688              
60.64                    0.023145912              
60.65                    0.023140138              
60.66                    0.023134366              
60.67                    0.023128593              
60.68                    0.023122823              
60.69                    0.023117056              
60.7                     0.02311129               
60.71                    0.023105524              
60.72                    0.023099761              
60.73                    0.023094                 
60.74                    0.023088241              
60.75                    0.023082482              
60.76                    0.023076726              
60.77                    0.02307097               
60.78                    0.023065219              
60.79                    0.023059467              
60.8                     0.023053717              
60.81                    0.023047969              
60.82                    0.023042222              
60.83                    0.023036478              
60.84                    0.023030734              
60.85                    0.023024993              
60.86                    0.023019254              
60.87                    0.023013515              
60.88                    0.023007778              
60.89                    0.023002043              
60.9                     0.02299631               
60.91                    0.022990579              
60.92                    0.02298485               
60.93                    0.022979122              
60.94                    0.022973394              
60.95                    0.02296767               
60.96                    0.022961946              
60.97                    0.022956224              
60.98                    0.022950504              
60.99                    0.022944786              
61.0                     0.02293907               
61.01                    0.022933355              
61.02                    0.022927642              
61.03                    0.02292193               
61.04                    0.02291622               
61.05                    0.022910511              
61.06                    0.022904804              
61.07                    0.022899099              
61.08                    0.022893395              
61.09                    0.022887694              
61.1                     0.022881994              
61.11                    0.022876294              
61.12                    0.022870598              
61.13                    0.022864902              
61.14                    0.02285921               
61.15                    0.022853518              
61.16                    0.022847828              
61.17                    0.022842139              
61.18                    0.02283645               
61.19                    0.022830766              
61.2                     0.022825083              
61.21                    0.0228194                
61.22                    0.022813719              
61.23                    0.02280804               
61.24                    0.022802364              
61.25                    0.022796687              
61.26                    0.022791013              
61.27                    0.022785341              
61.28                    0.02277967               
61.29                    0.022774002              
61.3                     0.022768334              
61.31                    0.022762667              
61.32                    0.022757003              
61.33                    0.02275134               
61.34                    0.02274568               
61.35                    0.022740021              
61.36                    0.022734363              
61.37                    0.022728708              
61.38                    0.022723053              
61.39                    0.0227174                
61.4                     0.022711748              
61.41                    0.022706099              
61.42                    0.022700451              
61.43                    0.022694806              
61.44                    0.02268916               
61.45                    0.022683518              
61.46                    0.022677876              
61.47                    0.022672236              
61.48                    0.022666598              
61.49                    0.022660961              
61.5                     0.022655327              
61.51                    0.022649694              
61.52                    0.022644062              
61.53                    0.02263843               
61.54                    0.022632804              
61.55                    0.022627177              
61.56                    0.022621552              
61.57                    0.022615928              
61.58                    0.022610305              
61.59                    0.022604685              
61.6                     0.022599066              
61.61                    0.02259345               
61.62                    0.022587834              
61.63                    0.02258222               
61.64                    0.022576608              
61.65                    0.022570997              
61.66                    0.022565387              
61.67                    0.02255978               
61.68                    0.022554174              
61.69                    0.022548571              
61.7                     0.022542968              
61.71                    0.022537367              
61.72                    0.022531768              
61.73                    0.02252617               
61.74                    0.022520574              
61.75                    0.022514978              
61.76                    0.022509387              
61.77                    0.022503795              
61.78                    0.022498205              
61.79                    0.022492617              
61.8                     0.02248703               
61.81                    0.022481445              
61.82                    0.022475861              
61.83                    0.02247028               
61.84                    0.0224647                
61.85                    0.022459121              
61.86                    0.022453545              
61.87                    0.02244797               
61.88                    0.022442395              
61.89                    0.022436824              
61.9                     0.022431253              
61.91                    0.022425683              
61.92                    0.022420116              
61.93                    0.02241455               
61.94                    0.022408986              
61.95                    0.022403425              
61.96                    0.022397863              
61.97                    0.022392305              
61.98                    0.022386746              
61.99                    0.02238119               
62.0                     0.022375636              
62.01                    0.022370081              
62.02                    0.02236453               
62.03                    0.022358982              
62.04                    0.022353433              
62.05                    0.022347886              
62.06                    0.022342341              
62.07                    0.022336798              
62.08                    0.022331256              
62.09                    0.022325715              
62.1                     0.022320177              
62.11                    0.02231464               
62.12                    0.022309104              
62.13                    0.02230357               
62.14                    0.022298038              
62.15                    0.022292508              
62.16                    0.022286978              
62.17                    0.022281451              
62.18                    0.022275925              
62.19                    0.0222704                
62.2                     0.022264877              
62.21                    0.022259356              
62.22                    0.022253837              
62.23                    0.022248318              
62.24                    0.022242803              
62.25                    0.022237288              
62.26                    0.022231774              
62.27                    0.022226263              
62.28                    0.022220753              
62.29                    0.022215243              
62.3                     0.022209737              
62.31                    0.022204231              
62.32                    0.022198727              
62.33                    0.022193225              
62.34                    0.022187725              
62.35                    0.022182226              
62.36                    0.022176728              
62.37                    0.022171231              
62.38                    0.022165738              
62.39                    0.022160245              
62.4                     0.022154754              
62.41                    0.022149263              
62.42                    0.022143776              
62.43                    0.022138288              
62.44                    0.022132805              
62.45                    0.022127321              
62.46                    0.02212184               
62.47                    0.02211636               
62.48                    0.02211088               
62.49                    0.022105403              
62.5                     0.022099927              
62.51                    0.022094453              
62.52                    0.02208898               
62.53                    0.02208351               
62.54                    0.022078041              
62.55                    0.022072572              
62.56                    0.022067107              
62.57                    0.022061642              
62.58                    0.02205618               
62.59                    0.022050718              
62.6                     0.022045258              
62.61                    0.022039799              
62.62                    0.022034343              
62.63                    0.022028888              
62.64                    0.022023434              
62.65                    0.022017982              
62.66                    0.022012532              
62.67                    0.022007082              
62.68                    0.022001635              
62.69                    0.021996189              
62.7                     0.021990744              
62.71                    0.021985302              
62.72                    0.021979861              
62.73                    0.021974422              
62.74                    0.021968983              
62.75                    0.021963546              
62.76                    0.02195811               
62.77                    0.021952678              
62.78                    0.021947246              
62.79                    0.021941816              
62.8                     0.021936387              
62.81                    0.02193096               
62.82                    0.021925535              
62.83                    0.021920111              
62.84                    0.021914687              
62.85                    0.021909267              
62.86                    0.021903846              
62.87                    0.02189843               
62.88                    0.021893013              
62.89                    0.021887599              
62.9                     0.021882184              
62.91                    0.021876773              
62.92                    0.021871362              
62.93                    0.021865955              
62.94                    0.021860547              
62.95                    0.021855142              
62.96                    0.021849737              
62.97                    0.021844335              
62.98                    0.021838933              
62.99                    0.021833535              
63.0                     0.021828137              
63.01                    0.021822741              
63.02                    0.021817345              
63.03                    0.021811953              
63.04                    0.02180656               
63.05                    0.02180117               
63.06                    0.021795781              
63.07                    0.021790395              
63.08                    0.02178501               
63.09                    0.021779625              
63.1                     0.021774244              
63.11                    0.021768862              
63.12                    0.021763483              
63.13                    0.021758106              
63.14                    0.021752728              
63.15                    0.021747354              
63.16                    0.02174198               
63.17                    0.021736609              
63.18                    0.021731239              
63.19                    0.02172587               
63.2                     0.021720503              
63.21                    0.021715138              
63.22                    0.021709774              
63.23                    0.021704411              
63.24                    0.02169905               
63.25                    0.02169369               
63.26                    0.021688333              
63.27                    0.021682976              
63.28                    0.02167762               
63.29                    0.021672267              
63.3                     0.021666916              
63.31                    0.021661565              
63.32                    0.021656217              
63.33                    0.02165087               
63.34                    0.021645524              
63.35                    0.02164018               
63.36                    0.021634836              
63.37                    0.021629496              
63.38                    0.021624155              
63.39                    0.021618817              
63.4                     0.02161348               
63.41                    0.021608146              
63.42                    0.021602813              
63.43                    0.02159748               
63.44                    0.02159215               
63.45                    0.02158682               
63.46                    0.021581493              
63.47                    0.021576168              
63.48                    0.021570843              
63.49                    0.02156552               
63.5                     0.021560198              
63.51                    0.021554878              
63.52                    0.02154956               
63.53                    0.021544244              
63.54                    0.021538928              
63.55                    0.021533614              
63.56                    0.021528302              
63.57                    0.021522991              
63.58                    0.021517681              
63.59                    0.021512374              
63.6                     0.021507068              
63.61                    0.021501763              
63.62                    0.02149646               
63.63                    0.021491157              
63.64                    0.021485858              
63.65                    0.021480558              
63.66                    0.021475261              
63.67                    0.021469966              
63.68                    0.021464672              
63.69                    0.021459378              
63.7                     0.021454088              
63.71                    0.021448798              
63.72                    0.02144351               
63.73                    0.021438222              
63.74                    0.021432938              
63.75                    0.021427654              
63.76                    0.021422371              
63.77                    0.02141709               
63.78                    0.021411812              
63.79                    0.021406535              
63.8                     0.021401258              
63.81                    0.021395983              
63.82                    0.02139071               
63.83                    0.021385439              
63.84                    0.02138017               
63.85                    0.0213749                
63.86                    0.021369632              
63.87                    0.021364367              
63.88                    0.021359103              
63.89                    0.02135384               
63.9                     0.021348579              
63.91                    0.021343319              
63.92                    0.02133806               
63.93                    0.021332804              
63.94                    0.02132755               
63.95                    0.021322295              
63.96                    0.021317042              
63.97                    0.021311792              
63.98                    0.021306543              
63.99                    0.021301296              
64.0                     0.021296049              
64.01                    0.021290805              
64.02                    0.021285562              
64.03                    0.021280318              
64.04                    0.021275079              
64.05                    0.021269841              
64.06                    0.021264603              
64.07                    0.021259367              
64.08                    0.021254133              
64.09                    0.0212489                
64.1                     0.02124367               
64.11                    0.021238439              
64.12                    0.02123321               
64.13                    0.021227984              
64.14                    0.021222757              
64.15                    0.021217534              
64.16                    0.021212311              
64.17                    0.02120709               
64.18                    0.021201871              
64.19                    0.021196652              
64.2                     0.021191437              
64.21                    0.021186221              
64.22                    0.021181008              
64.23                    0.021175796              
64.24                    0.021170584              
64.25                    0.021165377              
64.26                    0.021160169              
64.27                    0.021154962              
64.28                    0.021149756              
64.29                    0.021144554              
64.3                     0.021139352              
64.31                    0.021134151              
64.32                    0.021128953              
64.33                    0.021123756              
64.34                    0.02111856               
64.35                    0.021113366              
64.36                    0.021108173              
64.37                    0.021102982              
64.38                    0.02109779               
64.39                    0.021092603              
64.4                     0.021087416              
64.41                    0.02108223               
64.42                    0.021077046              
64.43                    0.021071864              
64.44                    0.021066682              
64.45                    0.021061502              
64.46                    0.021056324              
64.47                    0.021051148              
64.48                    0.021045974              
64.49                    0.0210408                
64.5                     0.021035627              
64.51                    0.021030456              
64.52                    0.021025287              
64.53                    0.021020118              
64.54                    0.021014951              
64.55                    0.021009786              
64.56                    0.021004623              
64.57                    0.020999461              
64.58                    0.0209943                
64.59                    0.020989142              
64.6                     0.020983985              
64.61                    0.020978827              
64.62                    0.020973673              
64.63                    0.02096852               
64.64                    0.020963367              
64.65                    0.020958217              
64.66                    0.020953069              
64.67                    0.02094792               
64.68                    0.020942776              
64.69                    0.02093763               
64.7                     0.020932488              
64.71                    0.020927345              
64.72                    0.020922206              
64.73                    0.020917067              
64.74                    0.02091193               
64.75                    0.020906793              
64.76                    0.02090166               
64.77                    0.020896526              
64.78                    0.020891394              
64.79                    0.020886265              
64.8                     0.020881137              
64.81                    0.020876009              
64.82                    0.020870883              
64.83                    0.020865759              
64.84                    0.020860637              
64.85                    0.020855516              
64.86                    0.020850396              
64.87                    0.020845277              
64.88                    0.02084016               
64.89                    0.020835044              
64.9                     0.02082993               
64.91                    0.020824818              
64.92                    0.020819707              
64.93                    0.020814598              
64.94                    0.020809488              
64.95                    0.020804383              
64.96                    0.020799277              
64.97                    0.020794174              
64.98                    0.02078907               
64.99                    0.02078397               
65.0                     0.02077887               
65.01                    0.020773772              
65.02                    0.020768674              
65.03                    0.02076358               
65.04                    0.020758485              
65.05                    0.020753393              
65.06                    0.020748302              
65.07                    0.020743214              
65.08                    0.020738125              
65.09                    0.020733038              
65.1                     0.020727953              
65.11                    0.02072287               
65.12                    0.020717787              
65.13                    0.020712705              
65.14                    0.020707626              
65.15                    0.020702548              
65.16                    0.020697473              
65.17                    0.020692397              
65.18                    0.020687323              
65.19                    0.020682251              
65.2                     0.020677181              
65.21                    0.02067211               
65.22                    0.020667043              
65.23                    0.020661976              
65.24                    0.020656912              
65.25                    0.020651847              
65.26                    0.020646784              
65.27                    0.020641724              
65.28                    0.020636665              
65.29                    0.020631608              
65.3                     0.02062655               
65.31                    0.020621495              
65.32                    0.020616442              
65.33                    0.020611389              
65.34                    0.020606339              
65.35                    0.02060129               
65.36                    0.020596242              
65.37                    0.020591194              
65.38                    0.02058615               
65.39                    0.020581106              
65.4                     0.020576064              
65.41                    0.020571023              
65.42                    0.020565983              
65.43                    0.020560946              
65.44                    0.02055591               
65.45                    0.020550873              
65.46                    0.02054584               
65.47                    0.020540807              
65.48                    0.020535776              
65.49                    0.020530747              
65.5                     0.02052572               
65.51                    0.020520693              
65.52                    0.020515667              
65.53                    0.020510644              
65.54                    0.020505622              
65.55                    0.0205006                
65.56                    0.02049558               
65.57                    0.020490563              
65.58                    0.020485546              
65.59                    0.02048053               
65.6                     0.020475516              
65.61                    0.020470504              
65.62                    0.020465493              
65.63                    0.020460483              
65.64                    0.020455476              
65.65                    0.02045047               
65.66                    0.020445462              
65.67                    0.02044046               
65.68                    0.020435456              
65.69                    0.020430455              
65.7                     0.020425456              
65.71                    0.020420458              
65.72                    0.02041546               
65.73                    0.020410465              
65.74                    0.020405471              
65.75                    0.020400478              
65.76                    0.020395488              
65.77                    0.020390498              
65.78                    0.020385507              
65.79                    0.020380521              
65.8                     0.020375535              
65.81                    0.020370552              
65.82                    0.020365568              
65.83                    0.020360587              
65.84                    0.020355606              
65.85                    0.020350628              
65.86                    0.02034565               
65.87                    0.020340675              
65.88                    0.0203357                
65.89                    0.020330727              
65.9                     0.020325756              
65.91                    0.020320786              
65.92                    0.020315817              
65.93                    0.020310849              
65.94                    0.020305883              
65.95                    0.02030092               
65.96                    0.020295955              
65.97                    0.020290993              
65.98                    0.020286033              
65.99                    0.020281075              
66.0                     0.020276116              
66.01                    0.02027116               
66.02                    0.020266205              
66.03                    0.020261252              
66.04                    0.0202563                
66.05                    0.020251349              
66.06                    0.0202464                
66.07                    0.020241452              
66.08                    0.020236505              
66.09                    0.02023156               
66.1                     0.020226616              
66.11                    0.020221675              
66.12                    0.020216733              
66.13                    0.020211793              
66.14                    0.020206856              
66.15                    0.02020192               
66.16                    0.020196984              
66.17                    0.02019205               
66.18                    0.020187117              
66.19                    0.020182187              
66.2                     0.020177256              
66.21                    0.020172328              
66.22                    0.020167401              
66.23                    0.020162474              
66.24                    0.020157551              
66.25                    0.020152628              
66.26                    0.020147707              
66.27                    0.020142786              
66.28                    0.020137867              
66.29                    0.02013295               
66.3                     0.020128034              
66.31                    0.02012312               
66.32                    0.020118207              
66.33                    0.020113295              
66.34                    0.020108385              
66.35                    0.020103475              
66.36                    0.020098567              
66.37                    0.02009366               
66.38                    0.020088756              
66.39                    0.020083852              
66.4                     0.020078951              
66.41                    0.02007405               
66.42                    0.02006915               
66.43                    0.020064253              
66.44                    0.020059356              
66.45                    0.020054461              
66.46                    0.020049566              
66.47                    0.020044675              
66.48                    0.020039784              
66.49                    0.020034894              
66.5                     0.020030005              
66.51                    0.020025117              
66.52                    0.020020232              
66.53                    0.020015348              
66.54                    0.020010466              
66.55                    0.020005584              
66.56                    0.020000704              
66.57                    0.019995825              
66.58                    0.019990947              
66.59                    0.01998607               
66.6                     0.019981196              
66.61                    0.019976323              
66.62                    0.01997145               
66.63                    0.019966582              
66.64                    0.019961711              
66.65                    0.019956844              
66.66                    0.019951977              
66.67                    0.019947112              
66.68                    0.019942248              
66.69                    0.019937387              
66.7                     0.019932525              
66.71                    0.019927666              
66.72                    0.019922808              
66.73                    0.01991795               
66.74                    0.019913096              
66.75                    0.01990824               
66.76                    0.019903388              
66.77                    0.019898538              
66.78                    0.019893687              
66.79                    0.019888839              
66.8                     0.01988399               
66.81                    0.019879144              
66.82                    0.019874299              
66.83                    0.019869456              
66.84                    0.019864615              
66.85                    0.019859774              
66.86                    0.019854935              
66.87                    0.019850098              
66.88                    0.01984526               
66.89                    0.019840425              
66.9                     0.019835591              
66.91                    0.01983076               
66.92                    0.019825928              
66.93                    0.019821098              
66.94                    0.01981627               
66.95                    0.019811444              
66.96                    0.019806618              
66.97                    0.019801794              
66.98                    0.01979697               
66.99                    0.019792149              
67.0                     0.019787328              
67.01                    0.01978251               
67.02                    0.019777693              
67.03                    0.019772876              
67.04                    0.019768061              
67.05                    0.019763248              
67.06                    0.019758435              
67.07                    0.019753626              
67.08                    0.019748814              
67.09                    0.019744007              
67.1                     0.019739201              
67.11                    0.019734396              
67.12                    0.019729592              
67.13                    0.019724788              
67.14                    0.019719986              
67.15                    0.019715186              
67.16                    0.019710388              
67.17                    0.019705592              
67.18                    0.019700795              
67.19                    0.019696001              
67.2                     0.019691207              
67.21                    0.019686416              
67.22                    0.019681625              
67.23                    0.019676836              
67.24                    0.019672047              
67.25                    0.01966726               
67.26                    0.019662475              
67.27                    0.019657692              
67.28                    0.019652909              
67.29                    0.01964813               
67.3                     0.019643348              
67.31                    0.01963857               
67.32                    0.019633792              
67.33                    0.019629017              
67.34                    0.019624243              
67.35                    0.019619469              
67.36                    0.019614697              
67.37                    0.019609926              
67.38                    0.019605158              
67.39                    0.01960039               
67.4                     0.019595623              
67.41                    0.019590858              
67.42                    0.019586094              
67.43                    0.019581333              
67.44                    0.01957657               
67.45                    0.019571811              
67.46                    0.019567052              
67.47                    0.019562295              
67.48                    0.01955754               
67.49                    0.019552786              
67.5                     0.019548032              
67.51                    0.01954328               
67.52                    0.01953853               
67.53                    0.01953378               
67.54                    0.019529033              
67.55                    0.019524286              
67.56                    0.019519541              
67.57                    0.019514797              
67.58                    0.019510055              
67.59                    0.019505313              
67.6                     0.019500574              
67.61                    0.019495836              
67.62                    0.019491097              
67.63                    0.019486362              
67.64                    0.019481627              
67.65                    0.019476894              
67.66                    0.019472161              
67.67                    0.019467432              
67.68                    0.019462703              
67.69                    0.019457974              
67.7                     0.019453248              
67.71                    0.019448522              
67.72                    0.019443799              
67.73                    0.019439075              
67.74                    0.019434355              
67.75                    0.019429633              
67.76                    0.019424915              
67.77                    0.0194202                
67.78                    0.019415483              
67.79                    0.019410767              
67.8                     0.019406054              
67.81                    0.019401342              
67.82                    0.019396631              
67.83                    0.019391922              
67.84                    0.019387214              
67.85                    0.019382507              
67.86                    0.019377802              
67.87                    0.019373097              
67.88                    0.019368393              
67.89                    0.019363692              
67.9                     0.019358993              
67.91                    0.019354293              
67.92                    0.019349596              
67.93                    0.0193449                
67.94                    0.019340204              
67.95                    0.01933551               
67.96                    0.019330818              
67.97                    0.019326126              
67.98                    0.019321438              
67.99                    0.01931675               
68.0                     0.019312061              
68.01                    0.019307375              
68.02                    0.01930269               
68.03                    0.019298008              
68.04                    0.019293327              
68.05                    0.019288646              
68.06                    0.019283967              
68.07                    0.019279288              
68.08                    0.019274611              
68.09                    0.019269936              
68.1                     0.019265262              
68.11                    0.019260589              
68.12                    0.019255918              
68.13                    0.019251248              
68.14                    0.019246578              
68.15                    0.01924191               
68.16                    0.019237245              
68.17                    0.01923258               
68.18                    0.019227916              
68.19                    0.019223254              
68.2                     0.019218594              
68.21                    0.019213933              
68.22                    0.019209275              
68.23                    0.019204618              
68.24                    0.019199962              
68.25                    0.019195307              
68.26                    0.019190654              
68.27                    0.019186003              
68.28                    0.019181352              
68.29                    0.019176703              
68.3                     0.019172054              
68.31                    0.019167408              
68.32                    0.019162763              
68.33                    0.019158117              
68.34                    0.019153476              
68.35                    0.019148834              
68.36                    0.019144192              
68.37                    0.019139554              
68.38                    0.019134916              
68.39                    0.01913028               
68.4                     0.019125646              
68.41                    0.019121012              
68.42                    0.01911638               
68.43                    0.019111747              
68.44                    0.019107118              
68.45                    0.01910249               
68.46                    0.01909786               
68.47                    0.019093236              
68.48                    0.019088611              
68.49                    0.019083988              
68.5                     0.019079365              
68.51                    0.019074744              
68.52                    0.019070124              
68.53                    0.019065507              
68.54                    0.01906089               
68.55                    0.019056274              
68.56                    0.01905166               
68.57                    0.019047046              
68.58                    0.019042434              
68.59                    0.019037824              
68.6                     0.019033214              
68.61                    0.019028606              
68.62                    0.019024                 
68.63                    0.019019393              
68.64                    0.01901479               
68.65                    0.019010186              
68.66                    0.019005585              
68.67                    0.019000985              
68.68                    0.018996386              
68.69                    0.018991789              
68.7                     0.018987192              
68.71                    0.018982597              
68.72                    0.018978003              
68.73                    0.01897341               
68.74                    0.018968819              
68.75                    0.01896423               
68.76                    0.01895964               
68.77                    0.018955052              
68.78                    0.018950466              
68.79                    0.01894588               
68.8                     0.018941296              
68.81                    0.018936714              
68.82                    0.018932134              
68.83                    0.018927554              
68.84                    0.018922975              
68.85                    0.018918399              
68.86                    0.018913822              
68.87                    0.018909248              
68.88                    0.018904673              
68.89                    0.018900102              
68.9                     0.018895531              
68.91                    0.01889096               
68.92                    0.018886393              
68.93                    0.018881826              
68.94                    0.018877259              
68.95                    0.018872695              
68.96                    0.018868132              
68.97                    0.01886357               
68.98                    0.018859008              
68.99                    0.018854449              
69.0                     0.01884989               
69.01                    0.018845335              
69.02                    0.018840779              
69.03                    0.018836224              
69.04                    0.01883167               
69.05                    0.018827118              
69.06                    0.018822568              
69.07                    0.018818019              
69.08                    0.01881347               
69.09                    0.018808924              
69.1                     0.018804379              
69.11                    0.018799834              
69.12                    0.018795291              
69.13                    0.01879075               
69.14                    0.018786209              
69.15                    0.01878167               
69.16                    0.018777132              
69.17                    0.018772595              
69.18                    0.01876806               
69.19                    0.018763525              
69.2                     0.018758992              
69.21                    0.01875446               
69.22                    0.01874993               
69.23                    0.0187454                
69.24                    0.018740872              
69.25                    0.018736346              
69.26                    0.018731821              
69.27                    0.018727297              
69.28                    0.018722774              
69.29                    0.018718252              
69.3                     0.018713731              
69.31                    0.018709213              
69.32                    0.018704696              
69.33                    0.018700179              
69.34                    0.018695664              
69.35                    0.018691149              
69.36                    0.018686635              
69.37                    0.018682124              
69.38                    0.018677615              
69.39                    0.018673105              
69.4                     0.018668598              
69.41                    0.01866409               
69.42                    0.018659586              
69.43                    0.01865508               
69.44                    0.018650578              
69.45                    0.018646076              
69.46                    0.018641576              
69.47                    0.018637078              
69.48                    0.01863258               
69.49                    0.018628083              
69.5                     0.018623589              
69.51                    0.018619094              
69.52                    0.018614601              
69.53                    0.018610109              
69.54                    0.01860562               
69.55                    0.01860113               
69.56                    0.018596642              
69.57                    0.018592156              
69.58                    0.018587671              
69.59                    0.018583186              
69.6                     0.018578704              
69.61                    0.018574221              
69.62                    0.018569741              
69.63                    0.018565262              
69.64                    0.018560784              
69.65                    0.018556308              
69.66                    0.018551832              
69.67                    0.018547358              
69.68                    0.018542886              
69.69                    0.018538414              
69.7                     0.018533943              
69.71                    0.018529475              
69.72                    0.018525006              
69.73                    0.01852054               
69.74                    0.018516075              
69.75                    0.01851161               
69.76                    0.018507147              
69.77                    0.018502686              
69.78                    0.018498225              
69.79                    0.018493766              
69.8                     0.018489309              
69.81                    0.018484851              
69.82                    0.018480396              
69.83                    0.01847594               
69.84                    0.018471489              
69.85                    0.018467037              
69.86                    0.018462585              
69.87                    0.018458135              
69.88                    0.018453687              
69.89                    0.018449241              
69.9                     0.018444795              
69.91                    0.01844035               
69.92                    0.018435908              
69.93                    0.018431466              
69.94                    0.018427026              
69.95                    0.018422585              
69.96                    0.018418148              
69.97                    0.018413711              
69.98                    0.018409275              
69.99                    0.01840484               
70.0                     0.018400406              
70.01                    0.018395975              
70.02                    0.018391544              
70.03                    0.018387115              
70.04                    0.018382685              
70.05                    0.018378258              
70.06                    0.018373832              
70.07                    0.018369408              
70.08                    0.018364985              
70.09                    0.018360563              
70.1                     0.01835614               
70.11                    0.01835172               
70.12                    0.018347302              
70.13                    0.018342884              
70.14                    0.01833847               
70.15                    0.018334053              
70.16                    0.01832964               
70.17                    0.018325228              
70.18                    0.018320816              
70.19                    0.018316407              
70.2                     0.018311998              
70.21                    0.01830759               
70.22                    0.018303184              
70.23                    0.018298779              
70.24                    0.018294375              
70.25                    0.018289972              
70.26                    0.01828557               
70.27                    0.01828117               
70.28                    0.018276772              
70.29                    0.018272374              
70.3                     0.018267976              
70.31                    0.01826358               
70.32                    0.018259186              
70.33                    0.018254794              
70.34                    0.018250402              
70.35                    0.018246012              
70.36                    0.018241622              
70.37                    0.018237233              
70.38                    0.018232847              
70.39                    0.018228462              
70.4                     0.018224077              
70.41                    0.018219694              
70.42                    0.018215312              
70.43                    0.01821093               
70.44                    0.018206552              
70.45                    0.018202173              
70.46                    0.018197795              
70.47                    0.01819342               
70.48                    0.018189045              
70.49                    0.018184671              
70.5                     0.0181803                
70.51                    0.018175928              
70.52                    0.018171558              
70.53                    0.018167188              
70.54                    0.018162822              
70.55                    0.018158454              
70.56                    0.01815409               
70.57                    0.018149726              
70.58                    0.018145364              
70.59                    0.018141001              
70.6                     0.018136641              
70.61                    0.018132282              
70.62                    0.018127926              
70.63                    0.018123569              
70.64                    0.018119212              
70.65                    0.01811486               
70.66                    0.018110506              
70.67                    0.018106153              
70.68                    0.018101804              
70.69                    0.018097455              
70.7                     0.018093105              
70.71                    0.018088758              
70.72                    0.018084412              
70.73                    0.018080069              
70.74                    0.018075725              
70.75                    0.018071383              
70.76                    0.018067041              
70.77                    0.018062701              
70.78                    0.018058363              
70.79                    0.018054025              
70.8                     0.018049689              
70.81                    0.018045355              
70.82                    0.01804102               
70.83                    0.018036688              
70.84                    0.018032357              
70.85                    0.018028026              
70.86                    0.018023698              
70.87                    0.018019369              
70.88                    0.018015042              
70.89                    0.018010717              
70.9                     0.018006394              
70.91                    0.01800207               
70.92                    0.01799775               
70.93                    0.017993428              
70.94                    0.017989108              
70.95                    0.01798479               
70.96                    0.017980473              
70.97                    0.017976157              
70.98                    0.017971842              
70.99                    0.01796753               
71.0                     0.017963216              
71.01                    0.017958906              
71.02                    0.017954595              
71.03                    0.017950287              
71.04                    0.017945979              
71.05                    0.017941672              
71.06                    0.017937368              
71.07                    0.017933063              
71.08                    0.01792876               
71.09                    0.01792446               
71.1                     0.017920159              
71.11                    0.01791586               
71.12                    0.01791156               
71.13                    0.017907266              
71.14                    0.017902968              
71.15                    0.017898675              
71.16                    0.017894382              
71.17                    0.01789009               
71.18                    0.017885799              
71.19                    0.017881509              
71.2                     0.01787722               
71.21                    0.017872933              
71.22                    0.017868647              
71.23                    0.017864361              
71.24                    0.017860077              
71.25                    0.017855795              
71.26                    0.017851513              
71.27                    0.017847233              
71.28                    0.017842954              
71.29                    0.017838676              
71.3                     0.017834399              
71.31                    0.017830124              
71.32                    0.01782585               
71.33                    0.017821576              
71.34                    0.017817304              
71.35                    0.017813034              
71.36                    0.017808763              
71.37                    0.017804496              
71.38                    0.017800229              
71.39                    0.017795961              
71.4                     0.017791698              
71.41                    0.017787434              
71.42                    0.01778317               
71.43                    0.017778909              
71.44                    0.017774649              
71.45                    0.017770391              
71.46                    0.017766133              
71.47                    0.017761875              
71.48                    0.01775762               
71.49                    0.017753366              
71.5                     0.017749112              
71.51                    0.01774486               
71.52                    0.01774061               
71.53                    0.01773636               
71.54                    0.017732112              
71.55                    0.017727865              
71.56                    0.017723618              
71.57                    0.017719373              
71.58                    0.01771513               
71.59                    0.017710887              
71.6                     0.017706646              
71.61                    0.017702404              
71.62                    0.017698165              
71.63                    0.017693928              
71.64                    0.01768969               
71.65                    0.017685454              
71.66                    0.01768122               
71.67                    0.017676987              
71.68                    0.017672755              
71.69                    0.017668525              
71.7                     0.017664295              
71.71                    0.017660066              
71.72                    0.017655838              
71.73                    0.017651612              
71.74                    0.017647387              
71.75                    0.017643163              
71.76                    0.01763894               
71.77                    0.017634718              
71.78                    0.017630499              
71.79                    0.017626278              
71.8                     0.017622061              
71.81                    0.017617844              
71.82                    0.017613627              
71.83                    0.017609414              
71.84                    0.0176052                
71.85                    0.017600987              
71.86                    0.017596776              
71.87                    0.017592566              
71.88                    0.017588357              
71.89                    0.017584149              
71.9                     0.017579943              
71.91                    0.017575737              
71.92                    0.017571533              
71.93                    0.017567331              
71.94                    0.017563129              
71.95                    0.017558927              
71.96                    0.017554728              
71.97                    0.01755053               
71.98                    0.017546332              
71.99                    0.017542137              
72.0                     0.01753794               
72.01                    0.017533747              
72.02                    0.017529555              
72.03                    0.017525364              
72.04                    0.017521173              
72.05                    0.017516984              
72.06                    0.017512795              
72.07                    0.01750861               
72.08                    0.017504422              
72.09                    0.017500238              
72.1                     0.017496055              
72.11                    0.017491871              
72.12                    0.017487692              
72.13                    0.017483512              
72.14                    0.017479332              
72.15                    0.017475154              
72.16                    0.017470978              
72.17                    0.017466802              
72.18                    0.017462628              
72.19                    0.017458456              
72.2                     0.017454283              
72.21                    0.017450113              
72.22                    0.017445942              
72.23                    0.017441774              
72.24                    0.017437607              
72.25                    0.01743344               
72.26                    0.017429275              
72.27                    0.017425112              
72.28                    0.01742095               
72.29                    0.017416788              
72.3                     0.017412627              
72.31                    0.017408468              
72.32                    0.017404309              
72.33                    0.017400153              
72.34                    0.017395996              
72.35                    0.017391842              
72.36                    0.017387688              
72.37                    0.017383536              
72.38                    0.017379384              
72.39                    0.017375235              
72.4                     0.017371085              
72.41                    0.017366936              
72.42                    0.01736279               
72.43                    0.017358644              
72.44                    0.0173545                
72.45                    0.017350357              
72.46                    0.017346215              
72.47                    0.017342074              
72.48                    0.017337933              
72.49                    0.017333794              
72.5                     0.017329657              
72.51                    0.01732552               
72.52                    0.017321385              
72.53                    0.01731725               
72.54                    0.017313117              
72.55                    0.017308986              
72.56                    0.017304854              
72.57                    0.017300725              
72.58                    0.017296595              
72.59                    0.01729247               
72.6                     0.017288342              
72.61                    0.017284218              
72.62                    0.017280092              
72.63                    0.01727597               
72.64                    0.017271848              
72.65                    0.017267728              
72.66                    0.017263608              
72.67                    0.01725949               
72.68                    0.017255373              
72.69                    0.017251257              
72.7                     0.017247142              
72.71                    0.017243028              
72.72                    0.017238915              
72.73                    0.017234804              
72.74                    0.017230693              
72.75                    0.017226584              
72.76                    0.017222475              
72.77                    0.017218368              
72.78                    0.017214263              
72.79                    0.017210158              
72.8                     0.017206054              
72.81                    0.01720195               
72.82                    0.01719785               
72.83                    0.01719375               
72.84                    0.01718965               
72.85                    0.017185552              
72.86                    0.017181456              
72.87                    0.01717736               
72.88                    0.017173264              
72.89                    0.017169172              
72.9                     0.017165078              
72.91                    0.017160987              
72.92                    0.017156897              
72.93                    0.017152809              
72.94                    0.01714872               
72.95                    0.017144633              
72.96                    0.017140547              
72.97                    0.017136462              
72.98                    0.01713238               
72.99                    0.017128296              
73.0                     0.017124215              
73.01                    0.017120136              
73.02                    0.017116057              
73.03                    0.01711198               
73.04                    0.017107902              
73.05                    0.017103827              
73.06                    0.017099751              
73.07                    0.01709568               
73.08                    0.017091606              
73.09                    0.017087536              
73.1                     0.017083464              
73.11                    0.017079396              
73.12                    0.017075328              
73.13                    0.017071262              
73.14                    0.017067196              
73.15                    0.017063132              
73.16                    0.017059067              
73.17                    0.017055007              
73.18                    0.017050944              
73.19                    0.017046886              
73.2                     0.017042825              
73.21                    0.017038768              
73.22                    0.017034711              
73.23                    0.017030656              
73.24                    0.017026601              
73.25                    0.017022548              
73.26                    0.017018495              
73.27                    0.017014444              
73.28                    0.017010394              
73.29                    0.017006345              
73.3                     0.017002298              
73.31                    0.016998252              
73.32                    0.016994206              
73.33                    0.01699016               
73.34                    0.016986119              
73.35                    0.016982075              
73.36                    0.016978035              
73.37                    0.016973995              
73.38                    0.016969955              
73.39                    0.016965918              
73.4                     0.01696188               
73.41                    0.016957846              
73.42                    0.016953811              
73.43                    0.016949777              
73.44                    0.016945746              
73.45                    0.016941713              
73.46                    0.016937684              
73.47                    0.016933655              
73.48                    0.016929626              
73.49                    0.0169256                
73.5                     0.016921574              
73.51                    0.01691755               
73.52                    0.016913526              
73.53                    0.016909504              
73.54                    0.016905483              
73.55                    0.016901463              
73.56                    0.016897444              
73.57                    0.016893426              
73.58                    0.016889408              
73.59                    0.016885392              
73.6                     0.016881378              
73.61                    0.016877364              
73.62                    0.016873352              
73.63                    0.01686934               
73.64                    0.01686533               
73.65                    0.016861321              
73.66                    0.016857313              
73.67                    0.016853306              
73.68                    0.0168493                
73.69                    0.016845295              
73.7                     0.016841292              
73.71                    0.01683729               
73.72                    0.016833289              
73.73                    0.016829288              
73.74                    0.016825289              
73.75                    0.01682129               
73.76                    0.016817292              
73.77                    0.016813297              
73.78                    0.016809301              
73.79                    0.016805308              
73.8                     0.016801316              
73.81                    0.016797325              
73.82                    0.016793333              
73.83                    0.016789343              
73.84                    0.016785355              
73.85                    0.01678137               
73.86                    0.016777381              
73.87                    0.016773397              
73.88                    0.016769413              
73.89                    0.01676543               
73.9                     0.016761448              
73.91                    0.016757468              
73.92                    0.016753487              
73.93                    0.016749509              
73.94                    0.016745532              
73.95                    0.016741555              
73.96                    0.01673758               
73.97                    0.016733605              
73.98                    0.016729632              
73.99                    0.016725661              
74.0                     0.01672169               
74.01                    0.01671772               
74.02                    0.016713751              
74.03                    0.016709784              
74.04                    0.016705817              
74.05                    0.016701851              
74.06                    0.016697887              
74.07                    0.016693924              
74.08                    0.016689962              
74.09                    0.016686                 
74.1                     0.01668204               
74.11                    0.016678082              
74.12                    0.016674124              
74.13                    0.016670166              
74.14                    0.016666211              
74.15                    0.016662257              
74.16                    0.016658302              
74.17                    0.01665435               
74.18                    0.0166504                
74.19                    0.016646449              
74.2                     0.016642498              
74.21                    0.01663855               
74.22                    0.016634604              
74.23                    0.016630657              
74.24                    0.016626712              
74.25                    0.016622769              
74.26                    0.016618825              
74.27                    0.016614884              
74.28                    0.016610943              
74.29                    0.016607003              
74.3                     0.016603066              
74.31                    0.016599128              
74.32                    0.01659519               
74.33                    0.016591256              
74.34                    0.016587323              
74.35                    0.016583389              
74.36                    0.016579457              
74.37                    0.016575526              
74.38                    0.016571596              
74.39                    0.016567666              
74.4                     0.01656374               
74.41                    0.016559813              
74.42                    0.016555887              
74.43                    0.016551962              
74.44                    0.01654804               
74.45                    0.016544117              
74.46                    0.016540196              
74.47                    0.016536275              
74.48                    0.016532356              
74.49                    0.016528437              
74.5                     0.01652452               
74.51                    0.016520604              
74.52                    0.01651669               
74.53                    0.016512776              
74.54                    0.016508862              
74.55                    0.01650495               
74.56                    0.016501041              
74.57                    0.016497131              
74.58                    0.016493222              
74.59                    0.016489316              
74.6                     0.016485408              
74.61                    0.016481504              
74.62                    0.0164776                
74.63                    0.016473696              
74.64                    0.016469793              
74.65                    0.016465893              
74.66                    0.016461993              
74.67                    0.016458094              
74.68                    0.016454196              
74.69                    0.016450299              
74.7                     0.016446404              
74.71                    0.01644251               
74.72                    0.016438615              
74.73                    0.016434724              
74.74                    0.01643083               
74.75                    0.016426941              
74.76                    0.016423052              
74.77                    0.016419163              
74.78                    0.016415276              
74.79                    0.01641139               
74.8                     0.016407505              
74.81                    0.016403621              
74.82                    0.016399737              
74.83                    0.016395856              
74.84                    0.016391974              
74.85                    0.016388096              
74.86                    0.016384216              
74.87                    0.016380338              
74.88                    0.016376462              
74.89                    0.016372586              
74.9                     0.016368711              
74.91                    0.016364839              
74.92                    0.016360966              
74.93                    0.016357094              
74.94                    0.016353223              
74.95                    0.016349355              
74.96                    0.016345486              
74.97                    0.01634162               
74.98                    0.016337754              
74.99                    0.01633389               
75.0                     0.016330024              
75.01                    0.016326161              
75.02                    0.0163223                
75.03                    0.016318439              
75.04                    0.01631458               
75.05                    0.01631072               
75.06                    0.016306862              
75.07                    0.016303007              
75.08                    0.01629915               
75.09                    0.016295297              
75.1                     0.016291443              
75.11                    0.01628759               
75.12                    0.01628374               
75.13                    0.01627989               
75.14                    0.01627604               
75.15                    0.016272191              
75.16                    0.016268345              
75.17                    0.016264498              
75.18                    0.016260654              
75.19                    0.01625681               
75.2                     0.016252967              
75.21                    0.016249124              
75.22                    0.016245283              
75.23                    0.016241442              
75.24                    0.016237605              
75.25                    0.016233766              
75.26                    0.01622993               
75.27                    0.016226094              
75.28                    0.016222259              
75.29                    0.016218426              
75.3                     0.016214594              
75.31                    0.016210763              
75.32                    0.016206931              
75.33                    0.016203102              
75.34                    0.016199274              
75.35                    0.016195446              
75.36                    0.01619162               
75.37                    0.016187795              
75.38                    0.01618397               
75.39                    0.016180148              
75.4                     0.016176326              
75.41                    0.016172504              
75.42                    0.016168686              
75.43                    0.016164865              
75.44                    0.016161049              
75.45                    0.01615723               
75.46                    0.016153416              
75.47                    0.016149601              
75.48                    0.016145786              
75.49                    0.016141973              
75.5                     0.016138162              
75.51                    0.016134351              
75.52                    0.016130542              
75.53                    0.016126733              
75.54                    0.016122926              
75.55                    0.016119119              
75.56                    0.016115313              
75.57                    0.01611151               
75.58                    0.016107706              
75.59                    0.016103903              
75.6                     0.016100103              
75.61                    0.016096301              
75.62                    0.016092503              
75.63                    0.016088704              
75.64                    0.016084908              
75.65                    0.016081112              
75.66                    0.016077315              
75.67                    0.016073521              
75.68                    0.016069729              
75.69                    0.016065937              
75.7                     0.016062146              
75.71                    0.016058356              
75.72                    0.016054567              
75.73                    0.016050778              
75.74                    0.016046992              
75.75                    0.016043207              
75.76                    0.016039422              
75.77                    0.016035637              
75.78                    0.016031854              
75.79                    0.016028073              
75.8                     0.016024292              
75.81                    0.016020512              
75.82                    0.016016733              
75.83                    0.016012955              
75.84                    0.01600918               
75.85                    0.016005404              
75.86                    0.016001629              
75.87                    0.015997855              
75.88                    0.015994083              
75.89                    0.015990311              
75.9                     0.015986541              
75.91                    0.015982771              
75.92                    0.015979003              
75.93                    0.015975237              
75.94                    0.01597147               
75.95                    0.015967704              
75.96                    0.01596394               
75.97                    0.015960177              
75.98                    0.015956415              
75.99                    0.015952654              
76.0                     0.015948894              
76.01                    0.015945135              
76.02                    0.015941376              
76.03                    0.015937619              
76.04                    0.015933862              
76.05                    0.015930107              
76.06                    0.015926354              
76.07                    0.0159226                
76.08                    0.015918849              
76.09                    0.015915098              
76.1                     0.015911348              
76.11                    0.015907599              
76.12                    0.015903851              
76.13                    0.015900103              
76.14                    0.015896358              
76.15                    0.015892612              
76.16                    0.015888868              
76.17                    0.015885126              
76.18                    0.015881384              
76.19                    0.015877644              
76.2                     0.015873903              
76.21                    0.015870165              
76.22                    0.015866427              
76.23                    0.01586269               
76.24                    0.015858954              
76.25                    0.01585522               
76.26                    0.015851485              
76.27                    0.015847752              
76.28                    0.015844021              
76.29                    0.01584029               
76.3                     0.015836561              
76.31                    0.015832832              
76.32                    0.015829105              
76.33                    0.015825378              
76.34                    0.015821652              
76.35                    0.015817927              
76.36                    0.015814204              
76.37                    0.01581048               
76.38                    0.015806759              
76.39                    0.01580304               
76.4                     0.01579932               
76.41                    0.015795602              
76.42                    0.015791884              
76.43                    0.015788166              
76.44                    0.015784452              
76.45                    0.015780736              
76.46                    0.015777024              
76.47                    0.015773311              
76.48                    0.015769599              
76.49                    0.015765889              
76.5                     0.015762178              
76.51                    0.01575847               
76.52                    0.015754763              
76.53                    0.015751056              
76.54                    0.015747352              
76.55                    0.015743647              
76.56                    0.015739944              
76.57                    0.01573624               
76.58                    0.01573254               
76.59                    0.015728839              
76.6                     0.01572514               
76.61                    0.01572144               
76.62                    0.015717743              
76.63                    0.015714047              
76.64                    0.015710352              
76.65                    0.015706657              
76.66                    0.015702963              
76.67                    0.015699271              
76.68                    0.01569558               
76.69                    0.01569189               
76.7                     0.0156882                
76.71                    0.015684512              
76.72                    0.015680823              
76.73                    0.015677137              
76.74                    0.015673453              
76.75                    0.015669767              
76.76                    0.015666084              
76.77                    0.015662402              
76.78                    0.015658721              
76.79                    0.01565504               
76.8                     0.01565136               
76.81                    0.015647681              
76.82                    0.015644005              
76.83                    0.015640328              
76.84                    0.015636653              
76.85                    0.015632978              
76.86                    0.015629305              
76.87                    0.015625631              
76.88                    0.015621961              
76.89                    0.015618291              
76.9                     0.015614621              
76.91                    0.015610953              
76.92                    0.015607285              
76.93                    0.015603619              
76.94                    0.015599953              
76.95                    0.015596288              
76.96                    0.015592625              
76.97                    0.0155889625             
76.98                    0.0155853005             
76.99                    0.01558164               
77.0                     0.01557798               
77.01                    0.015574322              
77.02                    0.015570665              
77.03                    0.015567008              
77.04                    0.015563352              
77.05                    0.0155596975             
77.06                    0.015556044              
77.07                    0.015552391              
77.08                    0.0155487405             
77.09                    0.01554509               
77.1                     0.01554144               
77.11                    0.015537791              
77.12                    0.015534144              
77.13                    0.015530497              
77.14                    0.015526851              
77.15                    0.015523206              
77.16                    0.015519562              
77.17                    0.01551592               
77.18                    0.015512278              
77.19                    0.015508638              
77.2                     0.015504997              
77.21                    0.015501359              
77.22                    0.015497721              
77.23                    0.015494084              
77.24                    0.015490448              
77.25                    0.015486813              
77.26                    0.01548318               
77.27                    0.015479547              
77.28                    0.015475915              
77.29                    0.015472284              
77.3                     0.015468654              
77.31                    0.015465025              
77.32                    0.015461397              
77.33                    0.01545777               
77.34                    0.015454144              
77.35                    0.015450519              
77.36                    0.015446895              
77.37                    0.015443272              
77.38                    0.01543965               
77.39                    0.015436029              
77.4                     0.015432409              
77.41                    0.015428789              
77.42                    0.015425172              
77.43                    0.015421554              
77.44                    0.015417938              
77.45                    0.015414323              
77.46                    0.015410708              
77.47                    0.015407095              
77.48                    0.015403483              
77.49                    0.015399871              
77.5                     0.015396261              
77.51                    0.015392652              
77.52                    0.015389043              
77.53                    0.015385436              
77.54                    0.01538183               
77.55                    0.015378224              
77.56                    0.0153746195             
77.57                    0.015371016              
77.58                    0.015367414              
77.59                    0.0153638115             
77.6                     0.015360211              
77.61                    0.015356611              
77.62                    0.015353013              
77.63                    0.015349415              
77.64                    0.015345818              
77.65                    0.0153422225             
77.66                    0.015338629              
77.67                    0.015335035              
77.68                    0.015331442              
77.69                    0.015327849              
77.7                     0.015324259              
77.71                    0.015320669              
77.72                    0.015317081              
77.73                    0.015313492              
77.74                    0.015309905              
77.75                    0.015306319              
77.76                    0.015302734              
77.77                    0.01529915               
77.78                    0.015295567              
77.79                    0.015291985              
77.8                     0.015288403              
77.81                    0.015284823              
77.82                    0.015281244              
77.83                    0.015277666              
77.84                    0.015274089              
77.85                    0.015270513              
77.86                    0.015266937              
77.87                    0.015263363              
77.88                    0.015259789              
77.89                    0.015256217              
77.9                     0.015252645              
77.91                    0.015249074              
77.92                    0.015245505              
77.93                    0.015241936              
77.94                    0.015238369              
77.95                    0.015234802              
77.96                    0.015231236              
77.97                    0.015227672              
77.98                    0.015224108              
77.99                    0.015220545              
78.0                     0.015216983              
78.01                    0.015213422              
78.02                    0.015209862              
78.03                    0.015206303              
78.04                    0.015202745              
78.05                    0.015199188              
78.06                    0.015195631              
78.07                    0.015192077              
78.08                    0.015188523              
78.09                    0.01518497               
78.1                     0.015181417              
78.11                    0.0151778655             
78.12                    0.015174315              
78.13                    0.015170766              
78.14                    0.015167218              
78.15                    0.01516367               
78.16                    0.015160124              
78.17                    0.015156578              
78.18                    0.015153034              
78.19                    0.01514949               
78.2                     0.015145947              
78.21                    0.015142405              
78.22                    0.0151388645             
78.23                    0.015135325              
78.24                    0.0151317855             
78.25                    0.015128248              
78.26                    0.015124711              
78.27                    0.015121175              
78.28                    0.01511764               
78.29                    0.015114106              
78.3                     0.015110573              
78.31                    0.01510704               
78.32                    0.01510351               
78.33                    0.015099979              
78.34                    0.015096449              
78.35                    0.015092921              
78.36                    0.015089394              
78.37                    0.015085868              
78.38                    0.015082342              
78.39                    0.0150788175             
78.4                     0.015075293              
78.41                    0.015071771              
78.42                    0.01506825               
78.43                    0.015064728              
78.44                    0.015061209              
78.45                    0.0150576895             
78.46                    0.015054172              
78.47                    0.015050655              
78.48                    0.015047139              
78.49                    0.015043624              
78.5                     0.01504011               
78.51                    0.015036597              
78.52                    0.015033084              
78.53                    0.015029573              
78.54                    0.015026063              
78.55                    0.0150225535             
78.56                    0.015019045              
78.57                    0.015015537              
78.58                    0.0150120305             
78.59                    0.015008525              
78.6                     0.01500502               
78.61                    0.015001517              
78.62                    0.014998014              
78.63                    0.014994512              
78.64                    0.0149910115             
78.65                    0.014987512              
78.66                    0.014984013              
78.67                    0.0149805145             
78.68                    0.014977017              
78.69                    0.014973521              
78.7                     0.014970026              
78.71                    0.014966532              
78.72                    0.014963038              
78.73                    0.014959546              
78.74                    0.014956054              
78.75                    0.014952564              
78.76                    0.014949074              
78.77                    0.014945585              
78.78                    0.0149420975             
78.79                    0.014938612              
78.8                     0.014935126              
78.81                    0.014931641              
78.82                    0.0149281565             
78.83                    0.014924673              
78.84                    0.014921191              
78.85                    0.014917711              
78.86                    0.01491423               
78.87                    0.014910751              
78.88                    0.0149072725             
78.89                    0.014903795              
78.9                     0.014900318              
78.91                    0.014896844              
78.92                    0.014893369              
78.93                    0.014889895              
78.94                    0.014886422              
78.95                    0.014882951              
78.96                    0.01487948               
78.97                    0.01487601               
78.98                    0.014872541              
78.99                    0.0148690725             
79.0                     0.014865606              
79.01                    0.01486214               
79.02                    0.014858674              
79.03                    0.01485521               
79.04                    0.014851747              
79.05                    0.014848284              
79.06                    0.014844823              
79.07                    0.014841362              
79.08                    0.014837903              
79.09                    0.014834444              
79.1                     0.014830986              
79.11                    0.01482753               
79.12                    0.014824074              
79.13                    0.014820619              
79.14                    0.014817164              
79.15                    0.014813712              
79.16                    0.014810259              
79.17                    0.014806808              
79.18                    0.014803357              
79.19                    0.014799908              
79.2                     0.01479646               
79.21                    0.014793012              
79.22                    0.0147895655             
79.23                    0.01478612               
79.24                    0.014782676              
79.25                    0.0147792315             
79.26                    0.014775788              
79.27                    0.014772346              
79.28                    0.014768905              
79.29                    0.014765466              
79.3                     0.014762026              
79.31                    0.014758588              
79.32                    0.01475515               
79.33                    0.014751714              
79.34                    0.014748278              
79.35                    0.014744844              
79.36                    0.0147414105             
79.37                    0.014737978              
79.38                    0.014734546              
79.39                    0.014731115              
79.4                     0.014727685              
79.41                    0.014724256              
79.42                    0.014720827              
79.43                    0.014717401              
79.44                    0.014713975              
79.45                    0.014710549              
79.46                    0.014707125              
79.47                    0.014703701              
79.48                    0.014700279              
79.49                    0.014696857              
79.5                     0.014693436              
79.51                    0.014690016              
79.52                    0.0146865975             
79.53                    0.01468318               
79.54                    0.014679763              
79.55                    0.014676346              
79.56                    0.014672931              
79.57                    0.014669516              
79.58                    0.014666103              
79.59                    0.01466269               
79.6                     0.014659279              
79.61                    0.0146558685             
79.62                    0.014652459              
79.63                    0.01464905               
79.64                    0.014645642              
79.65                    0.014642235              
79.66                    0.014638829              
79.67                    0.014635424              
79.68                    0.014632019              
79.69                    0.014628616              
79.7                     0.014625214              
79.71                    0.014621813              
79.72                    0.014618412              
79.73                    0.014615012              
79.74                    0.014611613              
79.75                    0.014608216              
79.76                    0.014604819              
79.77                    0.0146014225             
79.78                    0.014598028              
79.79                    0.014594633              
79.8                     0.01459124               
79.81                    0.0145878475             
79.82                    0.014584457              
79.83                    0.014581066              
79.84                    0.014577677              
79.85                    0.014574287              
79.86                    0.014570899              
79.87                    0.014567513              
79.88                    0.014564127              
79.89                    0.014560741              
79.9                     0.014557358              
79.91                    0.014553974              
79.92                    0.014550592              
79.93                    0.01454721               
79.94                    0.0145438295             
79.95                    0.014540451              
79.96                    0.014537072              
79.97                    0.014533694              
79.98                    0.014530317              
79.99                    0.014526941              
80.0                     0.014523566              
80.01                    0.014520192              
80.02                    0.014516818              
80.03                    0.014513446              
80.04                    0.014510075              
80.05                    0.014506704              
80.06                    0.014503334              
80.07                    0.014499965              
80.08                    0.014496597              
80.09                    0.014493231              
80.1                     0.014489865              
80.11                    0.014486499              
80.12                    0.014483135              
80.13                    0.014479772              
80.14                    0.014476409              
80.15                    0.014473048              
80.16                    0.014469687              
80.17                    0.014466328              
80.18                    0.014462968              
80.19                    0.014459611              
80.2                     0.0144562535             
80.21                    0.014452898              
80.22                    0.014449542              
80.23                    0.014446188              
80.24                    0.014442835              
80.25                    0.014439482              
80.26                    0.01443613               
80.27                    0.0144327795             
80.28                    0.0144294305             
80.29                    0.014426081              
80.3                     0.014422733              
80.31                    0.014419386              
80.32                    0.01441604               
80.33                    0.014412695              
80.34                    0.01440935               
80.35                    0.014406007              
80.36                    0.014402664              
80.37                    0.014399322              
80.38                    0.014395981              
80.39                    0.014392641              
80.4                     0.014389303              
80.41                    0.014385964              
80.42                    0.014382627              
80.43                    0.014379291              
80.44                    0.014375955              
80.45                    0.014372621              
80.46                    0.014369287              
80.47                    0.014365954              
80.48                    0.014362622              
80.49                    0.014359291              
80.5                     0.014355961              
80.51                    0.014352632              
80.52                    0.014349303              
80.53                    0.014345976              
80.54                    0.014342649              
80.55                    0.014339324              
80.56                    0.014335999              
80.57                    0.014332675              
80.58                    0.014329352              
80.59                    0.01432603               
80.6                     0.014322709              
80.61                    0.014319388              
80.62                    0.014316069              
80.63                    0.014312751              
80.64                    0.014309433              
80.65                    0.014306116              
80.66                    0.0143028                
80.67                    0.014299486              
80.68                    0.014296171              
80.69                    0.014292859              
80.7                     0.014289546              
80.71                    0.014286234              
80.72                    0.014282924              
80.73                    0.014279614              
80.74                    0.014276305              
80.75                    0.014272997              
80.76                    0.014269691              
80.77                    0.014266385              
80.78                    0.0142630795             
80.79                    0.014259775              
80.8                     0.014256472              
80.81                    0.014253169              
80.82                    0.014249867              
80.83                    0.014246566              
80.84                    0.014243267              
80.85                    0.014239968              
80.86                    0.014236669              
80.87                    0.014233372              
80.88                    0.014230076              
80.89                    0.01422678               
80.9                     0.014223485              
80.91                    0.014220192              
80.92                    0.014216899              
80.93                    0.014213608              
80.94                    0.014210316              
80.95                    0.014207026              
80.96                    0.014203737              
80.97                    0.014200448              
80.98                    0.0141971605             
80.99                    0.014193874              
81.0                     0.014190588              
81.01                    0.014187303              
81.02                    0.0141840195             
81.03                    0.014180736              
81.04                    0.014177454              
81.05                    0.014174173              
81.06                    0.014170892              
81.07                    0.014167612              
81.08                    0.014164333              
81.09                    0.014161056              
81.1                     0.014157779              
81.11                    0.014154502              
81.12                    0.014151227              
81.13                    0.014147953              
81.14                    0.0141446795             
81.15                    0.014141407              
81.16                    0.014138135              
81.17                    0.014134864              
81.18                    0.014131594              
81.19                    0.014128325              
81.2                     0.014125057              
81.21                    0.0141217895             
81.22                    0.014118522              
81.23                    0.014115257              
81.24                    0.014111992              
81.25                    0.014108729              
81.26                    0.014105465              
81.27                    0.014102204              
81.28                    0.014098942              
81.29                    0.014095682              
81.3                     0.014092422              
81.31                    0.014089163              
81.32                    0.014085906              
81.33                    0.014082649              
81.34                    0.014079393              
81.35                    0.014076138              
81.36                    0.014072883              
81.37                    0.01406963               
81.38                    0.014066378              
81.39                    0.0140631255             
81.4                     0.014059875              
81.41                    0.014056625              
81.42                    0.014053375              
81.43                    0.014050128              
81.44                    0.01404688               
81.45                    0.014043634              
81.46                    0.014040388              
81.47                    0.014037143              
81.48                    0.0140339                
81.49                    0.014030657              
81.5                     0.014027415              
81.51                    0.014024173              
81.52                    0.014020933              
81.53                    0.014017694              
81.54                    0.014014455              
81.55                    0.014011217              
81.56                    0.01400798               
81.57                    0.014004744              
81.58                    0.014001509              
81.59                    0.013998275              
81.6                     0.013995041              
81.61                    0.0139918085             
81.62                    0.013988577              
81.63                    0.013985346              
81.64                    0.013982115              
81.65                    0.013978886              
81.66                    0.013975658              
81.67                    0.0139724305             
81.68                    0.013969204              
81.69                    0.013965978              
81.7                     0.013962754              
81.71                    0.01395953               
81.72                    0.0139563065             
81.73                    0.013953084              
81.74                    0.013949863              
81.75                    0.013946642              
81.76                    0.013943423              
81.77                    0.013940204              
81.78                    0.013936986              
81.79                    0.0139337685             
81.8                     0.013930553              
81.81                    0.013927337              
81.82                    0.013924123              
81.83                    0.013920909              
81.84                    0.013917697              
81.85                    0.0139144845             
81.86                    0.013911273              
81.87                    0.013908063              
81.88                    0.013904854              
81.89                    0.013901645              
81.9                     0.013898438              
81.91                    0.01389523               
81.92                    0.013892025              
81.93                    0.013888819              
81.94                    0.013885615              
81.95                    0.013882412              
81.96                    0.01387921               
81.97                    0.013876008              
81.98                    0.013872807              
81.99                    0.013869607              
82.0                     0.013866408              
82.01                    0.01386321               
82.02                    0.013860012              
82.03                    0.013856816              
82.04                    0.01385362               
82.05                    0.013850425              
82.06                    0.013847231              
82.07                    0.013844038              
82.08                    0.013840846              
82.09                    0.013837654              
82.1                     0.013834463              
82.11                    0.013831274              
82.12                    0.013828085              
82.13                    0.013824897              
82.14                    0.01382171               
82.15                    0.013818524              
82.16                    0.013815338              
82.17                    0.013812154              
82.18                    0.013808969              
82.19                    0.013805787              
82.2                     0.013802605              
82.21                    0.013799423              
82.22                    0.013796243              
82.23                    0.013793063              
82.24                    0.013789885              
82.25                    0.013786707              
82.26                    0.01378353               
82.27                    0.013780354              
82.28                    0.013777179              
82.29                    0.013774004              
82.3                     0.013770831              
82.31                    0.013767658              
82.32                    0.013764486              
82.33                    0.013761315              
82.34                    0.013758144              
82.35                    0.013754975              
82.36                    0.013751807              
82.37                    0.013748639              
82.38                    0.013745473              
82.39                    0.013742306              
82.4                     0.013739142              
82.41                    0.013735977              
82.42                    0.013732813              
82.43                    0.0137296505             
82.44                    0.013726489              
82.45                    0.013723328              
82.46                    0.013720168              
82.47                    0.013717009              
82.48                    0.013713851              
82.49                    0.0137106925             
82.5                     0.013707536              
82.51                    0.01370438               
82.52                    0.013701226              
82.53                    0.013698071              
82.54                    0.013694918              
82.55                    0.013691765              
82.56                    0.013688614              
82.57                    0.013685463              
82.58                    0.013682312              
82.59                    0.0136791635             
82.6                     0.013676016              
82.61                    0.013672868              
82.62                    0.013669721              
82.63                    0.013666576              
82.64                    0.013663431              
82.65                    0.013660287              
82.66                    0.013657143              
82.67                    0.013654001              
82.68                    0.013650859              
82.69                    0.013647718              
82.7                     0.013644578              
82.71                    0.013641439              
82.72                    0.013638301              
82.73                    0.013635163              
82.74                    0.013632027              
82.75                    0.013628892              
82.76                    0.013625756              
82.77                    0.013622622              
82.78                    0.013619489              
82.79                    0.013616357              
82.8                     0.013613225              
82.81                    0.013610094              
82.82                    0.013606965              
82.83                    0.013603835              
82.84                    0.013600707              
82.85                    0.01359758               
82.86                    0.013594453              
82.87                    0.013591328              
82.88                    0.013588202              
82.89                    0.0135850785             
82.9                     0.013581955              
82.91                    0.013578833              
82.92                    0.013575711              
82.93                    0.01357259               
82.94                    0.0135694705             
82.95                    0.0135663515             
82.96                    0.013563233              
82.97                    0.013560115              
82.98                    0.013556999              
82.99                    0.013553883              
83.0                     0.013550769              
83.01                    0.013547654              
83.02                    0.013544541              
83.03                    0.013541428              
83.04                    0.013538317              
83.05                    0.013535206              
83.06                    0.0135320965             
83.07                    0.013528987              
83.08                    0.013525879              
83.09                    0.013522771              
83.1                     0.013519664              
83.11                    0.013516558              
83.12                    0.013513453              
83.13                    0.013510349              
83.14                    0.013507246              
83.15                    0.013504144              
83.16                    0.013501042              
83.17                    0.013497941              
83.18                    0.013494841              
83.19                    0.013491741              
83.2                     0.013488644              
83.21                    0.013485546              
83.22                    0.013482449              
83.23                    0.013479353              
83.24                    0.013476258              
83.25                    0.013473163              
83.26                    0.01347007               
83.27                    0.0134669775             
83.28                    0.0134638855             
83.29                    0.013460794              
83.3                     0.013457704              
83.31                    0.013454615              
83.32                    0.013451527              
83.33                    0.013448439              
83.34                    0.013445352              
83.35                    0.013442266              
83.36                    0.013439181              
83.37                    0.013436097              
83.38                    0.013433013              
83.39                    0.01342993               
83.4                     0.013426848              
83.41                    0.013423767              
83.42                    0.013420687              
83.43                    0.013417607              
83.44                    0.013414528              
83.45                    0.01341145               
83.46                    0.013408373              
83.47                    0.013405297              
83.48                    0.013402222              
83.49                    0.013399147              
83.5                     0.013396073              
83.51                    0.013393001              
83.52                    0.013389928              
83.53                    0.013386857              
83.54                    0.013383786              
83.55                    0.013380717              
83.56                    0.013377648              
83.57                    0.01337458               
83.58                    0.013371512              
83.59                    0.013368446              
83.6                     0.0133653805             
83.61                    0.0133623155             
83.62                    0.013359251              
83.63                    0.013356188              
83.64                    0.013353126              
83.65                    0.013350065              
83.66                    0.013347004              
83.67                    0.013343944              
83.68                    0.013340885              
83.69                    0.013337826              
83.7                     0.013334769              
83.71                    0.013331712              
83.72                    0.013328657              
83.73                    0.013325602              
83.74                    0.013322547              
83.75                    0.013319494              
83.76                    0.013316441              
83.77                    0.013313389              
83.78                    0.013310338              
83.79                    0.013307288              
83.8                     0.013304239              
83.81                    0.013301191              
83.82                    0.013298143              
83.83                    0.013295095              
83.84                    0.01329205               
83.85                    0.013289005              
83.86                    0.01328596               
83.87                    0.0132829165             
83.88                    0.013279873              
83.89                    0.013276831              
83.9                     0.01327379               
83.91                    0.01327075               
83.92                    0.01326771               
83.93                    0.013264671              
83.94                    0.013261633              
83.95                    0.013258596              
83.96                    0.013255559              
83.97                    0.013252524              
83.98                    0.013249489              
83.99                    0.013246454              
84.0                     0.013243421              
84.01                    0.013240389              
84.02                    0.013237357              
84.03                    0.013234327              
84.04                    0.013231297              
84.05                    0.013228267              
84.06                    0.013225239              
84.07                    0.013222211              
84.08                    0.013219184              
84.09                    0.013216158              
84.1                     0.013213133              
84.11                    0.013210109              
84.12                    0.013207085              
84.13                    0.013204062              
84.14                    0.013201041              
84.15                    0.01319802               
84.16                    0.013195                 
84.17                    0.013191979              
84.18                    0.013188961              
84.19                    0.013185943              
84.2                     0.013182926              
84.21                    0.013179909              
84.22                    0.013176894              
84.23                    0.013173879              
84.24                    0.013170865              
84.25                    0.013167852              
84.26                    0.01316484               
84.27                    0.013161828              
84.28                    0.013158818              
84.29                    0.013155808              
84.3                     0.013152799              
84.31                    0.01314979               
84.32                    0.013146782              
84.33                    0.013143776              
84.34                    0.01314077               
84.35                    0.013137764              
84.36                    0.01313476               
84.37                    0.013131756              
84.38                    0.013128754              
84.39                    0.013125752              
84.4                     0.01312275               
84.41                    0.01311975               
84.42                    0.013116751              
84.43                    0.013113752              
84.44                    0.013110754              
84.45                    0.013107756              
84.46                    0.01310476               
84.47                    0.013101764              
84.48                    0.01309877               
84.49                    0.013095776              
84.5                     0.013092782              
84.51                    0.01308979               
84.52                    0.013086799              
84.53                    0.013083807              
84.54                    0.013080818              
84.55                    0.013077828              
84.56                    0.0130748395             
84.57                    0.013071852              
84.58                    0.013068865              
84.59                    0.013065878              
84.6                     0.013062893              
84.61                    0.0130599085             
84.62                    0.0130569255             
84.63                    0.0130539425             
84.64                    0.01305096               
84.65                    0.013047978              
84.66                    0.013044998              
84.67                    0.013042019              
84.68                    0.013039039              
84.69                    0.013036061              
84.7                     0.013033084              
84.71                    0.013030107              
84.72                    0.013027132              
84.73                    0.013024156              
84.74                    0.013021182              
84.75                    0.013018209              
84.76                    0.013015236              
84.77                    0.013012264              
84.78                    0.013009293              
84.79                    0.013006322              
84.8                     0.013003353              
84.81                    0.013000384              
84.82                    0.012997416              
84.83                    0.012994449              
84.84                    0.012991482              
84.85                    0.012988517              
84.86                    0.012985552              
84.87                    0.012982588              
84.88                    0.012979625              
84.89                    0.012976662              
84.9                     0.012973701              
84.91                    0.01297074               
84.92                    0.012967779              
84.93                    0.0129648205             
84.94                    0.012961862              
84.95                    0.012958904              
84.96                    0.012955947              
84.97                    0.012952991              
84.98                    0.012950036              
84.99                    0.012947081              
85.0                     0.0129441265             
85.01                    0.012941174              
85.02                    0.012938222              
85.03                    0.01293527               
85.04                    0.012932319              
85.05                    0.01292937               
85.06                    0.01292642               
85.07                    0.012923472              
85.08                    0.012920524              
85.09                    0.012917577              
85.1                     0.0129146315             
85.11                    0.012911686              
85.12                    0.012908742              
85.13                    0.012905798              
85.14                    0.012902855              
85.15                    0.012899913              
85.16                    0.012896972              
85.17                    0.012894031              
85.18                    0.012891091              
85.19                    0.012888152              
85.2                     0.012885214              
85.21                    0.012882276              
85.22                    0.012879339              
85.23                    0.0128764035             
85.24                    0.012873468              
85.25                    0.012870534              
85.26                    0.012867601              
85.27                    0.012864668              
85.28                    0.012861735              
85.29                    0.012858804              
85.3                     0.012855873              
85.31                    0.012852944              
85.32                    0.012850015              
85.33                    0.012847087              
85.34                    0.012844159              
85.35                    0.012841233              
85.36                    0.012838307              
85.37                    0.012835382              
85.38                    0.012832458              
85.39                    0.012829534              
85.4                     0.012826611              
85.41                    0.01282369               
85.42                    0.012820768              
85.43                    0.012817848              
85.44                    0.012814928              
85.45                    0.012812009              
85.46                    0.012809091              
85.47                    0.012806173              
85.48                    0.012803257              
85.49                    0.0128003415             
85.5                     0.012797426              
85.51                    0.012794512              
85.52                    0.012791598              
85.53                    0.012788686              
85.54                    0.012785774              
85.55                    0.012782862              
85.56                    0.012779952              
85.57                    0.012777043              
85.58                    0.012774134              
85.59                    0.012771226              
85.6                     0.012768318              
85.61                    0.012765411              
85.62                    0.012762506              
85.63                    0.012759601              
85.64                    0.012756697              
85.65                    0.012753793              
85.66                    0.01275089               
85.67                    0.012747988              
85.68                    0.012745087              
85.69                    0.012742187              
85.7                     0.012739287              
85.71                    0.0127363885             
85.72                    0.01273349               
85.73                    0.012730593              
85.74                    0.012727696              
85.75                    0.0127248                
85.76                    0.0127219055             
85.77                    0.012719011              
85.78                    0.012716117              
85.79                    0.012713225              
85.8                     0.012710333              
85.81                    0.012707441              
85.82                    0.012704551              
85.83                    0.012701661              
85.84                    0.012698772              
85.85                    0.012695884              
85.86                    0.012692996              
85.87                    0.01269011               
85.88                    0.012687224              
85.89                    0.012684339              
85.9                     0.012681454              
85.91                    0.012678571              
85.92                    0.012675688              
85.93                    0.012672806              
85.94                    0.012669925              
85.95                    0.012667044              
85.96                    0.012664164              
85.97                    0.012661285              
85.98                    0.012658407              
85.99                    0.012655529              
86.0                     0.012652652              
86.01                    0.012649776              
86.02                    0.012646901              
86.03                    0.012644026              
86.04                    0.012641152              
86.05                    0.01263828               
86.06                    0.012635408              
86.07                    0.012632536              
86.08                    0.012629665              
86.09                    0.012626795              
86.1                     0.012623927              
86.11                    0.012621058              
86.12                    0.01261819               
86.13                    0.012615323              
86.14                    0.012612457              
86.15                    0.012609592              
86.16                    0.012606727              
86.17                    0.012603863              
86.18                    0.012601                 
86.19                    0.012598137              
86.2                     0.012595275              
86.21                    0.012592415              
86.22                    0.012589555              
86.23                    0.012586695              
86.24                    0.012583837              
86.25                    0.012580979              
86.26                    0.012578122              
86.27                    0.012575266              
86.28                    0.01257241               
86.29                    0.012569555              
86.3                     0.012566701              
86.31                    0.012563848              
86.32                    0.012560995              
86.33                    0.012558144              
86.34                    0.012555292              
86.35                    0.012552442              
86.36                    0.012549592              
86.37                    0.012546743              
86.38                    0.012543895              
86.39                    0.012541048              
86.4                     0.012538201              
86.41                    0.012535356              
86.42                    0.012532511              
86.43                    0.012529667              
86.44                    0.012526822              
86.45                    0.01252398               
86.46                    0.0125211375             
86.47                    0.012518296              
86.48                    0.0125154555             
86.49                    0.012512616              
86.5                     0.012509777              
86.51                    0.012506939              
86.52                    0.012504101              
86.53                    0.012501264              
86.54                    0.012498428              
86.55                    0.012495592              
86.56                    0.012492758              
86.57                    0.012489924              
86.58                    0.012487091              
86.59                    0.012484259              
86.6                     0.012481427              
86.61                    0.0124785965             
86.62                    0.012475766              
86.63                    0.012472937              
86.64                    0.012470108              
86.65                    0.01246728               
86.66                    0.0124644535             
86.67                    0.012461627              
86.68                    0.012458801              
86.69                    0.012455977              
86.7                     0.012453152              
86.71                    0.012450329              
86.72                    0.012447506              
86.73                    0.012444684              
86.74                    0.012441863              
86.75                    0.012439042              
86.76                    0.012436223              
86.77                    0.012433404              
86.78                    0.012430586              
86.79                    0.012427769              
86.8                     0.012424951              
86.81                    0.012422135              
86.82                    0.012419321              
86.83                    0.012416506              
86.84                    0.012413692              
86.85                    0.012410879              
86.86                    0.012408067              
86.87                    0.012405255              
86.88                    0.012402444              
86.89                    0.012399634              
86.9                     0.0123968255             
86.91                    0.012394017              
86.92                    0.012391209              
86.93                    0.012388402              
86.94                    0.012385596              
86.95                    0.0123827895             
86.96                    0.012379984              
86.97                    0.01237718               
86.98                    0.012374377              
86.99                    0.0123715745             
87.0                     0.012368772              
87.01                    0.012365972              
87.02                    0.012363171              
87.03                    0.012360372              
87.04                    0.012357572              
87.05                    0.012354774              
87.06                    0.012351977              
87.07                    0.01234918               
87.08                    0.012346384              
87.09                    0.012343588              
87.1                     0.012340794              
87.11                    0.012338                 
87.12                    0.012335207              
87.13                    0.012332414              
87.14                    0.012329623              
87.15                    0.012326832              
87.16                    0.012324042              
87.17                    0.012321252              
87.18                    0.012318464              
87.19                    0.012315676              
87.2                     0.012312889              
87.21                    0.012310103              
87.22                    0.012307316              
87.23                    0.012304531              
87.24                    0.012301748              
87.25                    0.012298964              
87.26                    0.012296181              
87.27                    0.012293398              
87.28                    0.012290617              
87.29                    0.0122878365             
87.3                     0.0122850565             
87.31                    0.012282277              
87.32                    0.012279499              
87.33                    0.012276722              
87.34                    0.012273945              
87.35                    0.012271169              
87.36                    0.012268393              
87.37                    0.012265618              
87.38                    0.0122628445             
87.39                    0.012260071              
87.4                     0.012257298              
87.41                    0.012254527              
87.42                    0.012251755              
87.43                    0.012248985              
87.44                    0.012246215              
87.45                    0.012243446              
87.46                    0.012240678              
87.47                    0.01223791               
87.48                    0.012235144              
87.49                    0.012232378              
87.5                     0.012229612              
87.51                    0.012226848              
87.52                    0.012224084              
87.53                    0.0122213205             
87.54                    0.012218558              
87.55                    0.012215797              
87.56                    0.0122130355             
87.57                    0.012210276              
87.58                    0.0122075165             
87.59                    0.012204758              
87.6                     0.012201999              
87.61                    0.012199242              
87.62                    0.012196486              
87.63                    0.012193729              
87.64                    0.012190974              
87.65                    0.01218822               
87.66                    0.0121854665             
87.67                    0.0121827135             
87.68                    0.012179961              
87.69                    0.012177209              
87.7                     0.012174459              
87.71                    0.012171709              
87.72                    0.01216896               
87.73                    0.01216621               
87.74                    0.012163463              
87.75                    0.012160716              
87.76                    0.012157969              
87.77                    0.012155224              
87.78                    0.012152478              
87.79                    0.012149734              
87.8                     0.012146991              
87.81                    0.012144248              
87.82                    0.012141505              
87.83                    0.012138764              
87.84                    0.0121360235             
87.85                    0.012133284              
87.86                    0.0121305445             
87.87                    0.0121278055             
87.88                    0.012125067              
87.89                    0.01212233               
87.9                     0.012119594              
87.91                    0.012116859              
87.92                    0.012114123              
87.93                    0.012111389              
87.94                    0.012108656              
87.95                    0.012105923              
87.96                    0.012103191              
87.97                    0.01210046               
87.98                    0.012097729              
87.99                    0.012094999              
88.0                     0.01209227               
88.01                    0.012089541              
88.02                    0.012086813              
88.03                    0.012084086              
88.04                    0.01208136               
88.05                    0.012078634              
88.06                    0.012075909              
88.07                    0.012073185              
88.08                    0.012070462              
88.09                    0.012067739              
88.1                     0.012065018              
88.11                    0.012062296              
88.12                    0.012059575              
88.13                    0.0120568555             
88.14                    0.012054136              
88.15                    0.0120514175             
88.16                    0.0120487                
88.17                    0.012045983              
88.18                    0.012043267              
88.19                    0.012040551              
88.2                     0.012037836              
88.21                    0.012035122              
88.22                    0.012032408              
88.23                    0.012029695              
88.24                    0.012026983              
88.25                    0.012024272              
88.26                    0.012021561              
88.27                    0.012018851              
88.28                    0.012016142              
88.29                    0.0120134335             
88.3                     0.012010726              
88.31                    0.012008019              
88.32                    0.012005312              
88.33                    0.012002607              
88.34                    0.011999901              
88.35                    0.011997198              
88.36                    0.011994494              
88.37                    0.011991791              
88.38                    0.011989089              
88.39                    0.011986388              
88.4                     0.011983687              
88.41                    0.011980987              
88.42                    0.011978287              
88.43                    0.011975589              
88.44                    0.011972891              
88.45                    0.011970194              
88.46                    0.011967498              
88.47                    0.011964802              
88.48                    0.011962106              
88.49                    0.011959412              
88.5                     0.011956719              
88.51                    0.011954025              
88.52                    0.011951334              
88.53                    0.011948642              
88.54                    0.011945951              
88.55                    0.011943261              
88.56                    0.0119405715             
88.57                    0.011937883              
88.58                    0.011935195              
88.59                    0.011932508              
88.6                     0.011929821              
88.61                    0.011927135              
88.62                    0.01192445               
88.63                    0.011921765              
88.64                    0.011919082              
88.65                    0.011916399              
88.66                    0.011913717              
88.67                    0.011911035              
88.68                    0.011908354              
88.69                    0.011905674              
88.7                     0.011902994              
88.71                    0.011900315              
88.72                    0.011897637              
88.73                    0.01189496               
88.74                    0.011892282              
88.75                    0.011889607              
88.76                    0.011886931              
88.77                    0.011884257              
88.78                    0.011881582              
88.79                    0.01187891               
88.8                     0.011876237              
88.81                    0.011873566              
88.82                    0.011870894              
88.83                    0.011868224              
88.84                    0.011865553              
88.85                    0.011862885              
88.86                    0.011860217              
88.87                    0.011857549              
88.88                    0.011854882              
88.89                    0.011852216              
88.9                     0.0118495505             
88.91                    0.011846885              
88.92                    0.0118442215             
88.93                    0.011841558              
88.94                    0.011838895              
88.95                    0.011836233              
88.96                    0.011833572              
88.97                    0.011830911              
88.98                    0.011828251              
88.99                    0.011825591              
89.0                     0.011822933              
89.01                    0.011820275              
89.02                    0.011817618              
89.03                    0.011814961              
89.04                    0.011812306              
89.05                    0.011809651              
89.06                    0.011806997              
89.07                    0.011804342              
89.08                    0.01180169               
89.09                    0.011799037              
89.1                     0.011796386              
89.11                    0.0117937345             
89.12                    0.011791084              
89.13                    0.011788435              
89.14                    0.011785786              
89.15                    0.011783138              
89.16                    0.01178049               
89.17                    0.011777843              
89.18                    0.011775197              
89.19                    0.0117725525             
89.2                     0.011769908              
89.21                    0.0117672635             
89.22                    0.01176462               
89.23                    0.011761977              
89.24                    0.011759335              
89.25                    0.011756694              
89.26                    0.011754054              
89.27                    0.011751414              
89.28                    0.011748775              
89.29                    0.0117461365             
89.3                     0.011743499              
89.31                    0.011740861              
89.32                    0.011738225              
89.33                    0.011735589              
89.34                    0.0117329545             
89.35                    0.01173032               
89.36                    0.011727686              
89.37                    0.011725053              
89.38                    0.011722421              
89.39                    0.011719789              
89.4                     0.011717158              
89.41                    0.011714528              
89.42                    0.011711899              
89.43                    0.01170927               
89.44                    0.011706642              
89.45                    0.011704015              
89.46                    0.011701388              
89.47                    0.011698762              
89.48                    0.011696137              
89.49                    0.011693512              
89.5                     0.011690888              
89.51                    0.011688264              
89.52                    0.0116856415             
89.53                    0.01168302               
89.54                    0.011680398              
89.55                    0.011677778              
89.56                    0.011675158              
89.57                    0.011672539              
89.58                    0.01166992               
89.59                    0.011667303              
89.6                     0.011664685              
89.61                    0.011662069              
89.62                    0.011659453              
89.63                    0.011656838              
89.64                    0.011654223              
89.65                    0.01165161               
89.66                    0.011648997              
89.67                    0.011646384              
89.68                    0.011643773              
89.69                    0.0116411615             
89.7                     0.011638551              
89.71                    0.011635941              
89.72                    0.011633333              
89.73                    0.011630724              
89.74                    0.0116281165             
89.75                    0.01162551               
89.76                    0.011622904              
89.77                    0.011620298              
89.78                    0.011617693              
89.79                    0.011615089              
89.8                     0.011612485              
89.81                    0.011609882              
89.82                    0.01160728               
89.83                    0.011604679              
89.84                    0.011602079              
89.85                    0.011599478              
89.86                    0.011596879              
89.87                    0.01159428               
89.88                    0.011591681              
89.89                    0.011589085              
89.9                     0.011586487              
89.91                    0.011583892              
89.92                    0.011581296              
89.93                    0.011578701              
89.94                    0.011576108              
89.95                    0.011573514              
89.96                    0.011570921              
89.97                    0.011568329              
89.98                    0.011565738              
89.99                    0.011563147              
90.0                     0.011560557              
90.01                    0.011557968              
90.02                    0.01155538               
90.03                    0.011552792              
90.04                    0.011550205              
90.05                    0.011547618              
90.06                    0.011545032              
90.07                    0.011542447              
90.08                    0.0115398625             
90.09                    0.011537278              
90.1                     0.0115346955             
90.11                    0.011532113              
90.12                    0.011529531              
90.13                    0.01152695               
90.14                    0.011524369              
90.15                    0.011521789              
90.16                    0.01151921               
90.17                    0.011516632              
90.18                    0.011514054              
90.19                    0.011511477              
90.2                     0.011508901              
90.21                    0.011506325              
90.22                    0.0115037495             
90.23                    0.011501175              
90.24                    0.011498601              
90.25                    0.011496028              
90.26                    0.011493456              
90.27                    0.011490884              
90.28                    0.011488313              
90.29                    0.011485742              
90.3                     0.011483173              
90.31                    0.011480603              
90.32                    0.011478035              
90.33                    0.011475467              
90.34                    0.0114729                
90.35                    0.011470334              
90.36                    0.011467768              
90.37                    0.011465203              
90.38                    0.011462639              
90.39                    0.011460075              
90.4                     0.011457512              
90.41                    0.01145495               
90.42                    0.011452388              
90.43                    0.011449827              
90.44                    0.011447267              
90.45                    0.0114447065             
90.46                    0.011442148              
90.47                    0.01143959               
90.48                    0.011437031              
90.49                    0.011434475              
90.5                     0.0114319185             
90.51                    0.011429363              
90.52                    0.011426807              
90.53                    0.011424253              
90.54                    0.011421699              
90.55                    0.011419146              
90.56                    0.011416594              
90.57                    0.011414043              
90.58                    0.011411491              
90.59                    0.011408941              
90.6                     0.011406391              
90.61                    0.011403842              
90.62                    0.011401294              
90.63                    0.011398746              
90.64                    0.0113961985             
90.65                    0.011393652              
90.66                    0.011391107              
90.67                    0.011388562              
90.68                    0.011386017              
90.69                    0.011383474              
90.7                     0.01138093               
90.71                    0.011378388              
90.72                    0.011375846              
90.73                    0.011373305              
90.74                    0.011370765              
90.75                    0.011368225              
90.76                    0.011365686              
90.77                    0.011363148              
90.78                    0.01136061               
90.79                    0.011358073              
90.8                     0.011355536              
90.81                    0.011353                 
90.82                    0.011350465              
90.83                    0.011347931              
90.84                    0.011345397              
90.85                    0.011342864              
90.86                    0.011340331              
90.87                    0.011337799              
90.88                    0.011335269              
90.89                    0.011332737              
90.9                     0.011330208              
90.91                    0.011327678              
90.92                    0.01132515               
90.93                    0.011322622              
90.94                    0.011320095              
90.95                    0.011317569              
90.96                    0.011315042              
90.97                    0.011312517              
90.98                    0.0113099925             
90.99                    0.011307469              
91.0                     0.011304946              
91.01                    0.011302423              
91.02                    0.011299901              
91.03                    0.01129738               
91.04                    0.0112948585             
91.05                    0.011292339              
91.06                    0.011289819              
91.07                    0.011287301              
91.08                    0.011284783              
91.09                    0.011282265              
91.1                     0.011279749              
91.11                    0.011277232              
91.12                    0.011274717              
91.13                    0.011272202              
91.14                    0.011269689              
91.15                    0.011267175              
91.16                    0.011264662              
91.17                    0.0112621505             
91.18                    0.011259639              
91.19                    0.011257128              
91.2                     0.011254618              
91.21                    0.011252108              
91.22                    0.011249599              
91.23                    0.011247091              
91.24                    0.011244584              
91.25                    0.011242077              
91.26                    0.011239571              
91.27                    0.011237064              
91.28                    0.01123456               
91.29                    0.011232056              
91.3                     0.011229551              
91.31                    0.011227049              
91.32                    0.0112245465             
91.33                    0.011222045              
91.34                    0.011219543              
91.35                    0.011217043              
91.36                    0.011214543              
91.37                    0.011212044              
91.38                    0.011209546              
91.39                    0.011207048              
91.4                     0.011204551              
91.41                    0.011202054              
91.42                    0.011199559              
91.43                    0.011197063              
91.44                    0.011194569              
91.45                    0.011192075              
91.46                    0.011189582              
91.47                    0.01118709               
91.48                    0.011184597              
91.49                    0.011182106              
91.5                     0.011179616              
91.51                    0.011177125              
91.52                    0.011174636              
91.53                    0.0111721475             
91.54                    0.011169659              
91.55                    0.011167171              
91.56                    0.011164685              
91.57                    0.011162199              
91.58                    0.011159713              
91.59                    0.011157229              
91.6                     0.011154745              
91.61                    0.011152261              
91.62                    0.011149778              
91.63                    0.011147296              
91.64                    0.011144814              
91.65                    0.011142333              
91.66                    0.011139853              
91.67                    0.011137373              
91.68                    0.011134894              
91.69                    0.011132415              
91.7                     0.011129938              
91.71                    0.011127461              
91.72                    0.011124984              
91.73                    0.011122509              
91.74                    0.011120033              
91.75                    0.011117559              
91.76                    0.011115085              
91.77                    0.011112612              
91.78                    0.011110139              
91.79                    0.011107667              
91.8                     0.011105196              
91.81                    0.011102726              
91.82                    0.011100255              
91.83                    0.011097786              
91.84                    0.011095317              
91.85                    0.011092849              
91.86                    0.011090382              
91.87                    0.011087915              
91.88                    0.011085449              
91.89                    0.011082984              
91.9                     0.011080518              
91.91                    0.011078054              
91.92                    0.011075591              
91.93                    0.011073127              
91.94                    0.011070665              
91.95                    0.0110682035             
91.96                    0.011065742              
91.97                    0.011063281              
91.98                    0.011060822              
91.99                    0.011058363              
92.0                     0.011055904              
92.01                    0.011053447              
92.02                    0.01105099               
92.03                    0.011048533              
92.04                    0.011046077              
92.05                    0.011043621              
92.06                    0.011041167              
92.07                    0.011038713              
92.08                    0.011036259              
92.09                    0.011033807              
92.1                     0.011031355              
92.11                    0.011028904              
92.12                    0.011026452              
92.13                    0.011024002              
92.14                    0.011021553              
92.15                    0.011019103              
92.16                    0.011016655              
92.17                    0.011014207              
92.18                    0.011011761              
92.19                    0.011009314              
92.2                     0.011006868              
92.21                    0.011004423              
92.22                    0.011001979              
92.23                    0.010999535              
92.24                    0.010997091              
92.25                    0.0109946495             
92.26                    0.010992208              
92.27                    0.010989766              
92.28                    0.010987326              
92.29                    0.0109848855             
92.3                     0.010982445              
92.31                    0.010980007              
92.32                    0.010977569              
92.33                    0.010975131              
92.34                    0.0109726945             
92.35                    0.010970258              
92.36                    0.010967823              
92.37                    0.010965387              
92.38                    0.010962953              
92.39                    0.010960519              
92.4                     0.010958086              
92.41                    0.010955654              
92.42                    0.0109532215             
92.43                    0.010950791              
92.44                    0.01094836               
92.45                    0.01094593               
92.46                    0.010943501              
92.47                    0.010941072              
92.48                    0.010938644              
92.49                    0.010936216              
92.5                     0.010933789              
92.51                    0.010931363              
92.52                    0.010928938              
92.53                    0.010926513              
92.54                    0.010924089              
92.55                    0.0109216655             
92.56                    0.010919242              
92.57                    0.01091682               
92.58                    0.010914398              
92.59                    0.010911977              
92.6                     0.010909556              
92.61                    0.010907137              
92.62                    0.010904717              
92.63                    0.010902299              
92.64                    0.010899881              
92.65                    0.010897463              
92.66                    0.010895046              
92.67                    0.010892631              
92.68                    0.010890215              
92.69                    0.0108878                
92.7                     0.010885386              
92.71                    0.010882972              
92.72                    0.01088056               
92.73                    0.010878147              
92.74                    0.010875735              
92.75                    0.010873324              
92.76                    0.010870914              
92.77                    0.010868504              
92.78                    0.010866094              
92.79                    0.010863686              
92.8                     0.010861278              
92.81                    0.01085887               
92.82                    0.010856464              
92.83                    0.010854058              
92.84                    0.010851652              
92.85                    0.010849247              
92.86                    0.010846843              
92.87                    0.010844439              
92.88                    0.010842036              
92.89                    0.010839634              
92.9                     0.010837232              
92.91                    0.010834831              
92.92                    0.010832431              
92.93                    0.010830031              
92.94                    0.010827632              
92.95                    0.010825233              
92.96                    0.010822834              
92.97                    0.010820437              
92.98                    0.01081804               
92.99                    0.010815645              
93.0                     0.010813248              
93.01                    0.010810854              
93.02                    0.0108084595             
93.03                    0.010806066              
93.04                    0.0108036725             
93.05                    0.01080128               
93.06                    0.010798888              
93.07                    0.010796498              
93.08                    0.010794107              
93.09                    0.010791717              
93.1                     0.010789327              
93.11                    0.0107869385             
93.12                    0.010784551              
93.13                    0.010782163              
93.14                    0.010779776              
93.15                    0.01077739               
93.16                    0.0107750045             
93.17                    0.010772619              
93.18                    0.010770235              
93.19                    0.010767851              
93.2                     0.010765468              
93.21                    0.010763085              
93.22                    0.010760703              
93.23                    0.010758322              
93.24                    0.010755941              
93.25                    0.010753561              
93.26                    0.010751181              
93.27                    0.010748803              
93.28                    0.010746425              
93.29                    0.010744047              
93.3                     0.01074167               
93.31                    0.010739294              
93.32                    0.010736918              
93.33                    0.010734542              
93.34                    0.010732168              
93.35                    0.010729794              
93.36                    0.01072742               
93.37                    0.010725048              
93.38                    0.010722676              
93.39                    0.010720304              
93.4                     0.010717934              
93.41                    0.010715564              
93.42                    0.010713194              
93.43                    0.010710824              
93.44                    0.010708456              
93.45                    0.0107060885             
93.46                    0.010703721              
93.47                    0.010701355              
93.48                    0.010698989              
93.49                    0.0106966235             
93.5                     0.010694259              
93.51                    0.010691894              
93.52                    0.010689531              
93.53                    0.010687168              
93.54                    0.010684806              
93.55                    0.010682444              
93.56                    0.010680083              
93.57                    0.010677722              
93.58                    0.010675362              
93.59                    0.010673003              
93.6                     0.010670645              
93.61                    0.010668287              
93.62                    0.010665929              
93.63                    0.010663573              
93.64                    0.010661216              
93.65                    0.010658861              
93.66                    0.010656506              
93.67                    0.010654151              
93.68                    0.010651798              
93.69                    0.010649445              
93.7                     0.010647092              
93.71                    0.01064474               
93.72                    0.010642389              
93.73                    0.010640038              
93.74                    0.0106376875             
93.75                    0.010635339              
93.76                    0.01063299               
93.77                    0.010630641              
93.78                    0.010628293              
93.79                    0.010625946              
93.8                     0.0106236                
93.81                    0.010621254              
93.82                    0.010618909              
93.83                    0.010616564              
93.84                    0.01061422               
93.85                    0.010611877              
93.86                    0.010609534              
93.87                    0.010607191              
93.88                    0.01060485               
93.89                    0.010602509              
93.9                     0.010600168              
93.91                    0.010597829              
93.92                    0.010595489              
93.93                    0.010593151              
93.94                    0.010590813              
93.95                    0.0105884755             
93.96                    0.010586139              
93.97                    0.010583803              
93.98                    0.010581467              
93.99                    0.0105791325             
94.0                     0.010576798              
94.01                    0.010574464              
94.02                    0.010572131              
94.03                    0.010569798              
94.04                    0.010567466              
94.05                    0.010565135              
94.06                    0.0105628045             
94.07                    0.010560474              
94.08                    0.010558144              
94.09                    0.010555815              
94.1                     0.010553487              
94.11                    0.010551159              
94.12                    0.010548832              
94.13                    0.010546505              
94.14                    0.01054418               
94.15                    0.010541854              
94.16                    0.01053953               
94.17                    0.010537205              
94.18                    0.010534882              
94.19                    0.010532559              
94.2                     0.010530236              
94.21                    0.010527914              
94.22                    0.0105255935             
94.23                    0.010523273              
94.24                    0.010520953              
94.25                    0.010518634              
94.26                    0.010516315              
94.27                    0.010513997              
94.28                    0.01051168               
94.29                    0.010509362              
94.3                     0.010507046              
94.31                    0.01050473               
94.32                    0.010502415              
94.33                    0.0105001                
94.34                    0.010497786              
94.35                    0.010495473              
94.36                    0.01049316               
94.37                    0.010490848              
94.38                    0.010488536              
94.39                    0.010486226              
94.4                     0.010483915              
94.41                    0.010481605              
94.42                    0.010479297              
94.43                    0.010476988              
94.44                    0.01047468               
94.45                    0.010472372              
94.46                    0.010470065              
94.47                    0.010467759              
94.48                    0.010465453              
94.49                    0.010463148              
94.5                     0.010460844              
94.51                    0.01045854               
94.52                    0.010456237              
94.53                    0.010453935              
94.54                    0.010451633              
94.55                    0.010449331              
94.56                    0.01044703               
94.57                    0.01044473               
94.58                    0.01044243               
94.59                    0.010440131              
94.6                     0.010437832              
94.61                    0.010435535              
94.62                    0.010433237              
94.63                    0.01043094               
94.64                    0.010428645              
94.65                    0.010426349              
94.66                    0.010424054              
94.67                    0.010421759              
94.68                    0.010419466              
94.69                    0.010417173              
94.7                     0.01041488               
94.71                    0.010412588              
94.72                    0.010410297              
94.73                    0.010408006              
94.74                    0.010405716              
94.75                    0.010403425              
94.76                    0.010401137              
94.77                    0.010398848              
94.78                    0.010396561              
94.79                    0.010394273              
94.8                     0.010391987              
94.81                    0.0103897005             
94.82                    0.010387415              
94.83                    0.01038513               
94.84                    0.010382846              
94.85                    0.010380562              
94.86                    0.010378279              
94.87                    0.010375996              
94.88                    0.010373714              
94.89                    0.010371433              
94.9                     0.010369152              
94.91                    0.010366872              
94.92                    0.010364592              
94.93                    0.010362313              
94.94                    0.010360035              
94.95                    0.010357757              
94.96                    0.01035548               
94.97                    0.010353203              
94.98                    0.010350927              
94.99                    0.010348652              
95.0                     0.010346376              
95.01                    0.010344102              
95.02                    0.010341829              
95.03                    0.010339555              
95.04                    0.010337283              
95.05                    0.0103350105             
95.06                    0.010332739              
95.07                    0.010330468              
95.08                    0.010328198              
95.09                    0.010325928              
95.1                     0.0103236595             
95.11                    0.010321391              
95.12                    0.010319123              
95.13                    0.010316855              
95.14                    0.010314589              
95.15                    0.0103123225             
95.16                    0.010310058              
95.17                    0.010307793              
95.18                    0.010305528              
95.19                    0.0103032645             
95.2                     0.010301                 
95.21                    0.010298738              
95.22                    0.010296476              
95.23                    0.010294215              
95.24                    0.010291954              
95.25                    0.010289693              
95.26                    0.010287434              
95.27                    0.0102851745             
95.28                    0.010282916              
95.29                    0.010280658              
95.3                     0.0102784                
95.31                    0.010276143              
95.32                    0.010273888              
95.33                    0.010271632              
95.34                    0.010269376              
95.35                    0.010267122              
95.36                    0.010264868              
95.37                    0.010262615              
95.38                    0.010260362              
95.39                    0.01025811               
95.4                     0.010255858              
95.41                    0.010253607              
95.42                    0.010251356              
95.43                    0.010249107              
95.44                    0.010246858              
95.45                    0.010244609              
95.46                    0.010242361              
95.47                    0.010240113              
95.48                    0.010237866              
95.49                    0.01023562               
95.5                     0.010233374              
95.51                    0.010231129              
95.52                    0.010228884              
95.53                    0.01022664               
95.54                    0.010224396              
95.55                    0.010222154              
95.56                    0.010219911              
95.57                    0.010217669              
95.58                    0.010215428              
95.59                    0.010213187              
95.6                     0.010210947              
95.61                    0.010208708              
95.62                    0.010206469              
95.63                    0.01020423               
95.64                    0.0102019925             
95.65                    0.010199755              
95.66                    0.010197519              
95.67                    0.010195283              
95.68                    0.010193047              
95.69                    0.010190813              
95.7                     0.010188579              
95.71                    0.010186344              
95.72                    0.010184111              
95.73                    0.010181879              
95.74                    0.010179647              
95.75                    0.010177416              
95.76                    0.010175184              
95.77                    0.010172955              
95.78                    0.010170724              
95.79                    0.010168496              
95.8                     0.010166267              
95.81                    0.010164039              
95.82                    0.0101618115             
95.83                    0.010159585              
95.84                    0.010157358              
95.85                    0.010155133              
95.86                    0.010152907              
95.87                    0.010150683              
95.88                    0.010148459              
95.89                    0.010146235              
95.9                     0.010144013              
95.91                    0.010141791              
95.92                    0.010139569              
95.93                    0.0101373475             
95.94                    0.010135127              
95.95                    0.010132907              
95.96                    0.010130688              
95.97                    0.010128468              
95.98                    0.010126251              
95.99                    0.010124032              
96.0                     0.010121816              
96.01                    0.010119599              
96.02                    0.010117383              
96.03                    0.010115167              
96.04                    0.010112952              
96.05                    0.010110739              
96.06                    0.010108525              
96.07                    0.010106311              
96.08                    0.010104099              
96.09                    0.0101018865             
96.1                     0.0100996755             
96.11                    0.010097465              
96.12                    0.0100952545             
96.13                    0.0100930445             
96.14                    0.010090835              
96.15                    0.010088626              
96.16                    0.010086418              
96.17                    0.010084211              
96.18                    0.010082005              
96.19                    0.010079797              
96.2                     0.010077592              
96.21                    0.010075387              
96.22                    0.010073182              
96.23                    0.010070978              
96.24                    0.010068774              
96.25                    0.010066572              
96.26                    0.010064369              
96.27                    0.010062167              
96.28                    0.010059966              
96.29                    0.010057765              
96.3                     0.010055565              
96.31                    0.0100533655             
96.32                    0.010051167              
96.33                    0.010048969              
96.34                    0.010046771              
96.35                    0.010044573              
96.36                    0.010042377              
96.37                    0.01004018               
96.38                    0.010037985              
96.39                    0.01003579               
96.4                     0.010033595              
96.41                    0.010031401              
96.42                    0.010029208              
96.43                    0.010027015              
96.44                    0.010024822              
96.45                    0.010022631              
96.46                    0.0100204395             
96.47                    0.010018249              
96.48                    0.0100160595             
96.49                    0.01001387               
96.5                     0.010011681              
96.51                    0.010009493              
96.52                    0.010007305              
96.53                    0.010005117              
96.54                    0.010002932              
96.55                    0.010000745              
96.56                    0.00999856               
96.57                    0.009996375              
96.58                    0.00999419               
96.59                    0.009992006              
96.6                     0.009989823              
96.61                    0.00998764               
96.62                    0.009985458              
96.63                    0.009983277              
96.64                    0.009981096              
96.65                    0.009978916              
96.66                    0.009976735              
96.67                    0.009974556              
96.68                    0.009972378              
96.69                    0.009970199              
96.7                     0.009968022              
96.71                    0.009965844              
96.72                    0.009963668              
96.73                    0.009961491              
96.74                    0.009959317              
96.75                    0.009957141              
96.76                    0.009954968              
96.77                    0.009952794              
96.78                    0.00995062               
96.79                    0.009948447              
96.8                     0.0099462755             
96.81                    0.009944104              
96.82                    0.009941933              
96.83                    0.009939763              
96.84                    0.009937593              
96.85                    0.009935424              
96.86                    0.009933255              
96.87                    0.009931087              
96.88                    0.009928918              
96.89                    0.009926751              
96.9                     0.009924585              
96.91                    0.009922419              
96.92                    0.009920253              
96.93                    0.009918089              
96.94                    0.009915925              
96.95                    0.009913761              
96.96                    0.009911598              
96.97                    0.009909435              
96.98                    0.009907273              
96.99                    0.009905111              
97.0                     0.00990295               
97.01                    0.00990079               
97.02                    0.00989863               
97.03                    0.009896471              
97.04                    0.009894312              
97.05                    0.009892154              
97.06                    0.009889996              
97.07                    0.009887839              
97.08                    0.009885683              
97.09                    0.009883527              
97.1                     0.009881371              
97.11                    0.009879216              
97.12                    0.0098770615             
97.13                    0.009874908              
97.14                    0.009872755              
97.15                    0.009870602              
97.16                    0.0098684495             
97.17                    0.009866298              
97.18                    0.009864147              
97.19                    0.009861996              
97.2                     0.009859847              
97.21                    0.009857697              
97.22                    0.009855549              
97.23                    0.0098534                
97.24                    0.009851253              
97.25                    0.009849105              
97.26                    0.009846958              
97.27                    0.009844813              
97.28                    0.009842667              
97.29                    0.009840522              
97.3                     0.009838377              
97.31                    0.009836233              
97.32                    0.00983409               
97.33                    0.009831947              
97.34                    0.009829805              
97.35                    0.009827663              
97.36                    0.009825522              
97.37                    0.009823382              
97.38                    0.009821242              
97.39                    0.0098191025             
97.4                     0.009816963              
97.41                    0.009814825              
97.42                    0.009812687              
97.43                    0.009810549              
97.44                    0.009808413              
97.45                    0.009806276              
97.46                    0.009804141              
97.47                    0.009802006              
97.48                    0.009799872              
97.49                    0.009797737              
97.5                     0.009795603              
97.51                    0.009793471              
97.52                    0.009791338              
97.53                    0.009789206              
97.54                    0.009787075              
97.55                    0.009784944              
97.56                    0.009782814              
97.57                    0.0097806845             
97.58                    0.0097785555             
97.59                    0.0097764265             
97.6                     0.009774298              
97.61                    0.009772171              
97.62                    0.009770044              
97.63                    0.009767918              
97.64                    0.009765792              
97.65                    0.009763666              
97.66                    0.009761542              
97.67                    0.009759418              
97.68                    0.009757294              
97.69                    0.009755171              
97.7                     0.009753048              
97.71                    0.009750926              
97.72                    0.009748804              
97.73                    0.009746684              
97.74                    0.009744563              
97.75                    0.009742443              
97.76                    0.009740324              
97.77                    0.009738205              
97.78                    0.009736087              
97.79                    0.009733969              
97.8                     0.0097318515             
97.81                    0.009729736              
97.82                    0.009727619              
97.83                    0.009725504              
97.84                    0.009723389              
97.85                    0.0097212745             
97.86                    0.00971916               
97.87                    0.009717046              
97.88                    0.009714934              
97.89                    0.009712822              
97.9                     0.00971071               
97.91                    0.009708598              
97.92                    0.009706488              
97.93                    0.0097043775             
97.94                    0.009702268              
97.95                    0.009700159              
97.96                    0.00969805               
97.97                    0.0096959425             
97.98                    0.009693835              
97.99                    0.009691728              
98.0                     0.009689622              
98.01                    0.009687516              
98.02                    0.00968541               
98.03                    0.009683305              
98.04                    0.009681202              
98.05                    0.009679098              
98.06                    0.009676995              
98.07                    0.009674892              
98.08                    0.00967279               
98.09                    0.009670688              
98.1                     0.009668587              
98.11                    0.009666487              
98.12                    0.0096643865             
98.13                    0.009662287              
98.14                    0.009660188              
98.15                    0.00965809               
98.16                    0.0096559925             
98.17                    0.009653895              
98.18                    0.009651798              
98.19                    0.009649702              
98.2                     0.009647606              
98.21                    0.009645511              
98.22                    0.009643417              
98.23                    0.009641322              
98.24                    0.009639229              
98.25                    0.009637136              
98.26                    0.009635043              
98.27                    0.009632952              
98.28                    0.009630861              
98.29                    0.009628769              
98.3                     0.009626679              
98.31                    0.009624589              
98.32                    0.0096225                
98.33                    0.009620411              
98.34                    0.009618323              
98.35                    0.009616235              
98.36                    0.009614148              
98.37                    0.009612062              
98.38                    0.009609976              
98.39                    0.009607891              
98.4                     0.009605805              
98.41                    0.009603721              
98.42                    0.009601637              
98.43                    0.009599553              
98.44                    0.009597471              
98.45                    0.009595389              
98.46                    0.009593306              
98.47                    0.009591226              
98.48                    0.009589145              
98.49                    0.009587064              
98.5                     0.009584985              
98.51                    0.009582905              
98.52                    0.009580827              
98.53                    0.009578749              
98.54                    0.009576671              
98.55                    0.009574594              
98.56                    0.009572518              
98.57                    0.009570442              
98.58                    0.009568366              
98.59                    0.009566291              
98.6                     0.009564217              
98.61                    0.009562143              
98.62                    0.00956007               
98.63                    0.009557997              
98.64                    0.009555925              
98.65                    0.009553853              
98.66                    0.009551782              
98.67                    0.009549711              
98.68                    0.009547641              
98.69                    0.009545571              
98.7                     0.009543503              
98.71                    0.009541433              
98.72                    0.009539366              
98.73                    0.009537298              
98.74                    0.009535232              
98.75                    0.009533165              
98.76                    0.009531098              
98.77                    0.009529034              
98.78                    0.009526969              
98.79                    0.009524904              
98.8                     0.00952284               
98.81                    0.0095207775             
98.82                    0.009518715              
98.83                    0.009516652              
98.84                    0.009514591              
98.85                    0.009512529              
98.86                    0.009510469              
98.87                    0.009508409              
98.88                    0.0095063485             
98.89                    0.009504289              
98.9                     0.009502231              
98.91                    0.009500173              
98.92                    0.009498116              
98.93                    0.009496058              
98.94                    0.009494002              
98.95                    0.009491946              
98.96                    0.00948989               
98.97                    0.009487836              
98.98                    0.009485781              
98.99                    0.009483728              
99.0                     0.009481674              
99.01                    0.009479621              
99.02                    0.009477569              
99.03                    0.009475517              
99.04                    0.009473466              
99.05                    0.009471416              
99.06                    0.009469365              
99.07                    0.009467316              
99.08                    0.009465266              
99.09                    0.009463218              
99.1                     0.00946117               
99.11                    0.009459122              
99.12                    0.009457075              
99.13                    0.009455028              
99.14                    0.009452983              
99.15                    0.009450937              
99.16                    0.0094488915             
99.17                    0.009446847              
99.18                    0.009444804              
99.19                    0.00944276               
99.2                     0.009440717              
99.21                    0.009438675              
99.22                    0.0094366325             
99.23                    0.009434592              
99.24                    0.0094325505             
99.25                    0.009430511              
99.26                    0.00942847               
99.27                    0.009426432              
99.28                    0.009424393              
99.29                    0.009422354              
99.3                     0.009420317              
99.31                    0.00941828               
99.32                    0.009416243              
99.33                    0.009414207              
99.34                    0.009412171              
99.35                    0.009410136              
99.36                    0.009408101              
99.37                    0.009406067              
99.38                    0.009404033              
99.39                    0.009402001              
99.4                     0.009399968              
99.41                    0.009397936              
99.42                    0.009395905              
99.43                    0.009393874              
99.44                    0.009391843              
99.45                    0.009389813              
99.46                    0.009387784              
99.47                    0.009385755              
99.48                    0.009383727              
99.49                    0.009381698              
99.5                     0.009379672              
99.51                    0.009377644              
99.52                    0.009375619              
99.53                    0.009373592              
99.54                    0.0093715675             
99.55                    0.009369543              
99.56                    0.009367518              
99.57                    0.009365494              
99.58                    0.0093634715             
99.59                    0.009361449              
99.6                     0.009359426              
99.61                    0.009357405              
99.62                    0.009355383              
99.63                    0.009353363              
99.64                    0.009351343              
99.65                    0.009349323              
99.66                    0.009347304              
99.67                    0.009345286              
99.68                    0.009343267              
99.69                    0.009341249              
99.7                     0.009339233              
99.71                    0.009337216              
99.72                    0.0093352                
99.73                    0.009333184              
99.74                    0.00933117               
99.75                    0.009329155              
99.76                    0.009327141              
99.77                    0.009325127              
99.78                    0.0093231145             
99.79                    0.009321102              
99.8                     0.00931909               
99.81                    0.009317079              
99.82                    0.009315068              
99.83                    0.009313057              
99.84                    0.009311047              
99.85                    0.009309038              
99.86                    0.009307029              
99.87                    0.009305021              
99.88                    0.009303013              
99.89                    0.009301006              
99.9                     0.009298999              
99.91                    0.009296992              
99.92                    0.009294987              
99.93                    0.009292982              
99.94                    0.009290976              
99.95                    0.009288972              
99.96                    0.009286968              
99.97                    0.009284965              
99.98                    0.009282962              
99.99                    0.00928096               
100.0                    0.009278959              
