% x                      
0.0                      844.8546                 
0.01                     844.7726                 
0.02                     844.7227                 
0.03                     844.6737                 
0.04                     844.6253                 
0.05                     844.5776                 
0.06                     844.53033                
0.07                     844.48364                
0.08                     844.4375                 
0.09                     844.39197                
0.1                      844.347                  
0.11                     844.3026                 
0.12                     844.25885                
0.13                     844.21564                
0.14                     844.173                  
0.15                     844.1309                 
0.16                     844.08936                
0.17                     844.0484                 
0.18                     844.008                  
0.19                     843.9681                 
0.2                      843.9287                 
0.21                     843.8899                 
0.22                     843.85156                
0.23                     843.8137                 
0.24                     843.7764                 
0.25                     843.7397                 
0.26                     843.70337                
0.27                     843.66754                
0.28                     843.63226                
0.29                     843.5974                 
0.3                      843.56305                
0.31                     843.5292                 
0.32                     843.4958                 
0.33                     843.4628                 
0.34                     843.43036                
0.35                     843.3983                 
0.36                     843.3667                 
0.37                     843.3356                 
0.38                     843.3049                 
0.39                     843.2746                 
0.4                      843.24475                
0.41                     843.21533                
0.42                     843.18634                
0.43                     843.1577                 
0.44                     843.1296                 
0.45                     843.1018                 
0.46                     843.07446                
0.47                     843.0475                 
0.48                     843.02094                
0.49                     842.9948                 
0.5                      842.96906                
0.51                     842.94366                
0.52                     842.9187                 
0.53                     842.89404                
0.54                     842.8698                 
0.55                     842.84595                
0.56                     842.8225                 
0.57                     842.7994                 
0.58                     842.7766                 
0.59                     842.7542                 
0.6                      842.7322                 
0.61                     842.7105                 
0.62                     842.6892                 
0.63                     842.6682                 
0.64                     842.64764                
0.65                     842.6274                 
0.66                     842.6074                 
0.67                     842.5878                 
0.68                     842.5686                 
0.69                     842.5497                 
0.7                      842.53107                
0.71                     842.5128                 
0.72                     842.49493                
0.73                     842.4773                 
0.74                     842.46                   
0.75                     842.4431                 
0.76                     842.42645                
0.77                     842.41016                
0.78                     842.39417                
0.79                     842.3784                 
0.8                      842.36304                
0.81                     842.34796                
0.82                     842.3332                 
0.83                     842.3187                 
0.84                     842.30457                
0.85                     842.2907                 
0.86                     842.27716                
0.87                     842.26385                
0.88                     842.25085                
0.89                     842.23816                
0.9                      842.22577                
0.91                     842.2137                 
0.92                     842.20184                
0.93                     842.1903                 
0.94                     842.179                  
0.95                     842.168                  
0.96                     842.15735                
0.97                     842.1469                 
0.98                     842.1368                 
0.99                     842.1269                 
1.0                      842.11725                
1.01                     842.1079                 
1.02                     842.0989                 
1.03                     842.0901                 
1.04                     842.08154                
1.05                     842.07324                
1.06                     842.06525                
1.07                     842.0575                 
1.08                     842.05                   
1.09                     842.0427                 
1.1                      842.03577                
1.11                     842.02905                
1.12                     842.0225                 
1.13                     842.01636                
1.14                     842.0104                 
1.15                     842.00464                
1.16                     841.99915                
1.17                     841.9939                 
1.18                     841.98895                
1.19                     841.9842                 
1.2                      841.9797                 
1.21                     841.9754                 
1.22                     841.97144                
1.23                     841.96765                
1.24                     841.9641                 
1.25                     841.96075                
1.26                     841.9577                 
1.27                     841.9549                 
1.28                     841.9523                 
1.29                     841.9499                 
1.3                      841.94775                
1.31                     841.94586                
1.32                     841.94415                
1.33                     841.9427                 
1.34                     841.94147                
1.35                     841.9404                 
1.36                     841.93964                
1.37                     841.9391                 
1.38                     841.9387                 
1.39                     841.9386                 
1.4                      841.93866                
1.41                     841.93896                
1.42                     841.9395                 
1.43                     841.9402                 
1.44                     841.94116                
1.45                     841.9423                 
1.46                     841.94366                
1.47                     841.94525                
1.48                     841.9471                 
1.49                     841.94904                
1.5                      841.95123                
1.51                     841.9537                 
1.52                     841.9563                 
1.53                     841.9591                 
1.54                     841.9621                 
1.55                     841.96533                
1.56                     841.9687                 
1.57                     841.97235                
1.58                     841.97614                
1.59                     841.98016                
1.6                      841.9844                 
1.61                     841.9888                 
1.62                     841.9934                 
1.63                     841.99817                
1.64                     842.0032                 
1.65                     842.00836                
1.66                     842.01373                
1.67                     842.01935                
1.68                     842.0251                 
1.69                     842.031                  
1.7                      842.0372                 
1.71                     842.0435                 
1.72                     842.05                   
1.73                     842.0567                 
1.74                     842.06354                
1.75                     842.0706                 
1.76                     842.0779                 
1.77                     842.0853                 
1.78                     842.0929                 
1.79                     842.1007                 
1.8                      842.1087                 
1.81                     842.1168                 
1.82                     842.1252                 
1.83                     842.13367                
1.84                     842.14233                
1.85                     842.1512                 
1.86                     842.1602                 
1.87                     842.16943                
1.88                     842.1788                 
1.89                     842.1883                 
1.9                      842.19806                
1.91                     842.20795                
1.92                     842.21796                
1.93                     842.2282                 
1.94                     842.23865                
1.95                     842.2492                 
1.96                     842.25995                
1.97                     842.2708                 
1.98                     842.2819                 
1.99                     842.29315                
2.0                      842.3045                 
2.01                     842.3161                 
2.02                     842.3278                 
2.03                     842.3397                 
2.04                     842.35175                
2.05                     842.36395                
2.06                     842.37634                
2.07                     842.38885                
2.08                     842.40155                
2.09                     842.41437                
2.1                      842.4274                 
2.11                     842.44055                
2.12                     842.45386                
2.13                     842.46735                
2.14                     842.481                  
2.15                     842.49475                
2.16                     842.5087                 
2.17                     842.5228                 
2.18                     842.53705                
2.19                     842.55145                
2.2                      842.566                  
2.21                     842.5807                 
2.22                     842.5955                 
2.23                     842.61053                
2.24                     842.6257                 
2.25                     842.641                  
2.26                     842.65643                
2.27                     842.672                  
2.28                     842.68774                
2.29                     842.7036                 
2.3                      842.71967                
2.31                     842.73584                
2.32                     842.75214                
2.33                     842.7686                 
2.34                     842.7852                 
2.35                     842.80194                
2.36                     842.81885                
2.37                     842.8359                 
2.38                     842.853                  
2.39                     842.87036                
2.4                      842.8878                 
2.41                     842.9054                 
2.42                     842.9231                 
2.43                     842.941                  
2.44                     842.959                  
2.45                     842.9771                 
2.46                     842.9954                 
2.47                     843.01385                
2.48                     843.03235                
2.49                     843.051                  
2.5                      843.0699                 
2.51                     843.0888                 
2.52                     843.1079                 
2.53                     843.12714                
2.54                     843.1465                 
2.55                     843.16595                
2.56                     843.18555                
2.57                     843.2053                 
2.58                     843.22516                
2.59                     843.2452                 
2.6                      843.26526                
2.61                     843.2855                 
2.62                     843.3059                 
2.63                     843.3264                 
2.64                     843.34705                
2.65                     843.36786                
2.66                     843.38873                
2.67                     843.4097                 
2.68                     843.43085                
2.69                     843.45215                
2.7                      843.4735                 
2.71                     843.49506                
2.72                     843.51666                
2.73                     843.53845                
2.74                     843.5603                 
2.75                     843.58234                
2.76                     843.6045                 
2.77                     843.6267                 
2.78                     843.6491                 
2.79                     843.6716                 
2.8                      843.6942                 
2.81                     843.7169                 
2.82                     843.7398                 
2.83                     843.76276                
2.84                     843.7858                 
2.85                     843.809                  
2.86                     843.8324                 
2.87                     843.85583                
2.88                     843.8794                 
2.89                     843.9031                 
2.9                      843.9269                 
2.91                     843.95074                
2.92                     843.9748                 
2.93                     843.9989                 
2.94                     844.0232                 
2.95                     844.04755                
2.96                     844.072                  
2.97                     844.0966                 
2.98                     844.12134                
2.99                     844.1462                 
3.0                      844.1711                 
3.01                     844.1961                 
3.02                     844.22125                
3.03                     844.2465                 
3.04                     844.2719                 
3.05                     844.29736                
3.06                     844.32294                
3.07                     844.34863                
3.08                     844.37445                
3.09                     844.4003                 
3.1                      844.4264                 
3.11                     844.4525                 
3.12                     844.47876                
3.13                     844.50507                
3.14                     844.53156                
3.15                     844.5581                 
3.16                     844.5847                 
3.17                     844.6115                 
3.18                     844.63837                
3.19                     844.66534                
3.2                      844.6924                 
3.21                     844.7196                 
3.22                     844.7469                 
3.23                     844.77423                
3.24                     844.80176                
3.25                     844.82935                
3.26                     844.857                  
3.27                     844.8848                 
3.28                     844.9127                 
3.29                     844.9407                 
3.3                      844.9688                 
3.31                     844.99695                
3.32                     845.02527                
3.33                     845.05365                
3.34                     845.08215                
3.35                     845.1107                 
3.36                     845.1394                 
3.37                     845.1682                 
3.38                     845.1971                 
3.39                     845.226                  
3.4                      845.2551                 
3.41                     845.2843                 
3.42                     845.31354                
3.43                     845.3429                 
3.44                     845.3724                 
3.45                     845.4019                 
3.46                     845.4316                 
3.47                     845.4613                 
3.48                     845.4911                 
3.49                     845.52106                
3.5                      845.5511                 
3.51                     845.5812                 
3.52                     845.6114                 
3.53                     845.64166                
3.54                     845.67206                
3.55                     845.7025                 
3.56                     845.7331                 
3.57                     845.76373                
3.58                     845.7945                 
3.59                     845.8254                 
3.6                      845.85626                
3.61                     845.88727                
3.62                     845.9184                 
3.63                     845.9496                 
3.64                     845.9809                 
3.65                     846.01227                
3.66                     846.0437                 
3.67                     846.07526                
3.68                     846.1069                 
3.69                     846.1386                 
3.7                      846.1704                 
3.71                     846.20233                
3.72                     846.2343                 
3.73                     846.26636                
3.74                     846.2985                 
3.75                     846.33075                
3.76                     846.3631                 
3.77                     846.3955                 
3.78                     846.428                  
3.79                     846.4606                 
3.8                      846.4932                 
3.81                     846.52594                
3.82                     846.5588                 
3.83                     846.5917                 
3.84                     846.6247                 
3.85                     846.6578                 
3.86                     846.6909                 
3.87                     846.7241                 
3.88                     846.75745                
3.89                     846.79083                
3.9                      846.82434                
3.91                     846.85785                
3.92                     846.8915                 
3.93                     846.92523                
3.94                     846.959                  
3.95                     846.99286                
3.96                     847.02686                
3.97                     847.06085                
3.98                     847.095                  
3.99                     847.12915                
4.0                      847.16345                
4.01                     847.19775                
4.02                     847.2322                 
4.03                     847.26666                
4.04                     847.3013                 
4.05                     847.3359                 
4.06                     847.3706                 
4.07                     847.4054                 
4.08                     847.4403                 
4.09                     847.4752                 
4.1                      847.51025                
4.11                     847.54535                
4.12                     847.58057                
4.13                     847.6158                 
4.14                     847.6511                 
4.15                     847.6865                 
4.16                     847.722                  
4.17                     847.7575                 
4.18                     847.79315                
4.19                     847.82886                
4.2                      847.86456                
4.21                     847.90045                
4.22                     847.93634                
4.23                     847.9723                 
4.24                     848.00836                
4.25                     848.0445                 
4.26                     848.0806                 
4.27                     848.1169                 
4.28                     848.15326                
4.29                     848.18964                
4.3                      848.22614                
4.31                     848.26263                
4.32                     848.29926                
4.33                     848.33594                
4.34                     848.3727                 
4.35                     848.4095                 
4.36                     848.44635                
4.37                     848.48334                
4.38                     848.5203                 
4.39                     848.55743                
4.4                      848.5946                 
4.41                     848.6318                 
4.42                     848.66907                
4.43                     848.7064                 
4.44                     848.74384                
4.45                     848.7813                 
4.46                     848.8189                 
4.47                     848.8565                 
4.48                     848.89417                
4.49                     848.93195                
4.5                      848.9697                 
4.51                     849.0076                 
4.52                     849.04553                
4.53                     849.08356                
4.54                     849.1216                 
4.55                     849.1597                 
4.56                     849.19794                
4.57                     849.2362                 
4.58                     849.27454                
4.59                     849.31287                
4.6                      849.3513                 
4.61                     849.38983                
4.62                     849.4284                 
4.63                     849.46704                
4.64                     849.50574                
4.65                     849.5445                 
4.66                     849.5833                 
4.67                     849.6222                 
4.68                     849.66113                
4.69                     849.70013                
4.7                      849.7392                 
4.71                     849.7783                 
4.72                     849.8175                 
4.73                     849.85675                
4.74                     849.896                  
4.75                     849.93536                
4.76                     849.9748                 
4.77                     850.0143                 
4.78                     850.05383                
4.79                     850.0934                 
4.8                      850.13306                
4.81                     850.1728                 
4.82                     850.2125                 
4.83                     850.2524                 
4.84                     850.29224                
4.85                     850.3322                 
4.86                     850.3722                 
4.87                     850.41223                
4.88                     850.45233                
4.89                     850.49255                
4.9                      850.5328                 
4.91                     850.57306                
4.92                     850.6134                 
4.93                     850.65375                
4.94                     850.6942                 
4.95                     850.73474                
4.96                     850.77527                
4.97                     850.8159                 
4.98                     850.85657                
4.99                     850.8973                 
5.0                      850.93805                
5.01                     850.9788                 
5.02                     851.0197                 
5.03                     851.06067                
5.04                     851.1016                 
5.05                     851.14264                
5.06                     851.1838                 
5.07                     851.2249                 
5.08                     851.2661                 
5.09                     851.3073                 
5.1                      851.34863                
5.11                     851.38995                
5.12                     851.4314                 
5.13                     851.47284                
5.14                     851.51434                
5.15                     851.55585                
5.16                     851.5975                 
5.17                     851.63916                
5.18                     851.68085                
5.19                     851.7226                 
5.2                      851.7644                 
5.21                     851.8063                 
5.22                     851.84814                
5.23                     851.89014                
5.24                     851.9321                 
5.25                     851.9742                 
5.26                     852.01624                
5.27                     852.0584                 
5.28                     852.1006                 
5.29                     852.1429                 
5.3                      852.1852                 
5.31                     852.2275                 
5.32                     852.2699                 
5.33                     852.3123                 
5.34                     852.3548                 
5.35                     852.39734                
5.36                     852.43994                
5.37                     852.48254                
5.38                     852.5252                 
5.39                     852.56793                
5.4                      852.6107                 
5.41                     852.65356                
5.42                     852.6964                 
5.43                     852.7393                 
5.44                     852.7822                 
5.45                     852.82526                
5.46                     852.8683                 
5.47                     852.9114                 
5.48                     852.9545                 
5.49                     852.9977                 
5.5                      853.04095                
5.51                     853.08417                
5.52                     853.1275                 
5.53                     853.17084                
5.54                     853.21423                
5.55                     853.2577                 
5.56                     853.30115                
5.57                     853.34467                
5.58                     853.38824                
5.59                     853.4319                 
5.6                      853.4755                 
5.61                     853.5192                 
5.62                     853.5629                 
5.63                     853.60675                
5.64                     853.6506                 
5.65                     853.6944                 
5.66                     853.7383                 
5.67                     853.7822                 
5.68                     853.82623                
5.69                     853.87024                
5.7                      853.9143                 
5.71                     853.95844                
5.72                     854.0026                 
5.73                     854.0468                 
5.74                     854.091                  
5.75                     854.1353                 
5.76                     854.17957                
5.77                     854.22394                
5.78                     854.2683                 
5.79                     854.31274                
5.8                      854.35724                
5.81                     854.40173                
5.82                     854.4463                 
5.83                     854.49084                
5.84                     854.5355                 
5.85                     854.58014                
5.86                     854.6249                 
5.87                     854.6696                 
5.88                     854.71436                
5.89                     854.7592                 
5.9                      854.8041                 
5.91                     854.84894                
5.92                     854.89386                
5.93                     854.93884                
5.94                     854.9838                 
5.95                     855.0289                 
5.96                     855.074                  
5.97                     855.1191                 
5.98                     855.16425                
5.99                     855.2094                 
6.0                      855.25464                
6.01                     855.29987                
6.02                     855.34515                
6.03                     855.3905                 
6.04                     855.43585                
6.05                     855.48126                
6.06                     855.52673                
6.07                     855.5722                 
6.08                     855.6177                 
6.09                     855.66327                
6.1                      855.7088                 
6.11                     855.7544                 
6.12                     855.80005                
6.13                     855.84576                
6.14                     855.8914                 
6.15                     855.9372                 
6.16                     855.983                  
6.17                     856.02875                
6.18                     856.0746                 
6.19                     856.1205                 
6.2                      856.1664                 
6.21                     856.21234                
6.22                     856.2583                 
6.23                     856.3043                 
6.24                     856.35034                
6.25                     856.3964                 
6.26                     856.4425                 
6.27                     856.48865                
6.28                     856.53485                
6.29                     856.581                  
6.3                      856.62726                
6.31                     856.6735                 
6.32                     856.7198                 
6.33                     856.7661                 
6.34                     856.8125                 
6.35                     856.8589                 
6.36                     856.9053                 
6.37                     856.9517                 
6.38                     856.9982                 
6.39                     857.04474                
6.4                      857.09125                
6.41                     857.1378                 
6.42                     857.1844                 
6.43                     857.231                  
6.44                     857.2777                 
6.45                     857.3244                 
6.46                     857.3711                 
6.47                     857.41785                
6.48                     857.4646                 
6.49                     857.5114                 
6.5                      857.5582                 
6.51                     857.6051                 
6.52                     857.652                  
6.53                     857.6989                 
6.54                     857.74585                
6.55                     857.79285                
6.56                     857.83984                
6.57                     857.88684                
6.58                     857.9339                 
6.59                     857.98096                
6.6                      858.0281                 
6.61                     858.07526                
6.62                     858.1224                 
6.63                     858.1696                 
6.64                     858.2168                 
6.65                     858.26404                
6.66                     858.31134                
6.67                     858.35864                
6.68                     858.40594                
6.69                     858.4533                 
6.7                      858.5007                 
6.71                     858.54803                
6.72                     858.59546                
6.73                     858.64294                
6.74                     858.6904                 
6.75                     858.7379                 
6.76                     858.78546                
6.77                     858.833                  
6.78                     858.88055                
6.79                     858.92816                
6.8                      858.97577                
6.81                     859.02344                
6.82                     859.0711                 
6.83                     859.11884                
6.84                     859.16656                
6.85                     859.2143                 
6.86                     859.2621                 
6.87                     859.3099                 
6.88                     859.35767                
6.89                     859.4055                 
6.9                      859.45337                
6.91                     859.5013                 
6.92                     859.5492                 
6.93                     859.5971                 
6.94                     859.6451                 
6.95                     859.69305                
6.96                     859.7411                 
6.97                     859.78906                
6.98                     859.83716                
6.99                     859.8852                 
7.0                      859.9333                 
7.01                     859.9814                 
7.02                     860.02954                
7.03                     860.0777                 
7.04                     860.1259                 
7.05                     860.1741                 
7.06                     860.2223                 
7.07                     860.27057                
7.08                     860.31885                
7.09                     860.3671                 
7.1                      860.4154                 
7.11                     860.46375                
7.12                     860.5121                 
7.13                     860.5605                 
7.14                     860.6089                 
7.15                     860.6573                 
7.16                     860.7057                 
7.17                     860.75415                
7.18                     860.8026                 
7.19                     860.85114                
7.2                      860.89966                
7.21                     860.9482                 
7.22                     860.9967                 
7.23                     861.0453                 
7.24                     861.0939                 
7.25                     861.1425                 
7.26                     861.1911                 
7.27                     861.23975                
7.28                     861.28845                
7.29                     861.3371                 
7.3                      861.3858                 
7.31                     861.4345                 
7.32                     861.4833                 
7.33                     861.53204                
7.34                     861.5808                 
7.35                     861.6296                 
7.36                     861.6784                 
7.37                     861.72723                
7.38                     861.77606                
7.39                     861.82495                
7.4                      861.87384                
7.41                     861.9227                 
7.42                     861.9716                 
7.43                     862.02057                
7.44                     862.0695                 
7.45                     862.1185                 
7.46                     862.1675                 
7.47                     862.2165                 
7.48                     862.2655                 
7.49                     862.3145                 
7.5                      862.3636                 
7.51                     862.41266                
7.52                     862.46173                
7.53                     862.51086                
7.54                     862.55994                
7.55                     862.6091                 
7.56                     862.65826                
7.57                     862.7074                 
7.58                     862.7566                 
7.59                     862.8058                 
7.6                      862.855                  
7.61                     862.90424                
7.62                     862.9534                 
7.63                     863.0027                 
7.64                     863.052                  
7.65                     863.10126                
7.66                     863.1506                 
7.67                     863.1999                 
7.68                     863.2492                 
7.69                     863.2986                 
7.7                      863.3479                 
7.71                     863.3973                 
7.72                     863.4467                 
7.73                     863.4961                 
7.74                     863.54553                
7.75                     863.5949                 
7.76                     863.6444                 
7.77                     863.69385                
7.78                     863.7433                 
7.79                     863.7928                 
7.8                      863.8423                 
7.81                     863.8918                 
7.82                     863.94135                
7.83                     863.99084                
7.84                     864.0404                 
7.85                     864.08997                
7.86                     864.1395                 
7.87                     864.18915                
7.88                     864.2387                 
7.89                     864.2883                 
7.9                      864.33795                
7.91                     864.3876                 
7.92                     864.43726                
7.93                     864.4869                 
7.94                     864.53656                
7.95                     864.58624                
7.96                     864.6359                 
7.97                     864.68567                
7.98                     864.73535                
7.99                     864.7851                 
8.0                      864.83484                
8.01                     864.8846                 
8.02                     864.9343                 
8.03                     864.98413                
8.04                     865.0339                 
8.05                     865.0837                 
8.06                     865.1335                 
8.07                     865.1833                 
8.08                     865.23315                
8.09                     865.28296                
8.1                      865.3328                 
8.11                     865.3827                 
8.12                     865.43256                
8.13                     865.4824                 
8.14                     865.53235                
8.15                     865.5822                 
8.16                     865.63214                
8.17                     865.68207                
8.18                     865.732                  
8.19                     865.7819                 
8.2                      865.83185                
8.21                     865.88184                
8.22                     865.93176                
8.23                     865.98175                
8.24                     866.03174                
8.25                     866.0817                 
8.26                     866.1317                 
8.27                     866.18176                
8.28                     866.23175                
8.29                     866.2818                 
8.3                      866.33185                
8.31                     866.38184                
8.32                     866.43195                
8.33                     866.482                  
8.34                     866.53204                
8.35                     866.58215                
8.36                     866.6322                 
8.37                     866.6823                 
8.38                     866.7324                 
8.39                     866.78253                
8.4                      866.83264                
8.41                     866.88275                
8.42                     866.93286                
8.43                     866.98303                
8.44                     867.0332                 
8.45                     867.0833                 
8.46                     867.1335                 
8.47                     867.18365                
8.48                     867.2338                 
8.49                     867.284                  
8.5                      867.3342                 
8.51                     867.3844                 
8.52                     867.43463                
8.53                     867.4848                 
8.54                     867.53503                
8.55                     867.58527                
8.56                     867.6355                 
8.57                     867.6857                 
8.58                     867.73596                
8.59                     867.7862                 
8.6                      867.8365                 
8.61                     867.8867                 
8.62                     867.937                  
8.63                     867.98724                
8.64                     868.03754                
8.65                     868.0878                 
8.66                     868.1381                 
8.67                     868.1884                 
8.68                     868.2387                 
8.69                     868.289                  
8.7                      868.3393                 
8.71                     868.38965                
8.72                     868.43994                
8.73                     868.4903                 
8.74                     868.5406                 
8.75                     868.59094                
8.76                     868.6413                 
8.77                     868.69165                
8.78                     868.74194                
8.79                     868.79236                
8.8                      868.8427                 
8.81                     868.89307                
8.82                     868.9434                 
8.83                     868.9938                 
8.84                     869.0442                 
8.85                     869.09454                
8.86                     869.14496                
8.87                     869.1953                 
8.88                     869.2457                 
8.89                     869.2961                 
8.9                      869.3465                 
8.91                     869.3969                 
8.92                     869.4473                 
8.93                     869.49774                
8.94                     869.54816                
8.95                     869.5986                 
8.96                     869.649                  
8.97                     869.6994                 
8.98                     869.7498                 
8.99                     869.80023                
9.0                      869.8507                 
9.01                     869.9011                 
9.02                     869.95154                
9.03                     870.002                  
9.04                     870.0524                 
9.05                     870.1029                 
9.06                     870.1533                 
9.07                     870.2038                 
9.08                     870.2542                 
9.09                     870.3047                 
9.1                      870.35516                
9.11                     870.4056                 
9.12                     870.45605                
9.13                     870.50653                
9.14                     870.557                  
9.15                     870.6074                 
9.16                     870.6579                 
9.17                     870.7084                 
9.18                     870.75885                
9.19                     870.8093                 
9.2                      870.8598                 
9.21                     870.9103                 
9.22                     870.96075                
9.23                     871.0112                 
9.24                     871.0617                 
9.25                     871.11224                
9.26                     871.1627                 
9.27                     871.2132                 
9.28                     871.2637                 
9.29                     871.31415                
9.3                      871.3646                 
9.31                     871.41516                
9.32                     871.46564                
9.33                     871.5161                 
9.34                     871.5666                 
9.35                     871.6171                 
9.36                     871.6676                 
9.37                     871.7181                 
9.38                     871.76855                
9.39                     871.8191                 
9.4                      871.86957                
9.41                     871.92004                
9.42                     871.9706                 
9.43                     872.02106                
9.44                     872.07153                
9.45                     872.1221                 
9.46                     872.17255                
9.47                     872.223                  
9.48                     872.27356                
9.49                     872.32404                
9.5                      872.3745                 
9.51                     872.42505                
9.52                     872.4755                 
9.53                     872.526                  
9.54                     872.57654                
9.55                     872.627                  
9.56                     872.6775                 
9.57                     872.72797                
9.58                     872.7785                 
9.59                     872.829                  
9.6                      872.87946                
9.61                     872.92993                
9.62                     872.9804                 
9.63                     873.03094                
9.64                     873.0814                 
9.65                     873.1319                 
9.66                     873.1824                 
9.67                     873.23285                
9.68                     873.2833                 
9.69                     873.3338                 
9.7                      873.3843                 
9.71                     873.43475                
9.72                     873.4852                 
9.73                     873.5357                 
9.74                     873.5862                 
9.75                     873.63666                
9.76                     873.68713                
9.77                     873.7376                 
9.78                     873.7881                 
9.79                     873.83856                
9.8                      873.889                  
9.81                     873.93945                
9.82                     873.9899                 
9.83                     874.0404                 
9.84                     874.0908                 
9.85                     874.1413                 
9.86                     874.1917                 
9.87                     874.2422                 
9.88                     874.2926                 
9.89                     874.3431                 
9.9                      874.3935                 
9.91                     874.444                  
9.92                     874.4944                 
9.93                     874.5448                 
9.94                     874.5953                 
9.95                     874.6457                 
9.96                     874.6961                 
9.97                     874.7465                 
9.98                     874.79694                
9.99                     874.84735                
10.0                     874.89777                
10.01                    874.9482                 
10.02                    874.9986                 
10.03                    875.049                  
10.04                    875.0994                 
10.05                    875.14984                
10.06                    875.2002                 
10.07                    875.2506                 
10.08                    875.30096                
10.09                    875.3513                 
10.1                     875.4017                 
10.11                    875.452                  
10.12                    875.5024                 
10.13                    875.55273                
10.14                    875.6031                 
10.15                    875.65344                
10.16                    875.7038                 
10.17                    875.75415                
10.18                    875.80444                
10.19                    875.8548                 
10.2                     875.9051                 
10.21                    875.95544                
10.22                    876.00574                
10.23                    876.056                  
10.24                    876.1063                 
10.25                    876.1566                 
10.26                    876.2069                 
10.27                    876.2572                 
10.28                    876.3075                 
10.29                    876.3578                 
10.3                     876.408                  
10.31                    876.4583                 
10.32                    876.5086                 
10.33                    876.55884                
10.34                    876.6091                 
10.35                    876.65936                
10.36                    876.7096                 
10.37                    876.7598                 
10.38                    876.81006                
10.39                    876.8603                 
10.4                     876.9105                 
10.41                    876.9607                 
10.42                    877.0109                 
10.43                    877.06116                
10.44                    877.1113                 
10.45                    877.1615                 
10.46                    877.21173                
10.47                    877.2619                 
10.48                    877.3121                 
10.49                    877.36224                
10.5                     877.4124                 
10.51                    877.4626                 
10.52                    877.5127                 
10.53                    877.56287                
10.54                    877.613                  
10.55                    877.66315                
10.56                    877.71326                
10.57                    877.76337                
10.58                    877.8135                 
10.59                    877.8636                 
10.6                     877.9137                 
10.61                    877.9638                 
10.62                    878.0139                 
10.63                    878.06396                
10.64                    878.1141                 
10.65                    878.1641                 
10.66                    878.2142                 
10.67                    878.2642                 
10.68                    878.3143                 
10.69                    878.3643                 
10.7                     878.41437                
10.71                    878.4644                 
10.72                    878.5144                 
10.73                    878.56445                
10.74                    878.61444                
10.75                    878.6645                 
10.76                    878.7145                 
10.77                    878.76447                
10.78                    878.81445                
10.79                    878.8644                 
10.8                     878.91437                
10.81                    878.96436                
10.82                    879.0143                 
10.83                    879.0642                 
10.84                    879.11414                
10.85                    879.16406                
10.86                    879.214                  
10.87                    879.2639                 
10.88                    879.31384                
10.89                    879.3637                 
10.9                     879.41364                
10.91                    879.4635                 
10.92                    879.51337                
10.93                    879.5633                 
10.94                    879.6131                 
10.95                    879.66296                
10.96                    879.7128                 
10.97                    879.7627                 
10.98                    879.8125                 
10.99                    879.8623                 
11.0                     879.9121                 
11.01                    879.9619                 
11.02                    880.0117                 
11.03                    880.0615                 
11.04                    880.1113                 
11.05                    880.1611                 
11.06                    880.2109                 
11.07                    880.2606                 
11.08                    880.31036                
11.09                    880.3601                 
11.1                     880.40985                
11.11                    880.4596                 
11.12                    880.5093                 
11.13                    880.559                  
11.14                    880.6087                 
11.15                    880.6584                 
11.16                    880.70807                
11.17                    880.75775                
11.18                    880.80743                
11.19                    880.85706                
11.2                     880.90674                
11.21                    880.95636                
11.22                    881.006                  
11.23                    881.05554                
11.24                    881.10516                
11.25                    881.1547                 
11.26                    881.20435                
11.27                    881.2539                 
11.28                    881.30347                
11.29                    881.353                  
11.3                     881.4025                 
11.31                    881.4521                 
11.32                    881.5016                 
11.33                    881.55115                
11.34                    881.60065                
11.35                    881.6501                 
11.36                    881.6996                 
11.37                    881.7491                 
11.38                    881.7985                 
11.39                    881.84796                
11.4                     881.89746                
11.41                    881.9469                 
11.42                    881.9963                 
11.43                    882.0457                 
11.44                    882.0951                 
11.45                    882.14453                
11.46                    882.1939                 
11.47                    882.2433                 
11.48                    882.29266                
11.49                    882.342                  
11.5                     882.39136                
11.51                    882.4407                 
11.52                    882.49                   
11.53                    882.5393                 
11.54                    882.5886                 
11.55                    882.6379                 
11.56                    882.6872                 
11.57                    882.73645                
11.58                    882.7857                 
11.59                    882.83496                
11.6                     882.8842                 
11.61                    882.9334                 
11.62                    882.98267                
11.63                    883.03186                
11.64                    883.08105                
11.65                    883.13025                
11.66                    883.17944                
11.67                    883.2286                 
11.68                    883.2778                 
11.69                    883.3269                 
11.7                     883.37604                
11.71                    883.4252                 
11.72                    883.47424                
11.73                    883.5234                 
11.74                    883.57245                
11.75                    883.6215                 
11.76                    883.6706                 
11.77                    883.71967                
11.78                    883.7687                 
11.79                    883.81775                
11.8                     883.86676                
11.81                    883.9158                 
11.82                    883.9648                 
11.83                    884.01373                
11.84                    884.06274                
11.85                    884.1117                 
11.86                    884.16064                
11.87                    884.2096                 
11.88                    884.25854                
11.89                    884.30743                
11.9                     884.3564                 
11.91                    884.4053                 
11.92                    884.45416                
11.93                    884.503                  
11.94                    884.5519                 
11.95                    884.6007                 
11.96                    884.6496                 
11.97                    884.6984                 
11.98                    884.7472                 
11.99                    884.796                  
12.0                     884.8448                 
12.01                    884.8936                 
12.02                    884.9424                 
12.03                    884.99115                
12.04                    885.03986                
12.05                    885.0886                 
12.06                    885.1373                 
12.07                    885.18604                
12.08                    885.23474                
12.09                    885.28345                
12.1                     885.3321                 
12.11                    885.38074                
12.12                    885.4294                 
12.13                    885.478                  
12.14                    885.5267                 
12.15                    885.5753                 
12.16                    885.6239                 
12.17                    885.6725                 
12.18                    885.72107                
12.19                    885.76965                
12.2                     885.8182                 
12.21                    885.8667                 
12.22                    885.9152                 
12.23                    885.96375                
12.24                    886.01227                
12.25                    886.0607                 
12.26                    886.10925                
12.27                    886.1577                 
12.28                    886.2062                 
12.29                    886.2546                 
12.3                     886.30304                
12.31                    886.35144                
12.32                    886.39984                
12.33                    886.44824                
12.34                    886.49664                
12.35                    886.545                  
12.36                    886.5933                 
12.37                    886.64166                
12.38                    886.68994                
12.39                    886.7383                 
12.4                     886.78656                
12.41                    886.83484                
12.42                    886.88306                
12.43                    886.93134                
12.44                    886.97955                
12.45                    887.0278                 
12.46                    887.076                  
12.47                    887.1242                 
12.48                    887.17236                
12.49                    887.2205                 
12.5                     887.2687                 
12.51                    887.31683                
12.52                    887.365                  
12.53                    887.4131                 
12.54                    887.4612                 
12.55                    887.5093                 
12.56                    887.5574                 
12.57                    887.6054                 
12.58                    887.65344                
12.59                    887.7015                 
12.6                     887.7495                 
12.61                    887.79755                
12.62                    887.8455                 
12.63                    887.8935                 
12.64                    887.94147                
12.65                    887.98944                
12.66                    888.03735                
12.67                    888.08527                
12.68                    888.1332                 
12.69                    888.1811                 
12.7                     888.22894                
12.71                    888.27686                
12.72                    888.3247                 
12.73                    888.37256                
12.74                    888.42035                
12.75                    888.4682                 
12.76                    888.516                  
12.77                    888.5638                 
12.78                    888.6115                 
12.79                    888.6593                 
12.8                     888.70703                
12.81                    888.75476                
12.82                    888.8025                 
12.83                    888.85016                
12.84                    888.8978                 
12.85                    888.94556                
12.86                    888.99316                
12.87                    889.04083                
12.88                    889.08844                
12.89                    889.13605                
12.9                     889.18365                
12.91                    889.23126                
12.92                    889.2788                 
12.93                    889.3264                 
12.94                    889.3739                 
12.95                    889.42145                
12.96                    889.469                  
12.97                    889.5165                 
12.98                    889.56396                
12.99                    889.61145                
13.0                     889.6589                 
13.01                    889.7063                 
13.02                    889.7537                 
13.03                    889.80115                
13.04                    889.8486                 
13.05                    889.89594                
13.06                    889.9433                 
13.07                    889.99066                
13.08                    890.038                  
13.09                    890.0853                 
13.1                     890.1326                 
13.11                    890.17993                
13.12                    890.22723                
13.13                    890.2745                 
13.14                    890.3217                 
13.15                    890.36896                
13.16                    890.4162                 
13.17                    890.4634                 
13.18                    890.51056                
13.19                    890.55774                
13.2                     890.6049                 
13.21                    890.65204                
13.22                    890.6992                 
13.23                    890.74634                
13.24                    890.7934                 
13.25                    890.8405                 
13.26                    890.8876                 
13.27                    890.93463                
13.28                    890.9817                 
13.29                    891.0287                 
13.3                     891.0757                 
13.31                    891.1227                 
13.32                    891.1697                 
13.33                    891.2166                 
13.34                    891.2636                 
13.35                    891.31055                
13.36                    891.3574                 
13.37                    891.40436                
13.38                    891.45123                
13.39                    891.4981                 
13.4                     891.545                  
13.41                    891.5918                 
13.42                    891.6387                 
13.43                    891.6855                 
13.44                    891.73224                
13.45                    891.77905                
13.46                    891.8258                 
13.47                    891.87256                
13.48                    891.9193                 
13.49                    891.966                  
13.5                     892.0127                 
13.51                    892.0594                 
13.52                    892.106                  
13.53                    892.15265                
13.54                    892.1993                 
13.55                    892.2459                 
13.56                    892.2925                 
13.57                    892.3391                 
13.58                    892.3856                 
13.59                    892.4322                 
13.6                     892.4787                 
13.61                    892.52527                
13.62                    892.5717                 
13.63                    892.6182                 
13.64                    892.6647                 
13.65                    892.7111                 
13.66                    892.75757                
13.67                    892.804                  
13.68                    892.8504                 
13.69                    892.8968                 
13.7                     892.9432                 
13.71                    892.9895                 
13.72                    893.0358                 
13.73                    893.08215                
13.74                    893.1285                 
13.75                    893.1748                 
13.76                    893.22107                
13.77                    893.26733                
13.78                    893.31354                
13.79                    893.35974                
13.8                     893.406                  
13.81                    893.45215                
13.82                    893.49835                
13.83                    893.5445                 
13.84                    893.59064                
13.85                    893.6368                 
13.86                    893.68286                
13.87                    893.72894                
13.88                    893.775                  
13.89                    893.8211                 
13.9                     893.8671                 
13.91                    893.91315                
13.92                    893.95917                
13.93                    894.0052                 
13.94                    894.05115                
13.95                    894.0971                 
13.96                    894.14307                
13.97                    894.18896                
13.98                    894.23486                
13.99                    894.28076                
14.0                     894.32666                
14.01                    894.3725                 
14.02                    894.41833                
14.03                    894.4642                 
14.04                    894.51                   
14.05                    894.5558                 
14.06                    894.60156                
14.07                    894.64734                
14.08                    894.69305                
14.09                    894.7388                 
14.1                     894.7845                 
14.11                    894.8302                 
14.12                    894.87585                
14.13                    894.9215                 
14.14                    894.96716                
14.15                    895.01276                
14.16                    895.0584                 
14.17                    895.10394                
14.18                    895.14954                
14.19                    895.1951                 
14.2                     895.24066                
14.21                    895.28613                
14.22                    895.33167                
14.23                    895.37714                
14.24                    895.4226                 
14.25                    895.4681                 
14.26                    895.5135                 
14.27                    895.5589                 
14.28                    895.6043                 
14.29                    895.6497                 
14.3                     895.69507                
14.31                    895.7404                 
14.32                    895.78577                
14.33                    895.83105                
14.34                    895.87634                
14.35                    895.92163                
14.36                    895.9669                 
14.37                    896.01215                
14.38                    896.0574                 
14.39                    896.1026                 
14.4                     896.14777                
14.41                    896.19293                
14.42                    896.2381                 
14.43                    896.28326                
14.44                    896.32837                
14.45                    896.3735                 
14.46                    896.4186                 
14.47                    896.4636                 
14.48                    896.5087                 
14.49                    896.5538                 
14.5                     896.59875                
14.51                    896.64374                
14.52                    896.6887                 
14.53                    896.7337                 
14.54                    896.7787                 
14.55                    896.8236                 
14.56                    896.8685                 
14.57                    896.9134                 
14.58                    896.9583                 
14.59                    897.0032                 
14.6                     897.048                  
14.61                    897.09283                
14.62                    897.13763                
14.63                    897.18243                
14.64                    897.2272                 
14.65                    897.272                  
14.66                    897.3167                 
14.67                    897.3614                 
14.68                    897.4061                 
14.69                    897.4508                 
14.7                     897.4955                 
14.71                    897.5401                 
14.72                    897.5847                 
14.73                    897.62933                
14.74                    897.67395                
14.75                    897.7185                 
14.76                    897.7631                 
14.77                    897.8076                 
14.78                    897.8522                 
14.79                    897.89667                
14.8                     897.94116                
14.81                    897.98566                
14.82                    898.0301                 
14.83                    898.0745                 
14.84                    898.11896                
14.85                    898.1633                 
14.86                    898.2077                 
14.87                    898.2521                 
14.88                    898.29645                
14.89                    898.34076                
14.9                     898.3851                 
14.91                    898.4294                 
14.92                    898.47363                
14.93                    898.5179                 
14.94                    898.56213                
14.95                    898.6064                 
14.96                    898.6506                 
14.97                    898.69476                
14.98                    898.73895                
14.99                    898.7831                 
15.0                     898.8272                 
15.01                    898.87134                
15.02                    898.9154                 
15.03                    898.9595                 
15.04                    899.00354                
15.05                    899.0476                 
15.06                    899.0916                 
15.07                    899.1356                 
15.08                    899.1796                 
15.09                    899.2236                 
15.1                     899.2675                 
15.11                    899.31146                
15.12                    899.3554                 
15.13                    899.3993                 
15.14                    899.4432                 
15.15                    899.487                  
15.16                    899.5309                 
15.17                    899.5747                 
15.18                    899.61847                
15.19                    899.6623                 
15.2                     899.70605                
15.21                    899.7498                 
15.22                    899.7935                 
15.23                    899.8373                 
15.24                    899.881                  
15.25                    899.9246                 
15.26                    899.9683                 
15.27                    900.01196                
15.28                    900.05554                
15.29                    900.0992                 
15.3                     900.14276                
15.31                    900.18634                
15.32                    900.22986                
15.33                    900.27344                
15.34                    900.31696                
15.35                    900.3604                 
15.36                    900.40393                
15.37                    900.4474                 
15.38                    900.49084                
15.39                    900.53424                
15.4                     900.57764                
15.41                    900.62103                
15.42                    900.6644                 
15.43                    900.70776                
15.44                    900.7511                 
15.45                    900.79443                
15.46                    900.8377                 
15.47                    900.881                  
15.48                    900.92426                
15.49                    900.96747                
15.5                     901.0107                 
15.51                    901.0539                 
15.52                    901.0971                 
15.53                    901.14026                
15.54                    901.1834                 
15.55                    901.22656                
15.56                    901.26965                
15.57                    901.31274                
15.58                    901.35583                
15.59                    901.39886                
15.6                     901.44196                
15.61                    901.485                  
15.62                    901.52795                
15.63                    901.5709                 
15.64                    901.6139                 
15.65                    901.65686                
15.66                    901.69977                
15.67                    901.7427                 
15.68                    901.7856                 
15.69                    901.8285                 
15.7                     901.87134                
15.71                    901.9142                 
15.72                    901.957                  
15.73                    901.9998                 
15.74                    902.04254                
15.75                    902.0853                 
15.76                    902.12805                
15.77                    902.1708                 
15.78                    902.21344                
15.79                    902.25616                
15.8                     902.2988                 
15.81                    902.34143                
15.82                    902.3841                 
15.83                    902.4267                 
15.84                    902.46924                
15.85                    902.51184                
15.86                    902.5544                 
15.87                    902.5969                 
15.88                    902.6394                 
15.89                    902.6819                 
15.9                     902.72437                
15.91                    902.76685                
15.92                    902.80927                
15.93                    902.8517                 
15.94                    902.8941                 
15.95                    902.93646                
15.96                    902.9788                 
15.97                    903.0212                 
15.98                    903.0635                 
15.99                    903.1058                 
16.0                     903.1481                 
16.01                    903.19037                
16.02                    903.2326                 
16.03                    903.27484                
16.04                    903.3171                 
16.05                    903.35925                
16.06                    903.4014                 
16.07                    903.4436                 
16.08                    903.4857                 
16.09                    903.52783                
16.1                     903.56995                
16.11                    903.612                  
16.12                    903.65405                
16.13                    903.6961                 
16.14                    903.73816                
16.15                    903.78015                
16.16                    903.82214                
16.17                    903.8641                 
16.18                    903.90607                
16.19                    903.948                  
16.2                     903.98987                
16.21                    904.0318                 
16.22                    904.07367                
16.23                    904.11554                
16.24                    904.15735                
16.25                    904.19916                
16.26                    904.24097                
16.27                    904.2828                 
16.28                    904.3245                 
16.29                    904.3663                 
16.3                     904.40796                
16.31                    904.4497                 
16.32                    904.4914                 
16.33                    904.533                  
16.34                    904.5747                 
16.35                    904.61633                
16.36                    904.65796                
16.37                    904.6995                 
16.38                    904.7411                 
16.39                    904.78265                
16.4                     904.8242                 
16.41                    904.8657                 
16.42                    904.9072                 
16.43                    904.9487                 
16.44                    904.9902                 
16.45                    905.0316                 
16.46                    905.07306                
16.47                    905.11444                
16.48                    905.1558                 
16.49                    905.1972                 
16.5                     905.2385                 
16.51                    905.2799                 
16.52                    905.32117                
16.53                    905.3625                 
16.54                    905.40375                
16.55                    905.445                  
16.56                    905.48627                
16.57                    905.52747                
16.58                    905.56866                
16.59                    905.60986                
16.6                     905.651                  
16.61                    905.69214                
16.62                    905.7333                 
16.63                    905.7744                 
16.64                    905.8155                 
16.65                    905.85657                
16.66                    905.8976                 
16.67                    905.93866                
16.68                    905.9797                 
16.69                    906.0206                 
16.7                     906.06165                
16.71                    906.1026                 
16.72                    906.1435                 
16.73                    906.18445                
16.74                    906.22534                
16.75                    906.26624                
16.76                    906.30707                
16.77                    906.3479                 
16.78                    906.38873                
16.79                    906.42957                
16.8                     906.47034                
16.81                    906.5111                 
16.82                    906.5519                 
16.83                    906.5926                 
16.84                    906.6333                 
16.85                    906.674                  
16.86                    906.71466                
16.87                    906.7554                 
16.88                    906.79596                
16.89                    906.8366                 
16.9                     906.8772                 
16.91                    906.9178                 
16.92                    906.9584                 
16.93                    906.9989                 
16.94                    907.0394                 
16.95                    907.07996                
16.96                    907.1204                 
16.97                    907.1609                 
16.98                    907.20135                
16.99                    907.2418                 
17.0                     907.2822                 
17.01                    907.32263                
17.02                    907.363                  
17.03                    907.4033                 
17.04                    907.44366                
17.05                    907.484                  
17.06                    907.5243                 
17.07                    907.56464                
17.08                    907.60486                
17.09                    907.64514                
17.1                     907.68536                
17.11                    907.7256                 
17.12                    907.76575                
17.13                    907.8059                 
17.14                    907.84607                
17.15                    907.8862                 
17.16                    907.92633                
17.17                    907.96643                
17.18                    908.00653                
17.19                    908.0466                 
17.2                     908.0867                 
17.21                    908.12665                
17.22                    908.1667                 
17.23                    908.20667                
17.24                    908.24664                
17.25                    908.2866                 
17.26                    908.32654                
17.27                    908.36646                
17.28                    908.4064                 
17.29                    908.4462                 
17.3                     908.4861                 
17.31                    908.52594                
17.32                    908.56573                
17.33                    908.6055                 
17.34                    908.6453                 
17.35                    908.6851                 
17.36                    908.72485                
17.37                    908.7646                 
17.38                    908.8043                 
17.39                    908.844                  
17.4                     908.88367                
17.41                    908.92334                
17.42                    908.96295                
17.43                    909.0026                 
17.44                    909.04224                
17.45                    909.0818                 
17.46                    909.12134                
17.47                    909.1609                 
17.48                    909.20044                
17.49                    909.2399                 
17.5                     909.2794                 
17.51                    909.3189                 
17.52                    909.3584                 
17.53                    909.3978                 
17.54                    909.43726                
17.55                    909.4766                 
17.56                    909.51605                
17.57                    909.5554                 
17.58                    909.5947                 
17.59                    909.6341                 
17.6                     909.6734                 
17.61                    909.7127                 
17.62                    909.75195                
17.63                    909.7912                 
17.64                    909.83044                
17.65                    909.8697                 
17.66                    909.9089                 
17.67                    909.94806                
17.68                    909.98724                
17.69                    910.02637                
17.7                     910.0655                 
17.71                    910.1046                 
17.72                    910.14374                
17.73                    910.1828                 
17.74                    910.22186                
17.75                    910.26086                
17.76                    910.2999                 
17.77                    910.3389                 
17.78                    910.3779                 
17.79                    910.4169                 
17.8                     910.4558                 
17.81                    910.49475                
17.82                    910.5337                 
17.83                    910.5726                 
17.84                    910.61145                
17.85                    910.6503                 
17.86                    910.68915                
17.87                    910.72797                
17.88                    910.7668                 
17.89                    910.80554                
17.9                     910.84436                
17.91                    910.8831                 
17.92                    910.9218                 
17.93                    910.9606                 
17.94                    910.99927                
17.95                    911.0379                 
17.96                    911.0766                 
17.97                    911.11523                
17.98                    911.1539                 
17.99                    911.1925                 
18.0                     911.2311                 
18.01                    911.26965                
18.02                    911.3081                 
18.03                    911.34656                
18.04                    911.385                  
18.05                    911.42346                
18.06                    911.46185                
18.07                    911.50024                
18.08                    911.5386                 
18.09                    911.57697                
18.1                     911.6153                 
18.11                    911.65356                
18.12                    911.6919                 
18.13                    911.73016                
18.14                    911.7684                 
18.15                    911.80664                
18.16                    911.84485                
18.17                    911.88306                
18.18                    911.9212                 
18.19                    911.95935                
18.2                     911.9975                 
18.21                    912.03564                
18.22                    912.0737                 
18.23                    912.1118                 
18.24                    912.1499                 
18.25                    912.1879                 
18.26                    912.22595                
18.27                    912.264                  
18.28                    912.30194                
18.29                    912.3399                 
18.3                     912.37787                
18.31                    912.4158                 
18.32                    912.4537                 
18.33                    912.4916                 
18.34                    912.5295                 
18.35                    912.5673                 
18.36                    912.60516                
18.37                    912.64294                
18.38                    912.6808                 
18.39                    912.71857                
18.4                     912.7563                 
18.41                    912.79407                
18.42                    912.8318                 
18.43                    912.86945                
18.44                    912.90717                
18.45                    912.9448                 
18.46                    912.9825                 
18.47                    913.0201                 
18.48                    913.0577                 
18.49                    913.0953                 
18.5                     913.1329                 
18.51                    913.1704                 
18.52                    913.20795                
18.53                    913.2455                 
18.54                    913.28296                
18.55                    913.32043                
18.56                    913.3579                 
18.57                    913.3953                 
18.58                    913.43274                
18.59                    913.47015                
18.6                     913.5075                 
18.61                    913.5449                 
18.62                    913.5822                 
18.63                    913.61957                
18.64                    913.65686                
18.65                    913.69415                
18.66                    913.73145                
18.67                    913.7687                 
18.68                    913.8059                 
18.69                    913.84314                
18.7                     913.8803                 
18.71                    913.9175                 
18.72                    913.95465                
18.73                    913.9918                 
18.74                    914.02893                
18.75                    914.06604                
18.76                    914.1031                 
18.77                    914.14014                
18.78                    914.1772                 
18.79                    914.21423                
18.8                     914.2512                 
18.81                    914.2882                 
18.82                    914.3252                 
18.83                    914.3621                 
18.84                    914.39905                
18.85                    914.436                  
18.86                    914.4729                 
18.87                    914.50977                
18.88                    914.54663                
18.89                    914.58344                
18.9                     914.6203                 
18.91                    914.6571                 
18.92                    914.69385                
18.93                    914.73065                
18.94                    914.7674                 
18.95                    914.8041                 
18.96                    914.8408                 
18.97                    914.8775                 
18.98                    914.9142                 
18.99                    914.9508                 
19.0                     914.9874                 
19.01                    915.02405                
19.02                    915.06067                
19.03                    915.0972                 
19.04                    915.1338                 
19.05                    915.17035                
19.06                    915.20685                
19.07                    915.24335                
19.08                    915.27985                
19.09                    915.31635                
19.1                     915.3528                 
19.11                    915.3892                 
19.12                    915.4256                 
19.13                    915.46204                
19.14                    915.49835                
19.15                    915.5347                 
19.16                    915.57104                
19.17                    915.6074                 
19.18                    915.6437                 
19.19                    915.68                   
19.2                     915.71625                
19.21                    915.7525                 
19.22                    915.7887                 
19.23                    915.8249                 
19.24                    915.8611                 
19.25                    915.8973                 
19.26                    915.9334                 
19.27                    915.96954                
19.28                    916.0057                 
19.29                    916.04175                
19.3                     916.0779                 
19.31                    916.1139                 
19.32                    916.14996                
19.33                    916.186                  
19.34                    916.222                  
19.35                    916.258                  
19.36                    916.29395                
19.37                    916.3299                 
19.38                    916.36584                
19.39                    916.40173                
19.4                     916.4376                 
19.41                    916.4735                 
19.42                    916.5094                 
19.43                    916.5452                 
19.44                    916.58105                
19.45                    916.6168                 
19.46                    916.65265                
19.47                    916.6884                 
19.48                    916.7241                 
19.49                    916.7599                 
19.5                     916.7956                 
19.51                    916.8313                 
19.52                    916.86694                
19.53                    916.9026                 
19.54                    916.93823                
19.55                    916.9739                 
19.56                    917.00946                
19.57                    917.04504                
19.58                    917.0806                 
19.59                    917.11615                
19.6                     917.15173                
19.61                    917.1872                 
19.62                    917.2227                 
19.63                    917.2582                 
19.64                    917.29364                
19.65                    917.3291                 
19.66                    917.3645                 
19.67                    917.3999                 
19.68                    917.4353                 
19.69                    917.4707                 
19.7                     917.50604                
19.71                    917.5414                 
19.72                    917.57666                
19.73                    917.61194                
19.74                    917.6472                 
19.75                    917.6825                 
19.76                    917.7177                 
19.77                    917.753                  
19.78                    917.78815                
19.79                    917.82336                
19.8                     917.8585                 
19.81                    917.8937                 
19.82                    917.92883                
19.83                    917.9639                 
19.84                    917.999                  
19.85                    918.0341                 
19.86                    918.06915                
19.87                    918.1042                 
19.88                    918.1392                 
19.89                    918.17426                
19.9                     918.2092                 
19.91                    918.2442                 
19.92                    918.2792                 
19.93                    918.3141                 
19.94                    918.349                  
19.95                    918.3839                 
19.96                    918.4188                 
19.97                    918.4537                 
19.98                    918.4885                 
19.99                    918.5234                 
20.0                     918.55817                
20.01                    918.59296                
20.02                    918.62775                
20.03                    918.6625                 
20.04                    918.69727                
20.05                    918.73193                
20.06                    918.76666                
20.07                    918.80133                
20.08                    918.836                  
20.09                    918.87067                
20.1                     918.90533                
20.11                    918.93994                
20.12                    918.97455                
20.13                    919.0091                 
20.14                    919.0437                 
20.15                    919.07825                
20.16                    919.11273                
20.17                    919.1473                 
20.18                    919.18176                
20.19                    919.21625                
20.2                     919.2507                 
20.21                    919.28516                
20.22                    919.3196                 
20.23                    919.35394                
20.24                    919.38837                
20.25                    919.4227                 
20.26                    919.4571                 
20.27                    919.4914                 
20.28                    919.52576                
20.29                    919.56                   
20.3                     919.59424                
20.31                    919.6284                 
20.32                    919.6626                 
20.33                    919.6968                 
20.34                    919.73096                
20.35                    919.7651                 
20.36                    919.7992                 
20.37                    919.8333                 
20.38                    919.8674                 
20.39                    919.9014                 
20.4                     919.9355                 
20.41                    919.96954                
20.42                    920.00354                
20.43                    920.03754                
20.44                    920.07153                
20.45                    920.10547                
20.46                    920.1394                 
20.47                    920.17334                
20.48                    920.2072                 
20.49                    920.2411                 
20.5                     920.27496                
20.51                    920.30884                
20.52                    920.34265                
20.53                    920.37646                
20.54                    920.4102                 
20.55                    920.44403                
20.56                    920.4778                 
20.57                    920.51154                
20.58                    920.5452                 
20.59                    920.5789                 
20.6                     920.6126                 
20.61                    920.6463                 
20.62                    920.67993                
20.63                    920.71356                
20.64                    920.7472                 
20.65                    920.78076                
20.66                    920.81433                
20.67                    920.8479                 
20.68                    920.8814                 
20.69                    920.9149                 
20.7                     920.9484                 
20.71                    920.98193                
20.72                    921.0154                 
20.73                    921.0488                 
20.74                    921.0823                 
20.75                    921.11566                
20.76                    921.1491                 
20.77                    921.18243                
20.78                    921.2158                 
20.79                    921.24915                
20.8                     921.2825                 
20.81                    921.3158                 
20.82                    921.34906                
20.83                    921.3823                 
20.84                    921.4156                 
20.85                    921.4488                 
20.86                    921.48206                
20.87                    921.5152                 
20.88                    921.5484                 
20.89                    921.58154                
20.9                     921.6147                 
20.91                    921.6478                 
20.92                    921.6809                 
20.93                    921.71405                
20.94                    921.7471                 
20.95                    921.78015                
20.96                    921.8132                 
20.97                    921.8462                 
20.98                    921.8792                 
20.99                    921.9122                 
21.0                     921.9451                 
21.01                    921.9781                 
21.02                    922.011                  
21.03                    922.04395                
21.04                    922.0768                 
21.05                    922.1097                 
21.06                    922.1425                 
21.07                    922.17535                
21.08                    922.2082                 
21.09                    922.241                  
21.1                     922.2738                 
21.11                    922.3065                 
21.12                    922.3393                 
21.13                    922.372                  
21.14                    922.4047                 
21.15                    922.43744                
21.16                    922.4701                 
21.17                    922.50275                
21.18                    922.5354                 
21.19                    922.56805                
21.2                     922.60065                
21.21                    922.63324                
21.22                    922.66583                
21.23                    922.69836                
21.24                    922.7309                 
21.25                    922.7634                 
21.26                    922.7959                 
21.27                    922.8284                 
21.28                    922.86084                
21.29                    922.8933                 
21.3                     922.9257                 
21.31                    922.9581                 
21.32                    922.99054                
21.33                    923.02295                
21.34                    923.0553                 
21.35                    923.08765                
21.36                    923.11993                
21.37                    923.1523                 
21.38                    923.1846                 
21.39                    923.2168                 
21.4                     923.2491                 
21.41                    923.2813                 
21.42                    923.31354                
21.43                    923.3457                 
21.44                    923.3779                 
21.45                    923.4101                 
21.46                    923.4422                 
21.47                    923.47437                
21.48                    923.5065                 
21.49                    923.5386                 
21.5                     923.5706                 
21.51                    923.6027                 
21.52                    923.63477                
21.53                    923.66675                
21.54                    923.6988                 
21.55                    923.7308                 
21.56                    923.76276                
21.57                    923.7947                 
21.58                    923.82666                
21.59                    923.8586                 
21.6                     923.89044                
21.61                    923.92236                
21.62                    923.9542                 
21.63                    923.9861                 
21.64                    924.0179                 
21.65                    924.04974                
21.66                    924.08154                
21.67                    924.1133                 
21.68                    924.1451                 
21.69                    924.1768                 
21.7                     924.20856                
21.71                    924.24023                
21.72                    924.272                  
21.73                    924.30365                
21.74                    924.33527                
21.75                    924.36694                
21.76                    924.39856                
21.77                    924.4302                 
21.78                    924.4618                 
21.79                    924.49335                
21.8                     924.5249                 
21.81                    924.55646                
21.82                    924.58795                
21.83                    924.61945                
21.84                    924.65094                
21.85                    924.68243                
21.86                    924.71387                
21.87                    924.7453                 
21.88                    924.77673                
21.89                    924.80817                
21.9                     924.83954                
21.91                    924.8709                 
21.92                    924.9022                 
21.93                    924.9336                 
21.94                    924.9649                 
21.95                    924.9962                 
21.96                    925.02747                
21.97                    925.0587                 
21.98                    925.08997                
21.99                    925.1212                 
22.0                     925.15247                
22.01                    925.18365                
22.02                    925.2148                 
22.03                    925.246                  
22.04                    925.2771                 
22.05                    925.3082                 
22.06                    925.33936                
22.07                    925.3705                 
22.08                    925.40155                
22.09                    925.4326                 
22.1                     925.4636                 
22.11                    925.4947                 
22.12                    925.5257                 
22.13                    925.5567                 
22.14                    925.58765                
22.15                    925.6186                 
22.16                    925.64954                
22.17                    925.6805                 
22.18                    925.71136                
22.19                    925.74225                
22.2                     925.77313                
22.21                    925.804                  
22.22                    925.83484                
22.23                    925.86566                
22.24                    925.8965                 
22.25                    925.92725                
22.26                    925.95807                
22.27                    925.98883                
22.28                    926.01953                
22.29                    926.0503                 
22.3                     926.081                  
22.31                    926.11163                
22.32                    926.14233                
22.33                    926.173                  
22.34                    926.2036                 
22.35                    926.23425                
22.36                    926.26483                
22.37                    926.2955                 
22.38                    926.32605                
22.39                    926.35657                
22.4                     926.38715                
22.41                    926.41766                
22.42                    926.4481                 
22.43                    926.47864                
22.44                    926.5091                 
22.45                    926.53955                
22.46                    926.57                   
22.47                    926.6004                 
22.48                    926.63086                
22.49                    926.66125                
22.5                     926.6916                 
22.51                    926.7219                 
22.52                    926.7523                 
22.53                    926.7826                 
22.54                    926.8129                 
22.55                    926.8432                 
22.56                    926.8735                 
22.57                    926.9037                 
22.58                    926.9339                 
22.59                    926.96405                
22.6                     926.99426                
22.61                    927.0244                 
22.62                    927.0545                 
22.63                    927.08466                
22.64                    927.11475                
22.65                    927.14484                
22.66                    927.1749                 
22.67                    927.20496                
22.68                    927.235                  
22.69                    927.265                  
22.7                     927.29504                
22.71                    927.325                  
22.72                    927.355                  
22.73                    927.3849                 
22.74                    927.41486                
22.75                    927.44476                
22.76                    927.4747                 
22.77                    927.5046                 
22.78                    927.5344                 
22.79                    927.5643                 
22.8                     927.5941                 
22.81                    927.6239                 
22.82                    927.6537                 
22.83                    927.6835                 
22.84                    927.71326                
22.85                    927.743                  
22.86                    927.7727                 
22.87                    927.8024                 
22.88                    927.83215                
22.89                    927.8618                 
22.9                     927.8915                 
22.91                    927.92114                
22.92                    927.95074                
22.93                    927.9804                 
22.94                    928.00995                
22.95                    928.03955                
22.96                    928.0691                 
22.97                    928.09863                
22.98                    928.1282                 
22.99                    928.1577                 
23.0                     928.1872                 
23.01                    928.2167                 
23.02                    928.24615                
23.03                    928.2756                 
23.04                    928.305                  
23.05                    928.3344                 
23.06                    928.36383                
23.07                    928.3932                 
23.08                    928.42255                
23.09                    928.4519                 
23.1                     928.4812                 
23.11                    928.51056                
23.12                    928.53986                
23.13                    928.5691                 
23.14                    928.5984                 
23.15                    928.6276                 
23.16                    928.65686                
23.17                    928.68604                
23.18                    928.7153                 
23.19                    928.74445                
23.2                     928.7736                 
23.21                    928.80273                
23.22                    928.83185                
23.23                    928.86096                
23.24                    928.8901                 
23.25                    928.9191                 
23.26                    928.94824                
23.27                    928.97723                
23.28                    929.0063                 
23.29                    929.0353                 
23.3                     929.0643                 
23.31                    929.09326                
23.32                    929.12225                
23.33                    929.1512                 
23.34                    929.1801                 
23.35                    929.20905                
23.36                    929.2379                 
23.37                    929.2668                 
23.38                    929.29565                
23.39                    929.3245                 
23.4                     929.35333                
23.41                    929.38214                
23.42                    929.41095                
23.43                    929.43976                
23.44                    929.4685                 
23.45                    929.49725                
23.46                    929.526                  
23.47                    929.5547                 
23.48                    929.5834                 
23.49                    929.61206                
23.5                     929.64075                
23.51                    929.6694                 
23.52                    929.69806                
23.53                    929.7266                 
23.54                    929.75525                
23.55                    929.7838                 
23.56                    929.8124                 
23.57                    929.84094                
23.58                    929.8695                 
23.59                    929.898                  
23.6                     929.9265                 
23.61                    929.955                  
23.62                    929.98346                
23.63                    930.0119                 
23.64                    930.04034                
23.65                    930.0688                 
23.66                    930.09717                
23.67                    930.12555                
23.68                    930.15393                
23.69                    930.1823                 
23.7                     930.21063                
23.71                    930.23895                
23.72                    930.2673                 
23.73                    930.2956                 
23.74                    930.32385                
23.75                    930.3521                 
23.76                    930.3804                 
23.77                    930.40857                
23.78                    930.43677                
23.79                    930.46497                
23.8                     930.49316                
23.81                    930.5213                 
23.82                    930.54944                
23.83                    930.5776                 
23.84                    930.6057                 
23.85                    930.6338                 
23.86                    930.66187                
23.87                    930.68994                
23.88                    930.718                  
23.89                    930.74603                
23.9                     930.77405                
23.91                    930.80206                
23.92                    930.83                   
23.93                    930.858                  
23.94                    930.8859                 
23.95                    930.9139                 
23.96                    930.94183                
23.97                    930.9697                 
23.98                    930.9976                 
23.99                    931.02545                
24.0                     931.05334                
24.01                    931.0812                 
24.02                    931.109                  
24.03                    931.1368                 
24.04                    931.1646                 
24.05                    931.1924                 
24.06                    931.22015                
24.07                    931.24786                
24.08                    931.27563                
24.09                    931.30334                
24.1                     931.331                  
24.11                    931.3587                 
24.12                    931.38635                
24.13                    931.414                  
24.14                    931.44165                
24.15                    931.46924                
24.16                    931.4969                 
24.17                    931.5245                 
24.18                    931.552                  
24.19                    931.5796                 
24.2                     931.6071                 
24.21                    931.63464                
24.22                    931.6621                 
24.23                    931.68964                
24.24                    931.7171                 
24.25                    931.74457                
24.26                    931.77203                
24.27                    931.79944                
24.28                    931.82684                
24.29                    931.85425                
24.3                     931.8816                 
24.31                    931.909                  
24.32                    931.93634                
24.33                    931.9637                 
24.34                    931.99097                
24.35                    932.0183                 
24.36                    932.0456                 
24.37                    932.0728                 
24.38                    932.1001                 
24.39                    932.1273                 
24.4                     932.15454                
24.41                    932.18176                
24.42                    932.2089                 
24.43                    932.23615                
24.44                    932.2633                 
24.45                    932.2904                 
24.46                    932.31757                
24.47                    932.34467                
24.48                    932.37177                
24.49                    932.39886                
24.5                     932.4259                 
24.51                    932.45294                
24.52                    932.48                   
24.53                    932.507                  
24.54                    932.53406                
24.55                    932.56104                
24.56                    932.588                  
24.57                    932.6149                 
24.58                    932.6419                 
24.59                    932.6688                 
24.6                     932.69574                
24.61                    932.72266                
24.62                    932.7495                 
24.63                    932.77637                
24.64                    932.8032                 
24.65                    932.8301                 
24.66                    932.8569                 
24.67                    932.88367                
24.68                    932.91046                
24.69                    932.93726                
24.7                     932.964                  
24.71                    932.9907                 
24.72                    933.01746                
24.73                    933.0442                 
24.74                    933.07086                
24.75                    933.09753                
24.76                    933.1242                 
24.77                    933.1509                 
24.78                    933.1775                 
24.79                    933.2041                 
24.8                     933.2307                 
24.81                    933.2573                 
24.82                    933.2839                 
24.83                    933.3104                 
24.84                    933.3369                 
24.85                    933.36346                
24.86                    933.38995                
24.87                    933.41644                
24.88                    933.4429                 
24.89                    933.46936                
24.9                     933.4958                 
24.91                    933.5222                 
24.92                    933.5486                 
24.93                    933.57495                
24.94                    933.6013                 
24.95                    933.6277                 
24.96                    933.65405                
24.97                    933.68036                
24.98                    933.70667                
24.99                    933.733                  
25.0                     933.7592                 
25.01                    933.7855                 
25.02                    933.81177                
25.03                    933.838                  
25.04                    933.8642                 
25.05                    933.8904                 
25.06                    933.91656                
25.07                    933.94275                
25.08                    933.96893                
25.09                    933.99506                
25.1                     934.0212                 
25.11                    934.0473                 
25.12                    934.07336                
25.13                    934.0995                 
25.14                    934.12555                
25.15                    934.15155                
25.16                    934.1776                 
25.17                    934.2036                 
25.18                    934.2296                 
25.19                    934.2556                 
25.2                     934.28156                
25.21                    934.30756                
25.22                    934.3335                 
25.23                    934.3594                 
25.24                    934.3853                 
25.25                    934.4112                 
25.26                    934.4371                 
25.27                    934.46295                
25.28                    934.4888                 
25.29                    934.51465                
25.3                     934.54047                
25.31                    934.5662                 
25.32                    934.59204                
25.33                    934.6178                 
25.34                    934.64355                
25.35                    934.6693                 
25.36                    934.69507                
25.37                    934.72076                
25.38                    934.74646                
25.39                    934.77216                
25.4                     934.7978                 
25.41                    934.8234                 
25.42                    934.84906                
25.43                    934.8747                 
25.44                    934.9003                 
25.45                    934.9259                 
25.46                    934.9515                 
25.47                    934.97705                
25.48                    935.0026                 
25.49                    935.02814                
25.5                     935.05365                
25.51                    935.07916                
25.52                    935.1046                 
25.53                    935.1301                 
25.54                    935.1556                 
25.55                    935.18097                
25.56                    935.2064                 
25.57                    935.2318                 
25.58                    935.2572                 
25.59                    935.2826                 
25.6                     935.308                  
25.61                    935.3333                 
25.62                    935.35864                
25.63                    935.384                  
25.64                    935.4093                 
25.65                    935.4346                 
25.66                    935.45984                
25.67                    935.4851                 
25.68                    935.5104                 
25.69                    935.5356                 
25.7                     935.5608                 
25.71                    935.586                  
25.72                    935.6112                 
25.73                    935.63635                
25.74                    935.66156                
25.75                    935.6867                 
25.76                    935.7118                 
25.77                    935.73694                
25.78                    935.762                  
25.79                    935.7871                 
25.8                     935.8122                 
25.81                    935.8372                 
25.82                    935.86224                
25.83                    935.88727                
25.84                    935.9123                 
25.85                    935.9373                 
25.86                    935.9623                 
25.87                    935.98724                
25.88                    936.0122                 
25.89                    936.0371                 
25.9                     936.062                  
25.91                    936.0869                 
25.92                    936.1118                 
25.93                    936.1367                 
25.94                    936.16156                
25.95                    936.1864                 
25.96                    936.21124                
25.97                    936.2361                 
25.98                    936.26086                
25.99                    936.28564                
26.0                     936.3104                 
26.01                    936.3352                 
26.02                    936.3599                 
26.03                    936.38464                
26.04                    936.40936                
26.05                    936.4341                 
26.06                    936.45874                
26.07                    936.48346                
26.08                    936.5081                 
26.09                    936.5327                 
26.1                     936.5574                 
26.11                    936.582                  
26.12                    936.60657                
26.13                    936.63116                
26.14                    936.6557                 
26.15                    936.6803                 
26.16                    936.70483                
26.17                    936.7294                 
26.18                    936.75385                
26.19                    936.7783                 
26.2                     936.80286                
26.21                    936.8273                 
26.22                    936.85175                
26.23                    936.8762                 
26.24                    936.90063                
26.25                    936.92505                
26.26                    936.9494                 
26.27                    936.9738                 
26.28                    936.99817                
26.29                    937.0225                 
26.3                     937.0469                 
26.31                    937.07117                
26.32                    937.09546                
26.33                    937.11975                
26.34                    937.14404                
26.35                    937.16833                
26.36                    937.19257                
26.37                    937.2168                 
26.38                    937.241                  
26.39                    937.26526                
26.4                     937.2894                 
26.41                    937.3136                 
26.42                    937.33777                
26.43                    937.36194                
26.44                    937.38605                
26.45                    937.41016                
26.46                    937.43427                
26.47                    937.4584                 
26.48                    937.4825                 
26.49                    937.50653                
26.5                     937.5306                 
26.51                    937.5546                 
26.52                    937.5786                 
26.53                    937.60266                
26.54                    937.62665                
26.55                    937.65063                
26.56                    937.67456                
26.57                    937.69855                
26.58                    937.7225                 
26.59                    937.7464                 
26.6                     937.7703                 
26.61                    937.7942                 
26.62                    937.81805                
26.63                    937.8419                 
26.64                    937.8658                 
26.65                    937.88965                
26.66                    937.91345                
26.67                    937.93726                
26.68                    937.96106                
26.69                    937.98486                
26.7                     938.0086                 
26.71                    938.03235                
26.72                    938.0561                 
26.73                    938.07983                
26.74                    938.1035                 
26.75                    938.1272                 
26.76                    938.1509                 
26.77                    938.17456                
26.78                    938.19824                
26.79                    938.22186                
26.8                     938.2455                 
26.81                    938.2691                 
26.82                    938.2927                 
26.83                    938.3163                 
26.84                    938.33984                
26.85                    938.3634                 
26.86                    938.38696                
26.87                    938.41046                
26.88                    938.434                  
26.89                    938.4575                 
26.9                     938.481                  
26.91                    938.50446                
26.92                    938.5279                 
26.93                    938.5514                 
26.94                    938.57477                
26.95                    938.5982                 
26.96                    938.62164                
26.97                    938.645                  
26.98                    938.6684                 
26.99                    938.6918                 
27.0                     938.7151                 
27.01                    938.7384                 
27.02                    938.7617                 
27.03                    938.78503                
27.04                    938.80835                
27.05                    938.8316                 
27.06                    938.85486                
27.07                    938.8781                 
27.08                    938.90137                
27.09                    938.9246                 
27.1                     938.9478                 
27.11                    938.971                  
27.12                    938.99414                
27.13                    939.01733                
27.14                    939.04047                
27.15                    939.0636                 
27.16                    939.08673                
27.17                    939.1098                 
27.18                    939.13293                
27.19                    939.156                  
27.2                     939.1791                 
27.21                    939.2021                 
27.22                    939.22516                
27.23                    939.24817                
27.24                    939.2712                 
27.25                    939.2942                 
27.26                    939.31714                
27.27                    939.34015                
27.28                    939.3631                 
27.29                    939.386                  
27.3                     939.40894                
27.31                    939.4319                 
27.32                    939.4548                 
27.33                    939.47766                
27.34                    939.5005                 
27.35                    939.5234                 
27.36                    939.5462                 
27.37                    939.56903                
27.38                    939.59186                
27.39                    939.6147                 
27.4                     939.63745                
27.41                    939.6602                 
27.42                    939.683                  
27.43                    939.70575                
27.44                    939.72845                
27.45                    939.75116                
27.46                    939.7739                 
27.47                    939.7966                 
27.48                    939.8193                 
27.49                    939.8419                 
27.5                     939.86456                
27.51                    939.8872                 
27.52                    939.90985                
27.53                    939.9325                 
27.54                    939.9551                 
27.55                    939.97766                
27.56                    940.00024                
27.57                    940.02277                
27.58                    940.04535                
27.59                    940.0679                 
27.6                     940.0904                 
27.61                    940.11285                
27.62                    940.1354                 
27.63                    940.15784                
27.64                    940.1803                 
27.65                    940.20276                
27.66                    940.22516                
27.67                    940.2476                 
27.68                    940.27                   
27.69                    940.2924                 
27.7                     940.3148                 
27.71                    940.33716                
27.72                    940.3595                 
27.73                    940.38184                
27.74                    940.4042                 
27.75                    940.4265                 
27.76                    940.4488                 
27.77                    940.47107                
27.78                    940.49335                
27.79                    940.5156                 
27.8                     940.5379                 
27.81                    940.5601                 
27.82                    940.58234                
27.83                    940.60455                
27.84                    940.6267                 
27.85                    940.6489                 
27.86                    940.6711                 
27.87                    940.69324                
27.88                    940.7154                 
27.89                    940.7375                 
27.9                     940.75964                
27.91                    940.78174                
27.92                    940.80383                
27.93                    940.82587                
27.94                    940.84796                
27.95                    940.87                   
27.96                    940.892                  
27.97                    940.91406                
27.98                    940.93604                
27.99                    940.95807                
28.0                     940.98004                
28.01                    941.002                  
28.02                    941.024                  
28.03                    941.0459                 
28.04                    941.0678                 
28.05                    941.0897                 
28.06                    941.11163                
28.07                    941.13354                
28.08                    941.1554                 
28.09                    941.1773                 
28.1                     941.19916                
28.11                    941.22095                
28.12                    941.2428                 
28.13                    941.2646                 
28.14                    941.2864                 
28.15                    941.30817                
28.16                    941.32996                
28.17                    941.3517                 
28.18                    941.3735                 
28.19                    941.3952                 
28.2                     941.41693                
28.21                    941.4386                 
28.22                    941.4603                 
28.23                    941.482                  
28.24                    941.50366                
28.25                    941.52527                
28.26                    941.54694                
28.27                    941.56854                
28.28                    941.5902                 
28.29                    941.61176                
28.3                     941.63336                
28.31                    941.65497                
28.32                    941.6765                 
28.33                    941.69806                
28.34                    941.7196                 
28.35                    941.7411                 
28.36                    941.76263                
28.37                    941.7841                 
28.38                    941.8056                 
28.39                    941.8271                 
28.4                     941.8485                 
28.41                    941.87                   
28.42                    941.8914                 
28.43                    941.91284                
28.44                    941.93427                
28.45                    941.9556                 
28.46                    941.977                  
28.47                    941.99835                
28.48                    942.0197                 
28.49                    942.0411                 
28.5                     942.0624                 
28.51                    942.08374                
28.52                    942.10504                
28.53                    942.1263                 
28.54                    942.1476                 
28.55                    942.1688                 
28.56                    942.1901                 
28.57                    942.21136                
28.58                    942.23254                
28.59                    942.2538                 
28.6                     942.27496                
28.61                    942.29614                
28.62                    942.3173                 
28.63                    942.3385                 
28.64                    942.3597                 
28.65                    942.3808                 
28.66                    942.4019                 
28.67                    942.42303                
28.68                    942.44415                
28.69                    942.4652                 
28.7                     942.48627                
28.71                    942.5073                 
28.72                    942.5284                 
28.73                    942.54944                
28.74                    942.57043                
28.75                    942.59143                
28.76                    942.6124                 
28.77                    942.6334                 
28.78                    942.6544                 
28.79                    942.67535                
28.8                     942.6963                 
28.81                    942.7172                 
28.82                    942.73816                
28.83                    942.7591                 
28.84                    942.77997                
28.85                    942.80084                
28.86                    942.8217                 
28.87                    942.8426                 
28.88                    942.8634                 
28.89                    942.8843                 
28.9                     942.9051                 
28.91                    942.9259                 
28.92                    942.94666                
28.93                    942.96747                
28.94                    942.9882                 
28.95                    943.009                  
28.96                    943.0297                 
28.97                    943.0505                 
28.98                    943.07117                
28.99                    943.09186                
29.0                     943.11255                
29.01                    943.13324                
29.02                    943.15393                
29.03                    943.17456                
29.04                    943.19525                
29.05                    943.2159                 
29.06                    943.23645                
29.07                    943.2571                 
29.08                    943.27765                
29.09                    943.2983                 
29.1                     943.31885                
29.11                    943.33936                
29.12                    943.3599                 
29.13                    943.38043                
29.14                    943.401                  
29.15                    943.4215                 
29.16                    943.44196                
29.17                    943.46246                
29.18                    943.4829                 
29.19                    943.50336                
29.2                     943.5238                 
29.21                    943.54425                
29.22                    943.5647                 
29.23                    943.5851                 
29.24                    943.60547                
29.25                    943.62585                
29.26                    943.64624                
29.27                    943.66656                
29.28                    943.68695                
29.29                    943.7073                 
29.3                     943.7276                 
29.31                    943.7479                 
29.32                    943.7682                 
29.33                    943.7885                 
29.34                    943.8088                 
29.35                    943.82904                
29.36                    943.84924                
29.37                    943.8695                 
29.38                    943.8897                 
29.39                    943.9099                 
29.4                     943.9301                 
29.41                    943.9503                 
29.42                    943.97046                
29.43                    943.99066                
29.44                    944.0108                 
29.45                    944.03094                
29.46                    944.0511                 
29.47                    944.07117                
29.48                    944.09125                
29.49                    944.1114                 
29.5                     944.1314                 
29.51                    944.1515                 
29.52                    944.1716                 
29.53                    944.1916                 
29.54                    944.2116                 
29.55                    944.2316                 
29.56                    944.25165                
29.57                    944.2716                 
29.58                    944.2916                 
29.59                    944.3116                 
29.6                     944.33154                
29.61                    944.35144                
29.62                    944.3714                 
29.63                    944.3913                 
29.64                    944.4112                 
29.65                    944.4311                 
29.66                    944.451                  
29.67                    944.4709                 
29.68                    944.4907                 
29.69                    944.51056                
29.7                     944.5304                 
29.71                    944.55023                
29.72                    944.57                   
29.73                    944.58984                
29.74                    944.6096                 
29.75                    944.6294                 
29.76                    944.6492                 
29.77                    944.6689                 
29.78                    944.68866                
29.79                    944.7084                 
29.8                     944.7281                 
29.81                    944.7478                 
29.82                    944.76746                
29.83                    944.7872                 
29.84                    944.8068                 
29.85                    944.8265                 
29.86                    944.8461                 
29.87                    944.8657                 
29.88                    944.8854                 
29.89                    944.90497                
29.9                     944.92456                
29.91                    944.94415                
29.92                    944.9637                 
29.93                    944.9833                 
29.94                    945.0028                 
29.95                    945.02234                
29.96                    945.0419                 
29.97                    945.0614                 
29.98                    945.0809                 
29.99                    945.10034                
30.0                     945.1198                 
30.01                    945.1393                 
30.02                    945.15875                
30.03                    945.1782                 
30.04                    945.19763                
30.05                    945.21704                
30.06                    945.23645                
30.07                    945.25586                
30.08                    945.2752                 
30.09                    945.29456                
30.1                     945.31396                
30.11                    945.3333                 
30.12                    945.3526                 
30.13                    945.37195                
30.14                    945.39124                
30.15                    945.4105                 
30.16                    945.4298                 
30.17                    945.4491                 
30.18                    945.4684                 
30.19                    945.4876                 
30.2                     945.50684                
30.21                    945.52606                
30.22                    945.5453                 
30.23                    945.5645                 
30.24                    945.5837                 
30.25                    945.6029                 
30.26                    945.6221                 
30.27                    945.64124                
30.28                    945.66034                
30.29                    945.6795                 
30.3                     945.6986                 
30.31                    945.7177                 
30.32                    945.7368                 
30.33                    945.7559                 
30.34                    945.77496                
30.35                    945.79407                
30.36                    945.8131                 
30.37                    945.83215                
30.38                    945.8512                 
30.39                    945.8702                 
30.4                     945.8892                 
30.41                    945.9082                 
30.42                    945.9272                 
30.43                    945.94617                
30.44                    945.9651                 
30.45                    945.9841                 
30.46                    946.003                  
30.47                    946.0219                 
30.48                    946.04083                
30.49                    946.05975                
30.5                     946.0786                 
30.51                    946.0975                 
30.52                    946.1164                 
30.53                    946.13525                
30.54                    946.15405                
30.55                    946.1729                 
30.56                    946.1917                 
30.57                    946.2105                 
30.58                    946.2293                 
30.59                    946.2481                 
30.6                     946.2669                 
30.61                    946.28564                
30.62                    946.30444                
30.63                    946.3232                 
30.64                    946.34186                
30.65                    946.3606                 
30.66                    946.37933                
30.67                    946.398                  
30.68                    946.4167                 
30.69                    946.43536                
30.7                     946.45404                
30.71                    946.47266                
30.72                    946.49133                
30.73                    946.50995                
30.74                    946.52856                
30.75                    946.5472                 
30.76                    946.56573                
30.77                    946.58435                
30.78                    946.6029                 
30.79                    946.62146                
30.8                     946.64                   
30.81                    946.65857                
30.82                    946.67706                
30.83                    946.6956                 
30.84                    946.7141                 
30.85                    946.7326                 
30.86                    946.75104                
30.87                    946.76953                
30.88                    946.78796                
30.89                    946.80646                
30.9                     946.8249                 
30.91                    946.84326                
30.92                    946.8617                 
30.93                    946.8801                 
30.94                    946.8985                 
30.95                    946.9169                 
30.96                    946.93524                
30.97                    946.9536                 
30.98                    946.9719                 
30.99                    946.9903                 
31.0                     947.0086                 
31.01                    947.0269                 
31.02                    947.0452                 
31.03                    947.0635                 
31.04                    947.0818                 
31.05                    947.10004                
31.06                    947.1183                 
31.07                    947.13654                
31.08                    947.1548                 
31.09                    947.173                  
31.1                     947.1912                 
31.11                    947.2094                 
31.12                    947.2276                 
31.13                    947.2458                 
31.14                    947.2639                 
31.15                    947.2821                 
31.16                    947.30023                
31.17                    947.31836                
31.18                    947.3365                 
31.19                    947.3546                 
31.2                     947.3727                 
31.21                    947.3908                 
31.22                    947.4089                 
31.23                    947.42694                
31.24                    947.44495                
31.25                    947.463                  
31.26                    947.4811                 
31.27                    947.4991                 
31.28                    947.5171                 
31.29                    947.5351                 
31.3                     947.5531                 
31.31                    947.57104                
31.32                    947.589                  
31.33                    947.607                  
31.34                    947.62494                
31.35                    947.6428                 
31.36                    947.66077                
31.37                    947.6787                 
31.38                    947.6966                 
31.39                    947.7145                 
31.4                     947.73236                
31.41                    947.75024                
31.42                    947.76807                
31.43                    947.78595                
31.44                    947.8038                 
31.45                    947.8216                 
31.46                    947.8394                 
31.47                    947.8572                 
31.48                    947.875                  
31.49                    947.89276                
31.5                     947.9105                 
31.51                    947.9283                 
31.52                    947.94604                
31.53                    947.96375                
31.54                    947.9815                 
31.55                    947.9992                 
31.56                    948.0169                 
31.57                    948.0346                 
31.58                    948.0523                 
31.59                    948.06995                
31.6                     948.08765                
31.61                    948.1053                 
31.62                    948.1229                 
31.63                    948.14056                
31.64                    948.15814                
31.65                    948.1758                 
31.66                    948.19336                
31.67                    948.21094                
31.68                    948.2285                 
31.69                    948.2461                 
31.7                     948.2637                 
31.71                    948.2812                 
31.72                    948.29877                
31.73                    948.3163                 
31.74                    948.3338                 
31.75                    948.35126                
31.76                    948.3688                 
31.77                    948.3863                 
31.78                    948.40375                
31.79                    948.4212                 
31.8                     948.43866                
31.81                    948.4561                 
31.82                    948.4735                 
31.83                    948.4909                 
31.84                    948.50836                
31.85                    948.52576                
31.86                    948.54315                
31.87                    948.5605                 
31.88                    948.5779                 
31.89                    948.5952                 
31.9                     948.61255                
31.91                    948.6299                 
31.92                    948.6472                 
31.93                    948.66455                
31.94                    948.6818                 
31.95                    948.69916                
31.96                    948.71643                
31.97                    948.7337                 
31.98                    948.7509                 
31.99                    948.7682                 
32.0                     948.7854                 
32.01                    948.8027                 
32.02                    948.8199                 
32.03                    948.8371                 
32.04                    948.85425                
32.05                    948.87146                
32.06                    948.8886                 
32.07                    948.9058                 
32.08                    948.923                  
32.09                    948.9401                 
32.1                     948.9572                 
32.11                    948.97437                
32.12                    948.99146                
32.13                    949.0086                 
32.14                    949.0257                 
32.15                    949.0427                 
32.16                    949.0598                 
32.17                    949.0769                 
32.18                    949.09393                
32.19                    949.11096                
32.2                     949.128                  
32.21                    949.145                  
32.22                    949.16205                
32.23                    949.179                  
32.24                    949.19604                
32.25                    949.213                  
32.26                    949.23                   
32.27                    949.24695                
32.28                    949.26385                
32.29                    949.2808                 
32.3                     949.2977                 
32.31                    949.31464                
32.32                    949.33154                
32.33                    949.34845                
32.34                    949.36536                
32.35                    949.3822                 
32.36                    949.39905                
32.37                    949.41595                
32.38                    949.43274                
32.39                    949.4496                 
32.4                     949.46643                
32.41                    949.4832                 
32.42                    949.50006                
32.43                    949.51685                
32.44                    949.5336                 
32.45                    949.5504                 
32.46                    949.56714                
32.47                    949.5839                 
32.48                    949.60065                
32.49                    949.6174                 
32.5                     949.6341                 
32.51                    949.6508                 
32.52                    949.6675                 
32.53                    949.6842                 
32.54                    949.70087                
32.55                    949.7175                 
32.56                    949.7342                 
32.57                    949.75085                
32.58                    949.7675                 
32.59                    949.7841                 
32.6                     949.8007                 
32.61                    949.8174                 
32.62                    949.834                  
32.63                    949.8505                 
32.64                    949.8671                 
32.65                    949.88367                
32.66                    949.90027                
32.67                    949.9168                 
32.68                    949.93335                
32.69                    949.9499                 
32.7                     949.9664                 
32.71                    949.9829                 
32.72                    949.9994                 
32.73                    950.01587                
32.74                    950.03235                
32.75                    950.0488                 
32.76                    950.0653                 
32.77                    950.0817                 
32.78                    950.09814                
32.79                    950.1146                 
32.8                     950.13104                
32.81                    950.1474                 
32.82                    950.1638                 
32.83                    950.1802                 
32.84                    950.1966                 
32.85                    950.21295                
32.86                    950.2293                 
32.87                    950.24567                
32.88                    950.262                  
32.89                    950.2783                 
32.9                     950.2946                 
32.91                    950.311                  
32.92                    950.3273                 
32.93                    950.3435                 
32.94                    950.3598                 
32.95                    950.3761                 
32.96                    950.39233                
32.97                    950.40857                
32.98                    950.4248                 
32.99                    950.44104                
33.0                     950.4573                 
33.01                    950.4735                 
33.02                    950.4897                 
33.03                    950.50586                
33.04                    950.52203                
33.05                    950.5382                 
33.06                    950.5544                 
33.07                    950.57056                
33.08                    950.5867                 
33.09                    950.6028                 
33.1                     950.6189                 
33.11                    950.635                  
33.12                    950.6511                 
33.13                    950.66724                
33.14                    950.6833                 
33.15                    950.6994                 
33.16                    950.71545                
33.17                    950.7315                 
33.18                    950.74756                
33.19                    950.76355                
33.2                     950.7796                 
33.21                    950.7956                 
33.22                    950.8116                 
33.23                    950.8276                 
33.24                    950.84357                
33.25                    950.85956                
33.26                    950.8755                 
33.27                    950.8915                 
33.28                    950.9074                 
33.29                    950.92334                
33.3                     950.9393                 
33.31                    950.9552                 
33.32                    950.97107                
33.33                    950.987                  
33.34                    951.00287                
33.35                    951.01874                
33.36                    951.0346                 
33.37                    951.0505                 
33.38                    951.06635                
33.39                    951.08215                
33.4                     951.09796                
33.41                    951.11383                
33.42                    951.12964                
33.43                    951.14545                
33.44                    951.1612                 
33.45                    951.177                  
33.46                    951.19275                
33.47                    951.2085                 
33.48                    951.22424                
33.49                    951.24                   
33.5                     951.25574                
33.51                    951.2715                 
33.52                    951.2872                 
33.53                    951.30286                
33.54                    951.3186                 
33.55                    951.3343                 
33.56                    951.3499                 
33.57                    951.3656                 
33.58                    951.3813                 
33.59                    951.3969                 
33.6                     951.41254                
33.61                    951.42816                
33.62                    951.4438                 
33.63                    951.4594                 
33.64                    951.475                  
33.65                    951.4906                 
33.66                    951.50616                
33.67                    951.5217                 
33.68                    951.5373                 
33.69                    951.55286                
33.7                     951.56836                
33.71                    951.5839                 
33.72                    951.5994                 
33.73                    951.6149                 
33.74                    951.63043                
33.75                    951.64594                
33.76                    951.66144                
33.77                    951.67694                
33.78                    951.6924                 
33.79                    951.7078                 
33.8                     951.72327                
33.81                    951.7387                 
33.82                    951.75415                
33.83                    951.7696                 
33.84                    951.785                  
33.85                    951.80035                
33.86                    951.8158                 
33.87                    951.8312                 
33.88                    951.8465                 
33.89                    951.8619                 
33.9                     951.87726                
33.91                    951.8926                 
33.92                    951.9079                 
33.93                    951.9232                 
33.94                    951.93854                
33.95                    951.95386                
33.96                    951.9692                 
33.97                    951.98444                
33.98                    951.99976                
33.99                    952.015                  
34.0                     952.0303                 
34.01                    952.04553                
34.02                    952.0607                 
34.03                    952.076                  
34.04                    952.0912                 
34.05                    952.10645                
34.06                    952.12164                
34.07                    952.13684                
34.08                    952.15204                
34.09                    952.1672                 
34.1                     952.1824                 
34.11                    952.1975                 
34.12                    952.21265                
34.13                    952.2278                 
34.14                    952.2429                 
34.15                    952.25806                
34.16                    952.2732                 
34.17                    952.28827                
34.18                    952.30334                
34.19                    952.3184                 
34.2                     952.3335                 
34.21                    952.3486                 
34.22                    952.36365                
34.23                    952.3787                 
34.24                    952.39374                
34.25                    952.40875                
34.26                    952.42377                
34.27                    952.4388                 
34.28                    952.4538                 
34.29                    952.4688                 
34.3                     952.48376                
34.31                    952.4988                 
34.32                    952.51373                
34.33                    952.5287                 
34.34                    952.54364                
34.35                    952.5586                 
34.36                    952.5735                 
34.37                    952.58844                
34.38                    952.60333                
34.39                    952.6182                 
34.4                     952.6331                 
34.41                    952.648                  
34.42                    952.6629                 
34.43                    952.67773                
34.44                    952.6926                 
34.45                    952.70746                
34.46                    952.7223                 
34.47                    952.7371                 
34.48                    952.75195                
34.49                    952.7668                 
34.5                     952.78156                
34.51                    952.7963                 
34.52                    952.81116                
34.53                    952.8259                 
34.54                    952.8407                 
34.55                    952.85547                
34.56                    952.8702                 
34.57                    952.88495                
34.58                    952.89966                
34.59                    952.91437                
34.6                     952.9291                 
34.61                    952.9438                 
34.62                    952.9585                 
34.63                    952.9732                 
34.64                    952.98785                
34.65                    953.0025                 
34.66                    953.0172                 
34.67                    953.03186                
34.68                    953.0465                 
34.69                    953.0611                 
34.7                     953.07574                
34.71                    953.09033                
34.72                    953.105                  
34.73                    953.11957                
34.74                    953.13416                
34.75                    953.14874                
34.76                    953.16327                
34.77                    953.17786                
34.78                    953.1924                 
34.79                    953.207                  
34.8                     953.2215                 
34.81                    953.236                  
34.82                    953.25055                
34.83                    953.2651                 
34.84                    953.27954                
34.85                    953.29407                
34.86                    953.30853                
34.87                    953.323                  
34.88                    953.33746                
34.89                    953.3519                 
34.9                     953.36633                
34.91                    953.3808                 
34.92                    953.3952                 
34.93                    953.40967                
34.94                    953.4241                 
34.95                    953.4385                 
34.96                    953.4529                 
34.97                    953.4672                 
34.98                    953.4816                 
34.99                    953.496                  
35.0                     953.5104                 
35.01                    953.5247                 
35.02                    953.53906                
35.03                    953.5534                 
35.04                    953.5677                 
35.05                    953.58203                
35.06                    953.5963                 
35.07                    953.61066                
35.08                    953.62494                
35.09                    953.6392                 
35.1                     953.6535                 
35.11                    953.6677                 
35.12                    953.682                  
35.13                    953.6962                 
35.14                    953.7105                 
35.15                    953.72473                
35.16                    953.73895                
35.17                    953.7532                 
35.18                    953.76733                
35.19                    953.78156                
35.2                     953.7957                 
35.21                    953.80994                
35.22                    953.8241                 
35.23                    953.83826                
35.24                    953.8524                 
35.25                    953.8665                 
35.26                    953.8807                 
35.27                    953.8948                 
35.28                    953.90894                
35.29                    953.92303                
35.3                     953.93713                
35.31                    953.95123                
35.32                    953.9653                 
35.33                    953.9794                 
35.34                    953.99347                
35.35                    954.0075                 
35.36                    954.02155                
35.37                    954.0356                 
35.38                    954.0496                 
35.39                    954.06366                
35.4                     954.07764                
35.41                    954.0917                 
35.42                    954.10565                
35.43                    954.1196                 
35.44                    954.1336                 
35.45                    954.1476                 
35.46                    954.16156                
35.47                    954.17554                
35.48                    954.18945                
35.49                    954.2034                 
35.5                     954.21735                
35.51                    954.23126                
35.52                    954.2452                 
35.53                    954.2591                 
35.54                    954.273                  
35.55                    954.28687                
35.56                    954.3007                 
35.57                    954.31464                
35.58                    954.3285                 
35.59                    954.34235                
35.6                     954.3562                 
35.61                    954.37                   
35.62                    954.38385                
35.63                    954.39764                
35.64                    954.4115                 
35.65                    954.4253                 
35.66                    954.4391                 
35.67                    954.4529                 
35.68                    954.4667                 
35.69                    954.4804                 
35.7                     954.4942                 
35.71                    954.50793                
35.72                    954.52167                
35.73                    954.5354                 
35.74                    954.54913                
35.75                    954.56287                
35.76                    954.5766                 
35.77                    954.5903                 
35.78                    954.604                  
35.79                    954.6177                 
35.8                     954.63135                
35.81                    954.645                  
35.82                    954.6587                 
35.83                    954.67236                
35.84                    954.686                  
35.85                    954.69965                
35.86                    954.71326                
35.87                    954.72687                
35.88                    954.7405                 
35.89                    954.7541                 
35.9                     954.7677                 
35.91                    954.78125                
35.92                    954.79486                
35.93                    954.8084                 
35.94                    954.82196                
35.95                    954.8355                 
35.96                    954.84906                
35.97                    954.8626                 
35.98                    954.87616                
35.99                    954.88965                
36.0                     954.9032                 
36.01                    954.9167                 
36.02                    954.9302                 
36.03                    954.94366                
36.04                    954.95715                
36.05                    954.97064                
36.06                    954.98413                
36.07                    954.99756                
36.08                    955.011                  
36.09                    955.0245                 
36.1                     955.0379                 
36.11                    955.05133                
36.12                    955.0647                 
36.13                    955.0781                 
36.14                    955.09155                
36.15                    955.1049                 
36.16                    955.1183                 
36.17                    955.13165                
36.18                    955.145                  
36.19                    955.1584                 
36.2                     955.1717                 
36.21                    955.18506                
36.22                    955.19836                
36.23                    955.2117                 
36.24                    955.225                  
36.25                    955.2383                 
36.26                    955.2516                 
36.27                    955.2649                 
36.28                    955.27814                
36.29                    955.29144                
36.3                     955.3047                 
36.31                    955.31793                
36.32                    955.3312                 
36.33                    955.3444                 
36.34                    955.35767                
36.35                    955.37085                
36.36                    955.3841                 
36.37                    955.3973                 
36.38                    955.41046                
36.39                    955.42365                
36.4                     955.4368                 
36.41                    955.45                   
36.42                    955.4632                 
36.43                    955.4763                 
36.44                    955.4895                 
36.45                    955.5026                 
36.46                    955.51575                
36.47                    955.5289                 
36.48                    955.542                  
36.49                    955.55505                
36.5                     955.5682                 
36.51                    955.5813                 
36.52                    955.59436                
36.53                    955.6074                 
36.54                    955.6205                 
36.55                    955.63354                
36.56                    955.6466                 
36.57                    955.65967                
36.58                    955.67267                
36.59                    955.6857                 
36.6                     955.6987                 
36.61                    955.71173                
36.62                    955.72473                
36.63                    955.73773                
36.64                    955.75073                
36.65                    955.7637                 
36.66                    955.7767                 
36.67                    955.7896                 
36.68                    955.8026                 
36.69                    955.81555                
36.7                     955.8285                 
36.71                    955.8414                 
36.72                    955.8543                 
36.73                    955.86725                
36.74                    955.8801                 
36.75                    955.89307                
36.76                    955.90594                
36.77                    955.9188                 
36.78                    955.9317                 
36.79                    955.9446                 
36.8                     955.9574                 
36.81                    955.9703                 
36.82                    955.9831                 
36.83                    955.996                  
36.84                    956.0088                 
36.85                    956.0216                 
36.86                    956.0344                 
36.87                    956.04724                
36.88                    956.06                   
36.89                    956.0728                 
36.9                     956.0856                 
36.91                    956.0983                 
36.92                    956.11115                
36.93                    956.1239                 
36.94                    956.1366                 
36.95                    956.14935                
36.96                    956.1621                 
36.97                    956.1748                 
36.98                    956.18756                
36.99                    956.20026                
37.0                     956.21295                
37.01                    956.22565                
37.02                    956.23834                
37.03                    956.25104                
37.04                    956.2637                 
37.05                    956.27637                
37.06                    956.289                  
37.07                    956.30164                
37.08                    956.3143                 
37.09                    956.3269                 
37.1                     956.33954                
37.11                    956.3522                 
37.12                    956.3648                 
37.13                    956.3774                 
37.14                    956.38995                
37.15                    956.4026                 
37.16                    956.41516                
37.17                    956.42773                
37.18                    956.4403                 
37.19                    956.4528                 
37.2                     956.4654                 
37.21                    956.4779                 
37.22                    956.4905                 
37.23                    956.503                  
37.24                    956.5155                 
37.25                    956.528                  
37.26                    956.5405                 
37.27                    956.553                  
37.28                    956.5655                 
37.29                    956.57794                
37.3                     956.59045                
37.31                    956.6029                 
37.32                    956.61536                
37.33                    956.6278                 
37.34                    956.64026                
37.35                    956.65265                
37.36                    956.6651                 
37.37                    956.6775                 
37.38                    956.68994                
37.39                    956.70233                
37.4                     956.7147                 
37.41                    956.7271                 
37.42                    956.7395                 
37.43                    956.75183                
37.44                    956.7642                 
37.45                    956.77655                
37.46                    956.78894                
37.47                    956.8013                 
37.48                    956.8136                 
37.49                    956.8259                 
37.5                     956.83826                
37.51                    956.8506                 
37.52                    956.86285                
37.53                    956.8752                 
37.54                    956.88745                
37.55                    956.8997                 
37.56                    956.912                  
37.57                    956.92426                
37.58                    956.9365                 
37.59                    956.9488                 
37.6                     956.961                  
37.61                    956.97327                
37.62                    956.9855                 
37.63                    956.9977                 
37.64                    957.0099                 
37.65                    957.0221                 
37.66                    957.0343                 
37.67                    957.0465                 
37.68                    957.0587                 
37.69                    957.07086                
37.7                     957.083                  
37.71                    957.0952                 
37.72                    957.10736                
37.73                    957.1195                 
37.74                    957.13165                
37.75                    957.14374                
37.76                    957.1559                 
37.77                    957.16797                
37.78                    957.1801                 
37.79                    957.1922                 
37.8                     957.2043                 
37.81                    957.2164                 
37.82                    957.22845                
37.83                    957.24054                
37.84                    957.2526                 
37.85                    957.26465                
37.86                    957.2767                 
37.87                    957.28876                
37.88                    957.3008                 
37.89                    957.3128                 
37.9                     957.3248                 
37.91                    957.33685                
37.92                    957.3488                 
37.93                    957.36084                
37.94                    957.3728                 
37.95                    957.3848                 
37.96                    957.3968                 
37.97                    957.40875                
37.98                    957.4207                 
37.99                    957.4327                 
38.0                     957.4446                 
38.01                    957.45654                
38.02                    957.46844                
38.03                    957.4804                 
38.04                    957.4923                 
38.05                    957.5042                 
38.06                    957.5161                 
38.07                    957.528                  
38.08                    957.5399                 
38.09                    957.55176                
38.1                     957.56366                
38.11                    957.5755                 
38.12                    957.5874                 
38.13                    957.59924                
38.14                    957.6111                 
38.15                    957.6229                 
38.16                    957.6347                 
38.17                    957.64655                
38.18                    957.6584                 
38.19                    957.67017                
38.2                     957.68195                
38.21                    957.6938                 
38.22                    957.70557                
38.23                    957.71735                
38.24                    957.72906                
38.25                    957.74084                
38.26                    957.7526                 
38.27                    957.76434                
38.28                    957.7761                 
38.29                    957.78784                
38.3                     957.79956                
38.31                    957.8113                 
38.32                    957.823                  
38.33                    957.8347                 
38.34                    957.8464                 
38.35                    957.8581                 
38.36                    957.86975                
38.37                    957.8814                 
38.38                    957.8931                 
38.39                    957.9048                 
38.4                     957.91644                
38.41                    957.92804                
38.42                    957.9397                 
38.43                    957.95135                
38.44                    957.96295                
38.45                    957.9746                 
38.46                    957.9862                 
38.47                    957.9978                 
38.48                    958.0094                 
38.49                    958.021                  
38.5                     958.0326                 
38.51                    958.0441                 
38.52                    958.0557                 
38.53                    958.06726                
38.54                    958.0788                 
38.55                    958.0904                 
38.56                    958.1019                 
38.57                    958.11346                
38.58                    958.12494                
38.59                    958.1365                 
38.6                     958.148                  
38.61                    958.1595                 
38.62                    958.171                  
38.63                    958.1825                 
38.64                    958.194                  
38.65                    958.20544                
38.66                    958.2169                 
38.67                    958.2284                 
38.68                    958.2398                 
38.69                    958.2513                 
38.7                     958.2627                 
38.71                    958.2742                 
38.72                    958.2856                 
38.73                    958.297                  
38.74                    958.3084                 
38.75                    958.3198                 
38.76                    958.33124                
38.77                    958.3426                 
38.78                    958.354                  
38.79                    958.36536                
38.8                     958.3767                 
38.81                    958.38806                
38.82                    958.3995                 
38.83                    958.41077                
38.84                    958.4221                 
38.85                    958.4335                 
38.86                    958.4448                 
38.87                    958.4561                 
38.88                    958.4674                 
38.89                    958.47876                
38.9                     958.49005                
38.91                    958.50134                
38.92                    958.51263                
38.93                    958.52386                
38.94                    958.53516                
38.95                    958.54645                
38.96                    958.5577                 
38.97                    958.5689                 
38.98                    958.5802                 
38.99                    958.59143                
39.0                     958.60266                
39.01                    958.6139                 
39.02                    958.62506                
39.03                    958.6363                 
39.04                    958.6475                 
39.05                    958.6587                 
39.06                    958.66986                
39.07                    958.681                  
39.08                    958.69226                
39.09                    958.7034                 
39.1                     958.71454                
39.11                    958.7257                 
39.12                    958.7369                 
39.13                    958.748                  
39.14                    958.75916                
39.15                    958.77026                
39.16                    958.7814                 
39.17                    958.7925                 
39.18                    958.8036                 
39.19                    958.8147                 
39.2                     958.8258                 
39.21                    958.83685                
39.22                    958.84796                
39.23                    958.859                  
39.24                    958.87006                
39.25                    958.88116                
39.26                    958.8922                 
39.27                    958.90326                
39.28                    958.91425                
39.29                    958.9253                 
39.3                     958.93634                
39.31                    958.9473                 
39.32                    958.9583                 
39.33                    958.96936                
39.34                    958.98035                
39.35                    958.99133                
39.36                    959.0023                 
39.37                    959.0133                 
39.38                    959.02423                
39.39                    959.0352                 
39.4                     959.04614                
39.41                    959.0571                 
39.42                    959.06805                
39.43                    959.079                  
39.44                    959.0899                 
39.45                    959.1008                 
39.46                    959.11176                
39.47                    959.1227                 
39.48                    959.13354                
39.49                    959.1445                 
39.5                     959.15533                
39.51                    959.1662                 
39.52                    959.17706                
39.53                    959.188                  
39.54                    959.1988                 
39.55                    959.20966                
39.56                    959.2205                 
39.57                    959.2314                 
39.58                    959.2422                 
39.59                    959.253                  
39.6                     959.26385                
39.61                    959.27466                
39.62                    959.28546                
39.63                    959.29626                
39.64                    959.30707                
39.65                    959.3178                 
39.66                    959.3286                 
39.67                    959.33936                
39.68                    959.35016                
39.69                    959.3609                 
39.7                     959.37164                
39.71                    959.3824                 
39.72                    959.3931                 
39.73                    959.4039                 
39.74                    959.4146                 
39.75                    959.4253                 
39.76                    959.43604                
39.77                    959.4467                 
39.78                    959.45746                
39.79                    959.46814                
39.8                     959.4788                 
39.81                    959.4895                 
39.82                    959.5002                 
39.83                    959.5108                 
39.84                    959.5215                 
39.85                    959.5321                 
39.86                    959.5428                 
39.87                    959.5534                 
39.88                    959.564                  
39.89                    959.57465                
39.9                     959.58527                
39.91                    959.5959                 
39.92                    959.6065                 
39.93                    959.6171                 
39.94                    959.6277                 
39.95                    959.6383                 
39.96                    959.64886                
39.97                    959.6594                 
39.98                    959.67                   
39.99                    959.68054                
40.0                     959.6911                 
40.01                    959.70166                
40.02                    959.7122                 
40.03                    959.7227                 
40.04                    959.7333                 
40.05                    959.7438                 
40.06                    959.7543                 
40.07                    959.7648                 
40.08                    959.7753                 
40.09                    959.78577                
40.1                     959.79626                
40.11                    959.80676                
40.12                    959.81726                
40.13                    959.8277                 
40.14                    959.83813                
40.15                    959.84863                
40.16                    959.8591                 
40.17                    959.8695                 
40.18                    959.87994                
40.19                    959.8904                 
40.2                     959.9008                 
40.21                    959.9112                 
40.22                    959.92163                
40.23                    959.932                  
40.24                    959.9424                 
40.25                    959.9528                 
40.26                    959.9632                 
40.27                    959.9736                 
40.28                    959.98395                
40.29                    959.99426                
40.3                     960.00464                
40.31                    960.015                  
40.32                    960.0253                 
40.33                    960.0357                 
40.34                    960.046                  
40.35                    960.05634                
40.36                    960.06665                
40.37                    960.07697                
40.38                    960.0873                 
40.39                    960.0976                 
40.4                     960.10785                
40.41                    960.11816                
40.42                    960.1284                 
40.43                    960.1387                 
40.44                    960.149                  
40.45                    960.15924                
40.46                    960.1695                 
40.47                    960.17975                
40.48                    960.18994                
40.49                    960.2002                 
40.5                     960.21045                
40.51                    960.22064                
40.52                    960.23083                
40.53                    960.2411                 
40.54                    960.2513                 
40.55                    960.2615                 
40.56                    960.27167                
40.57                    960.28186                
40.58                    960.292                  
40.59                    960.3022                 
40.6                     960.3123                 
40.61                    960.3225                 
40.62                    960.33264                
40.63                    960.3428                 
40.64                    960.35297                
40.65                    960.3631                 
40.66                    960.37317                
40.67                    960.3833                 
40.68                    960.39343                
40.69                    960.4035                 
40.7                     960.41364                
40.71                    960.4237                 
40.72                    960.43384                
40.73                    960.444                  
40.74                    960.45404                
40.75                    960.4641                 
40.76                    960.47424                
40.77                    960.4843                 
40.78                    960.4944                 
40.79                    960.50446                
40.8                     960.5145                 
40.81                    960.5246                 
40.82                    960.5346                 
40.83                    960.5447                 
40.84                    960.5547                 
40.85                    960.56476                
40.86                    960.57477                
40.87                    960.5848                 
40.88                    960.5948                 
40.89                    960.6048                 
40.9                     960.6148                 
40.91                    960.6248                 
40.92                    960.63477                
40.93                    960.6448                 
40.94                    960.6548                 
40.95                    960.66473                
40.96                    960.6747                 
40.97                    960.68463                
40.98                    960.6946                 
40.99                    960.7045                 
41.0                     960.7145                 
41.01                    960.7244                 
41.02                    960.7344                 
41.03                    960.74426                
41.04                    960.7542                 
41.05                    960.7641                 
41.06                    960.77405                
41.07                    960.78394                
41.08                    960.7938                 
41.09                    960.8037                 
41.1                     960.8136                 
41.11                    960.8235                 
41.12                    960.8333                 
41.13                    960.8432                 
41.14                    960.853                  
41.15                    960.8629                 
41.16                    960.87274                
41.17                    960.88257                
41.18                    960.8924                 
41.19                    960.9022                 
41.2                     960.91205                
41.21                    960.9219                 
41.22                    960.9317                 
41.23                    960.94147                
41.24                    960.9513                 
41.25                    960.96106                
41.26                    960.9709                 
41.27                    960.98065                
41.28                    960.9904                 
41.29                    961.0002                 
41.3                     961.00995                
41.31                    961.0197                 
41.32                    961.0295                 
41.33                    961.0392                 
41.34                    961.04895                
41.35                    961.05865                
41.36                    961.0684                 
41.37                    961.0781                 
41.38                    961.0878                 
41.39                    961.09753                
41.4                     961.10724                
41.41                    961.11694                
41.42                    961.12665                
41.43                    961.13635                
41.44                    961.146                  
41.45                    961.1557                 
41.46                    961.16534                
41.47                    961.17505                
41.48                    961.1847                 
41.49                    961.19434                
41.5                     961.204                  
41.51                    961.2136                 
41.52                    961.22327                
41.53                    961.23285                
41.54                    961.2425                 
41.55                    961.25214                
41.56                    961.2617                 
41.57                    961.2713                 
41.58                    961.28094                
41.59                    961.2905                 
41.6                     961.3001                 
41.61                    961.3097                 
41.62                    961.3193                 
41.63                    961.32886                
41.64                    961.3384                 
41.65                    961.34796                
41.66                    961.3575                 
41.67                    961.36707                
41.68                    961.3766                 
41.69                    961.3861                 
41.7                     961.3956                 
41.71                    961.4052                 
41.72                    961.4147                 
41.73                    961.4242                 
41.74                    961.4337                 
41.75                    961.44324                
41.76                    961.4527                 
41.77                    961.4622                 
41.78                    961.4717                 
41.79                    961.48114                
41.8                     961.49066                
41.81                    961.5001                 
41.82                    961.5096                 
41.83                    961.51904                
41.84                    961.52844                
41.85                    961.5379                 
41.86                    961.54736                
41.87                    961.55676                
41.88                    961.5662                 
41.89                    961.5756                 
41.9                     961.585                  
41.91                    961.5944                 
41.92                    961.6039                 
41.93                    961.6133                 
41.94                    961.6226                 
41.95                    961.632                  
41.96                    961.6414                 
41.97                    961.6508                 
41.98                    961.66016                
41.99                    961.6695                 
42.0                     961.6789                 
42.01                    961.68823                
42.02                    961.6976                 
42.03                    961.7069                 
42.04                    961.71625                
42.05                    961.7256                 
42.06                    961.7349                 
42.07                    961.74426                
42.08                    961.75354                
42.09                    961.7629                 
42.1                     961.77216                
42.11                    961.78143                
42.12                    961.7908                 
42.13                    961.80005                
42.14                    961.8093                 
42.15                    961.8186                 
42.16                    961.8279                 
42.17                    961.8371                 
42.18                    961.8464                 
42.19                    961.85565                
42.2                     961.86487                
42.21                    961.8741                 
42.22                    961.88336                
42.23                    961.8926                 
42.24                    961.9018                 
42.25                    961.911                  
42.26                    961.9202                 
42.27                    961.92944                
42.28                    961.93866                
42.29                    961.9478                 
42.3                     961.95703                
42.31                    961.9662                 
42.32                    961.9754                 
42.33                    961.98456                
42.34                    961.9937                 
42.35                    962.0029                 
42.36                    962.0121                 
42.37                    962.02124                
42.38                    962.03033                
42.39                    962.0395                 
42.4                     962.04865                
42.41                    962.05774                
42.42                    962.0669                 
42.43                    962.076                  
42.44                    962.08514                
42.45                    962.09424                
42.46                    962.10333                
42.47                    962.1124                 
42.48                    962.1215                 
42.49                    962.1306                 
42.5                     962.1397                 
42.51                    962.14874                
42.52                    962.15784                
42.53                    962.16693                
42.54                    962.17596                
42.55                    962.185                  
42.56                    962.1941                 
42.57                    962.2031                 
42.58                    962.21216                
42.59                    962.2212                 
42.6                     962.2302                 
42.61                    962.23926                
42.62                    962.2482                 
42.63                    962.25726                
42.64                    962.26624                
42.65                    962.27527                
42.66                    962.28424                
42.67                    962.2932                 
42.68                    962.30225                
42.69                    962.3112                 
42.7                     962.3202                 
42.71                    962.32916                
42.72                    962.33813                
42.73                    962.34705                
42.74                    962.356                  
42.75                    962.365                  
42.76                    962.3739                 
42.77                    962.3828                 
42.78                    962.3918                 
42.79                    962.4007                 
42.8                     962.4096                 
42.81                    962.4185                 
42.82                    962.4274                 
42.83                    962.43634                
42.84                    962.44525                
42.85                    962.4541                 
42.86                    962.463                  
42.87                    962.4719                 
42.88                    962.4808                 
42.89                    962.4896                 
42.9                     962.49854                
42.91                    962.5074                 
42.92                    962.51624                
42.93                    962.5251                 
42.94                    962.53394                
42.95                    962.5428                 
42.96                    962.5516                 
42.97                    962.5604                 
42.98                    962.5693                 
42.99                    962.57806                
43.0                     962.58685                
43.01                    962.5957                 
43.02                    962.6045                 
43.03                    962.6133                 
43.04                    962.6221                 
43.05                    962.63086                
43.06                    962.63965                
43.07                    962.64844                
43.08                    962.65717                
43.09                    962.66595                
43.1                     962.67474                
43.11                    962.6835                 
43.12                    962.6922                 
43.13                    962.701                  
43.14                    962.7097                 
43.15                    962.71844                
43.16                    962.7272                 
43.17                    962.7359                 
43.18                    962.7446                 
43.19                    962.75336                
43.2                     962.762                  
43.21                    962.77075                
43.22                    962.7794                 
43.23                    962.78815                
43.24                    962.7968                 
43.25                    962.8055                 
43.26                    962.81415                
43.27                    962.8229                 
43.28                    962.83154                
43.29                    962.84015                
43.3                     962.8488                 
43.31                    962.8575                 
43.32                    962.86615                
43.33                    962.87476                
43.34                    962.8834                 
43.35                    962.892                  
43.36                    962.90063                
43.37                    962.9093                 
43.38                    962.9179                 
43.39                    962.9265                 
43.4                     962.9351                 
43.41                    962.9437                 
43.42                    962.95233                
43.43                    962.9609                 
43.44                    962.9695                 
43.45                    962.9781                 
43.46                    962.98663                
43.47                    962.9952                 
43.48                    963.0038                 
43.49                    963.0123                 
43.5                     963.0209                 
43.51                    963.0294                 
43.52                    963.03796                
43.53                    963.0465                 
43.54                    963.05505                
43.55                    963.0636                 
43.56                    963.0721                 
43.57                    963.0806                 
43.58                    963.0891                 
43.59                    963.09766                
43.6                     963.10614                
43.61                    963.1146                 
43.62                    963.1231                 
43.63                    963.1316                 
43.64                    963.1401                 
43.65                    963.14856                
43.66                    963.15704                
43.67                    963.1655                 
43.68                    963.17395                
43.69                    963.18243                
43.7                     963.1909                 
43.71                    963.19934                
43.72                    963.20776                
43.73                    963.21625                
43.74                    963.2247                 
43.75                    963.2331                 
43.76                    963.2415                 
43.77                    963.24994                
43.78                    963.2583                 
43.79                    963.2667                 
43.8                     963.27515                
43.81                    963.2835                 
43.82                    963.29193                
43.83                    963.3003                 
43.84                    963.3087                 
43.85                    963.3171                 
43.86                    963.32544                
43.87                    963.3338                 
43.88                    963.34216                
43.89                    963.3505                 
43.9                     963.3589                 
43.91                    963.36725                
43.92                    963.37555                
43.93                    963.3839                 
43.94                    963.3923                 
43.95                    963.4006                 
43.96                    963.4089                 
43.97                    963.41724                
43.98                    963.42554                
43.99                    963.43384                
44.0                     963.44214                
44.01                    963.45044                
44.02                    963.45874                
44.03                    963.46704                
44.04                    963.4753                 
44.05                    963.4836                 
44.06                    963.4919                 
44.07                    963.5001                 
44.08                    963.50836                
44.09                    963.51666                
44.1                     963.5249                 
44.11                    963.53314                
44.12                    963.5414                 
44.13                    963.5496                 
44.14                    963.55786                
44.15                    963.5661                 
44.16                    963.57434                
44.17                    963.5825                 
44.18                    963.59076                
44.19                    963.59894                
44.2                     963.6072                 
44.21                    963.61536                
44.22                    963.6236                 
44.23                    963.6318                 
44.24                    963.63995                
44.25                    963.64813                
44.26                    963.6563                 
44.27                    963.6645                 
44.28                    963.6726                 
44.29                    963.6808                 
44.3                     963.68896                
44.31                    963.6971                 
44.32                    963.70526                
44.33                    963.7134                 
44.34                    963.72156                
44.35                    963.7297                 
44.36                    963.7378                 
44.37                    963.7459                 
44.38                    963.754                  
44.39                    963.76215                
44.4                     963.77026                
44.41                    963.7784                 
44.42                    963.78644                
44.43                    963.79456                
44.44                    963.8027                 
44.45                    963.8107                 
44.46                    963.8188                 
44.47                    963.8269                 
44.48                    963.83496                
44.49                    963.843                  
44.5                     963.8511                 
44.51                    963.85913                
44.52                    963.8672                 
44.53                    963.87524                
44.54                    963.8833                 
44.55                    963.8913                 
44.56                    963.89935                
44.57                    963.90735                
44.58                    963.9154                 
44.59                    963.9234                 
44.6                     963.9314                 
44.61                    963.93945                
44.62                    963.94745                
44.63                    963.95544                
44.64                    963.96344                
44.65                    963.97144                
44.66                    963.97943                
44.67                    963.98737                
44.68                    963.99536                
44.69                    964.00336                
44.7                     964.0113                 
44.71                    964.0193                 
44.72                    964.0272                 
44.73                    964.03516                
44.74                    964.0431                 
44.75                    964.051                  
44.76                    964.059                  
44.77                    964.06696                
44.78                    964.0748                 
44.79                    964.08276                
44.8                     964.0907                 
44.81                    964.09863                
44.82                    964.1065                 
44.83                    964.11444                
44.84                    964.1223                 
44.85                    964.13025                
44.86                    964.1381                 
44.87                    964.146                  
44.88                    964.1539                 
44.89                    964.16174                
44.9                     964.1696                 
44.91                    964.1775                 
44.92                    964.18536                
44.93                    964.19324                
44.94                    964.20105                
44.95                    964.2089                 
44.96                    964.2168                 
44.97                    964.2246                 
44.98                    964.2324                 
44.99                    964.2403                 
45.0                     964.2481                 
45.01                    964.2559                 
45.02                    964.26373                
45.03                    964.27155                
45.04                    964.27936                
45.05                    964.2872                 
45.06                    964.295                  
45.07                    964.30273                
45.08                    964.31055                
45.09                    964.31836                
45.1                     964.3261                 
45.11                    964.33386                
45.12                    964.3417                 
45.13                    964.3494                 
45.14                    964.3572                 
45.15                    964.3649                 
45.16                    964.3727                 
45.17                    964.38043                
45.18                    964.3882                 
45.19                    964.39594                
45.2                     964.4037                 
45.21                    964.4114                 
45.22                    964.4191                 
45.23                    964.4268                 
45.24                    964.4346                 
45.25                    964.44226                
45.26                    964.44995                
45.27                    964.4577                 
45.28                    964.4654                 
45.29                    964.4731                 
45.3                     964.4808                 
45.31                    964.48846                
45.32                    964.4961                 
45.33                    964.5038                 
45.34                    964.5115                 
45.35                    964.5191                 
45.36                    964.5268                 
45.37                    964.5344                 
45.38                    964.5421                 
45.39                    964.54974                
45.4                     964.5574                 
45.41                    964.565                  
45.42                    964.57263                
45.43                    964.58026                
45.44                    964.5879                 
45.45                    964.5955                 
45.46                    964.60315                
45.47                    964.6108                 
45.48                    964.61835                
45.49                    964.626                  
45.5                     964.63354                
45.51                    964.6412                 
45.52                    964.64874                
45.53                    964.6563                 
45.54                    964.66394                
45.55                    964.6715                 
45.56                    964.6791                 
45.57                    964.68665                
45.58                    964.6942                 
45.59                    964.7017                 
45.6                     964.7093                 
45.61                    964.71686                
45.62                    964.7244                 
45.63                    964.73193                
45.64                    964.7395                 
45.65                    964.747                  
45.66                    964.7545                 
45.67                    964.762                  
45.68                    964.7696                 
45.69                    964.7771                 
45.7                     964.7846                 
45.71                    964.7921                 
45.72                    964.7996                 
45.73                    964.80707                
45.74                    964.8146                 
45.75                    964.8221                 
45.76                    964.8295                 
45.77                    964.83704                
45.78                    964.8445                 
45.79                    964.852                  
45.8                     964.85944                
45.81                    964.8669                 
45.82                    964.8743                 
45.83                    964.88184                
45.84                    964.8893                 
45.85                    964.8967                 
45.86                    964.9041                 
45.87                    964.91156                
45.88                    964.919                  
45.89                    964.92645                
45.9                     964.93384                
45.91                    964.9413                 
45.92                    964.94867                
45.93                    964.9561                 
45.94                    964.9635                 
45.95                    964.9709                 
45.96                    964.9783                 
45.97                    964.98566                
45.98                    964.99304                
45.99                    965.0004                 
46.0                     965.0078                 
46.01                    965.0152                 
46.02                    965.0226                 
46.03                    965.0299                 
46.04                    965.0373                 
46.05                    965.0447                 
46.06                    965.052                  
46.07                    965.0593                 
46.08                    965.0667                 
46.09                    965.07404                
46.1                     965.08136                
46.11                    965.0887                 
46.12                    965.096                  
46.13                    965.10333                
46.14                    965.11066                
46.15                    965.118                  
46.16                    965.1253                 
46.17                    965.13257                
46.18                    965.1399                 
46.19                    965.1472                 
46.2                     965.1545                 
46.21                    965.1618                 
46.22                    965.16907                
46.23                    965.17633                
46.24                    965.1836                 
46.25                    965.19086                
46.26                    965.1981                 
46.27                    965.2054                 
46.28                    965.21265                
46.29                    965.2199                 
46.3                     965.2272                 
46.31                    965.23444                
46.32                    965.24164                
46.33                    965.2489                 
46.34                    965.2561                 
46.35                    965.26337                
46.36                    965.27057                
46.37                    965.27783                
46.38                    965.28503                
46.39                    965.29224                
46.4                     965.29944                
46.41                    965.30664                
46.42                    965.31384                
46.43                    965.32104                
46.44                    965.32825                
46.45                    965.3354                 
46.46                    965.3426                 
46.47                    965.3498                 
46.48                    965.35693                
46.49                    965.36414                
46.5                     965.3713                 
46.51                    965.3784                 
46.52                    965.3856                 
46.53                    965.39276                
46.54                    965.3999                 
46.55                    965.40704                
46.56                    965.4142                 
46.57                    965.4213                 
46.58                    965.42847                
46.59                    965.4356                 
46.6                     965.4427                 
46.61                    965.4498                 
46.62                    965.4569                 
46.63                    965.46405                
46.64                    965.4711                 
46.65                    965.4783                 
46.66                    965.48535                
46.67                    965.49243                
46.68                    965.4996                 
46.69                    965.50665                
46.7                     965.51373                
46.71                    965.5208                 
46.72                    965.5279                 
46.73                    965.5349                 
46.74                    965.542                  
46.75                    965.5491                 
46.76                    965.5561                 
46.77                    965.5632                 
46.78                    965.57025                
46.79                    965.5773                 
46.8                     965.5843                 
46.81                    965.5914                 
46.82                    965.5984                 
46.83                    965.6054                 
46.84                    965.6124                 
46.85                    965.61945                
46.86                    965.62646                
46.87                    965.6335                 
46.88                    965.6405                 
46.89                    965.6475                 
46.9                     965.6545                 
46.91                    965.6615                 
46.92                    965.66846                
46.93                    965.6755                 
46.94                    965.68243                
46.95                    965.68945                
46.96                    965.6964                 
46.97                    965.70337                
46.98                    965.7103                 
46.99                    965.7173                 
47.0                     965.72424                
47.01                    965.7312                 
47.02                    965.73816                
47.03                    965.7451                 
47.04                    965.7521                 
47.05                    965.75903                
47.06                    965.7659                 
47.07                    965.7729                 
47.08                    965.7798                 
47.09                    965.78674                
47.1                     965.79364                
47.11                    965.80054                
47.12                    965.8075                 
47.13                    965.8144                 
47.14                    965.8213                 
47.15                    965.8282                 
47.16                    965.8351                 
47.17                    965.842                  
47.18                    965.8489                 
47.19                    965.8557                 
47.2                     965.8626                 
47.21                    965.8695                 
47.22                    965.87634                
47.23                    965.88324                
47.24                    965.8901                 
47.25                    965.897                  
47.26                    965.9038                 
47.27                    965.91064                
47.28                    965.9175                 
47.29                    965.9243                 
47.3                     965.93115                
47.31                    965.938                  
47.32                    965.9448                 
47.33                    965.95166                
47.34                    965.9585                 
47.35                    965.96533                
47.36                    965.9721                 
47.37                    965.97894                
47.38                    965.9858                 
47.39                    965.99255                
47.4                     965.9993                 
47.41                    966.00616                
47.42                    966.01294                
47.43                    966.0197                 
47.44                    966.0265                 
47.45                    966.03326                
47.46                    966.04004                
47.47                    966.0468                 
47.48                    966.0536                 
47.49                    966.06036                
47.5                     966.06714                
47.51                    966.0739                 
47.52                    966.0806                 
47.53                    966.0874                 
47.54                    966.0941                 
47.55                    966.1009                 
47.56                    966.1076                 
47.57                    966.1143                 
47.58                    966.1211                 
47.59                    966.1278                 
47.6                     966.1345                 
47.61                    966.14124                
47.62                    966.14795                
47.63                    966.15466                
47.64                    966.1614                 
47.65                    966.1681                 
47.66                    966.17474                
47.67                    966.18146                
47.68                    966.1882                 
47.69                    966.1948                 
47.7                     966.20154                
47.71                    966.2082                 
47.72                    966.21484                
47.73                    966.22156                
47.74                    966.2282                 
47.75                    966.23486                
47.76                    966.2415                 
47.77                    966.24817                
47.78                    966.2548                 
47.79                    966.2615                 
47.8                     966.2681                 
47.81                    966.2748                 
47.82                    966.2814                 
47.83                    966.288                  
47.84                    966.2947                 
47.85                    966.3013                 
47.86                    966.3079                 
47.87                    966.3145                 
47.88                    966.3211                 
47.89                    966.32776                
47.9                     966.33435                
47.91                    966.34094                
47.92                    966.34753                
47.93                    966.3541                 
47.94                    966.3607                 
47.95                    966.3673                 
47.96                    966.3739                 
47.97                    966.3805                 
47.98                    966.387                  
47.99                    966.3936                 
48.0                     966.4002                 
48.01                    966.40674                
48.02                    966.4133                 
48.03                    966.41986                
48.04                    966.4264                 
48.05                    966.433                  
48.06                    966.4395                 
48.07                    966.44604                
48.08                    966.4526                 
48.09                    966.4591                 
48.1                     966.46564                
48.11                    966.47217                
48.12                    966.4787                 
48.13                    966.4852                 
48.14                    966.4917                 
48.15                    966.4982                 
48.16                    966.50476                
48.17                    966.5112                 
48.18                    966.51776                
48.19                    966.52423                
48.2                     966.5307                 
48.21                    966.53723                
48.22                    966.5437                 
48.23                    966.5502                 
48.24                    966.55664                
48.25                    966.5631                 
48.26                    966.5696                 
48.27                    966.57605                
48.28                    966.5825                 
48.29                    966.589                  
48.3                     966.59546                
48.31                    966.60187                
48.32                    966.60834                
48.33                    966.61475                
48.34                    966.6212                 
48.35                    966.6276                 
48.36                    966.6341                 
48.37                    966.6405                 
48.38                    966.6469                 
48.39                    966.6533                 
48.4                     966.6598                 
48.41                    966.6662                 
48.42                    966.6726                 
48.43                    966.679                  
48.44                    966.6854                 
48.45                    966.6918                 
48.46                    966.6982                 
48.47                    966.7046                 
48.48                    966.71094                
48.49                    966.71735                
48.5                     966.72375                
48.51                    966.7301                 
48.52                    966.73645                
48.53                    966.74286                
48.54                    966.7492                 
48.55                    966.75555                
48.56                    966.7619                 
48.57                    966.7683                 
48.58                    966.77466                
48.59                    966.781                  
48.6                     966.78735                
48.61                    966.79364                
48.62                    966.8                    
48.63                    966.80634                
48.64                    966.8127                 
48.65                    966.819                  
48.66                    966.8253                 
48.67                    966.8316                 
48.68                    966.83795                
48.69                    966.84424                
48.7                     966.8505                 
48.71                    966.8569                 
48.72                    966.86316                
48.73                    966.86945                
48.74                    966.87573                
48.75                    966.882                  
48.76                    966.8883                 
48.77                    966.8946                 
48.78                    966.9009                 
48.79                    966.90717                
48.8                     966.9134                 
48.81                    966.9197                 
48.82                    966.92596                
48.83                    966.9322                 
48.84                    966.9385                 
48.85                    966.9447                 
48.86                    966.951                  
48.87                    966.9572                 
48.88                    966.96344                
48.89                    966.96967                
48.9                     966.9759                 
48.91                    966.9822                 
48.92                    966.9884                 
48.93                    966.9946                 
48.94                    967.0008                 
48.95                    967.007                  
48.96                    967.01324                
48.97                    967.0195                 
48.98                    967.02563                
48.99                    967.03186                
49.0                     967.0381                 
49.01                    967.04425                
49.02                    967.0505                 
49.03                    967.05664                
49.04                    967.0628                 
49.05                    967.06903                
49.06                    967.0752                 
49.07                    967.08136                
49.08                    967.0875                 
49.09                    967.0937                 
49.1                     967.09985                
49.11                    967.106                  
49.12                    967.1122                 
49.13                    967.1183                 
49.14                    967.12445                
49.15                    967.1306                 
49.16                    967.1367                 
49.17                    967.1429                 
49.18                    967.14905                
49.19                    967.15515                
49.2                     967.16125                
49.21                    967.1674                 
49.22                    967.1735                 
49.23                    967.1796                 
49.24                    967.1857                 
49.25                    967.19183                
49.26                    967.19794                
49.27                    967.20404                
49.28                    967.21014                
49.29                    967.21625                
49.3                     967.22235                
49.31                    967.22845                
49.32                    967.23456                
49.33                    967.2406                 
49.34                    967.2467                 
49.35                    967.25275                
49.36                    967.25885                
49.37                    967.2649                 
49.38                    967.27094                
49.39                    967.27704                
49.4                     967.2831                 
49.41                    967.2891                 
49.42                    967.29517                
49.43                    967.3012                 
49.44                    967.30725                
49.45                    967.3133                 
49.46                    967.31934                
49.47                    967.3254                 
49.48                    967.3314                 
49.49                    967.33746                
49.5                     967.34344                
49.51                    967.3495                 
49.52                    967.35547                
49.53                    967.3615                 
49.54                    967.3675                 
49.55                    967.37354                
49.56                    967.3795                 
49.57                    967.3855                 
49.58                    967.3915                 
49.59                    967.3975                 
49.6                     967.4035                 
49.61                    967.4095                 
49.62                    967.41547                
49.63                    967.42145                
49.64                    967.4274                 
49.65                    967.43335                
49.66                    967.43933                
49.67                    967.4453                 
49.68                    967.45123                
49.69                    967.4572                 
49.7                     967.4632                 
49.71                    967.4691                 
49.72                    967.4751                 
49.73                    967.481                  
49.74                    967.48694                
49.75                    967.49286                
49.76                    967.49884                
49.77                    967.50476                
49.78                    967.5107                 
49.79                    967.5166                 
49.8                     967.5225                 
49.81                    967.52844                
49.82                    967.53436                
49.83                    967.5403                 
49.84                    967.5462                 
49.85                    967.55206                
49.86                    967.558                  
49.87                    967.5639                 
49.88                    967.56976                
49.89                    967.5757                 
49.9                     967.58154                
49.91                    967.58746                
49.92                    967.5933                 
49.93                    967.59924                
49.94                    967.6051                 
49.95                    967.61096                
49.96                    967.6168                 
49.97                    967.6227                 
49.98                    967.62854                
49.99                    967.6344                 
50.0                     967.64026                
50.01                    967.6461                 
50.02                    967.652                  
50.03                    967.65784                
50.04                    967.6637                 
50.05                    967.6695                 
50.06                    967.67535                
50.07                    967.68115                
50.08                    967.687                  
50.09                    967.6928                 
50.1                     967.69867                
50.11                    967.70447                
50.12                    967.71027                
50.13                    967.7161                 
50.14                    967.7219                 
50.15                    967.7277                 
50.16                    967.7335                 
50.17                    967.7393                 
50.18                    967.7451                 
50.19                    967.7509                 
50.2                     967.7567                 
50.21                    967.7625                 
50.22                    967.76825                
50.23                    967.77405                
50.24                    967.77985                
50.25                    967.7856                 
50.26                    967.7914                 
50.27                    967.7971                 
50.28                    967.8029                 
50.29                    967.80865                
50.3                     967.8144                 
50.31                    967.8202                 
50.32                    967.8259                 
50.33                    967.83167                
50.34                    967.8374                 
50.35                    967.84314                
50.36                    967.8489                 
50.37                    967.8546                 
50.38                    967.86035                
50.39                    967.8661                 
50.4                     967.8718                 
50.41                    967.8775                 
50.42                    967.88324                
50.43                    967.889                  
50.44                    967.89465                
50.45                    967.9004                 
50.46                    967.90607                
50.47                    967.9118                 
50.48                    967.9175                 
50.49                    967.92316                
50.5                     967.9289                 
50.51                    967.9346                 
50.52                    967.94025                
50.53                    967.9459                 
50.54                    967.9516                 
50.55                    967.9573                 
50.56                    967.96295                
50.57                    967.9686                 
50.58                    967.9743                 
50.59                    967.98                   
50.6                     967.9856                 
50.61                    967.9913                 
50.62                    967.99695                
50.63                    968.00256                
50.64                    968.00824                
50.65                    968.01385                
50.66                    968.01953                
50.67                    968.02515                
50.68                    968.03076                
50.69                    968.03644                
50.7                     968.04205                
50.71                    968.04767                
50.72                    968.0533                 
50.73                    968.0589                 
50.74                    968.0645                 
50.75                    968.0701                 
50.76                    968.07574                
50.77                    968.08136                
50.78                    968.0869                 
50.79                    968.0925                 
50.8                     968.09814                
50.81                    968.10376                
50.82                    968.1093                 
50.83                    968.1149                 
50.84                    968.1205                 
50.85                    968.1261                 
50.86                    968.13165                
50.87                    968.1372                 
50.88                    968.14276                
50.89                    968.1484                 
50.9                     968.15393                
50.91                    968.1595                 
50.92                    968.16504                
50.93                    968.1706                 
50.94                    968.17615                
50.95                    968.1817                 
50.96                    968.18726                
50.97                    968.1928                 
50.98                    968.1983                 
50.99                    968.20386                
51.0                     968.2094                 
51.01                    968.2149                 
51.02                    968.22046                
51.03                    968.22595                
51.04                    968.2315                 
51.05                    968.237                  
51.06                    968.2425                 
51.07                    968.24805                
51.08                    968.25354                
51.09                    968.25903                
51.1                     968.2645                 
51.11                    968.27                   
51.12                    968.2755                 
51.13                    968.281                  
51.14                    968.2865                 
51.15                    968.292                  
51.16                    968.2975                 
51.17                    968.303                  
51.18                    968.3085                 
51.19                    968.3139                 
51.2                     968.3194                 
51.21                    968.3248                 
51.22                    968.3303                 
51.23                    968.33575                
51.24                    968.34125                
51.25                    968.3467                 
51.26                    968.3521                 
51.27                    968.3576                 
51.28                    968.36304                
51.29                    968.36847                
51.3                     968.3739                 
51.31                    968.37933                
51.32                    968.38477                
51.33                    968.3902                 
51.34                    968.3956                 
51.35                    968.40106                
51.36                    968.4065                 
51.37                    968.4119                 
51.38                    968.4173                 
51.39                    968.4227                 
51.4                     968.42816                
51.41                    968.43353                
51.42                    968.43896                
51.43                    968.44434                
51.44                    968.44977                
51.45                    968.45514                
51.46                    968.4605                 
51.47                    968.46594                
51.48                    968.4713                 
51.49                    968.4767                 
51.5                     968.48206                
51.51                    968.4874                 
51.52                    968.4928                 
51.53                    968.49817                
51.54                    968.50354                
51.55                    968.5089                 
51.56                    968.5143                 
51.57                    968.5196                 
51.58                    968.52496                
51.59                    968.53033                
51.6                     968.53564                
51.61                    968.541                  
51.62                    968.5464                 
51.63                    968.5517                 
51.64                    968.557                  
51.65                    968.5624                 
51.66                    968.5677                 
51.67                    968.573                  
51.68                    968.57837                
51.69                    968.5837                 
51.7                     968.589                  
51.71                    968.5943                 
51.72                    968.5996                 
51.73                    968.6049                 
51.74                    968.6102                 
51.75                    968.61554                
51.76                    968.62085                
51.77                    968.6261                 
51.78                    968.6314                 
51.79                    968.6367                 
51.8                     968.64197                
51.81                    968.6473                 
51.82                    968.6525                 
51.83                    968.65784                
51.84                    968.6631                 
51.85                    968.6684                 
51.86                    968.67365                
51.87                    968.6789                 
51.88                    968.6842                 
51.89                    968.68945                
51.9                     968.6947                 
51.91                    968.69995                
51.92                    968.7052                 
51.93                    968.71045                
51.94                    968.7157                 
51.95                    968.72095                
51.96                    968.7262                 
51.97                    968.73145                
51.98                    968.73663                
51.99                    968.7419                 
52.0                     968.74713                
52.01                    968.7523                 
52.02                    968.75757                
52.03                    968.76276                
52.04                    968.768                  
52.05                    968.7732                 
52.06                    968.77844                
52.07                    968.7836                 
52.08                    968.7888                 
52.09                    968.794                  
52.1                     968.79926                
52.11                    968.80444                
52.12                    968.80963                
52.13                    968.8148                 
52.14                    968.82                   
52.15                    968.8252                 
52.16                    968.8303                 
52.17                    968.8355                 
52.18                    968.8407                 
52.19                    968.8459                 
52.2                     968.8511                 
52.21                    968.8562                 
52.22                    968.8614                 
52.23                    968.8665                 
52.24                    968.8717                 
52.25                    968.87683                
52.26                    968.882                  
52.27                    968.88715                
52.28                    968.8923                 
52.29                    968.89746                
52.3                     968.9026                 
52.31                    968.9077                 
52.32                    968.91284                
52.33                    968.91797                
52.34                    968.9231                 
52.35                    968.9282                 
52.36                    968.93335                
52.37                    968.9385                 
52.38                    968.9436                 
52.39                    968.94867                
52.4                     968.9538                 
52.41                    968.9589                 
52.42                    968.96405                
52.43                    968.9691                 
52.44                    968.97424                
52.45                    968.9793                 
52.46                    968.98444                
52.47                    968.9895                 
52.48                    968.99457                
52.49                    968.9997                 
52.5                     969.00476                
52.51                    969.0098                 
52.52                    969.0149                 
52.53                    969.01996                
52.54                    969.025                  
52.55                    969.0301                 
52.56                    969.03516                
52.57                    969.0402                 
52.58                    969.0453                 
52.59                    969.05035                
52.6                     969.0554                 
52.61                    969.0605                 
52.62                    969.0655                 
52.63                    969.07056                
52.64                    969.0756                 
52.65                    969.0806                 
52.66                    969.0857                 
52.67                    969.0907                 
52.68                    969.0957                 
52.69                    969.10077                
52.7                     969.1058                 
52.71                    969.1108                 
52.72                    969.11584                
52.73                    969.12085                
52.74                    969.12585                
52.75                    969.13086                
52.76                    969.13586                
52.77                    969.14087                
52.78                    969.1459                 
52.79                    969.1509                 
52.8                     969.1559                 
52.81                    969.1609                 
52.82                    969.16583                
52.83                    969.17084                
52.84                    969.17584                
52.85                    969.1808                 
52.86                    969.1858                 
52.87                    969.19073                
52.88                    969.19574                
52.89                    969.2007                 
52.9                     969.2057                 
52.91                    969.21063                
52.92                    969.2156                 
52.93                    969.2206                 
52.94                    969.2255                 
52.95                    969.23047                
52.96                    969.2354                 
52.97                    969.24036                
52.98                    969.2453                 
52.99                    969.25024                
53.0                     969.2552                 
53.01                    969.26013                
53.02                    969.2651                 
53.03                    969.26996                
53.04                    969.2749                 
53.05                    969.27985                
53.06                    969.2848                 
53.07                    969.2897                 
53.08                    969.2946                 
53.09                    969.2995                 
53.1                     969.30444                
53.11                    969.3093                 
53.12                    969.3143                 
53.13                    969.31915                
53.14                    969.32404                
53.15                    969.3289                 
53.16                    969.33386                
53.17                    969.33875                
53.18                    969.3436                 
53.19                    969.3485                 
53.2                     969.3534                 
53.21                    969.3583                 
53.22                    969.36316                
53.23                    969.36804                
53.24                    969.37286                
53.25                    969.37775                
53.26                    969.3826                 
53.27                    969.3875                 
53.28                    969.39233                
53.29                    969.3972                 
53.3                     969.40204                
53.31                    969.4069                 
53.32                    969.41174                
53.33                    969.4166                 
53.34                    969.42145                
53.35                    969.42633                
53.36                    969.43115                
53.37                    969.436                  
53.38                    969.4408                 
53.39                    969.4456                 
53.4                     969.45044                
53.41                    969.4553                 
53.42                    969.46014                
53.43                    969.46497                
53.44                    969.4697                 
53.45                    969.47455                
53.46                    969.4794                 
53.47                    969.4842                 
53.48                    969.489                  
53.49                    969.4938                 
53.5                     969.4986                 
53.51                    969.5034                 
53.52                    969.5082                 
53.53                    969.513                  
53.54                    969.51776                
53.55                    969.5226                 
53.56                    969.52734                
53.57                    969.5321                 
53.58                    969.5369                 
53.59                    969.5417                 
53.6                     969.54645                
53.61                    969.5512                 
53.62                    969.55597                
53.63                    969.5607                 
53.64                    969.5655                 
53.65                    969.57025                
53.66                    969.575                  
53.67                    969.5798                 
53.68                    969.58453                
53.69                    969.5893                 
53.7                     969.59406                
53.71                    969.59875                
53.72                    969.6035                 
53.73                    969.6083                 
53.74                    969.613                  
53.75                    969.61774                
53.76                    969.62244                
53.77                    969.6272                 
53.78                    969.6319                 
53.79                    969.63666                
53.8                     969.64136                
53.81                    969.64606                
53.82                    969.65076                
53.83                    969.65546                
53.84                    969.6602                 
53.85                    969.6649                 
53.86                    969.6696                 
53.87                    969.6743                 
53.88                    969.679                  
53.89                    969.6837                 
53.9                     969.6884                 
53.91                    969.69305                
53.92                    969.69775                
53.93                    969.70245                
53.94                    969.70715                
53.95                    969.7118                 
53.96                    969.7165                 
53.97                    969.7211                 
53.98                    969.7258                 
53.99                    969.73047                
54.0                     969.73517                
54.01                    969.7398                 
54.02                    969.7445                 
54.03                    969.74915                
54.04                    969.7538                 
54.05                    969.7584                 
54.06                    969.7631                 
54.07                    969.76776                
54.08                    969.7724                 
54.09                    969.77704                
54.1                     969.7817                 
54.11                    969.7863                 
54.12                    969.79095                
54.13                    969.7956                 
54.14                    969.8002                 
54.15                    969.8048                 
54.16                    969.80945                
54.17                    969.8141                 
54.18                    969.81866                
54.19                    969.8233                 
54.2                     969.8279                 
54.21                    969.8325                 
54.22                    969.8371                 
54.23                    969.84174                
54.24                    969.8463                 
54.25                    969.8509                 
54.26                    969.8555                 
54.27                    969.8601                 
54.28                    969.8647                 
54.29                    969.86926                
54.3                     969.8739                 
54.31                    969.8785                 
54.32                    969.88306                
54.33                    969.88763                
54.34                    969.8922                 
54.35                    969.8968                 
54.36                    969.90137                
54.37                    969.90594                
54.38                    969.9105                 
54.39                    969.9151                 
54.4                     969.9197                 
54.41                    969.92426                
54.42                    969.92883                
54.43                    969.93335                
54.44                    969.9379                 
54.45                    969.9425                 
54.46                    969.9471                 
54.47                    969.9516                 
54.48                    969.9562                 
54.49                    969.9607                 
54.5                     969.9653                 
54.51                    969.9698                 
54.52                    969.97437                
54.53                    969.9789                 
54.54                    969.9834                 
54.55                    969.988                  
54.56                    969.9925                 
54.57                    969.997                  
54.58                    970.0015                 
54.59                    970.0061                 
54.6                     970.0106                 
54.61                    970.01514                
54.62                    970.01965                
54.63                    970.0242                 
54.64                    970.0287                 
54.65                    970.0332                 
54.66                    970.03766                
54.67                    970.0422                 
54.68                    970.0467                 
54.69                    970.0512                 
54.7                     970.05566                
54.71                    970.0602                 
54.72                    970.0647                 
54.73                    970.06915                
54.74                    970.07367                
54.75                    970.0781                 
54.76                    970.08264                
54.77                    970.0871                 
54.78                    970.09155                
54.79                    970.09607                
54.8                     970.1005                 
54.81                    970.105                  
54.82                    970.10944                
54.83                    970.11395                
54.84                    970.1184                 
54.85                    970.12286                
54.86                    970.1273                 
54.87                    970.1318                 
54.88                    970.1362                 
54.89                    970.1407                 
54.9                     970.14514                
54.91                    970.14954                
54.92                    970.154                  
54.93                    970.15845                
54.94                    970.1629                 
54.95                    970.1673                 
54.96                    970.17175                
54.97                    970.1762                 
54.98                    970.1806                 
54.99                    970.18506                
55.0                     970.18945                
55.01                    970.1939                 
55.02                    970.1983                 
55.03                    970.2027                 
55.04                    970.20715                
55.05                    970.21155                
55.06                    970.21594                
55.07                    970.22034                
55.08                    970.2248                 
55.09                    970.2292                 
55.1                     970.2336                 
55.11                    970.238                  
55.12                    970.2424                 
55.13                    970.24677                
55.14                    970.25116                
55.15                    970.25555                
55.16                    970.2599                 
55.17                    970.2643                 
55.18                    970.2687                 
55.19                    970.2731                 
55.2                     970.2774                 
55.21                    970.2818                 
55.22                    970.2862                 
55.23                    970.2905                 
55.24                    970.2949                 
55.25                    970.29926                
55.26                    970.30365                
55.27                    970.308                  
55.28                    970.3123                 
55.29                    970.3167                 
55.3                     970.32104                
55.31                    970.3254                 
55.32                    970.3297                 
55.33                    970.3341                 
55.34                    970.33844                
55.35                    970.3428                 
55.36                    970.3471                 
55.37                    970.35144                
55.38                    970.3558                 
55.39                    970.3601                 
55.4                     970.36444                
55.41                    970.3688                 
55.42                    970.37305                
55.43                    970.3774                 
55.44                    970.3817                 
55.45                    970.38605                
55.46                    970.3903                 
55.47                    970.39465                
55.48                    970.399                  
55.49                    970.40326                
55.5                     970.4076                 
55.51                    970.41187                
55.52                    970.4162                 
55.53                    970.4205                 
55.54                    970.42474                
55.55                    970.4291                 
55.56                    970.43335                
55.57                    970.4376                 
55.58                    970.4419                 
55.59                    970.4462                 
55.6                     970.4505                 
55.61                    970.4548                 
55.62                    970.45905                
55.63                    970.4633                 
55.64                    970.4676                 
55.65                    970.47186                
55.66                    970.47614                
55.67                    970.48035                
55.68                    970.4846                 
55.69                    970.4889                 
55.7                     970.49316                
55.71                    970.4974                 
55.72                    970.50165                
55.73                    970.5059                 
55.74                    970.51013                
55.75                    970.5144                 
55.76                    970.5186                 
55.77                    970.5229                 
55.78                    970.5271                 
55.79                    970.5314                 
55.8                     970.5356                 
55.81                    970.5398                 
55.82                    970.54407                
55.83                    970.5483                 
55.84                    970.5525                 
55.85                    970.5567                 
55.86                    970.5609                 
55.87                    970.5652                 
55.88                    970.5694                 
55.89                    970.5736                 
55.9                     970.5778                 
55.91                    970.58203                
55.92                    970.5862                 
55.93                    970.5904                 
55.94                    970.5946                 
55.95                    970.5988                 
55.96                    970.603                  
55.97                    970.6072                 
55.98                    970.6114                 
55.99                    970.6156                 
56.0                     970.61975                
56.01                    970.62396                
56.02                    970.6281                 
56.03                    970.6323                 
56.04                    970.6365                 
56.05                    970.6407                 
56.06                    970.64484                
56.07                    970.649                  
56.08                    970.6532                 
56.09                    970.65735                
56.1                     970.6615                 
56.11                    970.66565                
56.12                    970.66986                
56.13                    970.674                  
56.14                    970.67816                
56.15                    970.6823                 
56.16                    970.68646                
56.17                    970.6906                 
56.18                    970.69476                
56.19                    970.6989                 
56.2                     970.703                  
56.21                    970.70715                
56.22                    970.7113                 
56.23                    970.71545                
56.24                    970.71954                
56.25                    970.7237                 
56.26                    970.72784                
56.27                    970.73193                
56.28                    970.7361                 
56.29                    970.7402                 
56.3                     970.7443                 
56.31                    970.7484                 
56.32                    970.75256                
56.33                    970.75665                
56.34                    970.76074                
56.35                    970.7649                 
56.36                    970.769                  
56.37                    970.7731                 
56.38                    970.77716                
56.39                    970.7813                 
56.4                     970.7854                 
56.41                    970.7895                 
56.42                    970.7936                 
56.43                    970.79767                
56.44                    970.80176                
56.45                    970.80585                
56.46                    970.8099                 
56.47                    970.81396                
56.48                    970.81805                
56.49                    970.82214                
56.5                     970.82623                
56.51                    970.83026                
56.52                    970.83435                
56.53                    970.83844                
56.54                    970.84247                
56.55                    970.84656                
56.56                    970.8506                 
56.57                    970.8547                 
56.58                    970.8587                 
56.59                    970.8628                 
56.6                     970.8668                 
56.61                    970.87085                
56.62                    970.87494                
56.63                    970.87897                
56.64                    970.883                  
56.65                    970.887                  
56.66                    970.8911                 
56.67                    970.89514                
56.68                    970.8992                 
56.69                    970.9032                 
56.7                     970.9072                 
56.71                    970.91125                
56.72                    970.9153                 
56.73                    970.9193                 
56.74                    970.92334                
56.75                    970.9273                 
56.76                    970.93134                
56.77                    970.93536                
56.78                    970.9394                 
56.79                    970.94336                
56.8                     970.9474                 
56.81                    970.9514                 
56.82                    970.9554                 
56.83                    970.9594                 
56.84                    970.9634                 
56.85                    970.9674                 
56.86                    970.9714                 
56.87                    970.97534                
56.88                    970.9794                 
56.89                    970.98334                
56.9                     970.9873                 
56.91                    970.99133                
56.92                    970.9953                 
56.93                    970.99927                
56.94                    971.00323                
56.95                    971.0072                 
56.96                    971.01117                
56.97                    971.01514                
56.98                    971.0191                 
56.99                    971.0231                 
57.0                     971.02704                
57.01                    971.031                  
57.02                    971.035                  
57.03                    971.03894                
57.04                    971.0429                 
57.05                    971.0469                 
57.06                    971.0508                 
57.07                    971.05475                
57.08                    971.0587                 
57.09                    971.0626                 
57.1                     971.0666                 
57.11                    971.0705                 
57.12                    971.07446                
57.13                    971.07837                
57.14                    971.08234                
57.15                    971.08624                
57.16                    971.09015                
57.17                    971.0941                 
57.18                    971.098                  
57.19                    971.1019                 
57.2                     971.1059                 
57.21                    971.1098                 
57.22                    971.1137                 
57.23                    971.1176                 
57.24                    971.1215                 
57.25                    971.1254                 
57.26                    971.12933                
57.27                    971.13324                
57.28                    971.13715                
57.29                    971.14105                
57.3                     971.14496                
57.31                    971.14886                
57.32                    971.1527                 
57.33                    971.1566                 
57.34                    971.1605                 
57.35                    971.1644                 
57.36                    971.1683                 
57.37                    971.1722                 
57.38                    971.176                  
57.39                    971.17993                
57.4                     971.18384                
57.41                    971.1877                 
57.42                    971.1915                 
57.43                    971.19543                
57.44                    971.1993                 
57.45                    971.2032                 
57.46                    971.20703                
57.47                    971.2109                 
57.48                    971.2147                 
57.49                    971.2186                 
57.5                     971.2225                 
57.51                    971.2263                 
57.52                    971.23016                
57.53                    971.234                  
57.54                    971.23785                
57.55                    971.2417                 
57.56                    971.24554                
57.57                    971.2494                 
57.58                    971.25323                
57.59                    971.2571                 
57.6                     971.2609                 
57.61                    971.2647                 
57.62                    971.26855                
57.63                    971.2724                 
57.64                    971.2762                 
57.65                    971.28                   
57.66                    971.2839                 
57.67                    971.28766                
57.68                    971.2915                 
57.69                    971.2953                 
57.7                     971.29913                
57.71                    971.3029                 
57.72                    971.30676                
57.73                    971.31055                
57.74                    971.31433                
57.75                    971.3182                 
57.76                    971.32196                
57.77                    971.32574                
57.78                    971.3295                 
57.79                    971.3334                 
57.8                     971.33716                
57.81                    971.34094                
57.82                    971.3447                 
57.83                    971.3485                 
57.84                    971.3523                 
57.85                    971.3561                 
57.86                    971.35986                
57.87                    971.36365                
57.88                    971.3674                 
57.89                    971.37115                
57.9                     971.37494                
57.91                    971.3787                 
57.92                    971.3825                 
57.93                    971.3862                 
57.94                    971.39                   
57.95                    971.39374                
57.96                    971.3975                 
57.97                    971.4013                 
57.98                    971.405                  
57.99                    971.4088                 
58.0                     971.41254                
58.01                    971.41626                
58.02                    971.42004                
58.03                    971.42377                
58.04                    971.4275                 
58.05                    971.4313                 
58.06                    971.435                  
58.07                    971.4387                 
58.08                    971.44244                
58.09                    971.4462                 
58.1                     971.44995                
58.11                    971.4537                 
58.12                    971.4574                 
58.13                    971.4611                 
58.14                    971.46484                
58.15                    971.46857                
58.16                    971.4723                 
58.17                    971.47595                
58.18                    971.4797                 
58.19                    971.4834                 
58.2                     971.4871                 
58.21                    971.49084                
58.22                    971.4945                 
58.23                    971.4982                 
58.24                    971.50195                
58.25                    971.5056                 
58.26                    971.50934                
58.27                    971.513                  
58.28                    971.5167                 
58.29                    971.5204                 
58.3                     971.5241                 
58.31                    971.5278                 
58.32                    971.53143                
58.33                    971.53516                
58.34                    971.5388                 
58.35                    971.5425                 
58.36                    971.5462                 
58.37                    971.54987                
58.38                    971.5535                 
58.39                    971.5572                 
58.4                     971.56085                
58.41                    971.5645                 
58.42                    971.5682                 
58.43                    971.57184                
58.44                    971.5755                 
58.45                    971.57916                
58.46                    971.5828                 
58.47                    971.5865                 
58.48                    971.59015                
58.49                    971.5938                 
58.5                     971.5974                 
58.51                    971.6011                 
58.52                    971.60474                
58.53                    971.60834                
58.54                    971.612                  
58.55                    971.61566                
58.56                    971.61926                
58.57                    971.6229                 
58.58                    971.6265                 
58.59                    971.6302                 
58.6                     971.6338                 
58.61                    971.6374                 
58.62                    971.64105                
58.63                    971.64465                
58.64                    971.64825                
58.65                    971.6519                 
58.66                    971.6555                 
58.67                    971.6591                 
58.68                    971.6627                 
58.69                    971.6663                 
58.7                     971.67                   
58.71                    971.6736                 
58.72                    971.6772                 
58.73                    971.6808                 
58.74                    971.6844                 
58.75                    971.688                  
58.76                    971.6915                 
58.77                    971.6951                 
58.78                    971.6987                 
58.79                    971.70233                
58.8                     971.70593                
58.81                    971.7095                 
58.82                    971.7131                 
58.83                    971.7167                 
58.84                    971.7203                 
58.85                    971.7238                 
58.86                    971.7274                 
58.87                    971.73096                
58.88                    971.73456                
58.89                    971.73816                
58.9                     971.7417                 
58.91                    971.7453                 
58.92                    971.7489                 
58.93                    971.75244                
58.94                    971.75604                
58.95                    971.7596                 
58.96                    971.7632                 
58.97                    971.7667                 
58.98                    971.77026                
58.99                    971.77386                
59.0                     971.7774                 
59.01                    971.78094                
59.02                    971.78455                
59.03                    971.7881                 
59.04                    971.7916                 
59.05                    971.79517                
59.06                    971.7987                 
59.07                    971.8023                 
59.08                    971.80585                
59.09                    971.8094                 
59.1                     971.8129                 
59.11                    971.81647                
59.12                    971.82                   
59.13                    971.82355                
59.14                    971.827                  
59.15                    971.83057                
59.16                    971.8341                 
59.17                    971.83765                
59.18                    971.8412                 
59.19                    971.8447                 
59.2                     971.8482                 
59.21                    971.85175                
59.22                    971.8553                 
59.23                    971.85876                
59.24                    971.8623                 
59.25                    971.8658                 
59.26                    971.8693                 
59.27                    971.8728                 
59.28                    971.87634                
59.29                    971.8798                 
59.3                     971.88336                
59.31                    971.88684                
59.32                    971.8904                 
59.33                    971.89386                
59.34                    971.89734                
59.35                    971.9008                 
59.36                    971.90436                
59.37                    971.90784                
59.38                    971.9113                 
59.39                    971.9148                 
59.4                     971.9183                 
59.41                    971.92175                
59.42                    971.92523                
59.43                    971.9287                 
59.44                    971.9322                 
59.45                    971.93567                
59.46                    971.93915                
59.47                    971.9426                 
59.48                    971.9461                 
59.49                    971.9496                 
59.5                     971.95306                
59.51                    971.95654                
59.52                    971.95996                
59.53                    971.96344                
59.54                    971.9669                 
59.55                    971.97034                
59.56                    971.9738                 
59.57                    971.9773                 
59.58                    971.9807                 
59.59                    971.9842                 
59.6                     971.9876                 
59.61                    971.9911                 
59.62                    971.9945                 
59.63                    971.998                  
59.64                    972.0014                 
59.65                    972.0048                 
59.66                    972.0083                 
59.67                    972.0117                 
59.68                    972.01514                
59.69                    972.0186                 
59.7                     972.02203                
59.71                    972.02545                
59.72                    972.0289                 
59.73                    972.0323                 
59.74                    972.0357                 
59.75                    972.0391                 
59.76                    972.04254                
59.77                    972.04596                
59.78                    972.0494                 
59.79                    972.0528                 
59.8                     972.0562                 
59.81                    972.05963                
59.82                    972.06305                
59.83                    972.06647                
59.84                    972.0699                 
59.85                    972.07324                
59.86                    972.07666                
59.87                    972.0801                 
59.88                    972.0835                 
59.89                    972.08685                
59.9                     972.0903                 
59.91                    972.0936                 
59.92                    972.09705                
59.93                    972.10046                
59.94                    972.1038                 
59.95                    972.10724                
59.96                    972.1106                 
59.97                    972.11395                
59.98                    972.1174                 
59.99                    972.1207                 
60.0                     972.12415                
60.01                    972.1275                 
60.02                    972.13086                
60.03                    972.1342                 
60.04                    972.13763                
60.05                    972.141                  
60.06                    972.14435                
60.07                    972.1477                 
60.08                    972.15106                
60.09                    972.1544                 
60.1                     972.1578                 
60.11                    972.16113                
60.12                    972.1645                 
60.13                    972.16785                
60.14                    972.1712                 
60.15                    972.17456                
60.16                    972.1779                 
60.17                    972.1813                 
60.18                    972.18463                
60.19                    972.1879                 
60.2                     972.1913                 
60.21                    972.19464                
60.22                    972.198                  
60.23                    972.2013                 
60.24                    972.20465                
60.25                    972.208                  
60.26                    972.2113                 
60.27                    972.21466                
60.28                    972.21796                
60.29                    972.2213                 
60.3                     972.2246                 
60.31                    972.22797                
60.32                    972.23126                
60.33                    972.23456                
60.34                    972.2379                 
60.35                    972.2412                 
60.36                    972.2445                 
60.37                    972.24786                
60.38                    972.25116                
60.39                    972.25446                
60.4                     972.25775                
60.41                    972.2611                 
60.42                    972.2644                 
60.43                    972.2677                 
60.44                    972.271                  
60.45                    972.2743                 
60.46                    972.2776                 
60.47                    972.2809                 
60.48                    972.2842                 
60.49                    972.2875                 
60.5                     972.2908                 
60.51                    972.29407                
60.52                    972.2973                 
60.53                    972.3006                 
60.54                    972.3039                 
60.55                    972.3072                 
60.56                    972.3104                 
60.57                    972.3137                 
60.58                    972.317                  
60.59                    972.3203                 
60.6                     972.32355                
60.61                    972.32684                
60.62                    972.3301                 
60.63                    972.3334                 
60.64                    972.3366                 
60.65                    972.3399                 
60.66                    972.34314                
60.67                    972.34644                
60.68                    972.3497                 
60.69                    972.3529                 
60.7                     972.3562                 
60.71                    972.35944                
60.72                    972.3627                 
60.73                    972.36597                
60.74                    972.3692                 
60.75                    972.37244                
60.76                    972.3757                 
60.77                    972.3789                 
60.78                    972.3822                 
60.79                    972.38544                
60.8                     972.3887                 
60.81                    972.3919                 
60.82                    972.39514                
60.83                    972.3984                 
60.84                    972.4016                 
60.85                    972.40485                
60.86                    972.4081                 
60.87                    972.41125                
60.88                    972.4145                 
60.89                    972.4177                 
60.9                     972.42096                
60.91                    972.4242                 
60.92                    972.42737                
60.93                    972.4306                 
60.94                    972.43384                
60.95                    972.437                  
60.96                    972.44025                
60.97                    972.4435                 
60.98                    972.44666                
60.99                    972.4499                 
61.0                     972.45306                
61.01                    972.4563                 
61.02                    972.4595                 
61.03                    972.4627                 
61.04                    972.4659                 
61.05                    972.46906                
61.06                    972.4723                 
61.07                    972.47546                
61.08                    972.47864                
61.09                    972.4819                 
61.1                     972.48505                
61.11                    972.4882                 
61.12                    972.4914                 
61.13                    972.49457                
61.14                    972.49774                
61.15                    972.501                  
61.16                    972.50415                
61.17                    972.5073                 
61.18                    972.5105                 
61.19                    972.5137                 
61.2                     972.51685                
61.21                    972.52                   
61.22                    972.5232                 
61.23                    972.5263                 
61.24                    972.5295                 
61.25                    972.53265                
61.26                    972.5358                 
61.27                    972.539                  
61.28                    972.5421                 
61.29                    972.5453                 
61.3                     972.54846                
61.31                    972.55164                
61.32                    972.55475                
61.33                    972.5579                 
61.34                    972.56104                
61.35                    972.5642                 
61.36                    972.5673                 
61.37                    972.5705                 
61.38                    972.5736                 
61.39                    972.5768                 
61.4                     972.5799                 
61.41                    972.58307                
61.42                    972.5862                 
61.43                    972.5893                 
61.44                    972.59247                
61.45                    972.5956                 
61.46                    972.5987                 
61.47                    972.60187                
61.48                    972.605                  
61.49                    972.6081                 
61.5                     972.6112                 
61.51                    972.6143                 
61.52                    972.61743                
61.53                    972.62054                
61.54                    972.6237                 
61.55                    972.62683                
61.56                    972.62994                
61.57                    972.63306                
61.58                    972.6361                 
61.59                    972.6392                 
61.6                     972.64233                
61.61                    972.64545                
61.62                    972.64856                
61.63                    972.6517                 
61.64                    972.6548                 
61.65                    972.65784                
61.66                    972.66095                
61.67                    972.66406                
61.68                    972.6672                 
61.69                    972.6702                 
61.7                     972.67334                
61.71                    972.6764                 
61.72                    972.6795                 
61.73                    972.6826                 
61.74                    972.68567                
61.75                    972.6888                 
61.76                    972.69183                
61.77                    972.6949                 
61.78                    972.698                  
61.79                    972.70105                
61.8                     972.70416                
61.81                    972.7072                 
61.82                    972.71027                
61.83                    972.7134                 
61.84                    972.71643                
61.85                    972.7195                 
61.86                    972.72253                
61.87                    972.7256                 
61.88                    972.7287                 
61.89                    972.73175                
61.9                     972.7348                 
61.91                    972.73785                
61.92                    972.7409                 
61.93                    972.74396                
61.94                    972.747                  
61.95                    972.75006                
61.96                    972.7531                 
61.97                    972.75616                
61.98                    972.7592                 
61.99                    972.76227                
62.0                     972.7653                 
62.01                    972.7683                 
62.02                    972.77136                
62.03                    972.7744                 
62.04                    972.77747                
62.05                    972.78046                
62.06                    972.7835                 
62.07                    972.78656                
62.08                    972.78955                
62.09                    972.7926                 
62.1                     972.79565                
62.11                    972.79865                
62.12                    972.8017                 
62.13                    972.8047                 
62.14                    972.80774                
62.15                    972.8107                 
62.16                    972.8138                 
62.17                    972.8168                 
62.18                    972.81976                
62.19                    972.8228                 
62.2                     972.8258                 
62.21                    972.8288                 
62.22                    972.83185                
62.23                    972.83484                
62.24                    972.8378                 
62.25                    972.8408                 
62.26                    972.8438                 
62.27                    972.84686                
62.28                    972.84985                
62.29                    972.85284                
62.3                     972.85583                
62.31                    972.8588                 
62.32                    972.8618                 
62.33                    972.8648                 
62.34                    972.8678                 
62.35                    972.8708                 
62.36                    972.8738                 
62.37                    972.8768                 
62.38                    972.87976                
62.39                    972.8827                 
62.4                     972.8857                 
62.41                    972.8887                 
62.42                    972.89166                
62.43                    972.89465                
62.44                    972.8976                 
62.45                    972.9006                 
62.46                    972.90356                
62.47                    972.9065                 
62.48                    972.9095                 
62.49                    972.9124                 
62.5                     972.9154                 
62.51                    972.9184                 
62.52                    972.9213                 
62.53                    972.9243                 
62.54                    972.92725                
62.55                    972.9302                 
62.56                    972.93317                
62.57                    972.9361                 
62.58                    972.9391                 
62.59                    972.942                  
62.6                     972.94495                
62.61                    972.94794                
62.62                    972.95087                
62.63                    972.9538                 
62.64                    972.9567                 
62.65                    972.9597                 
62.66                    972.96265                
62.67                    972.9656                 
62.68                    972.9685                 
62.69                    972.97144                
62.7                     972.97437                
62.71                    972.9773                 
62.72                    972.9802                 
62.73                    972.98315                
62.74                    972.9861                 
62.75                    972.989                  
62.76                    972.99194                
62.77                    972.9949                 
62.78                    972.9978                 
62.79                    973.00073                
62.8                     973.0036                 
62.81                    973.00653                
62.82                    973.00946                
62.83                    973.0124                 
62.84                    973.01526                
62.85                    973.0182                 
62.86                    973.0211                 
62.87                    973.024                  
62.88                    973.0269                 
62.89                    973.02985                
62.9                     973.0327                 
62.91                    973.03564                
62.92                    973.0385                 
62.93                    973.04144                
62.94                    973.0443                 
62.95                    973.04724                
62.96                    973.0501                 
62.97                    973.053                  
62.98                    973.0559                 
62.99                    973.0588                 
63.0                     973.06165                
63.01                    973.0646                 
63.02                    973.06744                
63.03                    973.0703                 
63.04                    973.0732                 
63.05                    973.0761                 
63.06                    973.079                  
63.07                    973.08185                
63.08                    973.0847                 
63.09                    973.0876                 
63.1                     973.09045                
63.11                    973.0933                 
63.12                    973.0962                 
63.13                    973.09906                
63.14                    973.1019                 
63.15                    973.1048                 
63.16                    973.10767                
63.17                    973.11053                
63.18                    973.1134                 
63.19                    973.1163                 
63.2                     973.11914                
63.21                    973.122                  
63.22                    973.1248                 
63.23                    973.1277                 
63.24                    973.13055                
63.25                    973.13336                
63.26                    973.1362                 
63.27                    973.1391                 
63.28                    973.1419                 
63.29                    973.1448                 
63.3                     973.14764                
63.31                    973.15045                
63.32                    973.1533                 
63.33                    973.1561                 
63.34                    973.159                  
63.35                    973.1618                 
63.36                    973.1647                 
63.37                    973.1675                 
63.38                    973.17035                
63.39                    973.17316                
63.4                     973.17596                
63.41                    973.17883                
63.42                    973.18164                
63.43                    973.18445                
63.44                    973.1873                 
63.45                    973.1901                 
63.46                    973.19293                
63.47                    973.1958                 
63.48                    973.1986                 
63.49                    973.2014                 
63.5                     973.2042                 
63.51                    973.2071                 
63.52                    973.2099                 
63.53                    973.2127                 
63.54                    973.2155                 
63.55                    973.2183                 
63.56                    973.2211                 
63.57                    973.22394                
63.58                    973.22675                
63.59                    973.22955                
63.6                     973.23236                
63.61                    973.23517                
63.62                    973.238                  
63.63                    973.2408                 
63.64                    973.2436                 
63.65                    973.2464                 
63.66                    973.2492                 
63.67                    973.252                  
63.68                    973.25476                
63.69                    973.25757                
63.7                     973.2604                 
63.71                    973.2632                 
63.72                    973.2659                 
63.73                    973.26874                
63.74                    973.27155                
63.75                    973.2743                 
63.76                    973.2771                 
63.77                    973.2799                 
63.78                    973.28265                
63.79                    973.28546                
63.8                     973.2882                 
63.81                    973.291                  
63.82                    973.29376                
63.83                    973.2966                 
63.84                    973.2993                 
63.85                    973.30206                
63.86                    973.3049                 
63.87                    973.3076                 
63.88                    973.3104                 
63.89                    973.3132                 
63.9                     973.3159                 
63.91                    973.31866                
63.92                    973.3215                 
63.93                    973.3242                 
63.94                    973.32697                
63.95                    973.3297                 
63.96                    973.3325                 
63.97                    973.33527                
63.98                    973.338                  
63.99                    973.34076                
64.0                     973.3435                 
64.01                    973.34625                
64.02                    973.349                  
64.03                    973.35175                
64.04                    973.3545                 
64.05                    973.35724                
64.06                    973.36                   
64.07                    973.36273                
64.08                    973.3655                 
64.09                    973.3682                 
64.1                     973.371                  
64.11                    973.37366                
64.12                    973.3764                 
64.13                    973.37915                
64.14                    973.3819                 
64.15                    973.3846                 
64.16                    973.3873                 
64.17                    973.3901                 
64.18                    973.3928                 
64.19                    973.3955                 
64.2                     973.39825                
64.21                    973.40094                
64.22                    973.4037                 
64.23                    973.40643                
64.24                    973.4091                 
64.25                    973.41187                
64.26                    973.41455                
64.27                    973.4173                 
64.28                    973.42                   
64.29                    973.4227                 
64.3                     973.4254                 
64.31                    973.4281                 
64.32                    973.43085                
64.33                    973.43353                
64.34                    973.4362                 
64.35                    973.43896                
64.36                    973.44165                
64.37                    973.44434                
64.38                    973.447                  
64.39                    973.44977                
64.4                     973.45245                
64.41                    973.45514                
64.42                    973.4578                 
64.43                    973.4605                 
64.44                    973.4632                 
64.45                    973.4659                 
64.46                    973.4686                 
64.47                    973.4713                 
64.48                    973.474                  
64.49                    973.4767                 
64.5                     973.4794                 
64.51                    973.48206                
64.52                    973.4847                 
64.53                    973.48737                
64.54                    973.49005                
64.55                    973.49274                
64.56                    973.4954                 
64.57                    973.4981                 
64.58                    973.5008                 
64.59                    973.5034                 
64.6                     973.5061                 
64.61                    973.5088                 
64.62                    973.5115                 
64.63                    973.5141                 
64.64                    973.5168                 
64.65                    973.5195                 
64.66                    973.5221                 
64.67                    973.5248                 
64.68                    973.5274                 
64.69                    973.5301                 
64.7                     973.5328                 
64.71                    973.5354                 
64.72                    973.5381                 
64.73                    973.5407                 
64.74                    973.54333                
64.75                    973.546                  
64.76                    973.54865                
64.77                    973.55133                
64.78                    973.55396                
64.79                    973.5566                 
64.8                     973.55927                
64.81                    973.5619                 
64.82                    973.5645                 
64.83                    973.5672                 
64.84                    973.5698                 
64.85                    973.57245                
64.86                    973.5751                 
64.87                    973.5777                 
64.88                    973.5804                 
64.89                    973.583                  
64.9                     973.58563                
64.91                    973.58826                
64.92                    973.5909                 
64.93                    973.5935                 
64.94                    973.5961                 
64.95                    973.59875                
64.96                    973.6014                 
64.97                    973.604                  
64.98                    973.6066                 
64.99                    973.60925                
65.0                     973.6119                 
65.01                    973.6145                 
65.02                    973.6171                 
65.03                    973.6197                 
65.04                    973.6223                 
65.05                    973.62494                
65.06                    973.62756                
65.07                    973.6302                 
65.08                    973.63275                
65.09                    973.6354                 
65.1                     973.638                  
65.11                    973.64056                
65.12                    973.6432                 
65.13                    973.6458                 
65.14                    973.6484                 
65.15                    973.651                  
65.16                    973.65356                
65.17                    973.6562                 
65.18                    973.6588                 
65.19                    973.6614                 
65.2                     973.66394                
65.21                    973.66656                
65.22                    973.6691                 
65.23                    973.67175                
65.24                    973.6743                 
65.25                    973.67694                
65.26                    973.6795                 
65.27                    973.68207                
65.28                    973.6847                 
65.29                    973.68726                
65.3                     973.6898                 
65.31                    973.6924                 
65.32                    973.695                  
65.33                    973.6976                 
65.34                    973.70013                
65.35                    973.7027                 
65.36                    973.70526                
65.37                    973.7079                 
65.38                    973.71045                
65.39                    973.713                  
65.4                     973.7156                 
65.41                    973.71814                
65.42                    973.7207                 
65.43                    973.72327                
65.44                    973.7258                 
65.45                    973.7284                 
65.46                    973.73096                
65.47                    973.7335                 
65.48                    973.7361                 
65.49                    973.73865                
65.5                     973.74115                
65.51                    973.7437                 
65.52                    973.7463                 
65.53                    973.74884                
65.54                    973.7514                 
65.55                    973.7539                 
65.56                    973.7565                 
65.57                    973.75903                
65.58                    973.7616                 
65.59                    973.7641                 
65.6                     973.76666                
65.61                    973.7692                 
65.62                    973.7717                 
65.63                    973.7743                 
65.64                    973.7768                 
65.65                    973.77936                
65.66                    973.78186                
65.67                    973.7844                 
65.68                    973.7869                 
65.69                    973.7895                 
65.7                     973.792                  
65.71                    973.79456                
65.72                    973.79706                
65.73                    973.7996                 
65.74                    973.8021                 
65.75                    973.8046                 
65.76                    973.8072                 
65.77                    973.8097                 
65.78                    973.8122                 
65.79                    973.81476                
65.8                     973.81726                
65.81                    973.81976                
65.82                    973.82227                
65.83                    973.8248                 
65.84                    973.82733                
65.85                    973.82983                
65.86                    973.83234                
65.87                    973.83484                
65.88                    973.83734                
65.89                    973.83984                
65.9                     973.84235                
65.91                    973.84485                
65.92                    973.84735                
65.93                    973.84985                
65.94                    973.85236                
65.95                    973.85486                
65.96                    973.85736                
65.97                    973.85986                
65.98                    973.86237                
65.99                    973.86487                
66.0                     973.8674                 
66.01                    973.8699                 
66.02                    973.8723                 
66.03                    973.8748                 
66.04                    973.8773                 
66.05                    973.8798                 
66.06                    973.8823                 
66.07                    973.88477                
66.08                    973.88727                
66.09                    973.8898                 
66.1                     973.8922                 
66.11                    973.8947                 
66.12                    973.8972                 
66.13                    973.89966                
66.14                    973.90216                
66.15                    973.9046                 
66.16                    973.9071                 
66.17                    973.90955                
66.18                    973.91205                
66.19                    973.9145                 
66.2                     973.917                  
66.21                    973.91943                
66.22                    973.92194                
66.23                    973.9244                 
66.24                    973.9268                 
66.25                    973.9293                 
66.26                    973.93176                
66.27                    973.9342                 
66.28                    973.9367                 
66.29                    973.93915                
66.3                     973.9416                 
66.31                    973.9441                 
66.32                    973.94653                
66.33                    973.949                  
66.34                    973.9514                 
66.35                    973.95386                
66.36                    973.95636                
66.37                    973.9588                 
66.38                    973.96124                
66.39                    973.9637                 
66.4                     973.9661                 
66.41                    973.96857                
66.42                    973.971                  
66.43                    973.97345                
66.44                    973.9759                 
66.45                    973.97833                
66.46                    973.9808                 
66.47                    973.9832                 
66.48                    973.98566                
66.49                    973.9881                 
66.5                     973.99054                
66.51                    973.9929                 
66.52                    973.99536                
66.53                    973.9978                 
66.54                    974.00024                
66.55                    974.0027                 
66.56                    974.00507                
66.57                    974.0075                 
66.58                    974.00995                
66.59                    974.0124                 
66.6                     974.0148                 
66.61                    974.0172                 
66.62                    974.01965                
66.63                    974.02203                
66.64                    974.0245                 
66.65                    974.02686                
66.66                    974.0293                 
66.67                    974.03174                
66.68                    974.0341                 
66.69                    974.03656                
66.7                     974.03894                
66.71                    974.0414                 
66.72                    974.04376                
66.73                    974.04614                
66.74                    974.0486                 
66.75                    974.05096                
66.76                    974.0534                 
66.77                    974.0558                 
66.78                    974.05817                
66.79                    974.0606                 
66.8                     974.063                  
66.81                    974.06537                
66.82                    974.0678                 
66.83                    974.0702                 
66.84                    974.0726                 
66.85                    974.07495                
66.86                    974.07733                
66.87                    974.0798                 
66.88                    974.08215                
66.89                    974.08453                
66.9                     974.0869                 
66.91                    974.0893                 
66.92                    974.0917                 
66.93                    974.09406                
66.94                    974.09644                
66.95                    974.0988                 
66.96                    974.1012                 
66.97                    974.1036                 
66.98                    974.10596                
66.99                    974.10834                
67.0                     974.1107                 
67.01                    974.1131                 
67.02                    974.1155                 
67.03                    974.11786                
67.04                    974.12024                
67.05                    974.12256                
67.06                    974.12494                
67.07                    974.1273                 
67.08                    974.1297                 
67.09                    974.1321                 
67.1                     974.1344                 
67.11                    974.1368                 
67.12                    974.13916                
67.13                    974.1415                 
67.14                    974.14386                
67.15                    974.14624                
67.16                    974.14856                
67.17                    974.15094                
67.18                    974.1533                 
67.19                    974.15564                
67.2                     974.158                  
67.21                    974.16034                
67.22                    974.1627                 
67.23                    974.16504                
67.24                    974.1674                 
67.25                    974.16974                
67.26                    974.1721                 
67.27                    974.17444                
67.28                    974.17676                
67.29                    974.17914                
67.3                     974.18146                
67.31                    974.18384                
67.32                    974.18616                
67.33                    974.1885                 
67.34                    974.1908                 
67.35                    974.1932                 
67.36                    974.1955                 
67.37                    974.1978                 
67.38                    974.20013                
67.39                    974.2025                 
67.4                     974.20483                
67.41                    974.20715                
67.42                    974.2095                 
67.43                    974.2118                 
67.44                    974.2141                 
67.45                    974.2165                 
67.46                    974.2188                 
67.47                    974.2211                 
67.48                    974.22345                
67.49                    974.22577                
67.5                     974.2281                 
67.51                    974.2304                 
67.52                    974.2327                 
67.53                    974.23505                
67.54                    974.23737                
67.55                    974.2396                 
67.56                    974.24194                
67.57                    974.24426                
67.58                    974.2466                 
67.59                    974.2489                 
67.6                     974.2512                 
67.61                    974.2535                 
67.62                    974.2558                 
67.63                    974.2581                 
67.64                    974.26044                
67.65                    974.26276                
67.66                    974.265                  
67.67                    974.26733                
67.68                    974.26965                
67.69                    974.2719                 
67.7                     974.27423                
67.71                    974.2765                 
67.72                    974.2788                 
67.73                    974.2811                 
67.74                    974.2834                 
67.75                    974.2857                 
67.76                    974.28796                
67.77                    974.2903                 
67.78                    974.29254                
67.79                    974.29486                
67.8                     974.2971                 
67.81                    974.29944                
67.82                    974.3017                 
67.83                    974.304                  
67.84                    974.3063                 
67.85                    974.30853                
67.86                    974.31085                
67.87                    974.3131                 
67.88                    974.31537                
67.89                    974.3177                 
67.9                     974.31995                
67.91                    974.3222                 
67.92                    974.32446                
67.93                    974.3268                 
67.94                    974.32904                
67.95                    974.3313                 
67.96                    974.33356                
67.97                    974.3358                 
67.98                    974.33813                
67.99                    974.3404                 
68.0                     974.34265                
68.01                    974.3449                 
68.02                    974.34717                
68.03                    974.3495                 
68.04                    974.35175                
68.05                    974.354                  
68.06                    974.35626                
68.07                    974.3585                 
68.08                    974.3608                 
68.09                    974.36304                
68.1                     974.3653                 
68.11                    974.36755                
68.12                    974.3698                 
68.13                    974.3721                 
68.14                    974.3743                 
68.15                    974.3766                 
68.16                    974.37885                
68.17                    974.3811                 
68.18                    974.3833                 
68.19                    974.38556                
68.2                     974.3878                 
68.21                    974.3901                 
68.22                    974.39233                
68.23                    974.3946                 
68.24                    974.3968                 
68.25                    974.39905                
68.26                    974.4013                 
68.27                    974.40356                
68.28                    974.40576                
68.29                    974.408                  
68.3                     974.4103                 
68.31                    974.4125                 
68.32                    974.41473                
68.33                    974.417                  
68.34                    974.4192                 
68.35                    974.42145                
68.36                    974.42365                
68.37                    974.4259                 
68.38                    974.42816                
68.39                    974.43036                
68.4                     974.4326                 
68.41                    974.4348                 
68.42                    974.4371                 
68.43                    974.4393                 
68.44                    974.44147                
68.45                    974.4437                 
68.46                    974.4459                 
68.47                    974.4482                 
68.48                    974.4504                 
68.49                    974.4526                 
68.5                     974.45483                
68.51                    974.45703                
68.52                    974.4592                 
68.53                    974.4615                 
68.54                    974.4637                 
68.55                    974.4659                 
68.56                    974.4681                 
68.57                    974.47034                
68.58                    974.47253                
68.59                    974.47473                
68.6                     974.4769                 
68.61                    974.4791                 
68.62                    974.4814                 
68.63                    974.4836                 
68.64                    974.4858                 
68.65                    974.488                  
68.66                    974.4902                 
68.67                    974.4924                 
68.68                    974.49457                
68.69                    974.49677                
68.7                     974.49896                
68.71                    974.50116                
68.72                    974.50336                
68.73                    974.50555                
68.74                    974.50775                
68.75                    974.50995                
68.76                    974.51215                
68.77                    974.51434                
68.78                    974.51654                
68.79                    974.51874                
68.8                     974.5209                 
68.81                    974.5231                 
68.82                    974.52527                
68.83                    974.52747                
68.84                    974.52966                
68.85                    974.5318                 
68.86                    974.534                  
68.87                    974.5362                 
68.88                    974.5384                 
68.89                    974.5405                 
68.9                     974.5427                 
68.91                    974.5449                 
68.92                    974.54706                
68.93                    974.54926                
68.94                    974.55145                
68.95                    974.5536                 
68.96                    974.5558                 
68.97                    974.5579                 
68.98                    974.5601                 
68.99                    974.56226                
69.0                     974.56445                
69.01                    974.56665                
69.02                    974.5688                 
69.03                    974.571                  
69.04                    974.5731                 
69.05                    974.57526                
69.06                    974.57745                
69.07                    974.5796                 
69.08                    974.5818                 
69.09                    974.5839                 
69.1                     974.58606                
69.11                    974.58826                
69.12                    974.5904                 
69.13                    974.5925                 
69.14                    974.5947                 
69.15                    974.59686                
69.16                    974.599                  
69.17                    974.6012                 
69.18                    974.60333                
69.19                    974.60547                
69.2                     974.6076                 
69.21                    974.60974                
69.22                    974.61194                
69.23                    974.6141                 
69.24                    974.6162                 
69.25                    974.61835                
69.26                    974.6205                 
69.27                    974.6226                 
69.28                    974.62476                
69.29                    974.6269                 
69.3                     974.6291                 
69.31                    974.6312                 
69.32                    974.63336                
69.33                    974.6355                 
69.34                    974.63763                
69.35                    974.6398                 
69.36                    974.6419                 
69.37                    974.644                  
69.38                    974.6461                 
69.39                    974.64825                
69.4                     974.6504                 
69.41                    974.6525                 
69.42                    974.65466                
69.43                    974.6568                 
69.44                    974.65894                
69.45                    974.661                  
69.46                    974.66315                
69.47                    974.6653                 
69.48                    974.6674                 
69.49                    974.66956                
69.5                     974.67163                
69.51                    974.67377                
69.52                    974.6759                 
69.53                    974.678                  
69.54                    974.6801                 
69.55                    974.68225                
69.56                    974.6843                 
69.57                    974.68646                
69.58                    974.6886                 
69.59                    974.6907                 
69.6                     974.6928                 
69.61                    974.6949                 
69.62                    974.697                  
69.63                    974.69916                
69.64                    974.70123                
69.65                    974.70337                
69.66                    974.70544                
69.67                    974.7076                 
69.68                    974.70966                
69.69                    974.71173                
69.7                     974.71387                
69.71                    974.71594                
69.72                    974.7181                 
69.73                    974.72015                
69.74                    974.7223                 
69.75                    974.72437                
69.76                    974.72644                
69.77                    974.7286                 
69.78                    974.73065                
69.79                    974.7327                 
69.8                     974.7348                 
69.81                    974.73694                
69.82                    974.739                  
69.83                    974.7411                 
69.84                    974.74316                
69.85                    974.7453                 
69.86                    974.7474                 
69.87                    974.74945                
69.88                    974.7515                 
69.89                    974.7536                 
69.9                     974.7557                 
69.91                    974.7578                 
69.92                    974.7599                 
69.93                    974.76196                
69.94                    974.76404                
69.95                    974.7661                 
69.96                    974.7682                 
69.97                    974.77026                
69.98                    974.77234                
69.99                    974.7744                 
70.0                     974.7765                 
70.01                    974.77856                
70.02                    974.78064                
70.03                    974.7827                 
70.04                    974.7848                 
70.05                    974.78687                
70.06                    974.7889                 
70.07                    974.79095                
70.08                    974.793                  
70.09                    974.7951                 
70.1                     974.7972                 
70.11                    974.79926                
70.12                    974.80133                
70.13                    974.80334                
70.14                    974.8054                 
70.15                    974.8075                 
70.16                    974.8096                 
70.17                    974.8116                 
70.18                    974.81366                
70.19                    974.81573                
70.2                     974.81775                
70.21                    974.8198                 
70.22                    974.8219                 
70.23                    974.8239                 
70.24                    974.826                  
70.25                    974.82806                
70.26                    974.8301                 
70.27                    974.83215                
70.28                    974.83417                
70.29                    974.83624                
70.3                     974.83826                
70.31                    974.84033                
70.32                    974.84235                
70.33                    974.8444                 
70.34                    974.84644                
70.35                    974.8485                 
70.36                    974.8505                 
70.37                    974.8526                 
70.38                    974.8546                 
70.39                    974.8567                 
70.4                     974.8587                 
70.41                    974.8607                 
70.42                    974.8628                 
70.43                    974.8648                 
70.44                    974.8668                 
70.45                    974.8689                 
70.46                    974.8709                 
70.47                    974.8729                 
70.48                    974.875                  
70.49                    974.877                  
70.5                     974.879                  
70.51                    974.88104                
70.52                    974.88306                
70.53                    974.88513                
70.54                    974.88715                
70.55                    974.88916                
70.56                    974.8912                 
70.57                    974.8932                 
70.58                    974.8952                 
70.59                    974.8973                 
70.6                     974.8993                 
70.61                    974.9013                 
70.62                    974.9033                 
70.63                    974.90533                
70.64                    974.90735                
70.65                    974.90936                
70.66                    974.9114                 
70.67                    974.9134                 
70.68                    974.9154                 
70.69                    974.9174                 
70.7                     974.91943                
70.71                    974.92145                
70.72                    974.92346                
70.73                    974.9255                 
70.74                    974.9275                 
70.75                    974.92944                
70.76                    974.93146                
70.77                    974.9335                 
70.78                    974.9355                 
70.79                    974.9375                 
70.8                     974.9395                 
70.81                    974.94147                
70.82                    974.9435                 
70.83                    974.9455                 
70.84                    974.9475                 
70.85                    974.94946                
70.86                    974.9515                 
70.87                    974.9535                 
70.88                    974.9555                 
70.89                    974.95746                
70.9                     974.9595                 
70.91                    974.9615                 
70.92                    974.96344                
70.93                    974.96545                
70.94                    974.96747                
70.95                    974.9694                 
70.96                    974.97144                
70.97                    974.9734                 
70.98                    974.9754                 
70.99                    974.97736                
71.0                     974.9794                 
71.01                    974.9813                 
71.02                    974.98334                
71.03                    974.9853                 
71.04                    974.9873                 
71.05                    974.98926                
71.06                    974.9913                 
71.07                    974.9932                 
71.08                    974.99524                
71.09                    974.9972                 
71.1                     974.99915                
71.11                    975.00116                
71.12                    975.0031                 
71.13                    975.0051                 
71.14                    975.0071                 
71.15                    975.00903                
71.16                    975.011                  
71.17                    975.013                  
71.18                    975.01495                
71.19                    975.0169                 
71.2                     975.0189                 
71.21                    975.0209                 
71.22                    975.0228                 
71.23                    975.0248                 
71.24                    975.02673                
71.25                    975.02875                
71.26                    975.0307                 
71.27                    975.03265                
71.28                    975.0346                 
71.29                    975.03656                
71.3                     975.0385                 
71.31                    975.04047                
71.32                    975.0424                 
71.33                    975.04443                
71.34                    975.0464                 
71.35                    975.04834                
71.36                    975.0503                 
71.37                    975.05225                
71.38                    975.0542                 
71.39                    975.05615                
71.4                     975.0581                 
71.41                    975.06006                
71.42                    975.062                  
71.43                    975.06396                
71.44                    975.06586                
71.45                    975.0678                 
71.46                    975.06976                
71.47                    975.0717                 
71.48                    975.07367                
71.49                    975.0756                 
71.5                     975.0776                 
71.51                    975.07947                
71.52                    975.0814                 
71.53                    975.0834                 
71.54                    975.0853                 
71.55                    975.0873                 
71.56                    975.0892                 
71.57                    975.0911                 
71.58                    975.0931                 
71.59                    975.09503                
71.6                     975.0969                 
71.61                    975.0989                 
71.62                    975.1008                 
71.63                    975.1027                 
71.64                    975.1047                 
71.65                    975.1066                 
71.66                    975.1085                 
71.67                    975.1105                 
71.68                    975.11237                
71.69                    975.1143                 
71.7                     975.1163                 
71.71                    975.11816                
71.72                    975.1201                 
71.73                    975.122                  
71.74                    975.12396                
71.75                    975.12585                
71.76                    975.1278                 
71.77                    975.1297                 
71.78                    975.13165                
71.79                    975.13354                
71.8                     975.1355                 
71.81                    975.1374                 
71.82                    975.1393                 
71.83                    975.14124                
71.84                    975.1431                 
71.85                    975.145                  
71.86                    975.147                  
71.87                    975.14886                
71.88                    975.1508                 
71.89                    975.1527                 
71.9                     975.1546                 
71.91                    975.1565                 
71.92                    975.15845                
71.93                    975.16034                
71.94                    975.16223                
71.95                    975.1641                 
71.96                    975.1661                 
71.97                    975.16797                
71.98                    975.16986                
71.99                    975.17175                
72.0                     975.17365                
72.01                    975.1756                 
72.02                    975.1775                 
72.03                    975.1794                 
72.04                    975.1813                 
72.05                    975.18317                
72.06                    975.18506                
72.07                    975.18695                
72.08                    975.18884                
72.09                    975.19073                
72.1                     975.1926                 
72.11                    975.1945                 
72.12                    975.1964                 
72.13                    975.1983                 
72.14                    975.2002                 
72.15                    975.2021                 
72.16                    975.204                  
72.17                    975.2059                 
72.18                    975.20776                
72.19                    975.20966                
72.2                     975.21155                
72.21                    975.21344                
72.22                    975.21533                
72.23                    975.2172                 
72.24                    975.21906                
72.25                    975.22095                
72.26                    975.22284                
72.27                    975.22473                
72.28                    975.2266                 
72.29                    975.2285                 
72.3                     975.23035                
72.31                    975.23224                
72.32                    975.23413                
72.33                    975.236                  
72.34                    975.23785                
72.35                    975.23975                
72.36                    975.24164                
72.37                    975.24347                
72.38                    975.24536                
72.39                    975.24725                
72.4                     975.2491                 
72.41                    975.251                  
72.42                    975.25287                
72.43                    975.2547                 
72.44                    975.2566                 
72.45                    975.2584                 
72.46                    975.2603                 
72.47                    975.2622                 
72.48                    975.26404                
72.49                    975.2659                 
72.5                     975.26776                
72.51                    975.26965                
72.52                    975.2715                 
72.53                    975.2734                 
72.54                    975.2752                 
72.55                    975.27704                
72.56                    975.27893                
72.57                    975.28076                
72.58                    975.28265                
72.59                    975.2845                 
72.6                     975.2864                 
72.61                    975.2882                 
72.62                    975.29004                
72.63                    975.29193                
72.64                    975.29376                
72.65                    975.2956                 
72.66                    975.2975                 
72.67                    975.2993                 
72.68                    975.30115                
72.69                    975.30304                
72.7                     975.3049                 
72.71                    975.3067                 
72.72                    975.30853                
72.73                    975.31036                
72.74                    975.31226                
72.75                    975.3141                 
72.76                    975.3159                 
72.77                    975.31775                
72.78                    975.3196                 
72.79                    975.3215                 
72.8                     975.3233                 
72.81                    975.32513                
72.82                    975.32697                
72.83                    975.3288                 
72.84                    975.3306                 
72.85                    975.33246                
72.86                    975.3343                 
72.87                    975.3361                 
72.88                    975.33795                
72.89                    975.3398                 
72.9                     975.3416                 
72.91                    975.34344                
72.92                    975.3453                 
72.93                    975.3471                 
72.94                    975.34894                
72.95                    975.35077                
72.96                    975.3526                 
72.97                    975.35443                
72.98                    975.35626                
72.99                    975.3581                 
73.0                     975.3599                 
73.01                    975.36176                
73.02                    975.3636                 
73.03                    975.36536                
73.04                    975.3672                 
73.05                    975.369                  
73.06                    975.37085                
73.07                    975.3727                 
73.08                    975.37445                
73.09                    975.3763                 
73.1                     975.3781                 
73.11                    975.37994                
73.12                    975.3817                 
73.13                    975.38354                
73.14                    975.3854                 
73.15                    975.3872                 
73.16                    975.389                  
73.17                    975.3908                 
73.18                    975.39264                
73.19                    975.3944                 
73.2                     975.39624                
73.21                    975.3981                 
73.22                    975.39984                
73.23                    975.4017                 
73.24                    975.40344                
73.25                    975.4053                 
73.26                    975.40704                
73.27                    975.4089                 
73.28                    975.4107                 
73.29                    975.4125                 
73.3                     975.4143                 
73.31                    975.4161                 
73.32                    975.4179                 
73.33                    975.4197                 
73.34                    975.4215                 
73.35                    975.4233                 
73.36                    975.42505                
73.37                    975.4269                 
73.38                    975.42865                
73.39                    975.4305                 
73.4                     975.43225                
73.41                    975.434                  
73.42                    975.43585                
73.43                    975.4376                 
73.44                    975.43945                
73.45                    975.4412                 
73.46                    975.443                  
73.47                    975.4448                 
73.48                    975.4466                 
73.49                    975.44836                
73.5                     975.45013                
73.51                    975.45197                
73.52                    975.45374                
73.53                    975.4555                 
73.54                    975.4573                 
73.55                    975.4591                 
73.56                    975.4609                 
73.57                    975.46265                
73.58                    975.4644                 
73.59                    975.4662                 
73.6                     975.46796                
73.61                    975.4698                 
73.62                    975.47156                
73.63                    975.4733                 
73.64                    975.4751                 
73.65                    975.47687                
73.66                    975.47864                
73.67                    975.4804                 
73.68                    975.4822                 
73.69                    975.48395                
73.7                     975.4857                 
73.71                    975.4875                 
73.72                    975.48926                
73.73                    975.491                  
73.74                    975.4928                 
73.75                    975.49457                
73.76                    975.49634                
73.77                    975.4981                 
73.78                    975.4999                 
73.79                    975.50165                
73.8                     975.5034                 
73.81                    975.5052                 
73.82                    975.50696                
73.83                    975.5087                 
73.84                    975.51044                
73.85                    975.5122                 
73.86                    975.514                  
73.87                    975.51575                
73.88                    975.5175                 
73.89                    975.5193                 
73.9                     975.521                  
73.91                    975.52277                
73.92                    975.52454                
73.93                    975.5263                 
73.94                    975.528                  
73.95                    975.5298                 
73.96                    975.53156                
73.97                    975.5333                 
73.98                    975.53503                
73.99                    975.5368                 
74.0                     975.5386                 
74.01                    975.5403                 
74.02                    975.54205                
74.03                    975.5438                 
74.04                    975.54553                
74.05                    975.5473                 
74.06                    975.5491                 
74.07                    975.5508                 
74.08                    975.55255                
74.09                    975.55426                
74.1                     975.556                  
74.11                    975.55774                
74.12                    975.5595                 
74.13                    975.5612                 
74.14                    975.563                  
74.15                    975.5647                 
74.16                    975.56647                
74.17                    975.5682                 
74.18                    975.56995                
74.19                    975.57166                
74.2                     975.5734                 
74.21                    975.57513                
74.22                    975.5769                 
74.23                    975.5786                 
74.24                    975.5803                 
74.25                    975.5821                 
74.26                    975.5838                 
74.27                    975.5856                 
74.28                    975.5873                 
74.29                    975.589                  
74.3                     975.59076                
74.31                    975.59247                
74.32                    975.5942                 
74.33                    975.5959                 
74.34                    975.59766                
74.35                    975.59937                
74.36                    975.6011                 
74.37                    975.6028                 
74.38                    975.60455                
74.39                    975.60626                
74.4                     975.608                  
74.41                    975.6097                 
74.42                    975.61145                
74.43                    975.61316                
74.44                    975.61487                
74.45                    975.6166                 
74.46                    975.6183                 
74.47                    975.62                   
74.48                    975.6217                 
74.49                    975.6234                 
74.5                     975.6252                 
74.51                    975.6269                 
74.52                    975.6286                 
74.53                    975.6303                 
74.54                    975.632                  
74.55                    975.6337                 
74.56                    975.63544                
74.57                    975.63715                
74.58                    975.63885                
74.59                    975.64056                
74.6                     975.6423                 
74.61                    975.644                  
74.62                    975.6457                 
74.63                    975.6474                 
74.64                    975.6491                 
74.65                    975.6508                 
74.66                    975.6525                 
74.67                    975.6542                 
74.68                    975.6559                 
74.69                    975.6576                 
74.7                     975.6593                 
74.71                    975.661                  
74.72                    975.6627                 
74.73                    975.6644                 
74.74                    975.6661                 
74.75                    975.6678                 
74.76                    975.6695                 
74.77                    975.6712                 
74.78                    975.6729                 
74.79                    975.67456                
74.8                     975.6763                 
74.81                    975.678                  
74.82                    975.6797                 
74.83                    975.68134                
74.84                    975.68304                
74.85                    975.68475                
74.86                    975.6864                 
74.87                    975.6881                 
74.88                    975.6898                 
74.89                    975.69147                
74.9                     975.6932                 
74.91                    975.6949                 
74.92                    975.69653                
74.93                    975.69824                
74.94                    975.6999                 
74.95                    975.7016                 
74.96                    975.7033                 
74.97                    975.70496                
74.98                    975.70667                
74.99                    975.7083                 
75.0                     975.71                   
75.01                    975.7117                 
75.02                    975.7134                 
75.03                    975.715                  
75.04                    975.71674                
75.05                    975.7184                 
75.06                    975.7201                 
75.07                    975.72174                
75.08                    975.72345                
75.09                    975.7251                 
75.1                     975.72675                
75.11                    975.72845                
75.12                    975.7301                 
75.13                    975.7318                 
75.14                    975.73346                
75.15                    975.7351                 
75.16                    975.7368                 
75.17                    975.73846                
75.18                    975.7401                 
75.19                    975.7418                 
75.2                     975.74347                
75.21                    975.7451                 
75.22                    975.7468                 
75.23                    975.7485                 
75.24                    975.7501                 
75.25                    975.7518                 
75.26                    975.7535                 
75.27                    975.7551                 
75.28                    975.7568                 
75.29                    975.7584                 
75.3                     975.7601                 
75.31                    975.7618                 
75.32                    975.7634                 
75.33                    975.7651                 
75.34                    975.7667                 
75.35                    975.7684                 
75.36                    975.77                   
75.37                    975.7717                 
75.38                    975.7734                 
75.39                    975.775                  
75.4                     975.7767                 
75.41                    975.7783                 
75.42                    975.77997                
75.43                    975.7816                 
75.44                    975.78326                
75.45                    975.7849                 
75.46                    975.78656                
75.47                    975.7882                 
75.48                    975.78986                
75.49                    975.7915                 
75.5                     975.79315                
75.51                    975.7948                 
75.52                    975.79645                
75.53                    975.7981                 
75.54                    975.79974                
75.55                    975.8014                 
75.56                    975.80304                
75.57                    975.8047                 
75.58                    975.8063                 
75.59                    975.8079                 
75.6                     975.8096                 
75.61                    975.8112                 
75.62                    975.81287                
75.63                    975.8145                 
75.64                    975.81616                
75.65                    975.81775                
75.66                    975.8194                 
75.67                    975.82104                
75.68                    975.8227                 
75.69                    975.82434                
75.7                     975.8259                 
75.71                    975.8276                 
75.72                    975.8292                 
75.73                    975.8308                 
75.74                    975.83246                
75.75                    975.8341                 
75.76                    975.83575                
75.77                    975.83734                
75.78                    975.839                  
75.79                    975.84064                
75.8                     975.8422                 
75.81                    975.8439                 
75.82                    975.8455                 
75.83                    975.8471                 
75.84                    975.84875                
75.85                    975.85034                
75.86                    975.852                  
75.87                    975.85364                
75.88                    975.8552                 
75.89                    975.8569                 
75.9                     975.85846                
75.91                    975.8601                 
75.92                    975.8617                 
75.93                    975.86334                
75.94                    975.8649                 
75.95                    975.8666                 
75.96                    975.86816                
75.97                    975.8698                 
75.98                    975.8714                 
75.99                    975.87305                
76.0                     975.87463                
76.01                    975.8762                 
76.02                    975.87787                
76.03                    975.87946                
76.04                    975.8811                 
76.05                    975.8827                 
76.06                    975.8843                 
76.07                    975.8859                 
76.08                    975.8875                 
76.09                    975.8891                 
76.1                     975.89075                
76.11                    975.89233                
76.12                    975.8939                 
76.13                    975.89557                
76.14                    975.89716                
76.15                    975.89874                
76.16                    975.9003                 
76.17                    975.902                  
76.18                    975.90356                
76.19                    975.90515                
76.2                     975.90674                
76.21                    975.9084                 
76.22                    975.91                   
76.23                    975.91156                
76.24                    975.91315                
76.25                    975.91473                
76.26                    975.9164                 
76.27                    975.91797                
76.28                    975.91956                
76.29                    975.92114                
76.3                     975.9227                 
76.31                    975.9243                 
76.32                    975.9259                 
76.33                    975.9275                 
76.34                    975.9291                 
76.35                    975.93066                
76.36                    975.9323                 
76.37                    975.9339                 
76.38                    975.9355                 
76.39                    975.9371                 
76.4                     975.93866                
76.41                    975.94025                
76.42                    975.94183                
76.43                    975.9434                 
76.44                    975.945                  
76.45                    975.9466                 
76.46                    975.9481                 
76.47                    975.9497                 
76.48                    975.9513                 
76.49                    975.9529                 
76.5                     975.95447                
76.51                    975.95605                
76.52                    975.95764                
76.53                    975.9592                 
76.54                    975.9608                 
76.55                    975.9624                 
76.56                    975.9639                 
76.57                    975.9655                 
76.58                    975.9671                 
76.59                    975.9687                 
76.6                     975.9703                 
76.61                    975.9718                 
76.62                    975.9734                 
76.63                    975.975                  
76.64                    975.97656                
76.65                    975.97815                
76.66                    975.9797                 
76.67                    975.98126                
76.68                    975.98285                
76.69                    975.9844                 
76.7                     975.98596                
76.71                    975.98755                
76.72                    975.9891                 
76.73                    975.99066                
76.74                    975.99225                
76.75                    975.9938                 
76.76                    975.99536                
76.77                    975.99695                
76.78                    975.9985                 
76.79                    976.00006                
76.8                     976.0016                 
76.81                    976.0032                 
76.82                    976.00476                
76.83                    976.0063                 
76.84                    976.0079                 
76.85                    976.0094                 
76.86                    976.011                  
76.87                    976.0125                 
76.88                    976.0141                 
76.89                    976.0156                 
76.9                     976.0172                 
76.91                    976.01874                
76.92                    976.0203                 
76.93                    976.02185                
76.94                    976.02344                
76.95                    976.02496                
76.96                    976.0265                 
76.97                    976.028                  
76.98                    976.02954                
76.99                    976.03107                
77.0                     976.0326                 
77.01                    976.0341                 
77.02                    976.03564                
77.03                    976.0372                 
77.04                    976.0387                 
77.05                    976.0402                 
77.06                    976.0417                 
77.07                    976.0432                 
77.08                    976.04474                
77.09                    976.04626                
77.1                     976.0478                 
77.11                    976.0493                 
77.12                    976.05084                
77.13                    976.0523                 
77.14                    976.05383                
77.15                    976.05536                
77.16                    976.0569                 
77.17                    976.0584                 
77.18                    976.0599                 
77.19                    976.0614                 
77.2                     976.0629                 
77.21                    976.06445                
77.22                    976.0659                 
77.23                    976.06744                
77.24                    976.069                  
77.25                    976.07043                
77.26                    976.07196                
77.27                    976.0735                 
77.28                    976.07495                
77.29                    976.0765                 
77.3                     976.078                  
77.31                    976.07947                
77.32                    976.081                  
77.33                    976.08246                
77.34                    976.084                  
77.35                    976.0855                 
77.36                    976.087                  
77.37                    976.0885                 
77.38                    976.08997                
77.39                    976.0915                 
77.4                     976.09296                
77.41                    976.0945                 
77.42                    976.09595                
77.43                    976.0975                 
77.44                    976.09894                
77.45                    976.10046                
77.46                    976.1019                 
77.47                    976.10345                
77.48                    976.1049                 
77.49                    976.10645                
77.5                     976.1079                 
77.51                    976.1094                 
77.52                    976.1109                 
77.53                    976.11237                
77.54                    976.1139                 
77.55                    976.11536                
77.56                    976.1168                 
77.57                    976.11835                
77.58                    976.1198                 
77.59                    976.1213                 
77.6                     976.1228                 
77.61                    976.12427                
77.62                    976.12573                
77.63                    976.1272                 
77.64                    976.1287                 
77.65                    976.1302                 
77.66                    976.13165                
77.67                    976.1331                 
77.68                    976.13464                
77.69                    976.1361                 
77.7                     976.1376                 
77.71                    976.13904                
77.72                    976.1405                 
77.73                    976.142                  
77.74                    976.1435                 
77.75                    976.14496                
77.76                    976.1464                 
77.77                    976.1479                 
77.78                    976.14935                
77.79                    976.1508                 
77.8                     976.15234                
77.81                    976.1538                 
77.82                    976.1553                 
77.83                    976.15674                
77.84                    976.1582                 
77.85                    976.15967                
77.86                    976.16113                
77.87                    976.1626                 
77.88                    976.16406                
77.89                    976.1655                 
77.9                     976.167                  
77.91                    976.16846                
77.92                    976.1699                 
77.93                    976.1714                 
77.94                    976.17285                
77.95                    976.1743                 
77.96                    976.1758                 
77.97                    976.17725                
77.98                    976.1787                 
77.99                    976.1801                 
78.0                     976.1816                 
78.01                    976.18304                
78.02                    976.1845                 
78.03                    976.186                  
78.04                    976.18744                
78.05                    976.1889                 
78.06                    976.19037                
78.07                    976.1918                 
78.08                    976.19324                
78.09                    976.1947                 
78.1                     976.19617                
78.11                    976.19763                
78.12                    976.19904                
78.13                    976.2005                 
78.14                    976.20197                
78.15                    976.2034                 
78.16                    976.20483                
78.17                    976.2063                 
78.18                    976.20776                
78.19                    976.20917                
78.2                     976.21063                
78.21                    976.2121                 
78.22                    976.2135                 
78.23                    976.21497                
78.24                    976.21643                
78.25                    976.21783                
78.26                    976.2193                 
78.27                    976.22076                
78.28                    976.22217                
78.29                    976.22363                
78.3                     976.22504                
78.31                    976.2265                 
78.32                    976.22797                
78.33                    976.2294                 
78.34                    976.23083                
78.35                    976.23224                
78.36                    976.2337                 
78.37                    976.2351                 
78.38                    976.2366                 
78.39                    976.238                  
78.4                     976.23944                
78.41                    976.24084                
78.42                    976.2423                 
78.43                    976.2437                 
78.44                    976.2452                 
78.45                    976.2466                 
78.46                    976.248                  
78.47                    976.24945                
78.48                    976.25085                
78.49                    976.2523                 
78.5                     976.2537                 
78.51                    976.2551                 
78.52                    976.2566                 
78.53                    976.258                  
78.54                    976.25946                
78.55                    976.26086                
78.56                    976.26227                
78.57                    976.2637                 
78.58                    976.26514                
78.59                    976.26654                
78.6                     976.26794                
78.61                    976.2694                 
78.62                    976.2708                 
78.63                    976.2722                 
78.64                    976.2736                 
78.65                    976.2751                 
78.66                    976.2765                 
78.67                    976.2779                 
78.68                    976.2793                 
78.69                    976.28076                
78.7                     976.28217                
78.71                    976.28357                
78.72                    976.285                  
78.73                    976.2864                 
78.74                    976.2878                 
78.75                    976.2892                 
78.76                    976.29065                
78.77                    976.29205                
78.78                    976.29346                
78.79                    976.29486                
78.8                     976.29626                
78.81                    976.29767                
78.82                    976.2991                 
78.83                    976.3005                 
78.84                    976.3019                 
78.85                    976.3033                 
78.86                    976.3047                 
78.87                    976.3061                 
78.88                    976.3075                 
78.89                    976.3089                 
78.9                     976.3103                 
78.91                    976.3117                 
78.92                    976.3131                 
78.93                    976.3145                 
78.94                    976.3159                 
78.95                    976.3173                 
78.96                    976.3187                 
78.97                    976.3201                 
78.98                    976.32153                
78.99                    976.32294                
79.0                     976.32434                
79.01                    976.32574                
79.02                    976.32715                
79.03                    976.3285                 
79.04                    976.3299                 
79.05                    976.3313                 
79.06                    976.3327                 
79.07                    976.3341                 
79.08                    976.3355                 
79.09                    976.33685                
79.1                     976.33826                
79.11                    976.33966                
79.12                    976.34106                
79.13                    976.34247                
79.14                    976.3438                 
79.15                    976.3452                 
79.16                    976.3466                 
79.17                    976.348                  
79.18                    976.34937                
79.19                    976.35077                
79.2                     976.3522                 
79.21                    976.3535                 
79.22                    976.3549                 
79.23                    976.3563                 
79.24                    976.35767                
79.25                    976.3591                 
79.26                    976.3605                 
79.27                    976.3618                 
79.28                    976.3632                 
79.29                    976.3646                 
79.3                     976.36597                
79.31                    976.3674                 
79.32                    976.3687                 
79.33                    976.3701                 
79.34                    976.3715                 
79.35                    976.37286                
79.36                    976.37427                
79.37                    976.3756                 
79.38                    976.377                  
79.39                    976.37836                
79.4                     976.37976                
79.41                    976.3811                 
79.42                    976.3825                 
79.43                    976.38385                
79.44                    976.38525                
79.45                    976.3866                 
79.46                    976.388                  
79.47                    976.38934                
79.48                    976.39075                
79.49                    976.3921                 
79.5                     976.39343                
79.51                    976.39484                
79.52                    976.3962                 
79.53                    976.3976                 
79.54                    976.3989                 
79.55                    976.40027                
79.56                    976.4017                 
79.57                    976.403                  
79.58                    976.40436                
79.59                    976.40576                
79.6                     976.4071                 
79.61                    976.40845                
79.62                    976.40985                
79.63                    976.4112                 
79.64                    976.41254                
79.65                    976.41394                
79.66                    976.4153                 
79.67                    976.4166                 
79.68                    976.41797                
79.69                    976.4194                 
79.7                     976.4207                 
79.71                    976.42206                
79.72                    976.4234                 
79.73                    976.4248                 
79.74                    976.42615                
79.75                    976.4275                 
79.76                    976.42883                
79.77                    976.4302                 
79.78                    976.4315                 
79.79                    976.4329                 
79.8                     976.43427                
79.81                    976.4356                 
79.82                    976.43695                
79.83                    976.4383                 
79.84                    976.43964                
79.85                    976.441                  
79.86                    976.4423                 
79.87                    976.44366                
79.88                    976.44507                
79.89                    976.4464                 
79.9                     976.44775                
79.91                    976.4491                 
79.92                    976.45044                
79.93                    976.4518                 
79.94                    976.4531                 
79.95                    976.45447                
79.96                    976.4558                 
79.97                    976.45715                
79.98                    976.4585                 
79.99                    976.45984                
80.0                     976.4612                 
80.01                    976.4625                 
80.02                    976.46387                
80.03                    976.4652                 
80.04                    976.4665                 
80.05                    976.46783                
80.06                    976.4692                 
80.07                    976.4705                 
80.08                    976.47186                
80.09                    976.4732                 
80.1                     976.47455                
80.11                    976.4759                 
80.12                    976.47723                
80.13                    976.4785                 
80.14                    976.47986                
80.15                    976.4812                 
80.16                    976.48254                
80.17                    976.4839                 
80.18                    976.48517                
80.19                    976.4865                 
80.2                     976.48785                
80.21                    976.4892                 
80.22                    976.49054                
80.23                    976.4918                 
80.24                    976.49316                
80.25                    976.4945                 
80.26                    976.49585                
80.27                    976.49713                
80.28                    976.4985                 
80.29                    976.4998                 
80.3                     976.5011                 
80.31                    976.50244                
80.32                    976.5038                 
80.33                    976.50507                
80.34                    976.5064                 
80.35                    976.50775                
80.36                    976.50903                
80.37                    976.5104                 
80.38                    976.5117                 
80.39                    976.513                  
80.4                     976.51434                
80.41                    976.5157                 
80.42                    976.51697                
80.43                    976.5183                 
80.44                    976.5196                 
80.45                    976.52094                
80.46                    976.5222                 
80.47                    976.52356                
80.48                    976.52484                
80.49                    976.5262                 
80.5                     976.5275                 
80.51                    976.5288                 
80.52                    976.53015                
80.53                    976.53143                
80.54                    976.5328                 
80.55                    976.53406                
80.56                    976.53534                
80.57                    976.5367                 
80.58                    976.53796                
80.59                    976.5393                 
80.6                     976.5406                 
80.61                    976.54193                
80.62                    976.5432                 
80.63                    976.5445                 
80.64                    976.54584                
80.65                    976.5471                 
80.66                    976.54846                
80.67                    976.54974                
80.68                    976.551                  
80.69                    976.55237                
80.7                     976.55365                
80.71                    976.55493                
80.72                    976.5563                 
80.73                    976.55756                
80.74                    976.55884                
80.75                    976.5602                 
80.76                    976.56146                
80.77                    976.56274                
80.78                    976.5641                 
80.79                    976.56537                
80.8                     976.56665                
80.81                    976.56793                
80.82                    976.5693                 
80.83                    976.57056                
80.84                    976.57184                
80.85                    976.5731                 
80.86                    976.57446                
80.87                    976.57574                
80.88                    976.577                  
80.89                    976.5783                 
80.9                     976.5796                 
80.91                    976.5809                 
80.92                    976.5822                 
80.93                    976.5835                 
80.94                    976.5848                 
80.95                    976.58606                
80.96                    976.58734                
80.97                    976.5886                 
80.98                    976.5899                 
80.99                    976.59125                
81.0                     976.5925                 
81.01                    976.5938                 
81.02                    976.5951                 
81.03                    976.5964                 
81.04                    976.59766                
81.05                    976.59894                
81.06                    976.6002                 
81.07                    976.6015                 
81.08                    976.6028                 
81.09                    976.60406                
81.1                     976.60535                
81.11                    976.6066                 
81.12                    976.6079                 
81.13                    976.6092                 
81.14                    976.6105                 
81.15                    976.61176                
81.16                    976.61304                
81.17                    976.6143                 
81.18                    976.6156                 
81.19                    976.6169                 
81.2                     976.61816                
81.21                    976.61945                
81.22                    976.6207                 
81.23                    976.622                  
81.24                    976.6232                 
81.25                    976.6245                 
81.26                    976.6258                 
81.27                    976.6271                 
81.28                    976.62836                
81.29                    976.62964                
81.3                     976.6309                 
81.31                    976.63214                
81.32                    976.6334                 
81.33                    976.6347                 
81.34                    976.636                  
81.35                    976.63727                
81.36                    976.63855                
81.37                    976.6398                 
81.38                    976.64105                
81.39                    976.64233                
81.4                     976.6436                 
81.41                    976.64484                
81.42                    976.6461                 
81.43                    976.6474                 
81.44                    976.6487                 
81.45                    976.6499                 
81.46                    976.6512                 
81.47                    976.65247                
81.48                    976.65375                
81.49                    976.65497                
81.5                     976.65625                
81.51                    976.65753                
81.52                    976.65875                
81.53                    976.66003                
81.54                    976.6613                 
81.55                    976.66254                
81.56                    976.6638                 
81.57                    976.66504                
81.58                    976.6663                 
81.59                    976.6676                 
81.6                     976.6688                 
81.61                    976.6701                 
81.62                    976.6714                 
81.63                    976.6726                 
81.64                    976.6739                 
81.65                    976.6751                 
81.66                    976.6764                 
81.67                    976.6776                 
81.68                    976.6789                 
81.69                    976.6801                 
81.7                     976.6814                 
81.71                    976.6826                 
81.72                    976.6839                 
81.73                    976.6851                 
81.74                    976.6864                 
81.75                    976.6876                 
81.76                    976.6889                 
81.77                    976.6901                 
81.78                    976.6914                 
81.79                    976.6926                 
81.8                     976.6939                 
81.81                    976.6951                 
81.82                    976.6964                 
81.83                    976.69763                
81.84                    976.69885                
81.85                    976.70013                
81.86                    976.70135                
81.87                    976.70264                
81.88                    976.70386                
81.89                    976.7051                 
81.9                     976.70636                
81.91                    976.7076                 
81.92                    976.70886                
81.93                    976.7101                 
81.94                    976.7113                 
81.95                    976.7126                 
81.96                    976.7138                 
81.97                    976.715                  
81.98                    976.7163                 
81.99                    976.7175                 
82.0                     976.71875                
82.01                    976.72                   
82.02                    976.72125                
82.03                    976.7225                 
82.04                    976.7237                 
82.05                    976.7249                 
82.06                    976.7262                 
82.07                    976.7274                 
82.08                    976.72864                
82.09                    976.72986                
82.1                     976.73114                
82.11                    976.73236                
82.12                    976.7336                 
82.13                    976.7348                 
82.14                    976.736                  
82.15                    976.7373                 
82.16                    976.7385                 
82.17                    976.73975                
82.18                    976.74097                
82.19                    976.7422                 
82.2                     976.7434                 
82.21                    976.7447                 
82.22                    976.7459                 
82.23                    976.74713                
82.24                    976.74835                
82.25                    976.7496                 
82.26                    976.7508                 
82.27                    976.752                  
82.28                    976.75323                
82.29                    976.75446                
82.3                     976.7557                 
82.31                    976.7569                 
82.32                    976.7581                 
82.33                    976.7594                 
82.34                    976.7606                 
82.35                    976.76184                
82.36                    976.76306                
82.37                    976.7643                 
82.38                    976.7655                 
82.39                    976.7667                 
82.4                     976.76794                
82.41                    976.76917                
82.42                    976.7704                 
82.43                    976.7716                 
82.44                    976.77277                
82.45                    976.774                  
82.46                    976.7752                 
82.47                    976.7764                 
82.48                    976.77765                
82.49                    976.7789                 
82.5                     976.7801                 
82.51                    976.7813                 
82.52                    976.78253                
82.53                    976.78375                
82.54                    976.785                  
82.55                    976.7862                 
82.56                    976.78735                
82.57                    976.7886                 
82.58                    976.7898                 
82.59                    976.791                  
82.6                     976.79224                
82.61                    976.79346                
82.62                    976.7947                 
82.63                    976.79584                
82.64                    976.79706                
82.65                    976.7983                 
82.66                    976.7995                 
82.67                    976.8007                 
82.68                    976.8019                 
82.69                    976.8031                 
82.7                     976.8043                 
82.71                    976.80554                
82.72                    976.8067                 
82.73                    976.8079                 
82.74                    976.80914                
82.75                    976.81036                
82.76                    976.8115                 
82.77                    976.81274                
82.78                    976.81396                
82.79                    976.8152                 
82.8                     976.81635                
82.81                    976.81757                
82.82                    976.8188                 
82.83                    976.81995                
82.84                    976.82117                
82.85                    976.8224                 
82.86                    976.82355                
82.87                    976.82477                
82.88                    976.826                  
82.89                    976.82715                
82.9                     976.82837                
82.91                    976.8295                 
82.92                    976.83075                
82.93                    976.832                  
82.94                    976.8331                 
82.95                    976.83435                
82.96                    976.8355                 
82.97                    976.83673                
82.98                    976.83795                
82.99                    976.8391                 
83.0                     976.84033                
83.01                    976.8415                 
83.02                    976.8427                 
83.03                    976.8439                 
83.04                    976.8451                 
83.05                    976.84625                
83.06                    976.8475                 
83.07                    976.84863                
83.08                    976.84985                
83.09                    976.851                  
83.1                     976.85223                
83.11                    976.8534                 
83.12                    976.8546                 
83.13                    976.8558                 
83.14                    976.857                  
83.15                    976.85815                
83.16                    976.8594                 
83.17                    976.86053                
83.18                    976.8617                 
83.19                    976.8629                 
83.2                     976.8641                 
83.21                    976.8653                 
83.22                    976.86646                
83.23                    976.8677                 
83.24                    976.86884                
83.25                    976.87                   
83.26                    976.8712                 
83.27                    976.8724                 
83.28                    976.87354                
83.29                    976.87476                
83.3                     976.8759                 
83.31                    976.8771                 
83.32                    976.8783                 
83.33                    976.87946                
83.34                    976.8806                 
83.35                    976.88184                
83.36                    976.883                  
83.37                    976.88416                
83.38                    976.8854                 
83.39                    976.88654                
83.4                     976.8877                 
83.41                    976.88885                
83.42                    976.8901                 
83.43                    976.89124                
83.44                    976.8924                 
83.45                    976.8936                 
83.46                    976.8948                 
83.47                    976.89594                
83.48                    976.8971                 
83.49                    976.89825                
83.5                     976.8995                 
83.51                    976.90063                
83.52                    976.9018                 
83.53                    976.90295                
83.54                    976.9041                 
83.55                    976.90533                
83.56                    976.9065                 
83.57                    976.90765                
83.58                    976.9088                 
83.59                    976.91                   
83.6                     976.91113                
83.61                    976.91235                
83.62                    976.9135                 
83.63                    976.9147                 
83.64                    976.91583                
83.65                    976.917                  
83.66                    976.91815                
83.67                    976.9193                 
83.68                    976.9205                 
83.69                    976.92163                
83.7                     976.9228                 
83.71                    976.924                  
83.72                    976.9252                 
83.73                    976.92633                
83.74                    976.9275                 
83.75                    976.92865                
83.76                    976.9298                 
83.77                    976.93097                
83.78                    976.9321                 
83.79                    976.9333                 
83.8                     976.93445                
83.81                    976.9356                 
83.82                    976.93677                
83.83                    976.9379                 
83.84                    976.9391                 
83.85                    976.94025                
83.86                    976.9414                 
83.87                    976.94257                
83.88                    976.9437                 
83.89                    976.9449                 
83.9                     976.94604                
83.91                    976.9472                 
83.92                    976.94836                
83.93                    976.9495                 
83.94                    976.9506                 
83.95                    976.9518                 
83.96                    976.95294                
83.97                    976.9541                 
83.98                    976.95526                
83.99                    976.9564                 
84.0                     976.9576                 
84.01                    976.95874                
84.02                    976.9599                 
84.03                    976.961                  
84.04                    976.96216                
84.05                    976.9633                 
84.06                    976.9645                 
84.07                    976.96564                
84.08                    976.9668                 
84.09                    976.96796                
84.1                     976.96906                
84.11                    976.9702                 
84.12                    976.9714                 
84.13                    976.97253                
84.14                    976.9737                 
84.15                    976.9748                 
84.16                    976.97595                
84.17                    976.9771                 
84.18                    976.9783                 
84.19                    976.9794                 
84.2                     976.9805                 
84.21                    976.9817                 
84.22                    976.98285                
84.23                    976.98395                
84.24                    976.9851                 
84.25                    976.98627                
84.26                    976.9874                 
84.27                    976.9885                 
84.28                    976.9897                 
84.29                    976.99084                
84.3                     976.99194                
84.31                    976.9931                 
84.32                    976.99426                
84.33                    976.99536                
84.34                    976.9965                 
84.35                    976.9977                 
84.36                    976.9988                 
84.37                    976.99994                
84.38                    977.0011                 
84.39                    977.0022                 
84.4                     977.00336                
84.41                    977.0045                 
84.42                    977.0056                 
84.43                    977.0068                 
84.44                    977.00793                
84.45                    977.00903                
84.46                    977.0102                 
84.47                    977.0113                 
84.48                    977.01245                
84.49                    977.01355                
84.5                     977.0147                 
84.51                    977.01587                
84.52                    977.01697                
84.53                    977.0181                 
84.54                    977.0192                 
84.55                    977.0204                 
84.56                    977.0215                 
84.57                    977.02264                
84.58                    977.02374                
84.59                    977.0249                 
84.6                     977.026                  
84.61                    977.02716                
84.62                    977.02826                
84.63                    977.0294                 
84.64                    977.0305                 
84.65                    977.0317                 
84.66                    977.0328                 
84.67                    977.03394                
84.68                    977.03503                
84.69                    977.0362                 
84.7                     977.0373                 
84.71                    977.03845                
84.72                    977.03955                
84.73                    977.0407                 
84.74                    977.0418                 
84.75                    977.0429                 
84.76                    977.04407                
84.77                    977.04517                
84.78                    977.0463                 
84.79                    977.0474                 
84.8                     977.0485                 
84.81                    977.0497                 
84.82                    977.0508                 
84.83                    977.05194                
84.84                    977.05304                
84.85                    977.05414                
84.86                    977.0553                 
84.87                    977.0564                 
84.88                    977.0575                 
84.89                    977.05865                
84.9                     977.05975                
84.91                    977.06085                
84.92                    977.062                  
84.93                    977.0631                 
84.94                    977.0642                 
84.95                    977.06537                
84.96                    977.06647                
84.97                    977.06757                
84.98                    977.0687                 
84.99                    977.0698                 
85.0                     977.0709                 
85.01                    977.072                  
85.02                    977.0732                 
85.03                    977.0743                 
85.04                    977.0754                 
85.05                    977.0765                 
85.06                    977.07764                
85.07                    977.07874                
85.08                    977.07983                
85.09                    977.08093                
85.1                     977.0821                 
85.11                    977.0832                 
85.12                    977.0843                 
85.13                    977.0854                 
85.14                    977.0865                 
85.15                    977.08765                
85.16                    977.08875                
85.17                    977.08984                
85.18                    977.09094                
85.19                    977.09204                
85.2                     977.09314                
85.21                    977.0943                 
85.22                    977.0954                 
85.23                    977.0965                 
85.24                    977.0976                 
85.25                    977.0987                 
85.26                    977.0998                 
85.27                    977.1009                 
85.28                    977.10205                
85.29                    977.10315                
85.3                     977.10425                
85.31                    977.10535                
85.32                    977.10645                
85.33                    977.10754                
85.34                    977.10864                
85.35                    977.10974                
85.36                    977.11084                
85.37                    977.11194                
85.38                    977.1131                 
85.39                    977.1142                 
85.4                     977.1153                 
85.41                    977.1164                 
85.42                    977.1175                 
85.43                    977.1186                 
85.44                    977.1197                 
85.45                    977.1208                 
85.46                    977.1219                 
85.47                    977.123                  
85.48                    977.1241                 
85.49                    977.1252                 
85.5                     977.1263                 
85.51                    977.1274                 
85.52                    977.1285                 
85.53                    977.1296                 
85.54                    977.1307                 
85.55                    977.1318                 
85.56                    977.1329                 
85.57                    977.134                  
85.58                    977.1351                 
85.59                    977.13617                
85.6                     977.13727                
85.61                    977.13837                
85.62                    977.1394                 
85.63                    977.1405                 
85.64                    977.1416                 
85.65                    977.1427                 
85.66                    977.1438                 
85.67                    977.1449                 
85.68                    977.146                  
85.69                    977.1471                 
85.7                     977.1482                 
85.71                    977.1493                 
85.72                    977.1503                 
85.73                    977.1514                 
85.74                    977.1525                 
85.75                    977.1536                 
85.76                    977.1547                 
85.77                    977.1558                 
85.78                    977.1569                 
85.79                    977.158                  
85.8                     977.15906                
85.81                    977.16016                
85.82                    977.16125                
85.83                    977.16235                
85.84                    977.16345                
85.85                    977.1645                 
85.86                    977.1656                 
85.87                    977.1667                 
85.88                    977.1678                 
85.89                    977.1689                 
85.9                     977.1699                 
85.91                    977.171                  
85.92                    977.1721                 
85.93                    977.1732                 
85.94                    977.1743                 
85.95                    977.17535                
85.96                    977.17645                
85.97                    977.17755                
85.98                    977.1786                 
85.99                    977.1797                 
86.0                     977.1807                 
86.01                    977.1818                 
86.02                    977.1829                 
86.03                    977.18396                
86.04                    977.18506                
86.05                    977.1861                 
86.06                    977.1872                 
86.07                    977.18823                
86.08                    977.18933                
86.09                    977.19037                
86.1                     977.19147                
86.11                    977.19257                
86.12                    977.1936                 
86.13                    977.1947                 
86.14                    977.19574                
86.15                    977.19684                
86.16                    977.1979                 
86.17                    977.199                  
86.18                    977.2                    
86.19                    977.2011                 
86.2                     977.20215                
86.21                    977.20325                
86.22                    977.2043                 
86.23                    977.2054                 
86.24                    977.2064                 
86.25                    977.20746                
86.26                    977.20856                
86.27                    977.2096                 
86.28                    977.2107                 
86.29                    977.21173                
86.3                     977.2128                 
86.31                    977.21387                
86.32                    977.21497                
86.33                    977.216                  
86.34                    977.21704                
86.35                    977.21814                
86.36                    977.2192                 
86.37                    977.2203                 
86.38                    977.2213                 
86.39                    977.22235                
86.4                     977.22345                
86.41                    977.2245                 
86.42                    977.2255                 
86.43                    977.2266                 
86.44                    977.22766                
86.45                    977.22876                
86.46                    977.2298                 
86.47                    977.23083                
86.48                    977.23193                
86.49                    977.233                  
86.5                     977.234                  
86.51                    977.2351                 
86.52                    977.23615                
86.53                    977.2372                 
86.54                    977.2382                 
86.55                    977.2393                 
86.56                    977.24036                
86.57                    977.2414                 
86.58                    977.2425                 
86.59                    977.2435                 
86.6                     977.24457                
86.61                    977.2456                 
86.62                    977.2467                 
86.63                    977.24774                
86.64                    977.2488                 
86.65                    977.2499                 
86.66                    977.2509                 
86.67                    977.25195                
86.68                    977.253                  
86.69                    977.254                  
86.7                     977.2551                 
86.71                    977.25616                
86.72                    977.2572                 
86.73                    977.25824                
86.74                    977.25934                
86.75                    977.2604                 
86.76                    977.2614                 
86.77                    977.26245                
86.78                    977.2635                 
86.79                    977.2645                 
86.8                     977.2656                 
86.81                    977.26666                
86.82                    977.2677                 
86.83                    977.26874                
86.84                    977.2698                 
86.85                    977.2708                 
86.86                    977.2719                 
86.87                    977.27295                
86.88                    977.274                  
86.89                    977.275                  
86.9                     977.27606                
86.91                    977.2771                 
86.92                    977.27814                
86.93                    977.2792                 
86.94                    977.2802                 
86.95                    977.2813                 
86.96                    977.28235                
86.97                    977.2834                 
86.98                    977.2844                 
86.99                    977.28546                
87.0                     977.2865                 
87.01                    977.28754                
87.02                    977.2886                 
87.03                    977.2896                 
87.04                    977.29065                
87.05                    977.2917                 
87.06                    977.2927                 
87.07                    977.29376                
87.08                    977.2948                 
87.09                    977.29584                
87.1                     977.2969                 
87.11                    977.2979                 
87.12                    977.29895                
87.13                    977.3                    
87.14                    977.301                  
87.15                    977.30206                
87.16                    977.3031                 
87.17                    977.30414                
87.18                    977.3052                 
87.19                    977.3062                 
87.2                     977.30725                
87.21                    977.3083                 
87.22                    977.3093                 
87.23                    977.31036                
87.24                    977.3114                 
87.25                    977.31244                
87.26                    977.3135                 
87.27                    977.3145                 
87.28                    977.31555                
87.29                    977.3166                 
87.3                     977.3176                 
87.31                    977.31866                
87.32                    977.3197                 
87.33                    977.32074                
87.34                    977.3218                 
87.35                    977.32275                
87.36                    977.3238                 
87.37                    977.3248                 
87.38                    977.32587                
87.39                    977.3269                 
87.4                     977.32794                
87.41                    977.329                  
87.42                    977.33                   
87.43                    977.331                  
87.44                    977.33203                
87.45                    977.33307                
87.46                    977.3341                 
87.47                    977.33514                
87.48                    977.3362                 
87.49                    977.3372                 
87.5                     977.3382                 
87.51                    977.33923                
87.52                    977.3403                 
87.53                    977.3413                 
87.54                    977.34235                
87.55                    977.3433                 
87.56                    977.34436                
87.57                    977.3454                 
87.58                    977.34644                
87.59                    977.3475                 
87.6                     977.34845                
87.61                    977.3495                 
87.62                    977.3505                 
87.63                    977.35156                
87.64                    977.3526                 
87.65                    977.3536                 
87.66                    977.3546                 
87.67                    977.35565                
87.68                    977.3567                 
87.69                    977.35767                
87.7                     977.3587                 
87.71                    977.35974                
87.72                    977.3608                 
87.73                    977.36176                
87.74                    977.3628                 
87.75                    977.36383                
87.76                    977.3648                 
87.77                    977.36584                
87.78                    977.3669                 
87.79                    977.3679                 
87.8                     977.3689                 
87.81                    977.36993                
87.82                    977.371                  
87.83                    977.37195                
87.84                    977.373                  
87.85                    977.374                  
87.86                    977.375                  
87.87                    977.37604                
87.88                    977.3771                 
87.89                    977.37805                
87.9                     977.3791                 
87.91                    977.3801                 
87.92                    977.3811                 
87.93                    977.38214                
87.94                    977.3832                 
87.95                    977.38416                
87.96                    977.3852                 
87.97                    977.38617                
87.98                    977.3872                 
87.99                    977.38824                
88.0                     977.3892                 
88.01                    977.39026                
88.02                    977.39124                
88.03                    977.3923                 
88.04                    977.3933                 
88.05                    977.3943                 
88.06                    977.3953                 
88.07                    977.3963                 
88.08                    977.39734                
88.09                    977.3983                 
88.1                     977.39935                
88.11                    977.4004                 
88.12                    977.40137                
88.13                    977.4024                 
88.14                    977.4034                 
88.15                    977.4044                 
88.16                    977.4054                 
88.17                    977.40643                
88.18                    977.4074                 
88.19                    977.40845                
88.2                     977.4094                 
88.21                    977.41046                
88.22                    977.41144                
88.23                    977.4125                 
88.24                    977.41345                
88.25                    977.4145                 
88.26                    977.41547                
88.27                    977.4165                 
88.28                    977.4175                 
88.29                    977.4185                 
88.3                     977.4195                 
88.31                    977.42053                
88.32                    977.4215                 
88.33                    977.42255                
88.34                    977.4235                 
88.35                    977.42456                
88.36                    977.42554                
88.37                    977.4266                 
88.38                    977.42755                
88.39                    977.4286                 
88.4                     977.42957                
88.41                    977.43054                
88.42                    977.4316                 
88.43                    977.43256                
88.44                    977.4336                 
88.45                    977.4346                 
88.46                    977.4356                 
88.47                    977.4366                 
88.48                    977.43756                
88.49                    977.4386                 
88.5                     977.4396                 
88.51                    977.4406                 
88.52                    977.4416                 
88.53                    977.44257                
88.54                    977.4436                 
88.55                    977.4446                 
88.56                    977.44556                
88.57                    977.4466                 
88.58                    977.4476                 
88.59                    977.4486                 
88.6                     977.4496                 
88.61                    977.45056                
88.62                    977.4516                 
88.63                    977.4526                 
88.64                    977.45355                
88.65                    977.4546                 
88.66                    977.45557                
88.67                    977.45654                
88.68                    977.4576                 
88.69                    977.45856                
88.7                     977.45953                
88.71                    977.4606                 
88.72                    977.46155                
88.73                    977.4625                 
88.74                    977.4635                 
88.75                    977.46454                
88.76                    977.4655                 
88.77                    977.4665                 
88.78                    977.4675                 
88.79                    977.4685                 
88.8                     977.4695                 
88.81                    977.4705                 
88.82                    977.4715                 
88.83                    977.4725                 
88.84                    977.47345                
88.85                    977.4745                 
88.86                    977.47546                
88.87                    977.47644                
88.88                    977.4774                 
88.89                    977.47845                
88.9                     977.47943                
88.91                    977.4804                 
88.92                    977.4814                 
88.93                    977.48236                
88.94                    977.4834                 
88.95                    977.4844                 
88.96                    977.48535                
88.97                    977.4863                 
88.98                    977.48737                
88.99                    977.48834                
89.0                     977.4893                 
89.01                    977.4903                 
89.02                    977.4913                 
89.03                    977.4923                 
89.04                    977.4933                 
89.05                    977.49426                
89.06                    977.49524                
89.07                    977.4962                 
89.08                    977.4972                 
89.09                    977.4982                 
89.1                     977.4992                 
89.11                    977.5002                 
89.12                    977.50116                
89.13                    977.50214                
89.14                    977.5031                 
89.15                    977.50415                
89.16                    977.5051                 
89.17                    977.5061                 
89.18                    977.5071                 
89.19                    977.50806                
89.2                     977.50903                
89.21                    977.51                   
89.22                    977.51105                
89.23                    977.512                  
89.24                    977.513                  
89.25                    977.514                  
89.26                    977.51495                
89.27                    977.5159                 
89.28                    977.5169                 
89.29                    977.5179                 
89.3                     977.51886                
89.31                    977.51984                
89.32                    977.5209                 
89.33                    977.52185                
89.34                    977.5228                 
89.35                    977.5238                 
89.36                    977.5248                 
89.37                    977.52576                
89.38                    977.52673                
89.39                    977.5277                 
89.4                     977.5287                 
89.41                    977.52966                
89.42                    977.53064                
89.43                    977.5316                 
89.44                    977.5326                 
89.45                    977.53357                
89.46                    977.53455                
89.47                    977.5355                 
89.48                    977.5365                 
89.49                    977.5375                 
89.5                     977.53845                
89.51                    977.5395                 
89.52                    977.54047                
89.53                    977.54144                
89.54                    977.5424                 
89.55                    977.5434                 
89.56                    977.5444                 
89.57                    977.54535                
89.58                    977.5463                 
89.59                    977.5473                 
89.6                     977.5483                 
89.61                    977.54926                
89.62                    977.5502                 
89.63                    977.55115                
89.64                    977.5521                 
89.65                    977.5531                 
89.66                    977.5541                 
89.67                    977.55505                
89.68                    977.556                  
89.69                    977.557                  
89.7                     977.558                  
89.71                    977.55896                
89.72                    977.55994                
89.73                    977.5609                 
89.74                    977.5619                 
89.75                    977.56287                
89.76                    977.56384                
89.77                    977.5648                 
89.78                    977.5658                 
89.79                    977.5668                 
89.8                     977.56775                
89.81                    977.5687                 
89.82                    977.56964                
89.83                    977.5706                 
89.84                    977.5716                 
89.85                    977.5726                 
89.86                    977.57355                
89.87                    977.5745                 
89.88                    977.5755                 
89.89                    977.5765                 
89.9                     977.57745                
89.91                    977.5784                 
89.92                    977.57935                
89.93                    977.5803                 
89.94                    977.5813                 
89.95                    977.5823                 
89.96                    977.58325                
89.97                    977.5842                 
89.98                    977.5852                 
89.99                    977.5862                 
90.0                     977.5871                 
