% x                      
0.0                      513.18805                
0.01                     513.36774                
0.02                     513.61115                
0.03                     513.8553                 
0.04                     514.09985                
0.05                     514.34485                
0.06                     514.5902                 
0.07                     514.8359                 
0.08                     515.0819                 
0.09                     515.3283                 
0.1                      515.575                  
0.11                     515.82214                
0.12                     516.0695                 
0.13                     516.31726                
0.14                     516.5653                 
0.15                     516.8136                 
0.16                     517.0622                 
0.17                     517.3111                 
0.18                     517.5602                 
0.19                     517.8096                 
0.2                      518.05914                
0.21                     518.30896                
0.22                     518.55896                
0.23                     518.8092                 
0.24                     519.0596                 
0.25                     519.3102                 
0.26                     519.5609                 
0.27                     519.8118                 
0.28                     520.0629                 
0.29                     520.3141                 
0.3                      520.5654                 
0.31                     520.8169                 
0.32                     521.0684                 
0.33                     521.3201                 
0.34                     521.57184                
0.35                     521.82367                
0.36                     522.07556                
0.37                     522.3276                 
0.38                     522.5796                 
0.39                     522.83167                
0.4                      523.08374                
0.41                     523.33594                
0.42                     523.5881                 
0.43                     523.8403                 
0.44                     524.09247                
0.45                     524.34467                
0.46                     524.59686                
0.47                     524.84906                
0.48                     525.10126                
0.49                     525.3534                 
0.5                      525.6055                 
0.51                     525.8576                 
0.52                     526.1097                 
0.53                     526.3617                 
0.54                     526.61365                
0.55                     526.86554                
0.56                     527.1174                 
0.57                     527.36914                
0.58                     527.62085                
0.59                     527.8725                 
0.6                      528.124                  
0.61                     528.3755                 
0.62                     528.62683                
0.63                     528.8781                 
0.64                     529.1293                 
0.65                     529.3803                 
0.66                     529.6313                 
0.67                     529.88214                
0.68                     530.1329                 
0.69                     530.3834                 
0.7                      530.6339                 
0.71                     530.8843                 
0.72                     531.13446                
0.73                     531.3846                 
0.74                     531.6345                 
0.75                     531.8843                 
0.76                     532.134                  
0.77                     532.3834                 
0.78                     532.63275                
0.79                     532.88196                
0.8                      533.131                  
0.81                     533.3798                 
0.82                     533.62854                
0.83                     533.8771                 
0.84                     534.1254                 
0.85                     534.3736                 
0.86                     534.6216                 
0.87                     534.8694                 
0.88                     535.117                  
0.89                     535.36444                
0.9                      535.6117                 
0.91                     535.85876                
0.92                     536.1056                 
0.93                     536.3523                 
0.94                     536.59875                
0.95                     536.84503                
0.96                     537.09106                
0.97                     537.3369                 
0.98                     537.5826                 
0.99                     537.828                  
1.0                      538.07324                
1.01                     538.31824                
1.02                     538.56305                
1.03                     538.8076                 
1.04                     539.05194                
1.05                     539.2961                 
1.06                     539.54                   
1.07                     539.7836                 
1.08                     540.0271                 
1.09                     540.2703                 
1.1                      540.5133                 
1.11                     540.75604                
1.12                     540.99854                
1.13                     541.2408                 
1.14                     541.48285                
1.15                     541.7247                 
1.16                     541.9662                 
1.17                     542.2075                 
1.18                     542.44855                
1.19                     542.6894                 
1.2                      542.93                   
1.21                     543.1703                 
1.22                     543.4104                 
1.23                     543.6502                 
1.24                     543.8898                 
1.25                     544.12915                
1.26                     544.3682                 
1.27                     544.60706                
1.28                     544.8456                 
1.29                     545.0839                 
1.3                      545.32196                
1.31                     545.55975                
1.32                     545.7973                 
1.33                     546.03455                
1.34                     546.27155                
1.35                     546.5083                 
1.36                     546.74475                
1.37                     546.98096                
1.38                     547.2169                 
1.39                     547.4526                 
1.4                      547.6879                 
1.41                     547.92303                
1.42                     548.1579                 
1.43                     548.39246                
1.44                     548.6268                 
1.45                     548.8608                 
1.46                     549.09454                
1.47                     549.32806                
1.48                     549.5612                 
1.49                     549.7942                 
1.5                      550.0268                 
1.51                     550.25916                
1.52                     550.4912                 
1.53                     550.723                  
1.54                     550.9545                 
1.55                     551.1857                 
1.56                     551.4167                 
1.57                     551.64734                
1.58                     551.8777                 
1.59                     552.1078                 
1.6                      552.3376                 
1.61                     552.5671                 
1.62                     552.7963                 
1.63                     553.02527                
1.64                     553.25397                
1.65                     553.48236                
1.66                     553.71045                
1.67                     553.93823                
1.68                     554.1657                 
1.69                     554.39294                
1.7                      554.6199                 
1.71                     554.8465                 
1.72                     555.0728                 
1.73                     555.2989                 
1.74                     555.52466                
1.75                     555.7501                 
1.76                     555.9753                 
1.77                     556.20013                
1.78                     556.42474                
1.79                     556.649                  
1.8                      556.873                  
1.81                     557.0967                 
1.82                     557.32007                
1.83                     557.5432                 
1.84                     557.766                  
1.85                     557.98846                
1.86                     558.2107                 
1.87                     558.4326                 
1.88                     558.6542                 
1.89                     558.8755                 
1.9                      559.0965                 
1.91                     559.3172                 
1.92                     559.53766                
1.93                     559.75775                
1.94                     559.9776                 
1.95                     560.19714                
1.96                     560.4163                 
1.97                     560.63525                
1.98                     560.8539                 
1.99                     561.0722                 
2.0                      561.2903                 
2.01                     561.508                  
2.02                     561.7254                 
2.03                     561.9425                 
2.04                     562.15936                
2.05                     562.37585                
2.06                     562.5921                 
2.07                     562.80804                
2.08                     563.0236                 
2.09                     563.23895                
2.1                      563.454                  
2.11                     563.6687                 
2.12                     563.8831                 
2.13                     564.0972                 
2.14                     564.3111                 
2.15                     564.5246                 
2.16                     564.7378                 
2.17                     564.9507                 
2.18                     565.1633                 
2.19                     565.3756                 
2.2                      565.58765                
2.21                     565.7993                 
2.22                     566.01074                
2.23                     566.22186                
2.24                     566.4327                 
2.25                     566.6432                 
2.26                     566.8534                 
2.27                     567.0633                 
2.28                     567.2729                 
2.29                     567.4822                 
2.3                      567.69116                
2.31                     567.8999                 
2.32                     568.1083                 
2.33                     568.3164                 
2.34                     568.5242                 
2.35                     568.7317                 
2.36                     568.93884                
2.37                     569.14575                
2.38                     569.35236                
2.39                     569.55865                
2.4                      569.76465                
2.41                     569.97034                
2.42                     570.1757                 
2.43                     570.38086                
2.44                     570.58563                
2.45                     570.79016                
2.46                     570.9943                 
2.47                     571.19824                
2.48                     571.40186                
2.49                     571.6051                 
2.5                      571.8081                 
2.51                     572.0108                 
2.52                     572.2132                 
2.53                     572.41534                
2.54                     572.6171                 
2.55                     572.8186                 
2.56                     573.01984                
2.57                     573.22076                
2.58                     573.4213                 
2.59                     573.62164                
2.6                      573.82166                
2.61                     574.02136                
2.62                     574.2208                 
2.63                     574.4199                 
2.64                     574.6187                 
2.65                     574.81726                
2.66                     575.0155                 
2.67                     575.21344                
2.68                     575.4111                 
2.69                     575.6084                 
2.7                      575.8054                 
2.71                     576.0022                 
2.72                     576.19867                
2.73                     576.39484                
2.74                     576.5907                 
2.75                     576.78625                
2.76                     576.98157                
2.77                     577.1766                 
2.78                     577.3713                 
2.79                     577.5657                 
2.8                      577.75977                
2.81                     577.9536                 
2.82                     578.14716                
2.83                     578.3404                 
2.84                     578.5333                 
2.85                     578.726                  
2.86                     578.9184                 
2.87                     579.1105                 
2.88                     579.30225                
2.89                     579.4938                 
2.9                      579.685                  
2.91                     579.8759                 
2.92                     580.0665                 
2.93                     580.2569                 
2.94                     580.44696                
2.95                     580.6367                 
2.96                     580.82623                
2.97                     581.01544                
2.98                     581.20435                
2.99                     581.39294                
3.0                      581.5813                 
3.01                     581.76935                
3.02                     581.9571                 
3.03                     582.1446                 
3.04                     582.3317                 
3.05                     582.5187                 
3.06                     582.70526                
3.07                     582.8916                 
3.08                     583.07764                
3.09                     583.2634                 
3.1                      583.4489                 
3.11                     583.6341                 
3.12                     583.819                  
3.13                     584.0036                 
3.14                     584.188                  
3.15                     584.372                  
3.16                     584.55585                
3.17                     584.7393                 
3.18                     584.92255                
3.19                     585.10547                
3.2                      585.28815                
3.21                     585.4705                 
3.22                     585.65265                
3.23                     585.8345                 
3.24                     586.016                  
3.25                     586.19727                
3.26                     586.37823                
3.27                     586.55896                
3.28                     586.7394                 
3.29                     586.9195                 
3.3                      587.09937                
3.31                     587.279                  
3.32                     587.45825                
3.33                     587.6373                 
3.34                     587.8161                 
3.35                     587.99457                
3.36                     588.1728                 
3.37                     588.3507                 
3.38                     588.5284                 
3.39                     588.70575                
3.4                      588.8829                 
3.41                     589.0597                 
3.42                     589.23627                
3.43                     589.41254                
3.44                     589.58856                
3.45                     589.76434                
3.46                     589.9398                 
3.47                     590.115                  
3.48                     590.2899                 
3.49                     590.4646                 
3.5                      590.639                  
3.51                     590.8131                 
3.52                     590.98694                
3.53                     591.1605                 
3.54                     591.33386                
3.55                     591.5069                 
3.56                     591.6796                 
3.57                     591.8522                 
3.58                     592.02435                
3.59                     592.19635                
3.6                      592.36804                
3.61                     592.5395                 
3.62                     592.71063                
3.63                     592.88153                
3.64                     593.0522                 
3.65                     593.22253                
3.66                     593.39264                
3.67                     593.5625                 
3.68                     593.73206                
3.69                     593.90137                
3.7                      594.07043                
3.71                     594.2392                 
3.72                     594.4077                 
3.73                     594.576                  
3.74                     594.74396                
3.75                     594.9117                 
3.76                     595.07916                
3.77                     595.2464                 
3.78                     595.4133                 
3.79                     595.58                   
3.8                      595.74646                
3.81                     595.9126                 
3.82                     596.07855                
3.83                     596.2442                 
3.84                     596.40955                
3.85                     596.5747                 
3.86                     596.73956                
3.87                     596.9042                 
3.88                     597.06854                
3.89                     597.23267                
3.9                      597.3965                 
3.91                     597.5601                 
3.92                     597.72345                
3.93                     597.88654                
3.94                     598.0493                 
3.95                     598.2119                 
3.96                     598.3742                 
3.97                     598.53625                
3.98                     598.69806                
3.99                     598.8596                 
4.0                      599.02094                
4.01                     599.18195                
4.02                     599.3428                 
4.03                     599.5033                 
4.04                     599.66364                
4.05                     599.82367                
4.06                     599.98346                
4.07                     600.143                  
4.08                     600.30225                
4.09                     600.4613                 
4.1                      600.6201                 
4.11                     600.7786                 
4.12                     600.93695                
4.13                     601.095                  
4.14                     601.2528                 
4.15                     601.41034                
4.16                     601.5676                 
4.17                     601.72473                
4.18                     601.88153                
4.19                     602.0381                 
4.2                      602.1944                 
4.21                     602.35046                
4.22                     602.5063                 
4.23                     602.6619                 
4.24                     602.81726                
4.25                     602.97235                
4.26                     603.1272                 
4.27                     603.2818                 
4.28                     603.4362                 
4.29                     603.59033                
4.3                      603.7442                 
4.31                     603.8979                 
4.32                     604.0513                 
4.33                     604.20447                
4.34                     604.35736                
4.35                     604.5101                 
4.36                     604.66254                
4.37                     604.8147                 
4.38                     604.9667                 
4.39                     605.1184                 
4.4                      605.2699                 
4.41                     605.4212                 
4.42                     605.5722                 
4.43                     605.72296                
4.44                     605.87354                
4.45                     606.0238                 
4.46                     606.1739                 
4.47                     606.3237                 
4.48                     606.4733                 
4.49                     606.62274                
4.5                      606.77185                
4.51                     606.9208                 
4.52                     607.0694                 
4.53                     607.21783                
4.54                     607.366                  
4.55                     607.51404                
4.56                     607.66174                
4.57                     607.80927                
4.58                     607.95654                
4.59                     608.1036                 
4.6                      608.2504                 
4.61                     608.397                  
4.62                     608.54333                
4.63                     608.68945                
4.64                     608.8354                 
4.65                     608.981                  
4.66                     609.12646                
4.67                     609.27167                
4.68                     609.4167                 
4.69                     609.56146                
4.7                      609.706                  
4.71                     609.8503                 
4.72                     609.9944                 
4.73                     610.13824                
4.74                     610.28186                
4.75                     610.4253                 
4.76                     610.5685                 
4.77                     610.7114                 
4.78                     610.8542                 
4.79                     610.9967                 
4.8                      611.139                  
4.81                     611.28107                
4.82                     611.4229                 
4.83                     611.5645                 
4.84                     611.70593                
4.85                     611.8471                 
4.86                     611.9881                 
4.87                     612.12885                
4.88                     612.26935                
4.89                     612.40967                
4.9                      612.54974                
4.91                     612.68964                
4.92                     612.8293                 
4.93                     612.96875                
4.94                     613.108                  
4.95                     613.24695                
4.96                     613.38574                
4.97                     613.5243                 
4.98                     613.66266                
4.99                     613.8008                 
5.0                      613.93866                
5.01                     614.07635                
5.02                     614.21387                
5.03                     614.35114                
5.04                     614.48816                
5.05                     614.625                  
5.06                     614.76166                
5.07                     614.8981                 
5.08                     615.03424                
5.09                     615.1702                 
5.1                      615.30597                
5.11                     615.4415                 
5.12                     615.5769                 
5.13                     615.71204                
5.14                     615.847                  
5.15                     615.9817                 
5.16                     616.1162                 
5.17                     616.2505                 
5.18                     616.3846                 
5.19                     616.5185                 
5.2                      616.65216                
5.21                     616.7856                 
5.22                     616.9189                 
5.23                     617.05194                
5.24                     617.18475                
5.25                     617.3174                 
5.26                     617.4498                 
5.27                     617.58203                
5.28                     617.71405                
5.29                     617.8459                 
5.3                      617.9775                 
5.31                     618.1089                 
5.32                     618.2401                 
5.33                     618.3711                 
5.34                     618.5019                 
5.35                     618.6325                 
5.36                     618.7629                 
5.37                     618.89307                
5.38                     619.0231                 
5.39                     619.15283                
5.4                      619.2824                 
5.41                     619.4118                 
5.42                     619.54095                
5.43                     619.6699                 
5.44                     619.7987                 
5.45                     619.9273                 
5.46                     620.0557                 
5.47                     620.1839                 
5.48                     620.3119                 
5.49                     620.43964                
5.5                      620.56726                
5.51                     620.69464                
5.52                     620.82184                
5.53                     620.94885                
5.54                     621.0756                 
5.55                     621.2022                 
5.56                     621.3286                 
5.57                     621.45483                
5.58                     621.5808                 
5.59                     621.70667                
5.6                      621.8323                 
5.61                     621.9577                 
5.62                     622.0829                 
5.63                     622.20795                
5.64                     622.33276                
5.65                     622.45746                
5.66                     622.5819                 
5.67                     622.7062                 
5.68                     622.8302                 
5.69                     622.9541                 
5.7                      623.0778                 
5.71                     623.2013                 
5.72                     623.3246                 
5.73                     623.4477                 
5.74                     623.5706                 
5.75                     623.69336                
5.76                     623.8159                 
5.77                     623.9383                 
5.78                     624.0604                 
5.79                     624.18243                
5.8                      624.3042                 
5.81                     624.4258                 
5.82                     624.54724                
5.83                     624.66846                
5.84                     624.7895                 
5.85                     624.91034                
5.86                     625.031                  
5.87                     625.1515                 
5.88                     625.2718                 
5.89                     625.3919                 
5.9                      625.51184                
5.91                     625.6316                 
5.92                     625.7511                 
5.93                     625.8705                 
5.94                     625.9897                 
5.95                     626.1087                 
5.96                     626.22754                
5.97                     626.3461                 
5.98                     626.4646                 
5.99                     626.5829                 
6.0                      626.701                  
6.01                     626.8189                 
6.02                     626.93665                
6.03                     627.0542                 
6.04                     627.1716                 
6.05                     627.28876                
6.06                     627.40576                
6.07                     627.5226                 
6.08                     627.6392                 
6.09                     627.7557                 
6.1                      627.872                  
6.11                     627.9881                 
6.12                     628.104                  
6.13                     628.2198                 
6.14                     628.3354                 
6.15                     628.45074                
6.16                     628.566                  
6.17                     628.681                  
6.18                     628.7959                 
6.19                     628.9106                 
6.2                      629.0251                 
6.21                     629.13947                
6.22                     629.2536                 
6.23                     629.3676                 
6.24                     629.48145                
6.25                     629.59503                
6.26                     629.70856                
6.27                     629.82184                
6.28                     629.93494                
6.29                     630.0479                 
6.3                      630.16064                
6.31                     630.27325                
6.32                     630.3857                 
6.33                     630.4979                 
6.34                     630.61005                
6.35                     630.7219                 
6.36                     630.8337                 
6.37                     630.94525                
6.38                     631.05664                
6.39                     631.1679                 
6.4                      631.279                  
6.41                     631.38983                
6.42                     631.50055                
6.43                     631.61115                
6.44                     631.7215                 
6.45                     631.8317                 
6.46                     631.9418                 
6.47                     632.05164                
6.48                     632.1614                 
6.49                     632.27094                
6.5                      632.3803                 
6.51                     632.4895                 
6.52                     632.5986                 
6.53                     632.70746                
6.54                     632.81616                
6.55                     632.9247                 
6.56                     633.0331                 
6.57                     633.1413                 
6.58                     633.2493                 
6.59                     633.35724                
6.6                      633.46497                
6.61                     633.5725                 
6.62                     633.67993                
6.63                     633.7872                 
6.64                     633.8942                 
6.65                     634.0011                 
6.66                     634.10785                
6.67                     634.2145                 
6.68                     634.32086                
6.69                     634.4271                 
6.7                      634.5332                 
6.71                     634.63916                
6.72                     634.74493                
6.73                     634.8505                 
6.74                     634.956                  
6.75                     635.0613                 
6.76                     635.16644                
6.77                     635.2714                 
6.78                     635.3762                 
6.79                     635.4809                 
6.8                      635.5854                 
6.81                     635.68976                
6.82                     635.7939                 
6.83                     635.89795                
6.84                     636.00183                
6.85                     636.1055                 
6.86                     636.20905                
6.87                     636.31244                
6.88                     636.4157                 
6.89                     636.5188                 
6.9                      636.6217                 
6.91                     636.7245                 
6.92                     636.8271                 
6.93                     636.92957                
6.94                     637.03186                
6.95                     637.13403                
6.96                     637.236                  
6.97                     637.3379                 
6.98                     637.4396                 
6.99                     637.5411                 
7.0                      637.6425                 
7.01                     637.7437                 
7.02                     637.8448                 
7.03                     637.94574                
7.04                     638.0465                 
7.05                     638.1471                 
7.06                     638.24756                
7.07                     638.3479                 
7.08                     638.44806                
7.09                     638.5481                 
7.1                      638.64795                
7.11                     638.7477                 
7.12                     638.8472                 
7.13                     638.94666                
7.14                     639.0459                 
7.15                     639.145                  
7.16                     639.244                  
7.17                     639.34283                
7.18                     639.44147                
7.19                     639.54004                
7.2                      639.63837                
7.21                     639.73663                
7.22                     639.8347                 
7.23                     639.9326                 
7.24                     640.0304                 
7.25                     640.12805                
7.26                     640.2255                 
7.27                     640.3229                 
7.28                     640.4201                 
7.29                     640.51715                
7.3                      640.6141                 
7.31                     640.7108                 
7.32                     640.80743                
7.33                     640.90393                
7.34                     641.00024                
7.35                     641.09644                
7.36                     641.1925                 
7.37                     641.2884                 
7.38                     641.38416                
7.39                     641.47974                
7.4                      641.5752                 
7.41                     641.67053                
7.42                     641.76575                
7.43                     641.8608                 
7.44                     641.9557                 
7.45                     642.0504                 
7.46                     642.145                  
7.47                     642.2395                 
7.48                     642.33386                
7.49                     642.42804                
7.5                      642.5221                 
7.51                     642.616                  
7.52                     642.7098                 
7.53                     642.8034                 
7.54                     642.8969                 
7.55                     642.99023                
7.56                     643.0835                 
7.57                     643.1766                 
7.58                     643.2695                 
7.59                     643.3623                 
7.6                      643.45496                
7.61                     643.5475                 
7.62                     643.6399                 
7.63                     643.7321                 
7.64                     643.8242                 
7.65                     643.9162                 
7.66                     644.00806                
7.67                     644.09973                
7.68                     644.1913                 
7.69                     644.2827                 
7.7                      644.374                  
7.71                     644.4652                 
7.72                     644.5562                 
7.73                     644.6471                 
7.74                     644.73785                
7.75                     644.8285                 
7.76                     644.91895                
7.77                     645.0093                 
7.78                     645.09955                
7.79                     645.18964                
7.8                      645.27954                
7.81                     645.3694                 
7.82                     645.45905                
7.83                     645.5486                 
7.84                     645.63806                
7.85                     645.7273                 
7.86                     645.81647                
7.87                     645.9055                 
7.88                     645.9944                 
7.89                     646.0831                 
7.9                      646.1718                 
7.91                     646.2603                 
7.92                     646.34863                
7.93                     646.4369                 
7.94                     646.525                  
7.95                     646.613                  
7.96                     646.7008                 
7.97                     646.7886                 
7.98                     646.87616                
7.99                     646.9636                 
8.0                      647.05096                
8.01                     647.1381                 
8.02                     647.2252                 
8.03                     647.3122                 
8.04                     647.399                  
8.05                     647.48566                
8.06                     647.57227                
8.07                     647.6587                 
8.08                     647.745                  
8.09                     647.8312                 
8.1                      647.91724                
8.11                     648.0032                 
8.12                     648.089                  
8.13                     648.1747                 
8.14                     648.2602                 
8.15                     648.34564                
8.16                     648.43097                
8.17                     648.5161                 
8.18                     648.6012                 
8.19                     648.6861                 
8.2                      648.77094                
8.21                     648.8556                 
8.22                     648.9402                 
8.23                     649.0246                 
8.24                     649.1089                 
8.25                     649.1931                 
8.26                     649.27716                
8.27                     649.3611                 
8.28                     649.4449                 
8.29                     649.5286                 
8.3                      649.6122                 
8.31                     649.6956                 
8.32                     649.779                  
8.33                     649.8622                 
8.34                     649.94525                
8.35                     650.0282                 
8.36                     650.1111                 
8.37                     650.1938                 
8.38                     650.27637                
8.39                     650.3589                 
8.4                      650.4412                 
8.41                     650.5235                 
8.42                     650.6056                 
8.43                     650.6876                 
8.44                     650.7695                 
8.45                     650.85126                
8.46                     650.9329                 
8.47                     651.01447                
8.48                     651.0958                 
8.49                     651.1771                 
8.5                      651.2583                 
8.51                     651.33936                
8.52                     651.4203                 
8.53                     651.5011                 
8.54                     651.58185                
8.55                     651.6624                 
8.56                     651.74286                
8.57                     651.82324                
8.58                     651.9035                 
8.59                     651.9836                 
8.6                      652.0636                 
8.61                     652.1435                 
8.62                     652.22327                
8.63                     652.3029                 
8.64                     652.38245                
8.65                     652.4619                 
8.66                     652.5412                 
8.67                     652.6204                 
8.68                     652.69946                
8.69                     652.77844                
8.7                      652.8573                 
8.71                     652.93604                
8.72                     653.01465                
8.73                     653.0932                 
8.74                     653.1716                 
8.75                     653.2499                 
8.76                     653.32806                
8.77                     653.4061                 
8.78                     653.4841                 
8.79                     653.5619                 
8.8                      653.6396                 
8.81                     653.7172                 
8.82                     653.79474                
8.83                     653.87213                
8.84                     653.9494                 
8.85                     654.02655                
8.86                     654.10364                
8.87                     654.18054                
8.88                     654.2574                 
8.89                     654.3341                 
8.9                      654.4107                 
8.91                     654.48724                
8.92                     654.5636                 
8.93                     654.6399                 
8.94                     654.71606                
8.95                     654.7922                 
8.96                     654.8681                 
8.97                     654.944                  
8.98                     655.0197                 
8.99                     655.09534                
9.0                      655.17084                
9.01                     655.2463                 
9.02                     655.3216                 
9.03                     655.3968                 
9.04                     655.47186                
9.05                     655.5469                 
9.06                     655.62177                
9.07                     655.69653                
9.08                     655.7712                 
9.09                     655.84576                
9.1                      655.92017                
9.11                     655.9945                 
9.12                     656.0688                 
9.13                     656.1429                 
9.14                     656.2169                 
9.15                     656.29083                
9.16                     656.3647                 
9.17                     656.43835                
9.18                     656.51196                
9.19                     656.5855                 
9.2                      656.6589                 
9.21                     656.7322                 
9.22                     656.80536                
9.23                     656.8785                 
9.24                     656.9514                 
9.25                     657.0243                 
9.26                     657.0971                 
9.27                     657.16974                
9.28                     657.2423                 
9.29                     657.31476                
9.3                      657.38715                
9.31                     657.4594                 
9.32                     657.53156                
9.33                     657.6036                 
9.34                     657.67554                
9.35                     657.7474                 
9.36                     657.81915                
9.37                     657.8908                 
9.38                     657.96234                
9.39                     658.03375                
9.4                      658.1051                 
9.41                     658.17633                
9.42                     658.2475                 
9.43                     658.31854                
9.44                     658.38947                
9.45                     658.46027                
9.46                     658.531                  
9.47                     658.6017                 
9.48                     658.6722                 
9.49                     658.7426                 
9.5                      658.813                  
9.51                     658.8832                 
9.52                     658.95337                
9.53                     659.0234                 
9.54                     659.0933                 
9.55                     659.16315                
9.56                     659.2329                 
9.57                     659.30255                
9.58                     659.3721                 
9.59                     659.4415                 
9.6                      659.51086                
9.61                     659.58014                
9.62                     659.6493                 
9.63                     659.7183                 
9.64                     659.7873                 
9.65                     659.8562                 
9.66                     659.9249                 
9.67                     659.9936                 
9.68                     660.0622                 
9.69                     660.1307                 
9.7                      660.19904                
9.71                     660.26733                
9.72                     660.3355                 
9.73                     660.40356                
9.74                     660.47156                
9.75                     660.5395                 
9.76                     660.6073                 
9.77                     660.675                  
9.78                     660.7426                 
9.79                     660.8101                 
9.8                      660.87756                
9.81                     660.9449                 
9.82                     661.0121                 
9.83                     661.0793                 
9.84                     661.1463                 
9.85                     661.21326                
9.86                     661.2801                 
9.87                     661.34686                
9.88                     661.4135                 
9.89                     661.4801                 
9.9                      661.54663                
9.91                     661.613                  
9.92                     661.6793                 
9.93                     661.7455                 
9.94                     661.8116                 
9.95                     661.8776                 
9.96                     661.94354                
9.97                     662.0094                 
9.98                     662.07513                
9.99                     662.1408                 
10.0                     662.20636                
10.01                    662.2718                 
10.02                    662.33716                
10.03                    662.40247                
10.04                    662.46765                
10.05                    662.5328                 
10.06                    662.5978                 
10.07                    662.6627                 
10.08                    662.72754                
10.09                    662.7923                 
10.1                     662.857                  
10.11                    662.9216                 
10.12                    662.986                  
10.13                    663.0504                 
10.14                    663.11475                
10.15                    663.17896                
10.16                    663.2431                 
10.17                    663.3071                 
10.18                    663.3711                 
10.19                    663.43494                
10.2                     663.4987                 
10.21                    663.56244                
10.22                    663.62604                
10.23                    663.6895                 
10.24                    663.7529                 
10.25                    663.8163                 
10.26                    663.8795                 
10.27                    663.9427                 
10.28                    664.0058                 
10.29                    664.0688                 
10.3                     664.13165                
10.31                    664.19446                
10.32                    664.2572                 
10.33                    664.3198                 
10.34                    664.3824                 
10.35                    664.4449                 
10.36                    664.50726                
10.37                    664.5695                 
10.38                    664.6318                 
10.39                    664.6939                 
10.4                     664.7559                 
10.41                    664.8179                 
10.42                    664.87976                
10.43                    664.9415                 
10.44                    665.00323                
10.45                    665.0648                 
10.46                    665.12634                
10.47                    665.1878                 
10.48                    665.2492                 
10.49                    665.3104                 
10.5                     665.37164                
10.51                    665.43274                
10.52                    665.4938                 
10.53                    665.5547                 
10.54                    665.6156                 
10.55                    665.67633                
10.56                    665.73706                
10.57                    665.79767                
10.58                    665.85815                
10.59                    665.9186                 
10.6                     665.97894                
10.61                    666.03925                
10.62                    666.0994                 
10.63                    666.15955                
10.64                    666.21954                
10.65                    666.27954                
10.66                    666.33936                
10.67                    666.3992                 
10.68                    666.45886                
10.69                    666.5185                 
10.7                     666.578                  
10.71                    666.63745                
10.72                    666.69684                
10.73                    666.75616                
10.74                    666.81537                
10.75                    666.8745                 
10.76                    666.93353                
10.77                    666.9925                 
10.78                    667.0514                 
10.79                    667.1102                 
10.8                     667.16895                
10.81                    667.2276                 
10.82                    667.28613                
10.83                    667.34467                
10.84                    667.4031                 
10.85                    667.46136                
10.86                    667.51965                
10.87                    667.5778                 
10.88                    667.6359                 
10.89                    667.6939                 
10.9                     667.75183                
10.91                    667.8097                 
10.92                    667.8675                 
10.93                    667.9252                 
10.94                    667.9828                 
10.95                    668.04034                
10.96                    668.0978                 
10.97                    668.15515                
10.98                    668.21246                
10.99                    668.2697                 
11.0                     668.32684                
11.01                    668.3839                 
11.02                    668.4409                 
11.03                    668.49786                
11.04                    668.5547                 
11.05                    668.61145                
11.06                    668.66815                
11.07                    668.72473                
11.08                    668.78125                
11.09                    668.8377                 
11.1                     668.8941                 
11.11                    668.95044                
11.12                    669.00665                
11.13                    669.0628                 
11.14                    669.11884                
11.15                    669.17487                
11.16                    669.2308                 
11.17                    669.2866                 
11.18                    669.3424                 
11.19                    669.3981                 
11.2                     669.45374                
11.21                    669.5093                 
11.22                    669.56476                
11.23                    669.6202                 
11.24                    669.67554                
11.25                    669.7308                 
11.26                    669.786                  
11.27                    669.8411                 
11.28                    669.8962                 
11.29                    669.9511                 
11.3                     670.00604                
11.31                    670.06085                
11.32                    670.1156                 
11.33                    670.1703                 
11.34                    670.2249                 
11.35                    670.2794                 
11.36                    670.33386                
11.37                    670.3883                 
11.38                    670.44257                
11.39                    670.4968                 
11.4                     670.551                  
11.41                    670.6051                 
11.42                    670.6591                 
11.43                    670.7131                 
11.44                    670.76697                
11.45                    670.8208                 
11.46                    670.8745                 
11.47                    670.92816                
11.48                    670.98175                
11.49                    671.0353                 
11.5                     671.08875                
11.51                    671.14215                
11.52                    671.19543                
11.53                    671.24866                
11.54                    671.3018                 
11.55                    671.3549                 
11.56                    671.40796                
11.57                    671.46094                
11.58                    671.5138                 
11.59                    671.56665                
11.6                     671.6194                 
11.61                    671.67206                
11.62                    671.7247                 
11.63                    671.77716                
11.64                    671.82965                
11.65                    671.8821                 
11.66                    671.9344                 
11.67                    671.98663                
11.68                    672.0388                 
11.69                    672.09094                
11.7                     672.143                  
11.71                    672.19495                
11.72                    672.2469                 
11.73                    672.2987                 
11.74                    672.3505                 
11.75                    672.4022                 
11.76                    672.45386                
11.77                    672.50543                
11.78                    672.55695                
11.79                    672.60834                
11.8                     672.6597                 
11.81                    672.711                  
11.82                    672.76227                
11.83                    672.8134                 
11.84                    672.8645                 
11.85                    672.9155                 
11.86                    672.9665                 
11.87                    673.0174                 
11.88                    673.06824                
11.89                    673.11896                
11.9                     673.1697                 
11.91                    673.2203                 
11.92                    673.2708                 
11.93                    673.32135                
11.94                    673.37177                
11.95                    673.4221                 
11.96                    673.4724                 
11.97                    673.52264                
11.98                    673.5728                 
11.99                    673.62286                
12.0                     673.6729                 
12.01                    673.72284                
12.02                    673.77277                
12.03                    673.8226                 
12.04                    673.8724                 
12.05                    673.92206                
12.06                    673.9717                 
12.07                    674.02124                
12.08                    674.07074                
12.09                    674.1202                 
12.1                     674.16956                
12.11                    674.2189                 
12.12                    674.2681                 
12.13                    674.3173                 
12.14                    674.3664                 
12.15                    674.41547                
12.16                    674.4644                 
12.17                    674.51337                
12.18                    674.5622                 
12.19                    674.611                  
12.2                     674.6597                 
12.21                    674.7084                 
12.22                    674.757                  
12.23                    674.80554                
12.24                    674.854                  
12.25                    674.9024                 
12.26                    674.95074                
12.27                    674.999                  
12.28                    675.04724                
12.29                    675.0954                 
12.3                     675.1435                 
12.31                    675.1915                 
12.32                    675.2395                 
12.33                    675.2874                 
12.34                    675.33527                
12.35                    675.38306                
12.36                    675.4308                 
12.37                    675.4785                 
12.38                    675.5261                 
12.39                    675.57367                
12.4                     675.62115                
12.41                    675.6686                 
12.42                    675.71594                
12.43                    675.76324                
12.44                    675.8105                 
12.45                    675.85767                
12.46                    675.90485                
12.47                    675.9519                 
12.48                    675.9989                 
12.49                    676.04584                
12.5                     676.0927                 
12.51                    676.1395                 
12.52                    676.1863                 
12.53                    676.23303                
12.54                    676.27966                
12.55                    676.32623                
12.56                    676.37274                
12.57                    676.4192                 
12.58                    676.46564                
12.59                    676.51196                
12.6                     676.5582                 
12.61                    676.6045                 
12.62                    676.65063                
12.63                    676.6967                 
12.64                    676.7428                 
12.65                    676.78876                
12.66                    676.8347                 
12.67                    676.88055                
12.68                    676.9264                 
12.69                    676.9721                 
12.7                     677.0178                 
12.71                    677.0635                 
12.72                    677.109                  
12.73                    677.15454                
12.74                    677.2                    
12.75                    677.2454                 
12.76                    677.2908                 
12.77                    677.33606                
12.78                    677.3813                 
12.79                    677.42645                
12.8                     677.47156                
12.81                    677.5166                 
12.82                    677.5616                 
12.83                    677.6065                 
12.84                    677.6514                 
12.85                    677.6962                 
12.86                    677.741                  
12.87                    677.7857                 
12.88                    677.8304                 
12.89                    677.87494                
12.9                     677.9195                 
12.91                    677.964                  
12.92                    678.0084                 
12.93                    678.0528                 
12.94                    678.0971                 
12.95                    678.14136                
12.96                    678.18555                
12.97                    678.2297                 
12.98                    678.2738                 
12.99                    678.3178                 
13.0                     678.3618                 
13.01                    678.4057                 
13.02                    678.4496                 
13.03                    678.4934                 
13.04                    678.5371                 
13.05                    678.5808                 
13.06                    678.62445                
13.07                    678.668                  
13.08                    678.7116                 
13.09                    678.75507                
13.1                     678.79846                
13.11                    678.84186                
13.12                    678.88513                
13.13                    678.9284                 
13.14                    678.9716                 
13.15                    679.0148                 
13.16                    679.05786                
13.17                    679.1009                 
13.18                    679.14386                
13.19                    679.18677                
13.2                     679.2297                 
13.21                    679.27246                
13.22                    679.31525                
13.23                    679.358                  
13.24                    679.40063                
13.25                    679.44324                
13.26                    679.4858                 
13.27                    679.52826                
13.28                    679.5707                 
13.29                    679.6131                 
13.3                     679.6554                 
13.31                    679.6977                 
13.32                    679.7399                 
13.33                    679.7821                 
13.34                    679.8242                 
13.35                    679.8663                 
13.36                    679.9083                 
13.37                    679.95026                
13.38                    679.9922                 
13.39                    680.03406                
13.4                     680.07587                
13.41                    680.1176                 
13.42                    680.1593                 
13.43                    680.2009                 
13.44                    680.2425                 
13.45                    680.28406                
13.46                    680.32556                
13.47                    680.367                  
13.48                    680.4084                 
13.49                    680.44977                
13.5                     680.491                  
13.51                    680.5323                 
13.52                    680.5735                 
13.53                    680.6147                 
13.54                    680.65576                
13.55                    680.69684                
13.56                    680.7378                 
13.57                    680.77875                
13.58                    680.81964                
13.59                    680.8605                 
13.6                     680.9013                 
13.61                    680.942                  
13.62                    680.9827                 
13.63                    681.0234                 
13.64                    681.06396                
13.65                    681.10455                
13.66                    681.145                  
13.67                    681.1855                 
13.68                    681.2259                 
13.69                    681.26624                
13.7                     681.3065                 
13.71                    681.34674                
13.72                    681.38696                
13.73                    681.4271                 
13.74                    681.4672                 
13.75                    681.50726                
13.76                    681.54724                
13.77                    681.5872                 
13.78                    681.62714                
13.79                    681.667                  
13.8                     681.7068                 
13.81                    681.7465                 
13.82                    681.78625                
13.83                    681.82587                
13.84                    681.8655                 
13.85                    681.9051                 
13.86                    681.9446                 
13.87                    681.9841                 
13.88                    682.02344                
13.89                    682.0628                 
13.9                     682.1022                 
13.91                    682.1414                 
13.92                    682.18066                
13.93                    682.21985                
13.94                    682.259                  
13.95                    682.29803                
13.96                    682.3371                 
13.97                    682.3761                 
13.98                    682.41504                
13.99                    682.4539                 
14.0                     682.49274                
14.01                    682.53156                
14.02                    682.5703                 
14.03                    682.609                  
14.04                    682.64764                
14.05                    682.6863                 
14.06                    682.72485                
14.07                    682.76337                
14.08                    682.8018                 
14.09                    682.8403                 
14.1                     682.8786                 
14.11                    682.91693                
14.12                    682.95526                
14.13                    682.99347                
14.14                    683.0317                 
14.15                    683.0698                 
14.16                    683.1079                 
14.17                    683.146                  
14.18                    683.18396                
14.19                    683.2219                 
14.2                     683.2599                 
14.21                    683.2977                 
14.22                    683.3356                 
14.23                    683.37335                
14.24                    683.4111                 
14.25                    683.4488                 
14.26                    683.4864                 
14.27                    683.524                  
14.28                    683.5616                 
14.29                    683.59906                
14.3                     683.63654                
14.31                    683.67395                
14.32                    683.7113                 
14.33                    683.74866                
14.34                    683.78595                
14.35                    683.8232                 
14.36                    683.86035                
14.37                    683.8975                 
14.38                    683.93463                
14.39                    683.9717                 
14.4                     684.0087                 
14.41                    684.0457                 
14.42                    684.08264                
14.43                    684.1195                 
14.44                    684.1564                 
14.45                    684.1931                 
14.46                    684.2299                 
14.47                    684.2666                 
14.48                    684.3033                 
14.49                    684.3399                 
14.5                     684.37646                
14.51                    684.413                  
14.52                    684.4495                 
14.53                    684.48596                
14.54                    684.52234                
14.55                    684.5587                 
14.56                    684.59503                
14.57                    684.6313                 
14.58                    684.66754                
14.59                    684.70374                
14.6                     684.73987                
14.61                    684.776                  
14.62                    684.812                  
14.63                    684.8481                 
14.64                    684.88403                
14.65                    684.92                   
14.66                    684.9559                 
14.67                    684.9917                 
14.68                    685.0275                 
14.69                    685.0633                 
14.7                     685.099                  
14.71                    685.13464                
14.72                    685.1703                 
14.73                    685.2059                 
14.74                    685.24146                
14.75                    685.277                  
14.76                    685.31244                
14.77                    685.34784                
14.78                    685.38324                
14.79                    685.4186                 
14.8                     685.45386                
14.81                    685.48914                
14.82                    685.52435                
14.83                    685.5595                 
14.84                    685.59467                
14.85                    685.62976                
14.86                    685.6648                 
14.87                    685.6998                 
14.88                    685.7348                 
14.89                    685.7697                 
14.9                     685.8046                 
14.91                    685.8395                 
14.92                    685.87427                
14.93                    685.90906                
14.94                    685.9438                 
14.95                    685.97845                
14.96                    686.0131                 
14.97                    686.04767                
14.98                    686.0823                 
14.99                    686.11676                
15.0                     686.15125                
15.01                    686.1857                 
15.02                    686.2201                 
15.03                    686.25446                
15.04                    686.2888                 
15.05                    686.32306                
15.06                    686.3573                 
15.07                    686.39154                
15.08                    686.42566                
15.09                    686.4598                 
15.1                     686.4939                 
15.11                    686.5279                 
15.12                    686.5619                 
15.13                    686.5959                 
15.14                    686.6298                 
15.15                    686.6637                 
15.16                    686.6975                 
15.17                    686.7313                 
15.18                    686.7651                 
15.19                    686.7988                 
15.2                     686.8325                 
15.21                    686.86615                
15.22                    686.8998                 
15.23                    686.93335                
15.24                    686.96686                
15.25                    687.00037                
15.26                    687.0338                 
15.27                    687.06726                
15.28                    687.1006                 
15.29                    687.134                  
15.3                     687.16724                
15.31                    687.2005                 
15.32                    687.2337                 
15.33                    687.2669                 
15.34                    687.30005                
15.35                    687.3331                 
15.36                    687.3662                 
15.37                    687.39923                
15.38                    687.43225                
15.39                    687.4652                 
15.4                     687.4981                 
15.41                    687.531                  
15.42                    687.56384                
15.43                    687.5966                 
15.44                    687.6294                 
15.45                    687.6621                 
15.46                    687.6948                 
15.47                    687.7274                 
15.48                    687.7601                 
15.49                    687.7926                 
15.5                     687.8252                 
15.51                    687.85767                
15.52                    687.89014                
15.53                    687.92255                
15.54                    687.95496                
15.55                    687.9873                 
15.56                    688.0196                 
15.57                    688.0519                 
15.58                    688.0841                 
15.59                    688.11633                
15.6                     688.1485                 
15.61                    688.1806                 
15.62                    688.2127                 
15.63                    688.24475                
15.64                    688.2768                 
15.65                    688.3088                 
15.66                    688.3407                 
15.67                    688.3726                 
15.68                    688.4045                 
15.69                    688.4363                 
15.7                     688.4681                 
15.71                    688.4999                 
15.72                    688.53156                
15.73                    688.5633                 
15.74                    688.5949                 
15.75                    688.6265                 
15.76                    688.65814                
15.77                    688.6897                 
15.78                    688.7212                 
15.79                    688.7527                 
15.8                     688.7842                 
15.81                    688.81555                
15.82                    688.8469                 
15.83                    688.8783                 
15.84                    688.9096                 
15.85                    688.94086                
15.86                    688.9721                 
15.87                    689.0033                 
15.88                    689.0345                 
15.89                    689.0656                 
15.9                     689.0967                 
15.91                    689.12775                
15.92                    689.1588                 
15.93                    689.18976                
15.94                    689.22076                
15.95                    689.25165                
15.96                    689.28253                
15.97                    689.3134                 
15.98                    689.3442                 
15.99                    689.375                  
16.0                     689.4057                 
16.01                    689.43646                
16.02                    689.4671                 
16.03                    689.49774                
16.04                    689.5284                 
16.05                    689.55896                
16.06                    689.5895                 
16.07                    689.62                   
16.08                    689.65045                
16.09                    689.6809                 
16.1                     689.7113                 
16.11                    689.74164                
16.12                    689.772                  
16.13                    689.8023                 
16.14                    689.8325                 
16.15                    689.8628                 
16.16                    689.89294                
16.17                    689.92316                
16.18                    689.95325                
16.19                    689.98334                
16.2                     690.0134                 
16.21                    690.04346                
16.22                    690.0734                 
16.23                    690.1034                 
16.24                    690.1333                 
16.25                    690.1632                 
16.26                    690.19305                
16.27                    690.2229                 
16.28                    690.2527                 
16.29                    690.2824                 
16.3                     690.31213                
16.31                    690.34186                
16.32                    690.3715                 
16.33                    690.4011                 
16.34                    690.4307                 
16.35                    690.46027                
16.36                    690.4898                 
16.37                    690.5193                 
16.38                    690.54877                
16.39                    690.5782                 
16.4                     690.60754                
16.41                    690.6369                 
16.42                    690.66626                
16.43                    690.69556                
16.44                    690.7248                 
16.45                    690.754                  
16.46                    690.7832                 
16.47                    690.8124                 
16.48                    690.8415                 
16.49                    690.8706                 
16.5                     690.89966                
16.51                    690.9287                 
16.52                    690.9577                 
16.53                    690.9867                 
16.54                    691.0156                 
16.55                    691.0445                 
16.56                    691.07336                
16.57                    691.10223                
16.58                    691.13104                
16.59                    691.1598                 
16.6                     691.18854                
16.61                    691.2172                 
16.62                    691.2459                 
16.63                    691.27454                
16.64                    691.30316                
16.65                    691.3317                 
16.66                    691.3603                 
16.67                    691.3888                 
16.68                    691.4173                 
16.69                    691.44574                
16.7                     691.4742                 
16.71                    691.50256                
16.72                    691.53094                
16.73                    691.55927                
16.74                    691.5875                 
16.75                    691.6158                 
16.76                    691.64404                
16.77                    691.67224                
16.78                    691.7004                 
16.79                    691.7285                 
16.8                     691.75665                
16.81                    691.7847                 
16.82                    691.81274                
16.83                    691.84076                
16.84                    691.8687                 
16.85                    691.89667                
16.86                    691.9246                 
16.87                    691.95245                
16.88                    691.98035                
16.89                    692.0082                 
16.9                     692.03595                
16.91                    692.0637                 
16.92                    692.09143                
16.93                    692.11914                
16.94                    692.1468                 
16.95                    692.17444                
16.96                    692.202                  
16.97                    692.2296                 
16.98                    692.25714                
16.99                    692.28467                
17.0                     692.31213                
17.01                    692.3396                 
17.02                    692.367                  
17.03                    692.3944                 
17.04                    692.42175                
17.05                    692.4491                 
17.06                    692.4764                 
17.07                    692.50366                
17.08                    692.5309                 
17.09                    692.5581                 
17.1                     692.58527                
17.11                    692.6124                 
17.12                    692.6395                 
17.13                    692.6666                 
17.14                    692.69366                
17.15                    692.7207                 
17.16                    692.74774                
17.17                    692.77466                
17.18                    692.80164                
17.19                    692.8285                 
17.2                     692.8554                 
17.21                    692.8822                 
17.22                    692.90906                
17.23                    692.93585                
17.24                    692.9626                 
17.25                    692.9893                 
17.26                    693.016                  
17.27                    693.04266                
17.28                    693.0693                 
17.29                    693.0959                 
17.3                     693.12244                
17.31                    693.149                  
17.32                    693.17554                
17.33                    693.202                  
17.34                    693.22845                
17.35                    693.2549                 
17.36                    693.28125                
17.37                    693.3076                 
17.38                    693.334                  
17.39                    693.3603                 
17.4                     693.38654                
17.41                    693.4128                 
17.42                    693.439                  
17.43                    693.4652                 
17.44                    693.49133                
17.45                    693.5175                 
17.46                    693.5436                 
17.47                    693.56964                
17.48                    693.5957                 
17.49                    693.6217                 
17.5                     693.6477                 
17.51                    693.67365                
17.52                    693.6996                 
17.53                    693.72546                
17.54                    693.75134                
17.55                    693.77716                
17.56                    693.803                  
17.57                    693.82874                
17.58                    693.8545                 
17.59                    693.8802                 
17.6                     693.9059                 
17.61                    693.9315                 
17.62                    693.95715                
17.63                    693.9828                 
17.64                    694.00836                
17.65                    694.0339                 
17.66                    694.0594                 
17.67                    694.0849                 
17.68                    694.11035                
17.69                    694.1358                 
17.7                     694.1612                 
17.71                    694.1865                 
17.72                    694.2119                 
17.73                    694.2372                 
17.74                    694.2625                 
17.75                    694.2877                 
17.76                    694.313                  
17.77                    694.33813                
17.78                    694.36334                
17.79                    694.3885                 
17.8                     694.4136                 
17.81                    694.43866                
17.82                    694.46375                
17.83                    694.4888                 
17.84                    694.51373                
17.85                    694.5387                 
17.86                    694.56366                
17.87                    694.58856                
17.88                    694.61346                
17.89                    694.6383                 
17.9                     694.66315                
17.91                    694.6879                 
17.92                    694.7127                 
17.93                    694.7374                 
17.94                    694.76215                
17.95                    694.7868                 
17.96                    694.81146                
17.97                    694.8361                 
17.98                    694.8607                 
17.99                    694.88525                
18.0                     694.9098                 
18.01                    694.9343                 
18.02                    694.959                  
18.03                    694.9836                 
18.04                    695.0081                 
18.05                    695.03265                
18.06                    695.0572                 
18.07                    695.08167                
18.08                    695.10614                
18.09                    695.13055                
18.1                     695.15497                
18.11                    695.1794                 
18.12                    695.20374                
18.13                    695.2281                 
18.14                    695.2524                 
18.15                    695.2767                 
18.16                    695.30096                
18.17                    695.3252                 
18.18                    695.34937                
18.19                    695.37354                
18.2                     695.3977                 
18.21                    695.4219                 
18.22                    695.446                  
18.23                    695.47003                
18.24                    695.4941                 
18.25                    695.5181                 
18.26                    695.5421                 
18.27                    695.5661                 
18.28                    695.5901                 
18.29                    695.614                  
18.3                     695.6379                 
18.31                    695.6618                 
18.32                    695.68567                
18.33                    695.7095                 
18.34                    695.7333                 
18.35                    695.7571                 
18.36                    695.7808                 
18.37                    695.80457                
18.38                    695.82825                
18.39                    695.8519                 
18.4                     695.8756                 
18.41                    695.89923                
18.42                    695.9228                 
18.43                    695.9464                 
18.44                    695.97                   
18.45                    695.99347                
18.46                    696.01697                
18.47                    696.04047                
18.48                    696.06396                
18.49                    696.0874                 
18.5                     696.1108                 
18.51                    696.13416                
18.52                    696.15753                
18.53                    696.18085                
18.54                    696.20416                
18.55                    696.2275                 
18.56                    696.25073                
18.57                    696.274                  
18.58                    696.2972                 
18.59                    696.3204                 
18.6                     696.34357                
18.61                    696.3667                 
18.62                    696.3898                 
18.63                    696.4129                 
18.64                    696.436                  
18.65                    696.459                  
18.66                    696.48206                
18.67                    696.505                  
18.68                    696.528                  
18.69                    696.55096                
18.7                     696.57385                
18.71                    696.5968                 
18.72                    696.6196                 
18.73                    696.6425                 
18.74                    696.66534                
18.75                    696.6882                 
18.76                    696.71094                
18.77                    696.7337                 
18.78                    696.7564                 
18.79                    696.7791                 
18.8                     696.8018                 
18.81                    696.8245                 
18.82                    696.8471                 
18.83                    696.86975                
18.84                    696.89233                
18.85                    696.9149                 
18.86                    696.93744                
18.87                    696.95996                
18.88                    696.9825                 
18.89                    697.00494                
18.9                     697.0274                 
18.91                    697.04987                
18.92                    697.07227                
18.93                    697.09467                
18.94                    697.117                  
18.95                    697.13934                
18.96                    697.1616                 
18.97                    697.18396                
18.98                    697.20624                
18.99                    697.22845                
19.0                     697.2507                 
19.01                    697.2729                 
19.02                    697.29504                
19.03                    697.3172                 
19.04                    697.33936                
19.05                    697.36145                
19.06                    697.38354                
19.07                    697.4056                 
19.08                    697.4276                 
19.09                    697.44965                
19.1                     697.4716                 
19.11                    697.4936                 
19.12                    697.5155                 
19.13                    697.5375                 
19.14                    697.5593                 
19.15                    697.58124                
19.16                    697.6031                 
19.17                    697.62494                
19.18                    697.6467                 
19.19                    697.6685                 
19.2                     697.69025                
19.21                    697.71204                
19.22                    697.73376                
19.23                    697.75543                
19.24                    697.7771                 
19.25                    697.79877                
19.26                    697.8204                 
19.27                    697.842                  
19.28                    697.8636                 
19.29                    697.88513                
19.3                     697.9067                 
19.31                    697.92816                
19.32                    697.9497                 
19.33                    697.9711                 
19.34                    697.9926                 
19.35                    698.01404                
19.36                    698.03546                
19.37                    698.0568                 
19.38                    698.0782                 
19.39                    698.0995                 
19.4                     698.12085                
19.41                    698.14215                
19.42                    698.1634                 
19.43                    698.18463                
19.44                    698.2059                 
19.45                    698.22705                
19.46                    698.2482                 
19.47                    698.2694                 
19.48                    698.2906                 
19.49                    698.3117                 
19.5                     698.33276                
19.51                    698.3538                 
19.52                    698.3749                 
19.53                    698.39594                
19.54                    698.41693                
19.55                    698.4379                 
19.56                    698.45886                
19.57                    698.4798                 
19.58                    698.50073                
19.59                    698.52167                
19.6                     698.54254                
19.61                    698.56335                
19.62                    698.5842                 
19.63                    698.605                  
19.64                    698.6258                 
19.65                    698.64655                
19.66                    698.6673                 
19.67                    698.68805                
19.68                    698.70874                
19.69                    698.72943                
19.7                     698.75006                
19.71                    698.7707                 
19.72                    698.7913                 
19.73                    698.81195                
19.74                    698.8325                 
19.75                    698.853                  
19.76                    698.8736                 
19.77                    698.8941                 
19.78                    698.91455                
19.79                    698.93506                
19.8                     698.9555                 
19.81                    698.9759                 
19.82                    698.99634                
19.83                    699.01666                
19.84                    699.03705                
19.85                    699.0574                 
19.86                    699.0777                 
19.87                    699.098                  
19.88                    699.1183                 
19.89                    699.1385                 
19.9                     699.15875                
19.91                    699.17896                
19.92                    699.19916                
19.93                    699.2193                 
19.94                    699.23944                
19.95                    699.2596                 
19.96                    699.27966                
19.97                    699.29974                
19.98                    699.3198                 
19.99                    699.33984                
20.0                     699.35986                
20.01                    699.3799                 
20.02                    699.39984                
20.03                    699.4198                 
20.04                    699.43976                
20.05                    699.45966                
20.06                    699.47955                
20.07                    699.49945                
20.08                    699.5193                 
20.09                    699.5391                 
20.1                     699.5589                 
20.11                    699.57874                
20.12                    699.59845                
20.13                    699.6182                 
20.14                    699.63794                
20.15                    699.65765                
20.16                    699.6773                 
20.17                    699.697                  
20.18                    699.7166                 
20.19                    699.73627                
20.2                     699.75586                
20.21                    699.77545                
20.22                    699.795                  
20.23                    699.8145                 
20.24                    699.83405                
20.25                    699.8535                 
20.26                    699.87305                
20.27                    699.89246                
20.28                    699.9119                 
20.29                    699.93146                
20.3                     699.9509                 
20.31                    699.9704                 
20.32                    699.98987                
20.33                    700.0093                 
20.34                    700.0287                 
20.35                    700.0481                 
20.36                    700.06744                
20.37                    700.0868                 
20.38                    700.10614                
20.39                    700.1255                 
20.4                     700.1448                 
20.41                    700.16406                
20.42                    700.1833                 
20.43                    700.2026                 
20.44                    700.2218                 
20.45                    700.24097                
20.46                    700.2602                 
20.47                    700.27936                
20.48                    700.2985                 
20.49                    700.3176                 
20.5                     700.33673                
20.51                    700.35583                
20.52                    700.37494                
20.53                    700.394                  
20.54                    700.413                  
20.55                    700.432                  
20.56                    700.45105                
20.57                    700.47003                
20.58                    700.48895                
20.59                    700.50793                
20.6                     700.52686                
20.61                    700.5458                 
20.62                    700.56464                
20.63                    700.5835                 
20.64                    700.60236                
20.65                    700.6212                 
20.66                    700.64                   
20.67                    700.6588                 
20.68                    700.6776                 
20.69                    700.69635                
20.7                     700.7151                 
20.71                    700.7338                 
20.72                    700.75256                
20.73                    700.77124                
20.74                    700.7899                 
20.75                    700.80853                
20.76                    700.8272                 
20.77                    700.8458                 
20.78                    700.8644                 
20.79                    700.883                  
20.8                     700.90155                
20.81                    700.9201                 
20.82                    700.9386                 
20.83                    700.9571                 
20.84                    700.9756                 
20.85                    700.9941                 
20.86                    701.0125                 
20.87                    701.031                  
20.88                    701.0494                 
20.89                    701.0678                 
20.9                     701.0862                 
20.91                    701.10455                
20.92                    701.12286                
20.93                    701.14124                
20.94                    701.15955                
20.95                    701.17786                
20.96                    701.1961                 
20.97                    701.21436                
20.98                    701.2326                 
20.99                    701.25085                
21.0                     701.26904                
21.01                    701.28723                
21.02                    701.3054                 
21.03                    701.32355                
21.04                    701.3417                 
21.05                    701.3598                 
21.06                    701.3779                 
21.07                    701.396                  
21.08                    701.41406                
21.09                    701.4321                 
21.1                     701.45013                
21.11                    701.46814                
21.12                    701.48615                
21.13                    701.50415                
21.14                    701.5221                 
21.15                    701.54004                
21.16                    701.558                  
21.17                    701.57587                
21.18                    701.59375                
21.19                    701.61163                
21.2                     701.6295                 
21.21                    701.64734                
21.22                    701.66516                
21.23                    701.683                  
21.24                    701.70074                
21.25                    701.7185                 
21.26                    701.73627                
21.27                    701.754                  
21.28                    701.7717                 
21.29                    701.7894                 
21.3                     701.8071                 
21.31                    701.82477                
21.32                    701.84247                
21.33                    701.8601                 
21.34                    701.8777                 
21.35                    701.8953                 
21.36                    701.9129                 
21.37                    701.9304                 
21.38                    701.948                  
21.39                    701.9655                 
21.4                     701.98303                
21.41                    702.00055                
21.42                    702.018                  
21.43                    702.0355                 
21.44                    702.0529                 
21.45                    702.0704                 
21.46                    702.08777                
21.47                    702.10516                
21.48                    702.12256                
21.49                    702.13995                
21.5                     702.1573                 
21.51                    702.1746                 
21.52                    702.19196                
21.53                    702.2092                 
21.54                    702.2265                 
21.55                    702.2438                 
21.56                    702.26105                
21.57                    702.27826                
21.58                    702.2955                 
21.59                    702.3127                 
21.6                     702.32983                
21.61                    702.34705                
21.62                    702.3642                 
21.63                    702.3813                 
21.64                    702.39844                
21.65                    702.4155                 
21.66                    702.4326                 
21.67                    702.44965                
21.68                    702.46674                
21.69                    702.48376                
21.7                     702.5008                 
21.71                    702.51776                
21.72                    702.5347                 
21.73                    702.5517                 
21.74                    702.56866                
21.75                    702.58563                
21.76                    702.60254                
21.77                    702.61945                
21.78                    702.6363                 
21.79                    702.6532                 
21.8                     702.67004                
21.81                    702.6869                 
21.82                    702.7037                 
21.83                    702.7205                 
21.84                    702.7373                 
21.85                    702.7541                 
21.86                    702.7708                 
21.87                    702.78754                
21.88                    702.80426                
21.89                    702.821                  
21.9                     702.8377                 
21.91                    702.8544                 
21.92                    702.87103                
21.93                    702.88763                
21.94                    702.9043                 
21.95                    702.9209                 
21.96                    702.9375                 
21.97                    702.95404                
21.98                    702.97064                
21.99                    702.9872                 
22.0                     703.0037                 
22.01                    703.0202                 
22.02                    703.03674                
22.03                    703.0532                 
22.04                    703.0697                 
22.05                    703.0861                 
22.06                    703.10254                
22.07                    703.11896                
22.08                    703.1354                 
22.09                    703.1518                 
22.1                     703.16815                
22.11                    703.1845                 
22.12                    703.20087                
22.13                    703.21716                
22.14                    703.23346                
22.15                    703.24976                
22.16                    703.26605                
22.17                    703.2823                 
22.18                    703.2985                 
22.19                    703.31476                
22.2                     703.331                  
22.21                    703.34717                
22.22                    703.36334                
22.23                    703.3795                 
22.24                    703.3957                 
22.25                    703.4118                 
22.26                    703.4279                 
22.27                    703.44403                
22.28                    703.46014                
22.29                    703.4762                 
22.3                     703.49225                
22.31                    703.5083                 
22.32                    703.52435                
22.33                    703.54034                
22.34                    703.55634                
22.35                    703.5723                 
22.36                    703.58826                
22.37                    703.60425                
22.38                    703.6202                 
22.39                    703.63605                
22.4                     703.652                  
22.41                    703.66785                
22.42                    703.6837                 
22.43                    703.6996                 
22.44                    703.7154                 
22.45                    703.73126                
22.46                    703.7471                 
22.47                    703.7628                 
22.48                    703.7786                 
22.49                    703.7944                 
22.5                     703.8101                 
22.51                    703.82587                
22.52                    703.84155                
22.53                    703.8573                 
22.54                    703.873                  
22.55                    703.8886                 
22.56                    703.90436                
22.57                    703.92004                
22.58                    703.9357                 
22.59                    703.9514                 
22.6                     703.9671                 
22.61                    703.9827                 
22.62                    703.9984                 
22.63                    704.014                  
22.64                    704.0296                 
22.65                    704.0452                 
22.66                    704.0608                 
22.67                    704.07635                
22.68                    704.0919                 
22.69                    704.1074                 
22.7                     704.123                  
22.71                    704.1385                 
22.72                    704.15393                
22.73                    704.16943                
22.74                    704.18494                
22.75                    704.2004                 
22.76                    704.2158                 
22.77                    704.2312                 
22.78                    704.24664                
22.79                    704.262                  
22.8                     704.2774                 
22.81                    704.2928                 
22.82                    704.3081                 
22.83                    704.3235                 
22.84                    704.3388                 
22.85                    704.3541                 
22.86                    704.36945                
22.87                    704.3847                 
22.88                    704.39996                
22.89                    704.4152                 
22.9                     704.4305                 
22.91                    704.44574                
22.92                    704.46094                
22.93                    704.47614                
22.94                    704.49133                
22.95                    704.5065                 
22.96                    704.52167                
22.97                    704.5368                 
22.98                    704.55194                
22.99                    704.5671                 
23.0                     704.58215                
23.01                    704.5973                 
23.02                    704.61237                
23.03                    704.62744                
23.04                    704.64246                
23.05                    704.65753                
23.06                    704.67255                
23.07                    704.68756                
23.08                    704.7026                 
23.09                    704.7175                 
23.1                     704.73254                
23.11                    704.7475                 
23.12                    704.76245                
23.13                    704.77734                
23.14                    704.7923                 
23.15                    704.8072                 
23.16                    704.8221                 
23.17                    704.837                  
23.18                    704.8518                 
23.19                    704.8667                 
23.2                     704.88153                
23.21                    704.89636                
23.22                    704.91113                
23.23                    704.92596                
23.24                    704.94073                
23.25                    704.9555                 
23.26                    704.9703                 
23.27                    704.98505                
23.28                    704.99976                
23.29                    705.01447                
23.3                     705.0292                 
23.31                    705.0439                 
23.32                    705.0586                 
23.33                    705.07324                
23.34                    705.0879                 
23.35                    705.10254                
23.36                    705.1172                 
23.37                    705.1318                 
23.38                    705.14636                
23.39                    705.16095                
23.4                     705.17554                
23.41                    705.1901                 
23.42                    705.20465                
23.43                    705.21924                
23.44                    705.23376                
23.45                    705.2482                 
23.46                    705.26276                
23.47                    705.2772                 
23.48                    705.2917                 
23.49                    705.30615                
23.5                     705.3206                 
23.51                    705.3351                 
23.52                    705.3495                 
23.53                    705.3639                 
23.54                    705.3783                 
23.55                    705.3927                 
23.56                    705.40704                
23.57                    705.4214                 
23.58                    705.4357                 
23.59                    705.4501                 
23.6                     705.4644                 
23.61                    705.4787                 
23.62                    705.493                  
23.63                    705.5073                 
23.64                    705.52155                
23.65                    705.5358                 
23.66                    705.55005                
23.67                    705.5643                 
23.68                    705.5785                 
23.69                    705.5927                 
23.7                     705.60693                
23.71                    705.6211                 
23.72                    705.63525                
23.73                    705.6494                 
23.74                    705.6636                 
23.75                    705.67773                
23.76                    705.69183                
23.77                    705.70593                
23.78                    705.72003                
23.79                    705.73413                
23.8                     705.74817                
23.81                    705.7622                 
23.82                    705.7763                 
23.83                    705.79034                
23.84                    705.8043                 
23.85                    705.81836                
23.86                    705.83234                
23.87                    705.8463                 
23.88                    705.8603                 
23.89                    705.87427                
23.9                     705.8882                 
23.91                    705.9021                 
23.92                    705.9161                 
23.93                    705.92993                
23.94                    705.94385                
23.95                    705.95776                
23.96                    705.9716                 
23.97                    705.9855                 
23.98                    705.9993                 
23.99                    706.0131                 
24.0                     706.027                  
24.01                    706.0408                 
24.02                    706.05457                
24.03                    706.06836                
24.04                    706.08215                
24.05                    706.0959                 
24.06                    706.1097                 
24.07                    706.1234                 
24.08                    706.13715                
24.09                    706.1508                 
24.1                     706.16455                
24.11                    706.1782                 
24.12                    706.1919                 
24.13                    706.20557                
24.14                    706.21924                
24.15                    706.23285                
24.16                    706.2465                 
24.17                    706.26013                
24.18                    706.27374                
24.19                    706.2873                 
24.2                     706.3009                 
24.21                    706.31445                
24.22                    706.328                  
24.23                    706.34155                
24.24                    706.3551                 
24.25                    706.3686                 
24.26                    706.38214                
24.27                    706.3956                 
24.28                    706.4091                 
24.29                    706.4226                 
24.3                     706.43604                
24.31                    706.4495                 
24.32                    706.46295                
24.33                    706.4764                 
24.34                    706.48975                
24.35                    706.5032                 
24.36                    706.51654                
24.37                    706.52997                
24.38                    706.54333                
24.39                    706.5567                 
24.4                     706.57                   
24.41                    706.5834                 
24.42                    706.5967                 
24.43                    706.61                   
24.44                    706.6233                 
24.45                    706.63654                
24.46                    706.64984                
24.47                    706.6631                 
24.48                    706.67633                
24.49                    706.6896                 
24.5                     706.7028                 
24.51                    706.716                  
24.52                    706.72925                
24.53                    706.74243                
24.54                    706.7556                 
24.55                    706.76874                
24.56                    706.7819                 
24.57                    706.79504                
24.58                    706.8082                 
24.59                    706.8213                 
24.6                     706.8344                 
24.61                    706.84753                
24.62                    706.8606                 
24.63                    706.8737                 
24.64                    706.8868                 
24.65                    706.8998                 
24.66                    706.91284                
24.67                    706.9259                 
24.68                    706.9389                 
24.69                    706.9519                 
24.7                     706.9649                 
24.71                    706.9779                 
24.72                    706.99084                
24.73                    707.0038                 
24.74                    707.0168                 
24.75                    707.0297                 
24.76                    707.0426                 
24.77                    707.05554                
24.78                    707.0684                 
24.79                    707.08136                
24.8                     707.09424                
24.81                    707.10706                
24.82                    707.11993                
24.83                    707.1328                 
24.84                    707.1457                 
24.85                    707.15857                
24.86                    707.1714                 
24.87                    707.18427                
24.88                    707.1971                 
24.89                    707.2099                 
24.9                     707.2227                 
24.91                    707.2355                 
24.92                    707.2483                 
24.93                    707.26105                
24.94                    707.2738                 
24.95                    707.28656                
24.96                    707.2993                 
24.97                    707.312                  
24.98                    707.32477                
24.99                    707.33746                
25.0                     707.35016                
25.01                    707.36285                
25.02                    707.37555                
25.03                    707.3882                 
25.04                    707.4009                 
25.05                    707.4135                 
25.06                    707.42615                
25.07                    707.4388                 
25.08                    707.45135                
25.09                    707.464                  
25.1                     707.47656                
25.11                    707.48914                
25.12                    707.5017                 
25.13                    707.5143                 
25.14                    707.52686                
25.15                    707.53937                
25.16                    707.5519                 
25.17                    707.56445                
25.18                    707.57697                
25.19                    707.5894                 
25.2                     707.6019                 
25.21                    707.6144                 
25.22                    707.6269                 
25.23                    707.63934                
25.24                    707.6518                 
25.25                    707.66425                
25.26                    707.67664                
25.27                    707.6891                 
25.28                    707.7015                 
25.29                    707.71387                
25.3                     707.72626                
25.31                    707.73865                
25.32                    707.751                  
25.33                    707.76337                
25.34                    707.7757                 
25.35                    707.788                  
25.36                    707.80035                
25.37                    707.8127                 
25.38                    707.82495                
25.39                    707.8373                 
25.4                     707.84955                
25.41                    707.8618                 
25.42                    707.8741                 
25.43                    707.88635                
25.44                    707.89856                
25.45                    707.9108                 
25.46                    707.92303                
25.47                    707.93524                
25.48                    707.94745                
25.49                    707.95966                
25.5                     707.9718                 
25.51                    707.984                  
25.52                    707.99615                
25.53                    708.0083                 
25.54                    708.02045                
25.55                    708.0326                 
25.56                    708.04474                
25.57                    708.0568                 
25.58                    708.0689                 
25.59                    708.081                  
25.6                     708.0931                 
25.61                    708.10516                
25.62                    708.11725                
25.63                    708.1293                 
25.64                    708.14136                
25.65                    708.1534                 
25.66                    708.1654                 
25.67                    708.1774                 
25.68                    708.1894                 
25.69                    708.2014                 
25.7                     708.2134                 
25.71                    708.22534                
25.72                    708.2373                 
25.73                    708.24927                
25.74                    708.2612                 
25.75                    708.27313                
25.76                    708.2851                 
25.77                    708.297                  
25.78                    708.3089                 
25.79                    708.3208                 
25.8                     708.3327                 
25.81                    708.34454                
25.82                    708.35645                
25.83                    708.3683                 
25.84                    708.3801                 
25.85                    708.39197                
25.86                    708.4038                 
25.87                    708.4156                 
25.88                    708.4274                 
25.89                    708.4392                 
25.9                     708.451                  
25.91                    708.46277                
25.92                    708.47455                
25.93                    708.4863                 
25.94                    708.49805                
25.95                    708.5098                 
25.96                    708.52155                
25.97                    708.53326                
25.98                    708.545                  
25.99                    708.55664                
26.0                     708.56836                
26.01                    708.58                   
26.02                    708.59174                
26.03                    708.6034                 
26.04                    708.61505                
26.05                    708.62665                
26.06                    708.6383                 
26.07                    708.64996                
26.08                    708.66156                
26.09                    708.67316                
26.1                     708.68475                
26.11                    708.69635                
26.12                    708.70795                
26.13                    708.7195                 
26.14                    708.7311                 
26.15                    708.7426                 
26.16                    708.75415                
26.17                    708.7657                 
26.18                    708.7772                 
26.19                    708.7887                 
26.2                     708.80023                
26.21                    708.8117                 
26.22                    708.8232                 
26.23                    708.83466                
26.24                    708.8461                 
26.25                    708.8576                 
26.26                    708.869                  
26.27                    708.8805                 
26.28                    708.8919                 
26.29                    708.9033                 
26.3                     708.91473                
26.31                    708.92615                
26.32                    708.9375                 
26.33                    708.9489                 
26.34                    708.96027                
26.35                    708.9716                 
26.36                    708.983                  
26.37                    708.9943                 
26.38                    709.0057                 
26.39                    709.01697                
26.4                     709.0283                 
26.41                    709.0396                 
26.42                    709.0509                 
26.43                    709.0622                 
26.44                    709.0735                 
26.45                    709.0848                 
26.46                    709.096                  
26.47                    709.10724                
26.48                    709.1185                 
26.49                    709.12976                
26.5                     709.141                  
26.51                    709.15216                
26.52                    709.1634                 
26.53                    709.17456                
26.54                    709.1858                 
26.55                    709.19696                
26.56                    709.2081                 
26.57                    709.2193                 
26.58                    709.2304                 
26.59                    709.2416                 
26.6                     709.2527                 
26.61                    709.26385                
26.62                    709.27496                
26.63                    709.2861                 
26.64                    709.2972                 
26.65                    709.3082                 
26.66                    709.31934                
26.67                    709.3304                 
26.68                    709.34143                
26.69                    709.35254                
26.7                     709.3635                 
26.71                    709.3746                 
26.72                    709.3856                 
26.73                    709.3966                 
26.74                    709.40765                
26.75                    709.41864                
26.76                    709.4296                 
26.77                    709.4406                 
26.78                    709.4516                 
26.79                    709.4625                 
26.8                     709.4735                 
26.81                    709.48444                
26.82                    709.49536                
26.83                    709.5063                 
26.84                    709.5172                 
26.85                    709.52814                
26.86                    709.539                  
26.87                    709.5499                 
26.88                    709.5608                 
26.89                    709.57166                
26.9                     709.5825                 
26.91                    709.5934                 
26.92                    709.60425                
26.93                    709.6151                 
26.94                    709.6259                 
26.95                    709.6367                 
26.96                    709.6475                 
26.97                    709.6583                 
26.98                    709.6691                 
26.99                    709.67993                
27.0                     709.69073                
27.01                    709.7015                 
27.02                    709.7122                 
27.03                    709.72296                
27.04                    709.7337                 
27.05                    709.74445                
27.06                    709.7552                 
27.07                    709.76587                
27.08                    709.7766                 
27.09                    709.7873                 
27.1                     709.79803                
27.11                    709.8087                 
27.12                    709.8194                 
27.13                    709.8301                 
27.14                    709.84076                
27.15                    709.85144                
27.16                    709.86206                
27.17                    709.87274                
27.18                    709.88336                
27.19                    709.894                  
27.2                     709.9046                 
27.21                    709.9152                 
27.22                    709.92584                
27.23                    709.9364                 
27.24                    709.947                  
27.25                    709.9576                 
27.26                    709.96814                
27.27                    709.9787                 
27.28                    709.98926                
27.29                    709.9998                 
27.3                     710.0104                 
27.31                    710.0209                 
27.32                    710.03143                
27.33                    710.04193                
27.34                    710.0524                 
27.35                    710.0629                 
27.36                    710.0734                 
27.37                    710.0839                 
27.38                    710.09436                
27.39                    710.10486                
27.4                     710.1153                 
27.41                    710.12573                
27.42                    710.13617                
27.43                    710.1466                 
27.44                    710.15704                
27.45                    710.1675                 
27.46                    710.17786                
27.47                    710.1883                 
27.48                    710.19867                
27.49                    710.20905                
27.5                     710.2194                 
27.51                    710.2298                 
27.52                    710.2402                 
27.53                    710.2505                 
27.54                    710.26086                
27.55                    710.2712                 
27.56                    710.2815                 
27.57                    710.2918                 
27.58                    710.3021                 
27.59                    710.31244                
27.6                     710.32275                
27.61                    710.333                  
27.62                    710.3433                 
27.63                    710.3536                 
27.64                    710.36383                
27.65                    710.3741                 
27.66                    710.38434                
27.67                    710.3946                 
27.68                    710.40485                
27.69                    710.41504                
27.7                     710.42523                
27.71                    710.4355                 
27.72                    710.4457                 
27.73                    710.4559                 
27.74                    710.46606                
27.75                    710.4762                 
27.76                    710.4864                 
27.77                    710.4965                 
27.78                    710.5067                 
27.79                    710.51685                
27.8                     710.527                  
27.81                    710.5371                 
27.82                    710.54724                
27.83                    710.5574                 
27.84                    710.56744                
27.85                    710.5776                 
27.86                    710.58765                
27.87                    710.5977                 
27.88                    710.6078                 
27.89                    710.61786                
27.9                     710.6279                 
27.91                    710.63794                
27.92                    710.648                  
27.93                    710.658                  
27.94                    710.6681                 
27.95                    710.6781                 
27.96                    710.6881                 
27.97                    710.6981                 
27.98                    710.7081                 
27.99                    710.7181                 
28.0                     710.7281                 
28.01                    710.73804                
28.02                    710.74805                
28.03                    710.758                  
28.04                    710.76794                
28.05                    710.7779                 
28.06                    710.78784                
28.07                    710.7977                 
28.08                    710.8077                 
28.09                    710.81757                
28.1                     710.82745                
28.11                    710.8374                 
28.12                    710.8473                 
28.13                    710.8572                 
28.14                    710.867                  
28.15                    710.8769                 
28.16                    710.8868                 
28.17                    710.8966                 
28.18                    710.90643                
28.19                    710.91626                
28.2                     710.9261                 
28.21                    710.9359                 
28.22                    710.94574                
28.23                    710.95557                
28.24                    710.96533                
28.25                    710.97516                
28.26                    710.9849                 
28.27                    710.9947                 
28.28                    711.00446                
28.29                    711.0142                 
28.3                     711.024                  
28.31                    711.03375                
28.32                    711.04346                
28.33                    711.0532                 
28.34                    711.0629                 
28.35                    711.07263                
28.36                    711.0824                 
28.37                    711.0921                 
28.38                    711.10175                
28.39                    711.11145                
28.4                     711.12115                
28.41                    711.1308                 
28.42                    711.1405                 
28.43                    711.15015                
28.44                    711.1598                 
28.45                    711.16943                
28.46                    711.1791                 
28.47                    711.1887                 
28.48                    711.1983                 
28.49                    711.20795                
28.5                     711.2175                 
28.51                    711.2271                 
28.52                    711.23676                
28.53                    711.24634                
28.54                    711.2559                 
28.55                    711.26544                
28.56                    711.275                  
28.57                    711.2846                 
28.58                    711.2941                 
28.59                    711.30365                
28.6                     711.31323                
28.61                    711.32275                
28.62                    711.3323                 
28.63                    711.3418                 
28.64                    711.35126                
28.65                    711.3608                 
28.66                    711.37024                
28.67                    711.37976                
28.68                    711.3892                 
28.69                    711.3987                 
28.7                     711.40814                
28.71                    711.4176                 
28.72                    711.42706                
28.73                    711.4365                 
28.74                    711.4459                 
28.75                    711.4554                 
28.76                    711.4648                 
28.77                    711.4742                 
28.78                    711.4836                 
28.79                    711.493                  
28.8                     711.5024                 
28.81                    711.5118                 
28.82                    711.5212                 
28.83                    711.5305                 
28.84                    711.5399                 
28.85                    711.54926                
28.86                    711.5586                 
28.87                    711.56793                
28.88                    711.5773                 
28.89                    711.5866                 
28.9                     711.59595                
28.91                    711.6052                 
28.92                    711.61456                
28.93                    711.62384                
28.94                    711.6331                 
28.95                    711.6424                 
28.96                    711.6517                 
28.97                    711.66095                
28.98                    711.6702                 
28.99                    711.6795                 
29.0                     711.6887                 
29.01                    711.698                  
29.02                    711.7072                 
29.03                    711.71643                
29.04                    711.72565                
29.05                    711.73486                
29.06                    711.7441                 
29.07                    711.7533                 
29.08                    711.7625                 
29.09                    711.77167                
29.1                     711.7809                 
29.11                    711.79004                
29.12                    711.7992                 
29.13                    711.80835                
29.14                    711.8175                 
29.15                    711.82666                
29.16                    711.8358                 
29.17                    711.845                  
29.18                    711.85406                
29.19                    711.8632                 
29.2                     711.8723                 
29.21                    711.8814                 
29.22                    711.8905                 
29.23                    711.8996                 
29.24                    711.9087                 
29.25                    711.9178                 
29.26                    711.9268                 
29.27                    711.9359                 
29.28                    711.94495                
29.29                    711.95404                
29.3                     711.9631                 
29.31                    711.9721                 
29.32                    711.98114                
29.33                    711.9902                 
29.34                    711.9992                 
29.35                    712.0082                 
29.36                    712.0172                 
29.37                    712.0262                 
29.38                    712.0352                 
29.39                    712.0442                 
29.4                     712.05316                
29.41                    712.06213                
29.42                    712.0711                 
29.43                    712.0801                 
29.44                    712.089                  
29.45                    712.09796                
29.46                    712.1069                 
29.47                    712.11584                
29.48                    712.12476                
29.49                    712.13367                
29.5                     712.1426                 
29.51                    712.1515                 
29.52                    712.1604                 
29.53                    712.1693                 
29.54                    712.17816                
29.55                    712.1871                 
29.56                    712.1959                 
29.57                    712.2048                 
29.58                    712.2136                 
29.59                    712.22253                
29.6                     712.2313                 
29.61                    712.2402                 
29.62                    712.249                  
29.63                    712.2579                 
29.64                    712.26666                
29.65                    712.2755                 
29.66                    712.2843                 
29.67                    712.2931                 
29.68                    712.3019                 
29.69                    712.31067                
29.7                     712.31946                
29.71                    712.32825                
29.72                    712.33704                
29.73                    712.34576                
29.74                    712.35455                
29.75                    712.3633                 
29.76                    712.372                  
29.77                    712.38074                
29.78                    712.3895                 
29.79                    712.3982                 
29.8                     712.4069                 
29.81                    712.41565                
29.82                    712.4244                 
29.83                    712.43304                
29.84                    712.4418                 
29.85                    712.45044                
29.86                    712.4591                 
29.87                    712.4678                 
29.88                    712.47644                
29.89                    712.4851                 
29.9                     712.4938                 
29.91                    712.50244                
29.92                    712.51105                
29.93                    712.5197                 
29.94                    712.5283                 
29.95                    712.5369                 
29.96                    712.5456                 
29.97                    712.5542                 
29.98                    712.5628                 
29.99                    712.57135                
30.0                     712.57996                
30.01                    712.58856                
30.02                    712.5971                 
30.03                    712.6057                 
30.04                    712.61426                
30.05                    712.6228                 
30.06                    712.6314                 
30.07                    712.63995                
30.08                    712.6485                 
30.09                    712.657                  
30.1                     712.6655                 
30.11                    712.6741                 
30.12                    712.68256                
30.13                    712.6911                 
30.14                    712.6996                 
30.15                    712.70807                
30.16                    712.71655                
30.17                    712.7251                 
30.18                    712.7335                 
30.19                    712.742                  
30.2                     712.7505                 
30.21                    712.759                  
30.22                    712.7674                 
30.23                    712.7759                 
30.24                    712.7843                 
30.25                    712.7927                 
30.26                    712.80115                
30.27                    712.8096                 
30.28                    712.818                  
30.29                    712.8264                 
30.3                     712.83484                
30.31                    712.8432                 
30.32                    712.8516                 
30.33                    712.86                   
30.34                    712.8684                 
30.35                    712.8768                 
30.36                    712.88513                
30.37                    712.8935                 
30.38                    712.90186                
30.39                    712.9102                 
30.4                     712.9186                 
30.41                    712.9269                 
30.42                    712.93524                
30.43                    712.94354                
30.44                    712.9519                 
30.45                    712.9602                 
30.46                    712.9685                 
30.47                    712.9768                 
30.48                    712.9851                 
30.49                    712.9934                 
30.5                     713.0017                 
30.51                    713.00995                
30.52                    713.01825                
30.53                    713.0265                 
30.54                    713.0348                 
30.55                    713.043                  
30.56                    713.0513                 
30.57                    713.0595                 
30.58                    713.06775                
30.59                    713.076                  
30.6                     713.0842                 
30.61                    713.09247                
30.62                    713.10065                
30.63                    713.1089                 
30.64                    713.11707                
30.65                    713.12524                
30.66                    713.1335                 
30.67                    713.14166                
30.68                    713.14984                
30.69                    713.158                  
30.7                     713.1662                 
30.71                    713.1743                 
30.72                    713.1825                 
30.73                    713.1906                 
30.74                    713.1988                 
30.75                    713.2069                 
30.76                    713.2151                 
30.77                    713.2232                 
30.78                    713.2313                 
30.79                    713.23944                
30.8                     713.24756                
30.81                    713.2556                 
30.82                    713.26373                
30.83                    713.27185                
30.84                    713.2799                 
30.85                    713.288                  
30.86                    713.2961                 
30.87                    713.30414                
30.88                    713.3122                 
30.89                    713.32025                
30.9                     713.3283                 
30.91                    713.33636                
30.92                    713.3444                 
30.93                    713.3525                 
30.94                    713.3605                 
30.95                    713.3685                 
30.96                    713.3765                 
30.97                    713.3845                 
30.98                    713.3926                 
30.99                    713.4006                 
31.0                     713.40857                
31.01                    713.41656                
31.02                    713.4245                 
31.03                    713.4325                 
31.04                    713.4405                 
31.05                    713.4484                 
31.06                    713.4564                 
31.07                    713.46436                
31.08                    713.47235                
31.09                    713.4803                 
31.1                     713.4882                 
31.11                    713.49615                
31.12                    713.5041                 
31.13                    713.512                  
31.14                    713.5199                 
31.15                    713.52783                
31.16                    713.53577                
31.17                    713.54364                
31.18                    713.5515                 
31.19                    713.55945                
31.2                     713.5673                 
31.21                    713.5752                 
31.22                    713.58307                
31.23                    713.59094                
31.24                    713.5988                 
31.25                    713.6067                 
31.26                    713.6145                 
31.27                    713.6224                 
31.28                    713.6302                 
31.29                    713.63806                
31.3                     713.6459                 
31.31                    713.6537                 
31.32                    713.6615                 
31.33                    713.6693                 
31.34                    713.6771                 
31.35                    713.68494                
31.36                    713.69275                
31.37                    713.7005                 
31.38                    713.7083                 
31.39                    713.7161                 
31.4                     713.7239                 
31.41                    713.7316                 
31.42                    713.73944                
31.43                    713.7472                 
31.44                    713.75494                
31.45                    713.7627                 
31.46                    713.77045                
31.47                    713.77814                
31.48                    713.7859                 
31.49                    713.79364                
31.5                     713.80133                
31.51                    713.8091                 
31.52                    713.8168                 
31.53                    713.82446                
31.54                    713.8322                 
31.55                    713.8399                 
31.56                    713.8476                 
31.57                    713.8553                 
31.58                    713.8629                 
31.59                    713.8706                 
31.6                     713.8783                 
31.61                    713.8859                 
31.62                    713.8936                 
31.63                    713.90125                
31.64                    713.90894                
31.65                    713.91656                
31.66                    713.9242                 
31.67                    713.93176                
31.68                    713.9394                 
31.69                    713.947                  
31.7                     713.95465                
31.71                    713.9622                 
31.72                    713.96985                
31.73                    713.9774                 
31.74                    713.985                  
31.75                    713.99255                
31.76                    714.0002                 
31.77                    714.00775                
31.78                    714.0153                 
31.79                    714.0228                 
31.8                     714.0304                 
31.81                    714.03796                
31.82                    714.0455                 
31.83                    714.05304                
31.84                    714.06055                
31.85                    714.0681                 
31.86                    714.0756                 
31.87                    714.0831                 
31.88                    714.09064                
31.89                    714.09814                
31.9                     714.10565                
31.91                    714.11316                
31.92                    714.1206                 
31.93                    714.1281                 
31.94                    714.13556                
31.95                    714.14307                
31.96                    714.1505                 
31.97                    714.158                  
31.98                    714.16547                
31.99                    714.1729                 
32.0                     714.18036                
32.01                    714.1878                 
32.02                    714.19525                
32.03                    714.20264                
32.04                    714.2101                 
32.05                    714.2175                 
32.06                    714.2249                 
32.07                    714.23236                
32.08                    714.23975                
32.09                    714.24713                
32.1                     714.2545                 
32.11                    714.2619                 
32.12                    714.2693                 
32.13                    714.2767                 
32.14                    714.28406                
32.15                    714.29144                
32.16                    714.29877                
32.17                    714.30615                
32.18                    714.31354                
32.19                    714.32086                
32.2                     714.3282                 
32.21                    714.3355                 
32.22                    714.3429                 
32.23                    714.3502                 
32.24                    714.35754                
32.25                    714.36487                
32.26                    714.37213                
32.27                    714.37946                
32.28                    714.3868                 
32.29                    714.39404                
32.3                     714.40137                
32.31                    714.4086                 
32.32                    714.4159                 
32.33                    714.4232                 
32.34                    714.4305                 
32.35                    714.43774                
32.36                    714.445                  
32.37                    714.4523                 
32.38                    714.4595                 
32.39                    714.46674                
32.4                     714.474                  
32.41                    714.4812                 
32.42                    714.48846                
32.43                    714.49567                
32.44                    714.5029                 
32.45                    714.51013                
32.46                    714.51733                
32.47                    714.52454                
32.48                    714.53174                
32.49                    714.53894                
32.5                     714.54614                
32.51                    714.5533                 
32.52                    714.5605                 
32.53                    714.5677                 
32.54                    714.5748                 
32.55                    714.582                  
32.56                    714.5892                 
32.57                    714.5963                 
32.58                    714.60345                
32.59                    714.6106                 
32.6                     714.61774                
32.61                    714.6249                 
32.62                    714.632                  
32.63                    714.63916                
32.64                    714.64624                
32.65                    714.6534                 
32.66                    714.66046                
32.67                    714.6676                 
32.68                    714.6747                 
32.69                    714.68176                
32.7                     714.68884                
32.71                    714.696                  
32.72                    714.70306                
32.73                    714.71014                
32.74                    714.71716                
32.75                    714.72424                
32.76                    714.7313                 
32.77                    714.73834                
32.78                    714.7454                 
32.79                    714.75244                
32.8                     714.7595                 
32.81                    714.76654                
32.82                    714.77356                
32.83                    714.7806                 
32.84                    714.7876                 
32.85                    714.7946                 
32.86                    714.80164                
32.87                    714.80865                
32.88                    714.8157                 
32.89                    714.82263                
32.9                     714.82965                
32.91                    714.8366                 
32.92                    714.8436                 
32.93                    714.8506                 
32.94                    714.85754                
32.95                    714.86456                
32.96                    714.8715                 
32.97                    714.8785                 
32.98                    714.88544                
32.99                    714.89233                
33.0                     714.8993                 
33.01                    714.90625                
33.02                    714.91315                
33.03                    714.9201                 
33.04                    714.927                  
33.05                    714.93396                
33.06                    714.94086                
33.07                    714.94775                
33.08                    714.95465                
33.09                    714.96155                
33.1                     714.96844                
33.11                    714.97534                
33.12                    714.98224                
33.13                    714.98914                
33.14                    714.99603                
33.15                    715.00287                
33.16                    715.00977                
33.17                    715.0166                 
33.18                    715.02344                
33.19                    715.03033                
33.2                     715.0372                 
33.21                    715.044                  
33.22                    715.05084                
33.23                    715.0577                 
33.24                    715.0645                 
33.25                    715.07135                
33.26                    715.0781                 
33.27                    715.08496                
33.28                    715.0918                 
33.29                    715.0986                 
33.3                     715.1054                 
33.31                    715.1122                 
33.32                    715.11896                
33.33                    715.12573                
33.34                    715.1325                 
33.35                    715.1393                 
33.36                    715.14606                
33.37                    715.15283                
33.38                    715.1596                 
33.39                    715.1664                 
33.4                     715.1731                 
33.41                    715.1799                 
33.42                    715.18665                
33.43                    715.19336                
33.44                    715.2001                 
33.45                    715.20685                
33.46                    715.21356                
33.47                    715.2203                 
33.48                    715.227                  
33.49                    715.2337                 
33.5                     715.2404                 
33.51                    715.24713                
33.52                    715.2538                 
33.53                    715.2605                 
33.54                    715.26715                
33.55                    715.27386                
33.56                    715.2805                 
33.57                    715.28723                
33.58                    715.2939                 
33.59                    715.30054                
33.6                     715.3072                 
33.61                    715.31384                
33.62                    715.3205                 
33.63                    715.32715                
33.64                    715.3338                 
33.65                    715.34045                
33.66                    715.3471                 
33.67                    715.3537                 
33.68                    715.36035                
33.69                    715.36694                
33.7                     715.37354                
33.71                    715.3802                 
33.72                    715.3868                 
33.73                    715.3934                 
33.74                    715.39996                
33.75                    715.40656                
33.76                    715.41315                
33.77                    715.41974                
33.78                    715.42633                
33.79                    715.43286                
33.8                     715.43945                
33.81                    715.44604                
33.82                    715.4526                 
33.83                    715.4591                 
33.84                    715.4657                 
33.85                    715.4722                 
33.86                    715.47876                
33.87                    715.4853                 
33.88                    715.4918                 
33.89                    715.49835                
33.9                     715.5049                 
33.91                    715.5114                 
33.92                    715.51794                
33.93                    715.5244                 
33.94                    715.53094                
33.95                    715.5375                 
33.96                    715.54395                
33.97                    715.5504                 
33.98                    715.55695                
33.99                    715.5634                 
34.0                     715.5699                 
34.01                    715.57635                
34.02                    715.5828                 
34.03                    715.5893                 
34.04                    715.59576                
34.05                    715.60223                
34.06                    715.60864                
34.07                    715.6151                 
34.08                    715.6216                 
34.09                    715.628                  
34.1                     715.6344                 
34.11                    715.64087                
34.12                    715.6473                 
34.13                    715.6537                 
34.14                    715.6601                 
34.15                    715.6665                 
34.16                    715.6729                 
34.17                    715.6793                 
34.18                    715.6857                 
34.19                    715.69214                
34.2                     715.69855                
34.21                    715.7049                 
34.22                    715.7113                 
34.23                    715.71765                
34.24                    715.72406                
34.25                    715.7304                 
34.26                    715.73676                
34.27                    715.74316                
34.28                    715.7495                 
34.29                    715.75586                
34.3                     715.7622                 
34.31                    715.76855                
34.32                    715.77484                
34.33                    715.7812                 
34.34                    715.78754                
34.35                    715.7939                 
34.36                    715.8002                 
34.37                    715.8065                 
34.38                    715.8128                 
34.39                    715.8191                 
34.4                     715.82544                
34.41                    715.8317                 
34.42                    715.838                  
34.43                    715.8443                 
34.44                    715.8506                 
34.45                    715.8569                 
34.46                    715.86316                
34.47                    715.8694                 
34.48                    715.8757                 
34.49                    715.88196                
34.5                     715.8882                 
34.51                    715.8945                 
34.52                    715.9007                 
34.53                    715.907                  
34.54                    715.9132                 
34.55                    715.91943                
34.56                    715.92566                
34.57                    715.9319                 
34.58                    715.9381                 
34.59                    715.94434                
34.6                     715.95056                
34.61                    715.9568                 
34.62                    715.963                  
34.63                    715.9692                 
34.64                    715.9754                 
34.65                    715.98157                
34.66                    715.9878                 
34.67                    715.99396                
34.68                    716.0001                 
34.69                    716.00635                
34.7                     716.0125                 
34.71                    716.0187                 
34.72                    716.02484                
34.73                    716.031                  
34.74                    716.0372                 
34.75                    716.04333                
34.76                    716.04944                
34.77                    716.0556                 
34.78                    716.06177                
34.79                    716.0679                 
34.8                     716.07404                
34.81                    716.08014                
34.82                    716.08624                
34.83                    716.0924                 
34.84                    716.0985                 
34.85                    716.1046                 
34.86                    716.1107                 
34.87                    716.1168                 
34.88                    716.1229                 
34.89                    716.129                  
34.9                     716.13513                
34.91                    716.1412                 
34.92                    716.1473                 
34.93                    716.1533                 
34.94                    716.1594                 
34.95                    716.16547                
34.96                    716.1716                 
34.97                    716.1776                 
34.98                    716.18365                
34.99                    716.18976                
35.0                     716.1958                 
35.01                    716.20184                
35.02                    716.2079                 
35.03                    716.2139                 
35.04                    716.2199                 
35.05                    716.22595                
35.06                    716.232                  
35.07                    716.23804                
35.08                    716.244                  
35.09                    716.25006                
35.1                     716.25604                
35.11                    716.262                  
35.12                    716.26807                
35.13                    716.27405                
35.14                    716.28                   
35.15                    716.286                  
35.16                    716.292                  
35.17                    716.298                  
35.18                    716.30396                
35.19                    716.30994                
35.2                     716.3159                 
35.21                    716.32184                
35.22                    716.3278                 
35.23                    716.3338                 
35.24                    716.3397                 
35.25                    716.34564                
35.26                    716.3516                 
35.27                    716.35754                
35.28                    716.36346                
35.29                    716.3694                 
35.3                     716.37537                
35.31                    716.3813                 
35.32                    716.3872                 
35.33                    716.39307                
35.34                    716.399                  
35.35                    716.4049                 
35.36                    716.4108                 
35.37                    716.4167                 
35.38                    716.4226                 
35.39                    716.4285                 
35.4                     716.4344                 
35.41                    716.44025                
35.42                    716.44617                
35.43                    716.452                  
35.44                    716.4579                 
35.45                    716.46375                
35.46                    716.4696                 
35.47                    716.47546                
35.48                    716.4813                 
35.49                    716.4872                 
35.5                     716.49304                
35.51                    716.49884                
35.52                    716.5047                 
35.53                    716.51056                
35.54                    716.51636                
35.55                    716.5222                 
35.56                    716.528                  
35.57                    716.5338                 
35.58                    716.5397                 
35.59                    716.5455                 
35.6                     716.5513                 
35.61                    716.55707                
35.62                    716.56287                
35.63                    716.56866                
35.64                    716.57446                
35.65                    716.58026                
35.66                    716.586                  
35.67                    716.5918                 
35.68                    716.5976                 
35.69                    716.60333                
35.7                     716.60913                
35.71                    716.61487                
35.72                    716.62067                
35.73                    716.6264                 
35.74                    716.63214                
35.75                    716.6379                 
35.76                    716.6436                 
35.77                    716.64935                
35.78                    716.6551                 
35.79                    716.6608                 
35.8                     716.66656                
35.81                    716.6723                 
35.82                    716.67804                
35.83                    716.6837                 
35.84                    716.68945                
35.85                    716.6952                 
35.86                    716.70087                
35.87                    716.70654                
35.88                    716.7123                 
35.89                    716.71796                
35.9                     716.72363                
35.91                    716.7293                 
35.92                    716.73505                
35.93                    716.7407                 
35.94                    716.7464                 
35.95                    716.752                  
35.96                    716.7577                 
35.97                    716.76337                
35.98                    716.76904                
35.99                    716.77466                
36.0                     716.78033                
36.01                    716.786                  
36.02                    716.7916                 
36.03                    716.79724                
36.04                    716.8029                 
36.05                    716.80853                
36.06                    716.81415                
36.07                    716.81976                
36.08                    716.82544                
36.09                    716.83105                
36.1                     716.8367                 
36.11                    716.8422                 
36.12                    716.84784                
36.13                    716.85345                
36.14                    716.8591                 
36.15                    716.8646                 
36.16                    716.87024                
36.17                    716.87585                
36.18                    716.8815                 
36.19                    716.8871                 
36.2                     716.8927                 
36.21                    716.89825                
36.22                    716.9039                 
36.23                    716.9095                 
36.24                    716.9151                 
36.25                    716.92065                
36.26                    716.9263                 
36.27                    716.9318                 
36.28                    716.93744                
36.29                    716.943                  
36.3                     716.9486                 
36.31                    716.95416                
36.32                    716.9597                 
36.33                    716.9653                 
36.34                    716.9708                 
36.35                    716.9764                 
36.36                    716.98193                
36.37                    716.9875                 
36.38                    716.99304                
36.39                    716.9986                 
36.4                     717.00415                
36.41                    717.00964                
36.42                    717.0152                 
36.43                    717.02075                
36.44                    717.02625                
36.45                    717.0318                 
36.46                    717.0373                 
36.47                    717.04285                
36.48                    717.04834                
36.49                    717.05383                
36.5                     717.0593                 
36.51                    717.0648                 
36.52                    717.0704                 
36.53                    717.07587                
36.54                    717.08136                
36.55                    717.08685                
36.56                    717.0923                 
36.57                    717.0978                 
36.58                    717.1033                 
36.59                    717.10876                
36.6                     717.1142                 
36.61                    717.1197                 
36.62                    717.1251                 
36.63                    717.1306                 
36.64                    717.13605                
36.65                    717.14154                
36.66                    717.147                  
36.67                    717.1524                 
36.68                    717.1579                 
36.69                    717.1633                 
36.7                     717.16876                
36.71                    717.1742                 
36.72                    717.1796                 
36.73                    717.18506                
36.74                    717.1905                 
36.75                    717.1959                 
36.76                    717.2013                 
36.77                    717.2067                 
36.78                    717.21216                
36.79                    717.2175                 
36.8                     717.22296                
36.81                    717.22833                
36.82                    717.23376                
36.83                    717.23914                
36.84                    717.24457                
36.85                    717.24994                
36.86                    717.2553                 
36.87                    717.2607                 
36.88                    717.26605                
36.89                    717.2715                 
36.9                     717.27686                
36.91                    717.2822                 
36.92                    717.28754                
36.93                    717.2929                 
36.94                    717.2983                 
36.95                    717.30365                
36.96                    717.309                  
36.97                    717.31433                
36.98                    717.3197                 
36.99                    717.325                  
37.0                     717.3304                 
37.01                    717.3357                 
37.02                    717.34106                
37.03                    717.3464                 
37.04                    717.3517                 
37.05                    717.35706                
37.06                    717.36237                
37.07                    717.3677                 
37.08                    717.373                  
37.09                    717.3783                 
37.1                     717.3836                 
37.11                    717.3889                 
37.12                    717.3942                 
37.13                    717.3995                 
37.14                    717.4048                 
37.15                    717.4101                 
37.16                    717.4154                 
37.17                    717.42065                
37.18                    717.42596                
37.19                    717.4312                 
37.2                     717.4365                 
37.21                    717.4418                 
37.22                    717.447                  
37.23                    717.45233                
37.24                    717.4576                 
37.25                    717.4628                 
37.26                    717.4681                 
37.27                    717.4733                 
37.28                    717.4786                 
37.29                    717.4838                 
37.3                     717.4891                 
37.31                    717.4943                 
37.32                    717.4996                 
37.33                    717.5048                 
37.34                    717.51                   
37.35                    717.51526                
37.36                    717.5205                 
37.37                    717.5257                 
37.38                    717.53094                
37.39                    717.53613                
37.4                     717.5414                 
37.41                    717.5466                 
37.42                    717.55176                
37.43                    717.557                  
37.44                    717.5622                 
37.45                    717.5674                 
37.46                    717.5726                 
37.47                    717.57776                
37.48                    717.58295                
37.49                    717.58813                
37.5                     717.5933                 
37.51                    717.5985                 
37.52                    717.6037                 
37.53                    717.6089                 
37.54                    717.614                  
37.55                    717.6192                 
37.56                    717.6244                 
37.57                    717.6295                 
37.58                    717.6347                 
37.59                    717.63983                
37.6                     717.645                  
37.61                    717.65015                
37.62                    717.6553                 
37.63                    717.6604                 
37.64                    717.6656                 
37.65                    717.6707                 
37.66                    717.67584                
37.67                    717.68097                
37.68                    717.6861                 
37.69                    717.6912                 
37.7                     717.69635                
37.71                    717.7015                 
37.72                    717.7066                 
37.73                    717.7117                 
37.74                    717.7168                 
37.75                    717.7219                 
37.76                    717.727                  
37.77                    717.7321                 
37.78                    717.73724                
37.79                    717.7423                 
37.8                     717.7474                 
37.81                    717.7525                 
37.82                    717.75757                
37.83                    717.76263                
37.84                    717.76776                
37.85                    717.7728                 
37.86                    717.7779                 
37.87                    717.78296                
37.88                    717.788                  
37.89                    717.7931                 
37.9                     717.79816                
37.91                    717.8032                 
37.92                    717.8083                 
37.93                    717.81335                
37.94                    717.81836                
37.95                    717.8234                 
37.96                    717.8285                 
37.97                    717.8335                 
37.98                    717.83856                
37.99                    717.84357                
38.0                     717.84863                
38.01                    717.85364                
38.02                    717.8587                 
38.03                    717.8637                 
38.04                    717.8687                 
38.05                    717.8738                 
38.06                    717.8788                 
38.07                    717.8838                 
38.08                    717.8888                 
38.09                    717.8938                 
38.1                     717.8988                 
38.11                    717.9038                 
38.12                    717.9088                 
38.13                    717.9138                 
38.14                    717.91876                
38.15                    717.92377                
38.16                    717.9288                 
38.17                    717.9338                 
38.18                    717.9387                 
38.19                    717.9437                 
38.2                     717.94867                
38.21                    717.9537                 
38.22                    717.9586                 
38.23                    717.9636                 
38.24                    717.96857                
38.25                    717.9735                 
38.26                    717.97845                
38.27                    717.98346                
38.28                    717.9884                 
38.29                    717.99335                
38.3                     717.9983                 
38.31                    718.00323                
38.32                    718.0082                 
38.33                    718.0131                 
38.34                    718.01807                
38.35                    718.02295                
38.36                    718.0279                 
38.37                    718.03284                
38.38                    718.0378                 
38.39                    718.04266                
38.4                     718.0476                 
38.41                    718.0525                 
38.42                    718.05743                
38.43                    718.0623                 
38.44                    718.06726                
38.45                    718.07214                
38.46                    718.0771                 
38.47                    718.082                  
38.48                    718.08685                
38.49                    718.09174                
38.5                     718.0966                 
38.51                    718.1015                 
38.52                    718.10645                
38.53                    718.1113                 
38.54                    718.11615                
38.55                    718.12103                
38.56                    718.1259                 
38.57                    718.1308                 
38.58                    718.1357                 
38.59                    718.14056                
38.6                     718.1454                 
38.61                    718.15027                
38.62                    718.15515                
38.63                    718.16                   
38.64                    718.16486                
38.65                    718.1697                 
38.66                    718.1745                 
38.67                    718.1794                 
38.68                    718.1842                 
38.69                    718.189                  
38.7                     718.1939                 
38.71                    718.1987                 
38.72                    718.20355                
38.73                    718.2084                 
38.74                    718.2132                 
38.75                    718.218                  
38.76                    718.22284                
38.77                    718.22766                
38.78                    718.2325                 
38.79                    718.2373                 
38.8                     718.2421                 
38.81                    718.2469                 
38.82                    718.2517                 
38.83                    718.25653                
38.84                    718.2613                 
38.85                    718.2661                 
38.86                    718.27094                
38.87                    718.2757                 
38.88                    718.2805                 
38.89                    718.2853                 
38.9                     718.29004                
38.91                    718.29486                
38.92                    718.2996                 
38.93                    718.3044                 
38.94                    718.30914                
38.95                    718.31396                
38.96                    718.3187                 
38.97                    718.3235                 
38.98                    718.32825                
38.99                    718.333                  
39.0                     718.33777                
39.01                    718.34247                
39.02                    718.3472                 
39.03                    718.352                  
39.04                    718.35675                
39.05                    718.3615                 
39.06                    718.3662                 
39.07                    718.371                  
39.08                    718.37573                
39.09                    718.38043                
39.1                     718.3852                 
39.11                    718.3899                 
39.12                    718.3946                 
39.13                    718.39935                
39.14                    718.40405                
39.15                    718.40875                
39.16                    718.4135                 
39.17                    718.4182                 
39.18                    718.4229                 
39.19                    718.4276                 
39.2                     718.4323                 
39.21                    718.437                  
39.22                    718.4417                 
39.23                    718.4464                 
39.24                    718.4511                 
39.25                    718.4558                 
39.26                    718.4605                 
39.27                    718.4652                 
39.28                    718.46985                
39.29                    718.47455                
39.3                     718.47925                
39.31                    718.4839                 
39.32                    718.4886                 
39.33                    718.4932                 
39.34                    718.4979                 
39.35                    718.50256                
39.36                    718.50726                
39.37                    718.5119                 
39.38                    718.5166                 
39.39                    718.52124                
39.4                     718.5259                 
39.41                    718.5305                 
39.42                    718.53516                
39.43                    718.53986                
39.44                    718.5445                 
39.45                    718.54913                
39.46                    718.5538                 
39.47                    718.5584                 
39.48                    718.56305                
39.49                    718.5676                 
39.5                     718.57227                
39.51                    718.5769                 
39.52                    718.58154                
39.53                    718.5862                 
39.54                    718.59076                
39.55                    718.5954                 
39.56                    718.6                    
39.57                    718.6046                 
39.58                    718.6092                 
39.59                    718.61383                
39.6                     718.6184                 
39.61                    718.62305                
39.62                    718.6276                 
39.63                    718.6322                 
39.64                    718.63684                
39.65                    718.6414                 
39.66                    718.646                  
39.67                    718.6506                 
39.68                    718.65515                
39.69                    718.6597                 
39.7                     718.6643                 
39.71                    718.6689                 
39.72                    718.67346                
39.73                    718.67804                
39.74                    718.6826                 
39.75                    718.6872                 
39.76                    718.6918                 
39.77                    718.6963                 
39.78                    718.70087                
39.79                    718.70544                
39.8                     718.70996                
39.81                    718.71454                
39.82                    718.7191                 
39.83                    718.72363                
39.84                    718.7282                 
39.85                    718.7327                 
39.86                    718.73724                
39.87                    718.7418                 
39.88                    718.74634                
39.89                    718.75085                
39.9                     718.75543                
39.91                    718.75995                
39.92                    718.76447                
39.93                    718.769                  
39.94                    718.7735                 
39.95                    718.778                  
39.96                    718.78253                
39.97                    718.78705                
39.98                    718.79156                
39.99                    718.7961                 
40.0                     718.8006                 
40.01                    718.8051                 
40.02                    718.8096                 
40.03                    718.8141                 
40.04                    718.8186                 
40.05                    718.82306                
40.06                    718.8276                 
40.07                    718.8321                 
40.08                    718.83655                
40.09                    718.84106                
40.1                     718.8455                 
40.11                    718.85                   
40.12                    718.8545                 
40.13                    718.85895                
40.14                    718.8634                 
40.15                    718.8679                 
40.16                    718.8724                 
40.17                    718.87683                
40.18                    718.8813                 
40.19                    718.88574                
40.2                     718.8902                 
40.21                    718.89465                
40.22                    718.8991                 
40.23                    718.90356                
40.24                    718.908                  
40.25                    718.9125                 
40.26                    718.91693                
40.27                    718.9214                 
40.28                    718.92584                
40.29                    718.93024                
40.3                     718.9347                 
40.31                    718.93915                
40.32                    718.94354                
40.33                    718.948                  
40.34                    718.9524                 
40.35                    718.95685                
40.36                    718.96124                
40.37                    718.9657                 
40.38                    718.9701                 
40.39                    718.97455                
40.4                     718.97894                
40.41                    718.98334                
40.42                    718.98773                
40.43                    718.9922                 
40.44                    718.9966                 
40.45                    719.001                  
40.46                    719.0054                 
40.47                    719.00977                
40.48                    719.01416                
40.49                    719.01855                
40.5                     719.02295                
40.51                    719.02734                
40.52                    719.03174                
40.53                    719.03613                
40.54                    719.04047                
40.55                    719.04486                
40.56                    719.04926                
40.57                    719.05365                
40.58                    719.058                  
40.59                    719.0624                 
40.6                     719.0667                 
40.61                    719.0711                 
40.62                    719.07544                
40.63                    719.07983                
40.64                    719.08417                
40.65                    719.08856                
40.66                    719.0929                 
40.67                    719.0972                 
40.68                    719.1016                 
40.69                    719.10596                
40.7                     719.1103                 
40.71                    719.1146                 
40.72                    719.11896                
40.73                    719.1233                 
40.74                    719.12756                
40.75                    719.1319                 
40.76                    719.13617                
40.77                    719.1405                 
40.78                    719.1448                 
40.79                    719.1491                 
40.8                     719.1534                 
40.81                    719.1577                 
40.82                    719.162                  
40.83                    719.16626                
40.84                    719.17053                
40.85                    719.17487                
40.86                    719.17914                
40.87                    719.1834                 
40.88                    719.1877                 
40.89                    719.19196                
40.9                     719.1962                 
40.91                    719.2005                 
40.92                    719.2048                 
40.93                    719.20905                
40.94                    719.21326                
40.95                    719.2175                 
40.96                    719.2218                 
40.97                    719.2261                 
40.98                    719.2303                 
40.99                    719.23456                
41.0                     719.23883                
41.01                    719.24304                
41.02                    719.2473                 
41.03                    719.2515                 
41.04                    719.2558                 
41.05                    719.26                   
41.06                    719.2642                 
41.07                    719.2685                 
41.08                    719.2727                 
41.09                    719.2769                 
41.1                     719.2812                 
41.11                    719.2854                 
41.12                    719.2896                 
41.13                    719.2938                 
41.14                    719.29803                
41.15                    719.30225                
41.16                    719.30646                
41.17                    719.31067                
41.18                    719.3149                 
41.19                    719.3191                 
41.2                     719.32324                
41.21                    719.32745                
41.22                    719.33167                
41.23                    719.3359                 
41.24                    719.34                   
41.25                    719.34424                
41.26                    719.34845                
41.27                    719.3526                 
41.28                    719.3568                 
41.29                    719.36096                
41.3                     719.3651                 
41.31                    719.3693                 
41.32                    719.3735                 
41.33                    719.3777                 
41.34                    719.38184                
41.35                    719.386                  
41.36                    719.39014                
41.37                    719.3943                 
41.38                    719.3985                 
41.39                    719.40265                
41.4                     719.4068                 
41.41                    719.41095                
41.42                    719.4151                 
41.43                    719.41925                
41.44                    719.42334                
41.45                    719.4275                 
41.46                    719.43164                
41.47                    719.4358                 
41.48                    719.43994                
41.49                    719.44403                
41.5                     719.4482                 
41.51                    719.45233                
41.52                    719.4564                 
41.53                    719.4606                 
41.54                    719.46466                
41.55                    719.4688                 
41.56                    719.4729                 
41.57                    719.477                  
41.58                    719.48114                
41.59                    719.4852                 
41.6                     719.4893                 
41.61                    719.49347                
41.62                    719.49756                
41.63                    719.50165                
41.64                    719.50574                
41.65                    719.5098                 
41.66                    719.5139                 
41.67                    719.518                  
41.68                    719.5221                 
41.69                    719.5262                 
41.7                     719.5303                 
41.71                    719.53436                
41.72                    719.53845                
41.73                    719.54254                
41.74                    719.5466                 
41.75                    719.55066                
41.76                    719.55475                
41.77                    719.5588                 
41.78                    719.56287                
41.79                    719.5669                 
41.8                     719.571                  
41.81                    719.575                  
41.82                    719.5791                 
41.83                    719.5831                 
41.84                    719.5872                 
41.85                    719.59125                
41.86                    719.5953                 
41.87                    719.5993                 
41.88                    719.6034                 
41.89                    719.6074                 
41.9                     719.61145                
41.91                    719.6155                 
41.92                    719.6195                 
41.93                    719.62354                
41.94                    719.62756                
41.95                    719.6316                 
41.96                    719.6356                 
41.97                    719.63965                
41.98                    719.6437                 
41.99                    719.64764                
42.0                     719.6517                 
42.01                    719.6557                 
42.02                    719.6597                 
42.03                    719.6637                 
42.04                    719.6677                 
42.05                    719.6717                 
42.06                    719.6757                 
42.07                    719.6797                 
42.08                    719.6837                 
42.09                    719.6877                 
42.1                     719.6917                 
42.11                    719.6957                 
42.12                    719.69965                
42.13                    719.7037                 
42.14                    719.70764                
42.15                    719.7116                 
42.16                    719.7156                 
42.17                    719.71954                
42.18                    719.7235                 
42.19                    719.7275                 
42.2                     719.73145                
42.21                    719.7354                 
42.22                    719.7394                 
42.23                    719.74335                
42.24                    719.7473                 
42.25                    719.7513                 
42.26                    719.75525                
42.27                    719.75916                
42.28                    719.7631                 
42.29                    719.7671                 
42.3                     719.771                  
42.31                    719.77496                
42.32                    719.77893                
42.33                    719.78284                
42.34                    719.7868                 
42.35                    719.7907                 
42.36                    719.7946                 
42.37                    719.7986                 
42.38                    719.8025                 
42.39                    719.8064                 
42.4                     719.81036                
42.41                    719.8143                 
42.42                    719.8182                 
42.43                    719.8221                 
42.44                    719.826                  
42.45                    719.8299                 
42.46                    719.8338                 
42.47                    719.8377                 
42.48                    719.8416                 
42.49                    719.8455                 
42.5                     719.8494                 
42.51                    719.85333                
42.52                    719.85724                
42.53                    719.86115                
42.54                    719.865                  
42.55                    719.8689                 
42.56                    719.8728                 
42.57                    719.87665                
42.58                    719.88055                
42.59                    719.88446                
42.6                     719.8883                 
42.61                    719.8922                 
42.62                    719.89606                
42.63                    719.8999                 
42.64                    719.9038                 
42.65                    719.90765                
42.66                    719.9115                 
42.67                    719.9154                 
42.68                    719.91925                
42.69                    719.9231                 
42.7                     719.92694                
42.71                    719.9308                 
42.72                    719.93463                
42.73                    719.9385                 
42.74                    719.9423                 
42.75                    719.94617                
42.76                    719.95                   
42.77                    719.95386                
42.78                    719.9577                 
42.79                    719.96155                
42.8                     719.9654                 
42.81                    719.9692                 
42.82                    719.973                  
42.83                    719.97687                
42.84                    719.98065                
42.85                    719.9845                 
42.86                    719.9883                 
42.87                    719.9921                 
42.88                    719.9959                 
42.89                    719.99976                
42.9                     720.00354                
42.91                    720.0074                 
42.92                    720.01117                
42.93                    720.01495                
42.94                    720.0188                 
42.95                    720.0226                 
42.96                    720.02637                
42.97                    720.03015                
42.98                    720.03394                
42.99                    720.0377                 
43.0                     720.0415                 
43.01                    720.0453                 
43.02                    720.0491                 
43.03                    720.05286                
43.04                    720.05664                
43.05                    720.0604                 
43.06                    720.0642                 
43.07                    720.06793                
43.08                    720.0717                 
43.09                    720.0755                 
43.1                     720.0793                 
43.11                    720.083                  
43.12                    720.0868                 
43.13                    720.0905                 
43.14                    720.0943                 
43.15                    720.098                  
43.16                    720.1018                 
43.17                    720.1055                 
43.18                    720.1093                 
43.19                    720.11304                
43.2                     720.11676                
43.21                    720.12054                
43.22                    720.12427                
43.23                    720.128                  
43.24                    720.1317                 
43.25                    720.13544                
43.26                    720.13916                
43.27                    720.1429                 
43.28                    720.1466                 
43.29                    720.1503                 
43.3                     720.15405                
43.31                    720.1578                 
43.32                    720.1615                 
43.33                    720.1652                 
43.34                    720.16895                
43.35                    720.1726                 
43.36                    720.17633                
43.37                    720.18005                
43.38                    720.1837                 
43.39                    720.18744                
43.4                     720.1911                 
43.41                    720.1948                 
43.42                    720.19855                
43.43                    720.2022                 
43.44                    720.2059                 
43.45                    720.2096                 
43.46                    720.21326                
43.47                    720.2169                 
43.48                    720.22064                
43.49                    720.2243                 
43.5                     720.22797                
43.51                    720.2316                 
43.52                    720.2353                 
43.53                    720.23895                
43.54                    720.2427                 
43.55                    720.24634                
43.56                    720.24994                
43.57                    720.2536                 
43.58                    720.25726                
43.59                    720.2609                 
43.6                     720.2646                 
43.61                    720.26825                
43.62                    720.2719                 
43.63                    720.2755                 
43.64                    720.2792                 
43.65                    720.28284                
43.66                    720.28644                
43.67                    720.2901                 
43.68                    720.2937                 
43.69                    720.29736                
43.7                     720.30096                
43.71                    720.3046                 
43.72                    720.3082                 
43.73                    720.3118                 
43.74                    720.3155                 
43.75                    720.3191                 
43.76                    720.3227                 
43.77                    720.3263                 
43.78                    720.32996                
43.79                    720.33356                
43.8                     720.33716                
43.81                    720.34076                
43.82                    720.34436                
43.83                    720.34796                
43.84                    720.35156                
43.85                    720.35516                
43.86                    720.35876                
43.87                    720.3623                 
43.88                    720.3659                 
43.89                    720.3695                 
43.9                     720.3731                 
43.91                    720.37665                
43.92                    720.38025                
43.93                    720.38385                
43.94                    720.3874                 
43.95                    720.391                  
43.96                    720.39453                
43.97                    720.39813                
43.98                    720.4017                 
43.99                    720.4053                 
44.0                     720.4088                 
44.01                    720.41235                
44.02                    720.41595                
44.03                    720.4195                 
44.04                    720.42303                
44.05                    720.4266                 
44.06                    720.4301                 
44.07                    720.43365                
44.08                    720.43726                
44.09                    720.4408                 
44.1                     720.44434                
44.11                    720.4479                 
44.12                    720.45135                
44.13                    720.4549                 
44.14                    720.45844                
44.15                    720.462                  
44.16                    720.4655                 
44.17                    720.469                  
44.18                    720.47253                
44.19                    720.4761                 
44.2                     720.47955                
44.21                    720.4831                 
44.22                    720.48663                
44.23                    720.4901                 
44.24                    720.49365                
44.25                    720.49713                
44.26                    720.5006                 
44.27                    720.50415                
44.28                    720.5076                 
44.29                    720.5111                 
44.3                     720.51465                
44.31                    720.5181                 
44.32                    720.5216                 
44.33                    720.5251                 
44.34                    720.52856                
44.35                    720.53204                
44.36                    720.5355                 
44.37                    720.539                  
44.38                    720.5425                 
44.39                    720.54596                
44.4                     720.54944                
44.41                    720.5529                 
44.42                    720.5564                 
44.43                    720.5599                 
44.44                    720.5633                 
44.45                    720.5668                 
44.46                    720.57025                
44.47                    720.57367                
44.48                    720.57715                
44.49                    720.58057                
44.5                     720.58405                
44.51                    720.58746                
44.52                    720.59094                
44.53                    720.59436                
44.54                    720.59784                
44.55                    720.60126                
44.56                    720.6047                 
44.57                    720.6081                 
44.58                    720.6116                 
44.59                    720.615                  
44.6                     720.6184                 
44.61                    720.6218                 
44.62                    720.62524                
44.63                    720.62866                
44.64                    720.6321                 
44.65                    720.6355                 
44.66                    720.6389                 
44.67                    720.64233                
44.68                    720.64575                
44.69                    720.6492                 
44.7                     720.6525                 
44.71                    720.65594                
44.72                    720.65936                
44.73                    720.6627                 
44.74                    720.66614                
44.75                    720.66956                
44.76                    720.6729                 
44.77                    720.67633                
44.78                    720.6797                 
44.79                    720.6831                 
44.8                     720.68646                
44.81                    720.6898                 
44.82                    720.69324                
44.83                    720.6966                 
44.84                    720.69995                
44.85                    720.7033                 
44.86                    720.7067                 
44.87                    720.7101                 
44.88                    720.71344                
44.89                    720.7168                 
44.9                     720.72015                
44.91                    720.7235                 
44.92                    720.72687                
44.93                    720.7302                 
44.94                    720.7336                 
44.95                    720.73694                
44.96                    720.74023                
44.97                    720.7436                 
44.98                    720.74695                
44.99                    720.7503                 
45.0                     720.7536                 
45.01                    720.75696                
45.02                    720.76025                
45.03                    720.7636                 
45.04                    720.7669                 
45.05                    720.77026                
45.06                    720.77356                
45.07                    720.7769                 
45.08                    720.7802                 
45.09                    720.7835                 
45.1                     720.78687                
45.11                    720.79016                
45.12                    720.79346                
45.13                    720.79675                
45.14                    720.80005                
45.15                    720.80334                
45.16                    720.8067                 
45.17                    720.81                   
45.18                    720.8133                 
45.19                    720.8165                 
45.2                     720.8198                 
45.21                    720.8231                 
45.22                    720.8264                 
45.23                    720.8297                 
45.24                    720.833                  
45.25                    720.83624                
45.26                    720.8396                 
45.27                    720.84296                
45.28                    720.84625                
45.29                    720.84955                
45.3                     720.8529                 
45.31                    720.8562                 
45.32                    720.85956                
45.33                    720.86285                
45.34                    720.86615                
45.35                    720.8695                 
45.36                    720.8728                 
45.37                    720.8761                 
45.38                    720.8794                 
45.39                    720.8827                 
45.4                     720.88605                
45.41                    720.88934                
45.42                    720.89264                
45.43                    720.89594                
45.44                    720.89923                
45.45                    720.9025                 
45.46                    720.9058                 
45.47                    720.9091                 
45.48                    720.9124                 
45.49                    720.91565                
45.5                     720.91895                
45.51                    720.92224                
45.52                    720.92554                
45.53                    720.92883                
45.54                    720.93207                
45.55                    720.93536                
45.56                    720.93866                
45.57                    720.9419                 
45.58                    720.9452                 
45.59                    720.9484                 
45.6                     720.9517                 
45.61                    720.95496                
45.62                    720.95825                
45.63                    720.9615                 
45.64                    720.9648                 
45.65                    720.968                  
45.66                    720.97125                
45.67                    720.97455                
45.68                    720.9778                 
45.69                    720.981                  
45.7                     720.98425                
45.71                    720.98755                
45.72                    720.9908                 
45.73                    720.994                  
45.74                    720.99725                
45.75                    721.0005                 
45.76                    721.0037                 
45.77                    721.00696                
45.78                    721.0102                 
45.79                    721.0134                 
45.8                     721.01666                
45.81                    721.0199                 
45.82                    721.02313                
45.83                    721.02637                
45.84                    721.02954                
45.85                    721.0328                 
45.86                    721.036                  
45.87                    721.03925                
45.88                    721.0424                 
45.89                    721.04565                
45.9                     721.0489                 
45.91                    721.05206                
45.92                    721.0553                 
45.93                    721.0585                 
45.94                    721.0617                 
45.95                    721.0649                 
45.96                    721.0681                 
45.97                    721.0713                 
45.98                    721.07446                
45.99                    721.0777                 
46.0                     721.0809                 
46.01                    721.08405                
46.02                    721.0873                 
46.03                    721.09045                
46.04                    721.0936                 
46.05                    721.0968                 
46.06                    721.10004                
46.07                    721.1032                 
46.08                    721.1064                 
46.09                    721.10956                
46.1                     721.11273                
46.11                    721.1159                 
46.12                    721.1191                 
46.13                    721.12225                
46.14                    721.1254                 
46.15                    721.12854                
46.16                    721.1317                 
46.17                    721.1349                 
46.18                    721.13806                
46.19                    721.14124                
46.2                     721.14435                
46.21                    721.1475                 
46.22                    721.1507                 
46.23                    721.1538                 
46.24                    721.157                  
46.25                    721.16016                
46.26                    721.16327                
46.27                    721.16644                
46.28                    721.16956                
46.29                    721.1727                 
46.3                     721.17584                
46.31                    721.179                  
46.32                    721.1821                 
46.33                    721.18524                
46.34                    721.1884                 
46.35                    721.1915                 
46.36                    721.19464                
46.37                    721.19775                
46.38                    721.2009                 
46.39                    721.20404                
46.4                     721.20715                
46.41                    721.21027                
46.42                    721.2134                 
46.43                    721.2165                 
46.44                    721.2196                 
46.45                    721.2227                 
46.46                    721.2258                 
46.47                    721.22894                
46.48                    721.23206                
46.49                    721.23517                
46.5                     721.2383                 
46.51                    721.2414                 
46.52                    721.24445                
46.53                    721.24756                
46.54                    721.2507                 
46.55                    721.2538                 
46.56                    721.25684                
46.57                    721.25995                
46.58                    721.26306                
46.59                    721.2661                 
46.6                     721.2692                 
46.61                    721.2723                 
46.62                    721.2754                 
46.63                    721.27844                
46.64                    721.28156                
46.65                    721.2846                 
46.66                    721.28766                
46.67                    721.2908                 
46.68                    721.2938                 
46.69                    721.2969                 
46.7                     721.3                    
46.71                    721.30304                
46.72                    721.3061                 
46.73                    721.30914                
46.74                    721.3122                 
46.75                    721.3153                 
46.76                    721.31836                
46.77                    721.3214                 
46.78                    721.32446                
46.79                    721.3275                 
46.8                     721.33057                
46.81                    721.3336                 
46.82                    721.3367                 
46.83                    721.33966                
46.84                    721.3427                 
46.85                    721.34576                
46.86                    721.3488                 
46.87                    721.35187                
46.88                    721.3549                 
46.89                    721.3579                 
46.9                     721.36096                
46.91                    721.364                  
46.92                    721.367                  
46.93                    721.37006                
46.94                    721.37305                
46.95                    721.3761                 
46.96                    721.3791                 
46.97                    721.38214                
46.98                    721.38513                
46.99                    721.3882                 
47.0                     721.3912                 
47.01                    721.3942                 
47.02                    721.3972                 
47.03                    721.4002                 
47.04                    721.4032                 
47.05                    721.40625                
47.06                    721.40924                
47.07                    721.41223                
47.08                    721.4152                 
47.09                    721.4182                 
47.1                     721.42126                
47.11                    721.42426                
47.12                    721.42725                
47.13                    721.43024                
47.14                    721.4332                 
47.15                    721.4362                 
47.16                    721.4392                 
47.17                    721.4422                 
47.18                    721.4451                 
47.19                    721.4481                 
47.2                     721.4511                 
47.21                    721.4541                 
47.22                    721.4571                 
47.23                    721.46                   
47.24                    721.463                  
47.25                    721.466                  
47.26                    721.46893                
47.27                    721.4719                 
47.28                    721.4749                 
47.29                    721.47784                
47.3                     721.48083                
47.31                    721.48376                
47.32                    721.48676                
47.33                    721.4897                 
47.34                    721.4927                 
47.35                    721.4956                 
47.36                    721.49854                
47.37                    721.5015                 
47.38                    721.50446                
47.39                    721.5074                 
47.4                     721.5104                 
47.41                    721.5133                 
47.42                    721.51624                
47.43                    721.51917                
47.44                    721.5221                 
47.45                    721.525                  
47.46                    721.52795                
47.47                    721.5309                 
47.48                    721.5339                 
47.49                    721.5368                 
47.5                     721.5397                 
47.51                    721.5426                 
47.52                    721.54553                
47.53                    721.54846                
47.54                    721.5514                 
47.55                    721.5543                 
47.56                    721.55725                
47.57                    721.5601                 
47.58                    721.56305                
47.59                    721.566                  
47.6                     721.5689                 
47.61                    721.5718                 
47.62                    721.5747                 
47.63                    721.5776                 
47.64                    721.5805                 
47.65                    721.58344                
47.66                    721.5863                 
47.67                    721.5892                 
47.68                    721.5921                 
47.69                    721.595                  
47.7                     721.5979                 
47.71                    721.60077                
47.72                    721.60364                
47.73                    721.60657                
47.74                    721.60944                
47.75                    721.6123                 
47.76                    721.61523                
47.77                    721.6181                 
47.78                    721.621                  
47.79                    721.62384                
47.8                     721.6267                 
47.81                    721.6296                 
47.82                    721.63245                
47.83                    721.6353                 
47.84                    721.6382                 
47.85                    721.64105                
47.86                    721.6439                 
47.87                    721.6468                 
47.88                    721.64966                
47.89                    721.6525                 
47.9                     721.6554                 
47.91                    721.6582                 
47.92                    721.6611                 
47.93                    721.66394                
47.94                    721.6668                 
47.95                    721.6696                 
47.96                    721.6725                 
47.97                    721.67535                
47.98                    721.67816                
47.99                    721.681                  
48.0                     721.68384                
48.01                    721.6867                 
48.02                    721.6895                 
48.03                    721.6924                 
48.04                    721.6952                 
48.05                    721.69806                
48.06                    721.70087                
48.07                    721.7037                 
48.08                    721.70654                
48.09                    721.70935                
48.1                     721.71216                
48.11                    721.71497                
48.12                    721.71783                
48.13                    721.72064                
48.14                    721.72345                
48.15                    721.72626                
48.16                    721.72906                
48.17                    721.7319                 
48.18                    721.7347                 
48.19                    721.7375                 
48.2                     721.7403                 
48.21                    721.7431                 
48.22                    721.7459                 
48.23                    721.7487                 
48.24                    721.7515                 
48.25                    721.75433                
48.26                    721.75714                
48.27                    721.7599                 
48.28                    721.7627                 
48.29                    721.7655                 
48.3                     721.76825                
48.31                    721.77106                
48.32                    721.77386                
48.33                    721.7766                 
48.34                    721.7794                 
48.35                    721.78217                
48.36                    721.785                  
48.37                    721.7878                 
48.38                    721.7905                 
48.39                    721.7933                 
48.4                     721.7961                 
48.41                    721.7988                 
48.42                    721.80164                
48.43                    721.8044                 
48.44                    721.8071                 
48.45                    721.8099                 
48.46                    721.8127                 
48.47                    721.8154                 
48.48                    721.8182                 
48.49                    721.8209                 
48.5                     721.82367                
48.51                    721.8264                 
48.52                    721.8292                 
48.53                    721.832                  
48.54                    721.8347                 
48.55                    721.83746                
48.56                    721.8402                 
48.57                    721.8429                 
48.58                    721.84564                
48.59                    721.8484                 
48.6                     721.85114                
48.61                    721.8539                 
48.62                    721.8566                 
48.63                    721.8593                 
48.64                    721.86206                
48.65                    721.8648                 
48.66                    721.86755                
48.67                    721.87024                
48.68                    721.873                  
48.69                    721.8757                 
48.7                     721.8784                 
48.71                    721.88116                
48.72                    721.88385                
48.73                    721.8866                 
48.74                    721.8893                 
48.75                    721.89197                
48.76                    721.8947                 
48.77                    721.8974                 
48.78                    721.90015                
48.79                    721.90283                
48.8                     721.9055                 
48.81                    721.9082                 
48.82                    721.91095                
48.83                    721.91364                
48.84                    721.9163                 
48.85                    721.919                  
48.86                    721.9217                 
48.87                    721.9244                 
48.88                    721.92706                
48.89                    721.92975                
48.9                     721.93243                
48.91                    721.9351                 
48.92                    721.9378                 
48.93                    721.9405                 
48.94                    721.9432                 
48.95                    721.94586                
48.96                    721.94855                
48.97                    721.95123                
48.98                    721.95386                
48.99                    721.95654                
49.0                     721.9592                 
49.01                    721.9619                 
49.02                    721.96454                
49.03                    721.9672                 
49.04                    721.96985                
49.05                    721.97253                
49.06                    721.9752                 
49.07                    721.97784                
49.08                    721.9805                 
49.09                    721.98315                
49.1                     721.9858                 
49.11                    721.98846                
49.12                    721.9911                 
49.13                    721.9938                 
49.14                    721.9964                 
49.15                    721.999                  
49.16                    722.0017                 
49.17                    722.00433                
49.18                    722.00696                
49.19                    722.0096                 
49.2                     722.0122                 
49.21                    722.01483                
49.22                    722.0175                 
49.23                    722.02014                
49.24                    722.02277                
49.25                    722.0254                 
49.26                    722.028                  
49.27                    722.03064                
49.28                    722.03326                
49.29                    722.0358                 
49.3                     722.03845                
49.31                    722.0411                 
49.32                    722.0437                 
49.33                    722.0463                 
49.34                    722.04895                
49.35                    722.0515                 
49.36                    722.05414                
49.37                    722.05676                
49.38                    722.0593                 
49.39                    722.06195                
49.4                     722.0645                 
49.41                    722.06714                
49.42                    722.06976                
49.43                    722.0723                 
49.44                    722.07495                
49.45                    722.0775                 
49.46                    722.0801                 
49.47                    722.0827                 
49.48                    722.08527                
49.49                    722.0879                 
49.5                     722.09045                
49.51                    722.093                  
49.52                    722.0956                 
49.53                    722.0982                 
49.54                    722.10077                
49.55                    722.10333                
49.56                    722.1059                 
49.57                    722.10846                
49.58                    722.111                  
49.59                    722.1136                 
49.6                     722.11615                
49.61                    722.1187                 
49.62                    722.1213                 
49.63                    722.12384                
49.64                    722.1264                 
49.65                    722.12897                
49.66                    722.13153                
49.67                    722.1341                 
49.68                    722.13666                
49.69                    722.13916                
49.7                     722.1417                 
49.71                    722.1443                 
49.72                    722.1468                 
49.73                    722.14935                
49.74                    722.1519                 
49.75                    722.1544                 
49.76                    722.157                  
49.77                    722.1595                 
49.78                    722.16205                
49.79                    722.1646                 
49.8                     722.1672                 
49.81                    722.16974                
49.82                    722.1723                 
49.83                    722.17487                
49.84                    722.1774                 
49.85                    722.18                   
49.86                    722.18256                
49.87                    722.1851                 
49.88                    722.1877                 
49.89                    722.19025                
49.9                     722.19275                
49.91                    722.1953                 
49.92                    722.1979                 
49.93                    722.20044                
49.94                    722.203                  
49.95                    722.2055                 
49.96                    722.20807                
49.97                    722.21063                
49.98                    722.2132                 
49.99                    722.2157                 
50.0                     722.21826                
50.01                    722.2208                 
50.02                    722.2233                 
50.03                    722.2259                 
50.04                    722.2284                 
50.05                    722.23096                
50.06                    722.23346                
50.07                    722.236                  
50.08                    722.2385                 
50.09                    722.2411                 
50.1                     722.2436                 
50.11                    722.2461                 
50.12                    722.24866                
50.13                    722.25116                
50.14                    722.2537                 
50.15                    722.2562                 
50.16                    722.2587                 
50.17                    722.2612                 
50.18                    722.2638                 
50.19                    722.2663                 
50.2                     722.2688                 
50.21                    722.2713                 
50.22                    722.2738                 
50.23                    722.2763                 
50.24                    722.2789                 
50.25                    722.2814                 
50.26                    722.2839                 
50.27                    722.2864                 
50.28                    722.2889                 
50.29                    722.2914                 
50.3                     722.2939                 
50.31                    722.2964                 
50.32                    722.2988                 
50.33                    722.30133                
50.34                    722.30383                
50.35                    722.30634                
50.36                    722.30884                
50.37                    722.31134                
50.38                    722.31384                
50.39                    722.3163                 
50.4                     722.3188                 
50.41                    722.3213                 
50.42                    722.3237                 
50.43                    722.32623                
50.44                    722.32874                
50.45                    722.3312                 
50.46                    722.3337                 
50.47                    722.3362                 
50.48                    722.3386                 
50.49                    722.3411                 
50.5                     722.34357                
50.51                    722.34607                
50.52                    722.3485                 
50.53                    722.351                  
50.54                    722.35345                
50.55                    722.3559                 
50.56                    722.3584                 
50.57                    722.36084                
50.58                    722.36334                
50.59                    722.3658                 
50.6                     722.3682                 
50.61                    722.37067                
50.62                    722.37317                
50.63                    722.3756                 
50.64                    722.37805                
50.65                    722.3805                 
50.66                    722.383                  
50.67                    722.38544                
50.68                    722.3879                 
50.69                    722.3903                 
50.7                     722.39276                
50.71                    722.3952                 
50.72                    722.39764                
50.73                    722.4001                 
50.74                    722.4025                 
50.75                    722.40497                
50.76                    722.4074                 
50.77                    722.40985                
50.78                    722.4123                 
50.79                    722.41473                
50.8                     722.4172                 
50.81                    722.41956                
50.82                    722.422                  
50.83                    722.42444                
50.84                    722.4269                 
50.85                    722.4293                 
50.86                    722.4317                 
50.87                    722.43414                
50.88                    722.4366                 
50.89                    722.43896                
50.9                     722.4414                 
50.91                    722.44385                
50.92                    722.4462                 
50.93                    722.44867                
50.94                    722.45105                
50.95                    722.4535                 
50.96                    722.4559                 
50.97                    722.4583                 
50.98                    722.4607                 
50.99                    722.46313                
51.0                     722.4655                 
51.01                    722.46796                
51.02                    722.47034                
51.03                    722.4727                 
51.04                    722.47516                
51.05                    722.47754                
51.06                    722.4799                 
51.07                    722.48236                
51.08                    722.48474                
51.09                    722.4871                 
51.1                     722.4895                 
51.11                    722.49194                
51.12                    722.4943                 
51.13                    722.4967                 
51.14                    722.4991                 
51.15                    722.50146                
51.16                    722.50385                
51.17                    722.5062                 
51.18                    722.5086                 
51.19                    722.511                  
51.2                     722.5134                 
51.21                    722.51575                
51.22                    722.5181                 
51.23                    722.5205                 
51.24                    722.5229                 
51.25                    722.52527                
51.26                    722.52765                
51.27                    722.53                   
51.28                    722.5324                 
51.29                    722.5348                 
51.3                     722.5371                 
51.31                    722.5395                 
51.32                    722.5419                 
51.33                    722.54425                
51.34                    722.5466                 
51.35                    722.54895                
51.36                    722.55133                
51.37                    722.55365                
51.38                    722.556                  
51.39                    722.5584                 
51.4                     722.5607                 
51.41                    722.5631                 
51.42                    722.5654                 
51.43                    722.5678                 
51.44                    722.5701                 
51.45                    722.5725                 
51.46                    722.5748                 
51.47                    722.5772                 
51.48                    722.5795                 
51.49                    722.5819                 
51.5                     722.5842                 
51.51                    722.58655                
51.52                    722.5889                 
51.53                    722.59125                
51.54                    722.59357                
51.55                    722.59595                
51.56                    722.59827                
51.57                    722.6006                 
51.58                    722.6029                 
51.59                    722.6053                 
51.6                     722.6076                 
51.61                    722.6099                 
51.62                    722.61224                
51.63                    722.61456                
51.64                    722.6169                 
51.65                    722.6192                 
51.66                    722.6215                 
51.67                    722.62384                
51.68                    722.62616                
51.69                    722.6285                 
51.7                     722.6308                 
51.71                    722.6331                 
51.72                    722.63544                
51.73                    722.63776                
51.74                    722.6401                 
51.75                    722.6424                 
51.76                    722.6447                 
51.77                    722.64703                
51.78                    722.6493                 
51.79                    722.6516                 
51.8                     722.65393                
51.81                    722.65625                
51.82                    722.6585                 
51.83                    722.6608                 
51.84                    722.66315                
51.85                    722.6654                 
51.86                    722.6677                 
51.87                    722.67004                
51.88                    722.6723                 
51.89                    722.6746                 
51.9                     722.6769                 
51.91                    722.6792                 
51.92                    722.6815                 
51.93                    722.6838                 
51.94                    722.6861                 
51.95                    722.68835                
51.96                    722.6906                 
51.97                    722.69293                
51.98                    722.6952                 
51.99                    722.6975                 
52.0                     722.69977                
52.01                    722.702                  
52.02                    722.70435                
52.03                    722.7066                 
52.04                    722.70886                
52.05                    722.7112                 
52.06                    722.71344                
52.07                    722.7157                 
52.08                    722.71796                
52.09                    722.7202                 
52.1                     722.72253                
52.11                    722.7248                 
52.12                    722.72705                
52.13                    722.7293                 
52.14                    722.73157                
52.15                    722.7338                 
52.16                    722.7361                 
52.17                    722.73834                
52.18                    722.7406                 
52.19                    722.74286                
52.2                     722.7451                 
52.21                    722.7474                 
52.22                    722.74963                
52.23                    722.7519                 
52.24                    722.75415                
52.25                    722.7564                 
52.26                    722.75867                
52.27                    722.76086                
52.28                    722.7631                 
52.29                    722.7654                 
52.3                     722.76764                
52.31                    722.7699                 
52.32                    722.7721                 
52.33                    722.77435                
52.34                    722.7766                 
52.35                    722.7788                 
52.36                    722.78107                
52.37                    722.7833                 
52.38                    722.7855                 
52.39                    722.7878                 
52.4                     722.79                   
52.41                    722.79224                
52.42                    722.7945                 
52.43                    722.7967                 
52.44                    722.79895                
52.45                    722.80115                
52.46                    722.80334                
52.47                    722.8056                 
52.48                    722.8078                 
52.49                    722.81006                
52.5                     722.81226                
52.51                    722.81445                
52.52                    722.8167                 
52.53                    722.8189                 
52.54                    722.8211                 
52.55                    722.82336                
52.56                    722.82556                
52.57                    722.82776                
52.58                    722.82996                
52.59                    722.8322                 
52.6                     722.8344                 
52.61                    722.8366                 
52.62                    722.8388                 
52.63                    722.841                  
52.64                    722.8432                 
52.65                    722.84546                
52.66                    722.84766                
52.67                    722.84985                
52.68                    722.85205                
52.69                    722.85425                
52.7                     722.85645                
52.71                    722.85864                
52.72                    722.86084                
52.73                    722.86304                
52.74                    722.86523                
52.75                    722.8674                 
52.76                    722.86957                
52.77                    722.87177                
52.78                    722.87396                
52.79                    722.87616                
52.8                     722.87836                
52.81                    722.8805                 
52.82                    722.8827                 
52.83                    722.8849                 
52.84                    722.8871                 
52.85                    722.8892                 
52.86                    722.8914                 
52.87                    722.8936                 
52.88                    722.89575                
52.89                    722.89795                
52.9                     722.90015                
52.91                    722.9023                 
52.92                    722.9045                 
52.93                    722.9066                 
52.94                    722.9088                 
52.95                    722.911                  
52.96                    722.91315                
52.97                    722.91534                
52.98                    722.9175                 
52.99                    722.9196                 
53.0                     722.9218                 
53.01                    722.92395                
53.02                    722.92615                
53.03                    722.9283                 
53.04                    722.9304                 
53.05                    722.9326                 
53.06                    722.93475                
53.07                    722.9369                 
53.08                    722.9391                 
53.09                    722.9412                 
53.1                     722.94336                
53.11                    722.9455                 
53.12                    722.9477                 
53.13                    722.9498                 
53.14                    722.95197                
53.15                    722.9541                 
53.16                    722.95624                
53.17                    722.9584                 
53.18                    722.9605                 
53.19                    722.9627                 
53.2                     722.96484                
53.21                    722.967                  
53.22                    722.9691                 
53.23                    722.97125                
53.24                    722.9734                 
53.25                    722.9755                 
53.26                    722.97766                
53.27                    722.9798                 
53.28                    722.9819                 
53.29                    722.984                  
53.3                     722.98615                
53.31                    722.9883                 
53.32                    722.9904                 
53.33                    722.99255                
53.34                    722.9947                 
53.35                    722.99677                
53.36                    722.9989                 
53.37                    723.00104                
53.38                    723.0032                 
53.39                    723.00525                
53.4                     723.0074                 
53.41                    723.0095                 
53.42                    723.0116                 
53.43                    723.01373                
53.44                    723.01587                
53.45                    723.01794                
53.46                    723.0201                 
53.47                    723.02216                
53.48                    723.0243                 
53.49                    723.02637                
53.5                     723.0285                 
53.51                    723.0306                 
53.52                    723.0327                 
53.53                    723.0348                 
53.54                    723.0369                 
53.55                    723.039                  
53.56                    723.04114                
53.57                    723.0432                 
53.58                    723.0453                 
53.59                    723.0474                 
53.6                     723.0495                 
53.61                    723.0516                 
53.62                    723.0537                 
53.63                    723.0558                 
53.64                    723.05786                
53.65                    723.05994                
53.66                    723.0621                 
53.67                    723.06415                
53.68                    723.0662                 
53.69                    723.0683                 
53.7                     723.0704                 
53.71                    723.0725                 
53.72                    723.0746                 
53.73                    723.07666                
53.74                    723.07874                
53.75                    723.0808                 
53.76                    723.0829                 
53.77                    723.08496                
53.78                    723.08704                
53.79                    723.0891                 
53.8                     723.0912                 
53.81                    723.09326                
53.82                    723.09534                
53.83                    723.0974                 
53.84                    723.0995                 
53.85                    723.10156                
53.86                    723.1036                 
53.87                    723.10565                
53.88                    723.1077                 
53.89                    723.1098                 
53.9                     723.1119                 
53.91                    723.11395                
53.92                    723.11597                
53.93                    723.11804                
53.94                    723.1201                 
53.95                    723.12213                
53.96                    723.1242                 
53.97                    723.1263                 
53.98                    723.12836                
53.99                    723.1304                 
54.0                     723.13245                
54.01                    723.13446                
54.02                    723.13654                
54.03                    723.1386                 
54.04                    723.1406                 
54.05                    723.1427                 
54.06                    723.1447                 
54.07                    723.1468                 
54.08                    723.1488                 
54.09                    723.1509                 
54.1                     723.1529                 
54.11                    723.1549                 
54.12                    723.157                  
54.13                    723.159                  
54.14                    723.1611                 
54.15                    723.1631                 
54.16                    723.1651                 
54.17                    723.1672                 
54.18                    723.1692                 
54.19                    723.1712                 
54.2                     723.1733                 
54.21                    723.1753                 
54.22                    723.1773                 
54.23                    723.1793                 
54.24                    723.1814                 
54.25                    723.1834                 
54.26                    723.1854                 
54.27                    723.18744                
54.28                    723.18945                
54.29                    723.19147                
54.3                     723.1935                 
54.31                    723.1955                 
54.32                    723.1976                 
54.33                    723.1996                 
54.34                    723.2016                 
54.35                    723.2036                 
54.36                    723.2056                 
54.37                    723.20764                
54.38                    723.20966                
54.39                    723.2117                 
54.4                     723.2137                 
54.41                    723.2157                 
54.42                    723.2177                 
54.43                    723.2197                 
54.44                    723.22174                
54.45                    723.22375                
54.46                    723.22577                
54.47                    723.2278                 
54.48                    723.2298                 
54.49                    723.23175                
54.5                     723.23376                
54.51                    723.2358                 
54.52                    723.2378                 
54.53                    723.2398                 
54.54                    723.24176                
54.55                    723.2438                 
54.56                    723.2458                 
54.57                    723.2478                 
54.58                    723.24976                
54.59                    723.2518                 
54.6                     723.2538                 
54.61                    723.25574                
54.62                    723.25775                
54.63                    723.25977                
54.64                    723.2617                 
54.65                    723.26373                
54.66                    723.26575                
54.67                    723.2677                 
54.68                    723.2697                 
54.69                    723.27167                
54.7                     723.2737                 
54.71                    723.27563                
54.72                    723.27765                
54.73                    723.2796                 
54.74                    723.2816                 
54.75                    723.28357                
54.76                    723.2856                 
54.77                    723.28754                
54.78                    723.2895                 
54.79                    723.2915                 
54.8                     723.29346                
54.81                    723.2954                 
54.82                    723.2974                 
54.83                    723.2994                 
54.84                    723.30133                
54.85                    723.30334                
54.86                    723.3053                 
54.87                    723.30725                
54.88                    723.3092                 
54.89                    723.3112                 
54.9                     723.3132                 
54.91                    723.3151                 
54.92                    723.3171                 
54.93                    723.31903                
54.94                    723.32104                
54.95                    723.323                  
54.96                    723.32495                
54.97                    723.3269                 
54.98                    723.32886                
54.99                    723.3308                 
55.0                     723.33276                
55.01                    723.3347                 
55.02                    723.3367                 
55.03                    723.3386                 
55.04                    723.3406                 
55.05                    723.3425                 
55.06                    723.3445                 
55.07                    723.34644                
55.08                    723.3484                 
55.09                    723.35034                
55.1                     723.3523                 
55.11                    723.35425                
55.12                    723.35614                
55.13                    723.3581                 
55.14                    723.36005                
55.15                    723.362                  
55.16                    723.36395                
55.17                    723.3659                 
55.18                    723.3678                 
55.19                    723.36975                
55.2                     723.3717                 
55.21                    723.37366                
55.22                    723.37555                
55.23                    723.3775                 
55.24                    723.37946                
55.25                    723.38135                
55.26                    723.3833                 
55.27                    723.38525                
55.28                    723.38715                
55.29                    723.3891                 
55.3                     723.391                  
55.31                    723.39294                
55.32                    723.39484                
55.33                    723.3968                 
55.34                    723.39874                
55.35                    723.40063                
55.36                    723.4026                 
55.37                    723.4045                 
55.38                    723.4064                 
55.39                    723.4083                 
55.4                     723.4102                 
55.41                    723.4122                 
55.42                    723.41406                
55.43                    723.416                  
55.44                    723.4179                 
55.45                    723.4198                 
55.46                    723.42175                
55.47                    723.42365                
55.48                    723.42554                
55.49                    723.4275                 
55.5                     723.4294                 
55.51                    723.4313                 
55.52                    723.43317                
55.53                    723.4351                 
55.54                    723.437                  
55.55                    723.4389                 
55.56                    723.4408                 
55.57                    723.4427                 
55.58                    723.44464                
55.59                    723.44653                
55.6                     723.4484                 
55.61                    723.4503                 
55.62                    723.4522                 
55.63                    723.4541                 
55.64                    723.456                  
55.65                    723.4579                 
55.66                    723.4598                 
55.67                    723.4617                 
55.68                    723.46356                
55.69                    723.46545                
55.7                     723.46735                
55.71                    723.46924                
55.72                    723.4711                 
55.73                    723.473                  
55.74                    723.4749                 
55.75                    723.4768                 
55.76                    723.4787                 
55.77                    723.4806                 
55.78                    723.4825                 
55.79                    723.4844                 
55.8                     723.4862                 
55.81                    723.4881                 
55.82                    723.49                   
55.83                    723.4919                 
55.84                    723.4938                 
55.85                    723.4956                 
55.86                    723.4975                 
55.87                    723.4994                 
55.88                    723.5013                 
55.89                    723.5031                 
55.9                     723.505                  
55.91                    723.5069                 
55.92                    723.5087                 
55.93                    723.5106                 
55.94                    723.5125                 
55.95                    723.51434                
55.96                    723.51624                
55.97                    723.51807                
55.98                    723.51996                
55.99                    723.52185                
56.0                     723.5237                 
56.01                    723.5256                 
56.02                    723.5274                 
56.03                    723.5293                 
56.04                    723.5311                 
56.05                    723.533                  
56.06                    723.53485                
56.07                    723.53674                
56.08                    723.5386                 
56.09                    723.5404                 
56.1                     723.5423                 
56.11                    723.5441                 
56.12                    723.546                  
56.13                    723.54785                
56.14                    723.5497                 
56.15                    723.5516                 
56.16                    723.5534                 
56.17                    723.55524                
56.18                    723.5571                 
56.19                    723.55896                
56.2                     723.5608                 
56.21                    723.5626                 
56.22                    723.5645                 
56.23                    723.56635                
56.24                    723.5682                 
56.25                    723.57                   
56.26                    723.57184                
56.27                    723.5737                 
56.28                    723.57556                
56.29                    723.5774                 
56.3                     723.5792                 
56.31                    723.58105                
56.32                    723.5829                 
56.33                    723.5847                 
56.34                    723.58655                
56.35                    723.5884                 
56.36                    723.5902                 
56.37                    723.59204                
56.38                    723.5939                 
56.39                    723.5957                 
56.4                     723.59753                
56.41                    723.59937                
56.42                    723.6012                 
56.43                    723.603                  
56.44                    723.60486                
56.45                    723.6067                 
56.46                    723.6085                 
56.47                    723.61035                
56.48                    723.6122                 
56.49                    723.614                  
56.5                     723.6158                 
56.51                    723.6176                 
56.52                    723.61945                
56.53                    723.6213                 
56.54                    723.6231                 
56.55                    723.62494                
56.56                    723.6267                 
56.57                    723.62854                
56.58                    723.6304                 
56.59                    723.63214                
56.6                     723.634                  
56.61                    723.6358                 
56.62                    723.63763                
56.63                    723.6394                 
56.64                    723.64124                
56.65                    723.64307                
56.66                    723.64484                
56.67                    723.64667                
56.68                    723.64844                
56.69                    723.65027                
56.7                     723.6521                 
56.71                    723.6539                 
56.72                    723.6557                 
56.73                    723.6575                 
56.74                    723.6593                 
56.75                    723.6611                 
56.76                    723.6629                 
56.77                    723.6647                 
56.78                    723.6665                 
56.79                    723.6683                 
56.8                     723.67004                
56.81                    723.6719                 
56.82                    723.67365                
56.83                    723.6755                 
56.84                    723.67725                
56.85                    723.679                  
56.86                    723.68085                
56.87                    723.6826                 
56.88                    723.68445                
56.89                    723.6862                 
56.9                     723.688                  
56.91                    723.68976                
56.92                    723.6916                 
56.93                    723.69336                
56.94                    723.6951                 
56.95                    723.6969                 
56.96                    723.6987                 
56.97                    723.7005                 
56.98                    723.7023                 
56.99                    723.70404                
57.0                     723.7058                 
57.01                    723.70764                
57.02                    723.7094                 
57.03                    723.7112                 
57.04                    723.71295                
57.05                    723.7147                 
57.06                    723.7165                 
57.07                    723.71826                
57.08                    723.72003                
57.09                    723.7218                 
57.1                     723.7236                 
57.11                    723.72534                
57.12                    723.7271                 
57.13                    723.7289                 
57.14                    723.73065                
57.15                    723.7324                 
57.16                    723.7342                 
57.17                    723.73596                
57.18                    723.73773                
57.19                    723.7395                 
57.2                     723.7413                 
57.21                    723.74304                
57.22                    723.7448                 
57.23                    723.7466                 
57.24                    723.74835                
57.25                    723.75006                
57.26                    723.75183                
57.27                    723.7536                 
57.28                    723.7554                 
57.29                    723.75714                
57.3                     723.7589                 
57.31                    723.7606                 
57.32                    723.7624                 
57.33                    723.76416                
57.34                    723.7659                 
57.35                    723.76764                
57.36                    723.7694                 
57.37                    723.7712                 
57.38                    723.7729                 
57.39                    723.77466                
57.4                     723.7764                 
57.41                    723.77814                
57.42                    723.7799                 
57.43                    723.7817                 
57.44                    723.7834                 
57.45                    723.78516                
57.46                    723.78687                
57.47                    723.78864                
57.48                    723.79034                
57.49                    723.7921                 
57.5                     723.7938                 
57.51                    723.7956                 
57.52                    723.7973                 
57.53                    723.7991                 
57.54                    723.8008                 
57.55                    723.80255                
57.56                    723.80426                
57.57                    723.806                  
57.58                    723.80774                
57.59                    723.8095                 
57.6                     723.8112                 
57.61                    723.8129                 
57.62                    723.8147                 
57.63                    723.8164                 
57.64                    723.8182                 
57.65                    723.8199                 
57.66                    723.8216                 
57.67                    723.82336                
57.68                    723.8251                 
57.69                    723.8268                 
57.7                     723.8285                 
57.71                    723.83026                
57.72                    723.832                  
57.73                    723.8337                 
57.74                    723.8354                 
57.75                    723.83716                
57.76                    723.83887                
57.77                    723.8406                 
57.78                    723.8423                 
57.79                    723.844                  
57.8                     723.84576                
57.81                    723.8475                 
57.82                    723.8492                 
57.83                    723.8509                 
57.84                    723.8526                 
57.85                    723.8543                 
57.86                    723.856                  
57.87                    723.8577                 
57.88                    723.85944                
57.89                    723.86115                
57.9                     723.86285                
57.91                    723.86456                
57.92                    723.8663                 
57.93                    723.868                  
57.94                    723.8697                 
57.95                    723.8714                 
57.96                    723.8731                 
57.97                    723.8748                 
57.98                    723.8765                 
57.99                    723.87823                
58.0                     723.87994                
58.01                    723.88165                
58.02                    723.88336                
58.03                    723.8851                 
58.04                    723.8868                 
58.05                    723.8884                 
58.06                    723.89014                
58.07                    723.89185                
58.08                    723.89355                
58.09                    723.89526                
58.1                     723.897                  
58.11                    723.8986                 
58.12                    723.9003                 
58.13                    723.90204                
58.14                    723.90375                
58.15                    723.9054                 
58.16                    723.9071                 
58.17                    723.9088                 
58.18                    723.91046                
58.19                    723.9122                 
58.2                     723.9139                 
58.21                    723.9155                 
58.22                    723.91724                
58.23                    723.91895                
58.24                    723.9206                 
58.25                    723.9223                 
58.26                    723.924                  
58.27                    723.92566                
58.28                    723.92737                
58.29                    723.929                  
58.3                     723.9307                 
58.31                    723.9324                 
58.32                    723.9341                 
58.33                    723.9357                 
58.34                    723.93744                
58.35                    723.9391                 
58.36                    723.9408                 
58.37                    723.94244                
58.38                    723.94415                
58.39                    723.9458                 
58.4                     723.9475                 
58.41                    723.94916                
58.42                    723.95087                
58.43                    723.9525                 
58.44                    723.95416                
58.45                    723.9559                 
58.46                    723.9575                 
58.47                    723.9592                 
58.48                    723.9609                 
58.49                    723.9625                 
58.5                     723.96423                
58.51                    723.9659                 
58.52                    723.9675                 
58.53                    723.9692                 
58.54                    723.9709                 
58.55                    723.97253                
58.56                    723.9742                 
58.57                    723.9759                 
58.58                    723.97754                
58.59                    723.9792                 
58.6                     723.98083                
58.61                    723.9825                 
58.62                    723.9842                 
58.63                    723.98584                
58.64                    723.9875                 
58.65                    723.98914                
58.66                    723.9908                 
58.67                    723.99243                
58.68                    723.9941                 
58.69                    723.9958                 
58.7                     723.99744                
58.71                    723.9991                 
58.72                    724.00073                
58.73                    724.0024                 
58.74                    724.004                  
58.75                    724.0057                 
58.76                    724.0073                 
58.77                    724.009                  
58.78                    724.0106                 
58.79                    724.01227                
58.8                     724.0139                 
58.81                    724.01556                
58.82                    724.0172                 
58.83                    724.01886                
58.84                    724.0205                 
58.85                    724.02216                
58.86                    724.0238                 
58.87                    724.02545                
58.88                    724.02704                
58.89                    724.0287                 
58.9                     724.03033                
58.91                    724.032                  
58.92                    724.03357                
58.93                    724.0352                 
58.94                    724.03687                
58.95                    724.0385                 
58.96                    724.0401                 
58.97                    724.04175                
58.98                    724.0434                 
58.99                    724.045                  
59.0                     724.04663                
59.01                    724.0483                 
59.02                    724.04987                
59.03                    724.0515                 
59.04                    724.05316                
59.05                    724.05475                
59.06                    724.0564                 
59.07                    724.058                  
59.08                    724.05963                
59.09                    724.0613                 
59.1                     724.06287                
59.11                    724.0645                 
59.12                    724.0661                 
59.13                    724.06775                
59.14                    724.06934                
59.15                    724.071                  
59.16                    724.0726                 
59.17                    724.0742                 
59.18                    724.0758                 
59.19                    724.0774                 
59.2                     724.07904                
59.21                    724.0806                 
59.22                    724.0823                 
59.23                    724.08386                
59.24                    724.08545                
59.25                    724.0871                 
59.26                    724.0887                 
59.27                    724.09033                
59.28                    724.0919                 
59.29                    724.0935                 
59.3                     724.0951                 
59.31                    724.09674                
59.32                    724.0983                 
59.33                    724.0999                 
59.34                    724.10156                
59.35                    724.10315                
59.36                    724.10474                
59.37                    724.1063                 
59.38                    724.108                  
59.39                    724.10956                
59.4                     724.11115                
59.41                    724.11273                
59.42                    724.1143                 
59.43                    724.11597                
59.44                    724.11755                
59.45                    724.11914                
59.46                    724.1207                 
59.47                    724.1223                 
59.48                    724.1239                 
59.49                    724.1255                 
59.5                     724.1271                 
59.51                    724.12866                
59.52                    724.13025                
59.53                    724.1319                 
59.54                    724.1335                 
59.55                    724.1351                 
59.56                    724.13666                
59.57                    724.13824                
59.58                    724.13983                
59.59                    724.1414                 
59.6                     724.143                  
59.61                    724.14453                
59.62                    724.1461                 
59.63                    724.1477                 
59.64                    724.1493                 
59.65                    724.1509                 
59.66                    724.15247                
59.67                    724.15405                
59.68                    724.15564                
59.69                    724.1572                 
59.7                     724.1588                 
59.71                    724.16034                
59.72                    724.1619                 
59.73                    724.1635                 
59.74                    724.1651                 
59.75                    724.1667                 
59.76                    724.1683                 
59.77                    724.1698                 
59.78                    724.1714                 
59.79                    724.173                  
59.8                     724.17456                
59.81                    724.1761                 
59.82                    724.1777                 
59.83                    724.17926                
59.84                    724.1808                 
59.85                    724.1824                 
59.86                    724.18396                
59.87                    724.1855                 
59.88                    724.1871                 
59.89                    724.18866                
59.9                     724.1902                 
59.91                    724.1918                 
59.92                    724.19336                
59.93                    724.1949                 
59.94                    724.1965                 
59.95                    724.198                  
59.96                    724.1996                 
59.97                    724.2012                 
59.98                    724.2027                 
59.99                    724.2043                 
60.0                     724.2058                 
60.01                    724.2074                 
60.02                    724.2089                 
60.03                    724.2105                 
60.04                    724.21204                
60.05                    724.2136                 
60.06                    724.21515                
60.07                    724.2167                 
60.08                    724.21826                
60.09                    724.2198                 
60.1                     724.2214                 
60.11                    724.2229                 
60.12                    724.2245                 
60.13                    724.226                  
60.14                    724.22754                
60.15                    724.2291                 
60.16                    724.23065                
60.17                    724.2322                 
60.18                    724.23376                
60.19                    724.2353                 
60.2                     724.2368                 
60.21                    724.2384                 
60.22                    724.2399                 
60.23                    724.24146                
60.24                    724.243                  
60.25                    724.24457                
60.26                    724.2461                 
60.27                    724.2476                 
60.28                    724.24915                
60.29                    724.25073                
60.3                     724.25226                
60.31                    724.2538                 
60.32                    724.2553                 
60.33                    724.25684                
60.34                    724.25836                
60.35                    724.25995                
60.36                    724.2615                 
60.37                    724.263                  
60.38                    724.2645                 
60.39                    724.26605                
60.4                     724.2676                 
60.41                    724.2691                 
60.42                    724.2706                 
60.43                    724.27216                
60.44                    724.2737                 
60.45                    724.2752                 
60.46                    724.27673                
60.47                    724.27826                
60.48                    724.2798                 
60.49                    724.2813                 
60.5                     724.28284                
60.51                    724.28436                
60.52                    724.2859                 
60.53                    724.2874                 
60.54                    724.28894                
60.55                    724.29047                
60.56                    724.292                  
60.57                    724.2935                 
60.58                    724.29504                
60.59                    724.2966                 
60.6                     724.2981                 
60.61                    724.2996                 
60.62                    724.3011                 
60.63                    724.3026                 
60.64                    724.30414                
60.65                    724.30566                
60.66                    724.3072                 
60.67                    724.30865                
60.68                    724.3102                 
60.69                    724.3117                 
60.7                     724.31323                
60.71                    724.31476                
60.72                    724.3162                 
60.73                    724.31775                
60.74                    724.3193                 
60.75                    724.32074                
60.76                    724.32227                
60.77                    724.3238                 
60.78                    724.3253                 
60.79                    724.3268                 
60.8                     724.3283                 
60.81                    724.32983                
60.82                    724.3313                 
60.83                    724.3328                 
60.84                    724.3343                 
60.85                    724.3358                 
60.86                    724.33734                
60.87                    724.3388                 
60.88                    724.34033                
60.89                    724.3418                 
60.9                     724.3433                 
60.91                    724.34485                
60.92                    724.3463                 
60.93                    724.34784                
60.94                    724.3493                 
60.95                    724.3508                 
60.96                    724.3523                 
60.97                    724.3538                 
60.98                    724.3553                 
60.99                    724.3568                 
61.0                     724.3583                 
61.01                    724.35974                
61.02                    724.36127                
61.03                    724.36273                
61.04                    724.36426                
61.05                    724.3657                 
61.06                    724.3672                 
61.07                    724.3687                 
61.08                    724.3702                 
61.09                    724.3717                 
61.1                     724.37317                
61.11                    724.37463                
61.12                    724.37616                
61.13                    724.3776                 
61.14                    724.3791                 
61.15                    724.3806                 
61.16                    724.3821                 
61.17                    724.38354                
61.18                    724.385                  
61.19                    724.38654                
61.2                     724.388                  
61.21                    724.38947                
61.22                    724.3909                 
61.23                    724.39246                
61.24                    724.3939                 
61.25                    724.3954                 
61.26                    724.39685                
61.27                    724.3983                 
61.28                    724.39984                
61.29                    724.4013                 
61.3                     724.4028                 
61.31                    724.40424                
61.32                    724.4057                 
61.33                    724.40717                
61.34                    724.4086                 
61.35                    724.4101                 
61.36                    724.41156                
61.37                    724.4131                 
61.38                    724.41455                
61.39                    724.416                  
61.4                     724.4175                 
61.41                    724.41895                
61.42                    724.4204                 
61.43                    724.4219                 
61.44                    724.42334                
61.45                    724.4248                 
61.46                    724.4263                 
61.47                    724.42773                
61.48                    724.4292                 
61.49                    724.43066                
61.5                     724.4321                 
61.51                    724.43353                
61.52                    724.435                  
61.53                    724.43646                
61.54                    724.4379                 
61.55                    724.4394                 
61.56                    724.44086                
61.57                    724.4423                 
61.58                    724.4438                 
61.59                    724.44525                
61.6                     724.44666                
61.61                    724.4481                 
61.62                    724.4496                 
61.63                    724.45105                
61.64                    724.4525                 
61.65                    724.4539                 
61.66                    724.4554                 
61.67                    724.45685                
61.68                    724.4583                 
61.69                    724.4598                 
61.7                     724.4612                 
61.71                    724.46265                
61.72                    724.4641                 
61.73                    724.4655                 
61.74                    724.467                  
61.75                    724.46844                
61.76                    724.4699                 
61.77                    724.4713                 
61.78                    724.4728                 
61.79                    724.4742                 
61.8                     724.47565                
61.81                    724.4771                 
61.82                    724.4785                 
61.83                    724.48                   
61.84                    724.48145                
61.85                    724.48285                
61.86                    724.4843                 
61.87                    724.4857                 
61.88                    724.4872                 
61.89                    724.4886                 
61.9                     724.49005                
61.91                    724.4915                 
61.92                    724.4929                 
61.93                    724.4944                 
61.94                    724.4958                 
61.95                    724.49725                
61.96                    724.49866                
61.97                    724.5001                 
61.98                    724.5015                 
61.99                    724.5029                 
62.0                     724.5044                 
62.01                    724.5058                 
62.02                    724.50726                
62.03                    724.50867                
62.04                    724.51013                
62.05                    724.51154                
62.06                    724.51294                
62.07                    724.5144                 
62.08                    724.5158                 
62.09                    724.5172                 
62.1                     724.5187                 
62.11                    724.5201                 
62.12                    724.5215                 
62.13                    724.52295                
62.14                    724.52435                
62.15                    724.52576                
62.16                    724.5272                 
62.17                    724.5286                 
62.18                    724.53                   
62.19                    724.53143                
62.2                     724.5329                 
62.21                    724.5343                 
62.22                    724.5357                 
62.23                    724.5371                 
62.24                    724.5386                 
62.25                    724.54                   
62.26                    724.5414                 
62.27                    724.5428                 
62.28                    724.5442                 
62.29                    724.5456                 
62.3                     724.54706                
62.31                    724.54846                
62.32                    724.54987                
62.33                    724.5513                 
62.34                    724.5527                 
62.35                    724.5541                 
62.36                    724.5555                 
62.37                    724.5569                 
62.38                    724.5583                 
62.39                    724.5597                 
62.4                     724.56116                
62.41                    724.56256                
62.42                    724.56396                
62.43                    724.56537                
62.44                    724.5668                 
62.45                    724.5682                 
62.46                    724.5696                 
62.47                    724.571                  
62.48                    724.5724                 
62.49                    724.5738                 
62.5                     724.57513                
62.51                    724.57654                
62.52                    724.57794                
62.53                    724.57935                
62.54                    724.58075                
62.55                    724.58215                
62.56                    724.58356                
62.57                    724.58496                
62.58                    724.58636                
62.59                    724.58777                
62.6                     724.5891                 
62.61                    724.5905                 
62.62                    724.5919                 
62.63                    724.5933                 
62.64                    724.5947                 
62.65                    724.5961                 
62.66                    724.5975                 
62.67                    724.5989                 
62.68                    724.6003                 
62.69                    724.6017                 
62.7                     724.6031                 
62.71                    724.60443                
62.72                    724.60583                
62.73                    724.60724                
62.74                    724.60864                
62.75                    724.61                   
62.76                    724.6114                 
62.77                    724.6128                 
62.78                    724.61414                
62.79                    724.61554                
62.8                     724.61694                
62.81                    724.6183                 
62.82                    724.6197                 
62.83                    724.6211                 
62.84                    724.62244                
62.85                    724.62384                
62.86                    724.6252                 
62.87                    724.6266                 
62.88                    724.628                  
62.89                    724.62933                
62.9                     724.63074                
62.91                    724.6321                 
62.92                    724.6335                 
62.93                    724.6348                 
62.94                    724.6362                 
62.95                    724.63763                
62.96                    724.639                  
62.97                    724.6404                 
62.98                    724.6417                 
62.99                    724.6431                 
63.0                     724.6445                 
63.01                    724.6458                 
63.02                    724.6472                 
63.03                    724.64856                
63.04                    724.64996                
63.05                    724.6513                 
63.06                    724.6527                 
63.07                    724.65405                
63.08                    724.6554                 
63.09                    724.6568                 
63.1                     724.65814                
63.11                    724.65955                
63.12                    724.6609                 
63.13                    724.66223                
63.14                    724.66364                
63.15                    724.665                  
63.16                    724.6663                 
63.17                    724.6677                 
63.18                    724.66907                
63.19                    724.6704                 
63.2                     724.6718                 
63.21                    724.67316                
63.22                    724.6745                 
63.23                    724.67584                
63.24                    724.67725                
63.25                    724.6786                 
63.26                    724.67993                
63.27                    724.6813                 
63.28                    724.6827                 
63.29                    724.684                  
63.3                     724.68536                
63.31                    724.6867                 
63.32                    724.68805                
63.33                    724.6894                 
63.34                    724.6908                 
63.35                    724.69214                
63.36                    724.6935                 
63.37                    724.6948                 
63.38                    724.69617                
63.39                    724.6975                 
63.4                     724.69885                
63.41                    724.7002                 
63.42                    724.7016                 
63.43                    724.70294                
63.44                    724.7043                 
63.45                    724.7056                 
63.46                    724.707                  
63.47                    724.7083                 
63.48                    724.70966                
63.49                    724.711                  
63.5                     724.71234                
63.51                    724.7137                 
63.52                    724.715                  
63.53                    724.7164                 
63.54                    724.7177                 
63.55                    724.71906                
63.56                    724.7204                 
63.57                    724.72174                
63.58                    724.7231                 
63.59                    724.7244                 
63.6                     724.72577                
63.61                    724.7271                 
63.62                    724.72845                
63.63                    724.7298                 
63.64                    724.73114                
63.65                    724.7325                 
63.66                    724.7338                 
63.67                    724.7351                 
63.68                    724.73645                
63.69                    724.7378                 
63.7                     724.73914                
63.71                    724.7405                 
63.72                    724.7418                 
63.73                    724.74316                
63.74                    724.74445                
63.75                    724.7458                 
63.76                    724.74713                
63.77                    724.7485                 
63.78                    724.7498                 
63.79                    724.7511                 
63.8                     724.75244                
63.81                    724.7538                 
63.82                    724.7551                 
63.83                    724.7564                 
63.84                    724.75775                
63.85                    724.7591                 
63.86                    724.76044                
63.87                    724.7617                 
63.88                    724.76306                
63.89                    724.7644                 
63.9                     724.7657                 
63.91                    724.767                  
63.92                    724.7684                 
63.93                    724.76965                
63.94                    724.771                  
63.95                    724.77234                
63.96                    724.7736                 
63.97                    724.77496                
63.98                    724.7763                 
63.99                    724.7776                 
64.0                     724.77893                
64.01                    724.7802                 
64.02                    724.78156                
64.03                    724.78284                
64.04                    724.7842                 
64.05                    724.7855                 
64.06                    724.7868                 
64.07                    724.78815                
64.08                    724.7894                 
64.09                    724.7908                 
64.1                     724.79205                
64.11                    724.7934                 
64.12                    724.7947                 
64.13                    724.796                  
64.14                    724.7973                 
64.15                    724.79865                
64.16                    724.7999                 
64.17                    724.8012                 
64.18                    724.80255                
64.19                    724.80383                
64.2                     724.8052                 
64.21                    724.80646                
64.22                    724.8078                 
64.23                    724.8091                 
64.24                    724.81036                
64.25                    724.8117                 
64.26                    724.813                  
64.27                    724.8143                 
64.28                    724.8156                 
64.29                    724.8169                 
64.3                     724.8182                 
64.31                    724.8195                 
64.32                    724.8208                 
64.33                    724.8221                 
64.34                    724.8234                 
64.35                    724.8247                 
64.36                    724.826                  
64.37                    724.82733                
64.38                    724.8286                 
64.39                    724.8299                 
64.4                     724.8312                 
64.41                    724.8325                 
64.42                    724.8338                 
64.43                    724.8351                 
64.44                    724.83636                
64.45                    724.83765                
64.46                    724.839                  
64.47                    724.8403                 
64.48                    724.84155                
64.49                    724.84283                
64.5                     724.8441                 
64.51                    724.8454                 
64.52                    724.84674                
64.53                    724.848                  
64.54                    724.8493                 
64.55                    724.8506                 
64.56                    724.85187                
64.57                    724.85315                
64.58                    724.85443                
64.59                    724.8557                 
64.6                     724.857                  
64.61                    724.8583                 
64.62                    724.85956                
64.63                    724.86084                
64.64                    724.8622                 
64.65                    724.86346                
64.66                    724.86475                
64.67                    724.866                  
64.68                    724.8673                 
64.69                    724.8686                 
64.7                     724.8699                 
64.71                    724.87115                
64.72                    724.8724                 
64.73                    724.87366                
64.74                    724.87494                
64.75                    724.8762                 
64.76                    724.8775                 
64.77                    724.8788                 
64.78                    724.88007                
64.79                    724.88135                
64.8                     724.8826                 
64.81                    724.8839                 
64.82                    724.8852                 
64.83                    724.8865                 
64.84                    724.8877                 
64.85                    724.889                  
64.86                    724.89026                
64.87                    724.89154                
64.88                    724.8928                 
64.89                    724.8941                 
64.9                     724.8953                 
64.91                    724.8966                 
64.92                    724.8979                 
64.93                    724.8992                 
64.94                    724.90045                
64.95                    724.9017                 
64.96                    724.90295                
64.97                    724.90424                
64.98                    724.9055                 
64.99                    724.90674                
65.0                     724.908                  
65.01                    724.9093                 
65.02                    724.9105                 
65.03                    724.9118                 
65.04                    724.9131                 
65.05                    724.91437                
65.06                    724.9156                 
65.07                    724.9169                 
65.08                    724.91815                
65.09                    724.9194                 
65.1                     724.92065                
65.11                    724.9219                 
65.12                    724.92316                
65.13                    724.92444                
65.14                    724.92566                
65.15                    724.92694                
65.16                    724.9282                 
65.17                    724.92944                
65.18                    724.9307                 
65.19                    724.93195                
65.2                     724.9332                 
65.21                    724.93445                
65.22                    724.9357                 
65.23                    724.93695                
65.24                    724.93823                
65.25                    724.93945                
65.26                    724.94073                
65.27                    724.94196                
65.28                    724.94324                
65.29                    724.94446                
65.3                     724.94574                
65.31                    724.94696                
65.32                    724.94824                
65.33                    724.94946                
65.34                    724.95074                
65.35                    724.95197                
65.36                    724.95325                
65.37                    724.95447                
65.38                    724.9557                 
65.39                    724.957                  
65.4                     724.9582                 
65.41                    724.9595                 
65.42                    724.9607                 
65.43                    724.9619                 
65.44                    724.9632                 
65.45                    724.9644                 
65.46                    724.96564                
65.47                    724.9669                 
65.48                    724.96814                
65.49                    724.96936                
65.5                     724.97064                
65.51                    724.97186                
65.52                    724.9731                 
65.53                    724.9743                 
65.54                    724.9756                 
65.55                    724.9768                 
65.56                    724.978                  
65.57                    724.97925                
65.58                    724.9805                 
65.59                    724.98175                
65.6                     724.983                  
65.61                    724.9842                 
65.62                    724.9855                 
65.63                    724.9867                 
65.64                    724.9879                 
65.65                    724.98914                
65.66                    724.99036                
65.67                    724.9916                 
65.68                    724.99286                
65.69                    724.9941                 
65.7                     724.9953                 
65.71                    724.9965                 
65.72                    724.99774                
65.73                    724.99896                
65.74                    725.0002                 
65.75                    725.0014                 
65.76                    725.0027                 
65.77                    725.0039                 
65.78                    725.0051                 
65.79                    725.00635                
65.8                     725.00757                
65.81                    725.0088                 
65.82                    725.01                   
65.83                    725.0112                 
65.84                    725.01245                
65.85                    725.0137                 
65.86                    725.0149                 
65.87                    725.0161                 
65.88                    725.01733                
65.89                    725.01855                
65.9                     725.0198                 
65.91                    725.021                  
65.92                    725.0222                 
65.93                    725.02344                
65.94                    725.02466                
65.95                    725.0259                 
65.96                    725.02704                
65.97                    725.02826                
65.98                    725.0295                 
65.99                    725.0307                 
66.0                     725.0319                 
66.01                    725.03314                
66.02                    725.03436                
66.03                    725.0356                 
66.04                    725.0368                 
66.05                    725.03796                
66.06                    725.0392                 
66.07                    725.0404                 
66.08                    725.0416                 
66.09                    725.04285                
66.1                     725.044                  
66.11                    725.0452                 
66.12                    725.04645                
66.13                    725.04767                
66.14                    725.0489                 
66.15                    725.05005                
66.16                    725.0513                 
66.17                    725.0525                 
66.18                    725.0537                 
66.19                    725.0549                 
66.2                     725.0561                 
66.21                    725.0573                 
66.22                    725.0585                 
66.23                    725.0597                 
66.24                    725.0609                 
66.25                    725.06213                
66.26                    725.0633                 
66.27                    725.0645                 
66.28                    725.06573                
66.29                    725.0669                 
66.3                     725.0681                 
66.31                    725.0693                 
66.32                    725.0705                 
66.33                    725.0717                 
66.34                    725.0729                 
66.35                    725.0741                 
66.36                    725.07526                
66.37                    725.0765                 
66.38                    725.0777                 
66.39                    725.07886                
66.4                     725.0801                 
66.41                    725.08124                
66.42                    725.08246                
66.43                    725.0836                 
66.44                    725.08484                
66.45                    725.086                  
66.46                    725.0872                 
66.47                    725.0884                 
66.48                    725.0896                 
66.49                    725.09076                
66.5                     725.092                  
66.51                    725.09314                
66.52                    725.09436                
66.53                    725.0955                 
66.54                    725.09674                
66.55                    725.0979                 
66.56                    725.0991                 
66.57                    725.1003                 
66.58                    725.10144                
66.59                    725.10266                
66.6                     725.1038                 
66.61                    725.10504                
66.62                    725.1062                 
66.63                    725.10736                
66.64                    725.1086                 
66.65                    725.10974                
66.66                    725.1109                 
66.67                    725.1121                 
66.68                    725.1133                 
66.69                    725.11444                
66.7                     725.11566                
66.71                    725.1168                 
66.72                    725.118                  
66.73                    725.1192                 
66.74                    725.12036                
66.75                    725.1215                 
66.76                    725.1227                 
66.77                    725.1239                 
66.78                    725.12506                
66.79                    725.1262                 
66.8                     725.1274                 
66.81                    725.12854                
66.82                    725.12976                
66.83                    725.1309                 
66.84                    725.1321                 
66.85                    725.13324                
66.86                    725.1344                 
66.87                    725.1356                 
66.88                    725.1368                 
66.89                    725.13794                
66.9                     725.1391                 
66.91                    725.14026                
66.92                    725.1414                 
66.93                    725.1426                 
66.94                    725.1438                 
66.95                    725.14496                
66.96                    725.1461                 
66.97                    725.1473                 
66.98                    725.14844                
66.99                    725.1496                 
67.0                     725.15076                
67.01                    725.1519                 
67.02                    725.1531                 
67.03                    725.15424                
67.04                    725.1554                 
67.05                    725.15656                
67.06                    725.1577                 
67.07                    725.1589                 
67.08                    725.16003                
67.09                    725.1612                 
67.1                     725.16235                
67.11                    725.1635                 
67.12                    725.1647                 
67.13                    725.16583                
67.14                    725.167                  
67.15                    725.16815                
67.16                    725.1693                 
67.17                    725.1705                 
67.18                    725.17163                
67.19                    725.1728                 
67.2                     725.17395                
67.21                    725.1751                 
67.22                    725.1762                 
67.23                    725.17737                
67.24                    725.1785                 
67.25                    725.1797                 
67.26                    725.18085                
67.27                    725.182                  
67.28                    725.18317                
67.29                    725.18427                
67.3                     725.1854                 
67.31                    725.1866                 
67.32                    725.18774                
67.33                    725.1889                 
67.34                    725.19                   
67.35                    725.19116                
67.36                    725.1923                 
67.37                    725.1935                 
67.38                    725.19464                
67.39                    725.19574                
67.4                     725.1969                 
67.41                    725.19806                
67.42                    725.19916                
67.43                    725.2003                 
67.44                    725.2015                 
67.45                    725.20264                
67.46                    725.20374                
67.47                    725.2049                 
67.48                    725.20605                
67.49                    725.20715                
67.5                     725.2083                 
67.51                    725.2095                 
67.52                    725.2106                 
67.53                    725.21173                
67.54                    725.2129                 
67.55                    725.214                  
67.56                    725.21515                
67.57                    725.21625                
67.58                    725.2174                 
67.59                    725.21857                
67.6                     725.21967                
67.61                    725.2208                 
67.62                    725.2219                 
67.63                    725.2231                 
67.64                    725.2242                 
67.65                    725.22534                
67.66                    725.22644                
67.67                    725.2276                 
67.68                    725.2287                 
67.69                    725.22986                
67.7                     725.23096                
67.71                    725.2321                 
67.72                    725.2332                 
67.73                    725.2344                 
67.74                    725.2355                 
67.75                    725.23663                
67.76                    725.23773                
67.77                    725.2389                 
67.78                    725.24                   
67.79                    725.24115                
67.8                     725.24225                
67.81                    725.24335                
67.82                    725.2445                 
67.83                    725.2456                 
67.84                    725.24677                
67.85                    725.24786                
67.86                    725.24896                
67.87                    725.2501                 
67.88                    725.2512                 
67.89                    725.2523                 
67.9                     725.2535                 
67.91                    725.2546                 
67.92                    725.2557                 
67.93                    725.25684                
67.94                    725.25793                
67.95                    725.25903                
67.96                    725.2602                 
67.97                    725.2613                 
67.98                    725.26245                
67.99                    725.26355                
68.0                     725.26465                
68.01                    725.2658                 
68.02                    725.2669                 
68.03                    725.268                  
68.04                    725.26917                
68.05                    725.27026                
68.06                    725.2714                 
68.07                    725.2725                 
68.08                    725.2736                 
68.09                    725.2748                 
68.1                     725.2759                 
68.11                    725.277                  
68.12                    725.27814                
68.13                    725.27924                
68.14                    725.28033                
68.15                    725.2815                 
68.16                    725.2826                 
68.17                    725.2837                 
68.18                    725.2848                 
68.19                    725.28595                
68.2                     725.28705                
68.21                    725.28815                
68.22                    725.28925                
68.23                    725.2904                 
68.24                    725.2915                 
68.25                    725.2926                 
68.26                    725.2937                 
68.27                    725.29486                
68.28                    725.29596                
68.29                    725.29706                
68.3                     725.29816                
68.31                    725.29926                
68.32                    725.3004                 
68.33                    725.3015                 
68.34                    725.3026                 
68.35                    725.3037                 
68.36                    725.3048                 
68.37                    725.3059                 
68.38                    725.30707                
68.39                    725.30817                
68.4                     725.30927                
68.41                    725.31036                
68.42                    725.31146                
68.43                    725.31256                
68.44                    725.31366                
68.45                    725.31476                
68.46                    725.3159                 
68.47                    725.317                  
68.48                    725.3181                 
68.49                    725.3192                 
68.5                     725.3203                 
68.51                    725.3214                 
68.52                    725.3225                 
68.53                    725.3236                 
68.54                    725.3247                 
68.55                    725.3258                 
68.56                    725.3269                 
68.57                    725.328                  
68.58                    725.3291                 
68.59                    725.3302                 
68.6                     725.3313                 
68.61                    725.3324                 
68.62                    725.3335                 
68.63                    725.3346                 
68.64                    725.3357                 
68.65                    725.3368                 
68.66                    725.3379                 
68.67                    725.339                  
68.68                    725.3401                 
68.69                    725.3412                 
68.7                     725.3423                 
68.71                    725.3434                 
68.72                    725.3445                 
68.73                    725.3455                 
68.74                    725.3466                 
68.75                    725.3477                 
68.76                    725.3488                 
68.77                    725.3499                 
68.78                    725.351                  
68.79                    725.3521                 
68.8                     725.3532                 
68.81                    725.3543                 
68.82                    725.35535                
68.83                    725.35645                
68.84                    725.35754                
68.85                    725.35864                
68.86                    725.35974                
68.87                    725.36084                
68.88                    725.3619                 
68.89                    725.363                  
68.9                     725.3641                 
68.91                    725.3652                 
68.92                    725.3663                 
68.93                    725.3673                 
68.94                    725.3684                 
68.95                    725.3695                 
68.96                    725.3706                 
68.97                    725.37164                
68.98                    725.37274                
68.99                    725.37384                
69.0                     725.37494                
69.01                    725.376                  
69.02                    725.3771                 
69.03                    725.3782                 
69.04                    725.3792                 
69.05                    725.3803                 
69.06                    725.3814                 
69.07                    725.3825                 
69.08                    725.38354                
69.09                    725.38464                
69.1                     725.38574                
69.11                    725.3868                 
69.12                    725.3879                 
69.13                    725.389                  
69.14                    725.39                   
69.15                    725.3911                 
69.16                    725.39215                
69.17                    725.39325                
69.18                    725.39435                
69.19                    725.3954                 
69.2                     725.3965                 
69.21                    725.3976                 
69.22                    725.3986                 
69.23                    725.3997                 
69.24                    725.40076                
69.25                    725.40186                
69.26                    725.4029                 
69.27                    725.404                  
69.28                    725.4051                 
69.29                    725.4061                 
69.3                     725.4072                 
69.31                    725.40826                
69.32                    725.40936                
69.33                    725.4104                 
69.34                    725.4115                 
69.35                    725.41254                
69.36                    725.41364                
69.37                    725.4147                 
69.38                    725.4158                 
69.39                    725.4168                 
69.4                     725.4179                 
69.41                    725.41895                
69.42                    725.42004                
69.43                    725.4211                 
69.44                    725.4222                 
69.45                    725.4232                 
69.46                    725.42426                
69.47                    725.42535                
69.48                    725.4264                 
69.49                    725.4275                 
69.5                     725.4285                 
69.51                    725.4296                 
69.52                    725.43066                
69.53                    725.4317                 
69.54                    725.4328                 
69.55                    725.43384                
69.56                    725.43494                
69.57                    725.436                  
69.58                    725.437                  
69.59                    725.4381                 
69.6                     725.43915                
69.61                    725.4402                 
69.62                    725.4413                 
69.63                    725.4423                 
69.64                    725.44336                
69.65                    725.44446                
69.66                    725.4455                 
69.67                    725.44653                
69.68                    725.44763                
69.69                    725.44867                
69.7                     725.4497                 
69.71                    725.45074                
69.72                    725.45184                
69.73                    725.4529                 
69.74                    725.4539                 
69.75                    725.455                  
69.76                    725.45605                
69.77                    725.4571                 
69.78                    725.4581                 
69.79                    725.45917                
69.8                     725.46027                
69.81                    725.4613                 
69.82                    725.46234                
69.83                    725.4634                 
69.84                    725.4645                 
69.85                    725.4655                 
69.86                    725.46655                
69.87                    725.4676                 
69.88                    725.4686                 
69.89                    725.4697                 
69.9                     725.47076                
69.91                    725.4718                 
69.92                    725.47284                
69.93                    725.4739                 
69.94                    725.4749                 
69.95                    725.47595                
69.96                    725.47705                
69.97                    725.4781                 
69.98                    725.4791                 
69.99                    725.48016                
70.0                     725.4812                 
70.01                    725.48224                
70.02                    725.4833                 
70.03                    725.4843                 
70.04                    725.48535                
70.05                    725.4864                 
70.06                    725.4875                 
70.07                    725.4885                 
70.08                    725.48956                
70.09                    725.4906                 
70.1                     725.49164                
70.11                    725.4927                 
70.12                    725.4937                 
70.13                    725.49475                
70.14                    725.4958                 
70.15                    725.4968                 
70.16                    725.49786                
70.17                    725.4989                 
70.18                    725.49994                
70.19                    725.501                  
70.2                     725.502                  
70.21                    725.50305                
70.22                    725.5041                 
70.23                    725.5051                 
70.24                    725.50616                
70.25                    725.5072                 
70.26                    725.50824                
70.27                    725.5093                 
70.28                    725.5103                 
70.29                    725.5113                 
70.3                     725.5123                 
70.31                    725.51337                
70.32                    725.5144                 
70.33                    725.51544                
70.34                    725.5165                 
70.35                    725.5175                 
70.36                    725.51855                
70.37                    725.5196                 
70.38                    725.5206                 
70.39                    725.5216                 
70.4                     725.52264                
70.41                    725.5237                 
70.42                    725.5247                 
70.43                    725.52576                
70.44                    725.5268                 
70.45                    725.52783                
70.46                    725.5288                 
70.47                    725.52985                
70.48                    725.5309                 
70.49                    725.5319                 
70.5                     725.53296                
70.51                    725.53394                
70.52                    725.535                  
70.53                    725.536                  
70.54                    725.53705                
70.55                    725.5381                 
70.56                    725.53906                
70.57                    725.5401                 
70.58                    725.54114                
70.59                    725.5422                 
70.6                     725.54315                
70.61                    725.5442                 
70.62                    725.5452                 
70.63                    725.54626                
70.64                    725.54724                
70.65                    725.5483                 
70.66                    725.5493                 
70.67                    725.5503                 
70.68                    725.55133                
70.69                    725.55237                
70.7                     725.5534                 
70.71                    725.5544                 
70.72                    725.5554                 
70.73                    725.55646                
70.74                    725.55743                
70.75                    725.5585                 
70.76                    725.5595                 
70.77                    725.5605                 
70.78                    725.5615                 
70.79                    725.56256                
70.8                     725.56354                
70.81                    725.5646                 
70.82                    725.56555                
70.83                    725.5666                 
70.84                    725.5676                 
70.85                    725.5686                 
70.86                    725.56964                
70.87                    725.5706                 
70.88                    725.57166                
70.89                    725.5727                 
70.9                     725.57367                
70.91                    725.5747                 
70.92                    725.5757                 
70.93                    725.5767                 
70.94                    725.5777                 
70.95                    725.57874                
70.96                    725.5797                 
70.97                    725.58075                
70.98                    725.5818                 
70.99                    725.58276                
71.0                     725.5838                 
71.01                    725.5848                 
71.02                    725.5858                 
71.03                    725.5868                 
71.04                    725.5878                 
71.05                    725.5888                 
71.06                    725.58984                
71.07                    725.5908                 
71.08                    725.5918                 
71.09                    725.59283                
71.1                     725.5938                 
71.11                    725.59485                
71.12                    725.5958                 
71.13                    725.59686                
71.14                    725.59784                
71.15                    725.5989                 
71.16                    725.59985                
71.17                    725.6008                 
71.18                    725.60187                
71.19                    725.60284                
71.2                     725.6039                 
71.21                    725.60486                
71.22                    725.60583                
71.23                    725.6069                 
71.24                    725.60785                
71.25                    725.6089                 
71.26                    725.60986                
71.27                    725.61084                
71.28                    725.6119                 
71.29                    725.61285                
71.3                     725.61383                
71.31                    725.61487                
71.32                    725.61584                
71.33                    725.6168                 
71.34                    725.61786                
71.35                    725.61884                
71.36                    725.6198                 
71.37                    725.62085                
71.38                    725.6218                 
71.39                    725.6228                 
71.4                     725.62384                
71.41                    725.6248                 
71.42                    725.6258                 
71.43                    725.6268                 
71.44                    725.6278                 
71.45                    725.6288                 
71.46                    725.62976                
71.47                    725.63074                
71.48                    725.6318                 
71.49                    725.63275                
71.5                     725.6337                 
71.51                    725.6347                 
71.52                    725.63574                
71.53                    725.6367                 
71.54                    725.6377                 
71.55                    725.6387                 
71.56                    725.63965                
71.57                    725.6407                 
71.58                    725.64166                
71.59                    725.64264                
71.6                     725.6436                 
71.61                    725.6446                 
71.62                    725.6456                 
71.63                    725.6466                 
71.64                    725.6476                 
71.65                    725.64856                
71.66                    725.64954                
71.67                    725.6505                 
71.68                    725.6515                 
71.69                    725.6525                 
71.7                     725.6535                 
71.71                    725.6545                 
71.72                    725.65546                
71.73                    725.65643                
71.74                    725.6574                 
71.75                    725.6584                 
71.76                    725.65936                
71.77                    725.66034                
71.78                    725.6613                 
71.79                    725.66235                
71.8                     725.6633                 
71.81                    725.6643                 
71.82                    725.6653                 
71.83                    725.66626                
71.84                    725.66724                
71.85                    725.6682                 
71.86                    725.6692                 
71.87                    725.67017                
71.88                    725.67114                
71.89                    725.6721                 
71.9                     725.6731                 
71.91                    725.6741                 
71.92                    725.67505                
71.93                    725.676                  
71.94                    725.677                  
71.95                    725.678                  
71.96                    725.67896                
71.97                    725.67993                
71.98                    725.6809                 
71.99                    725.6819                 
72.0                     725.68286                
72.01                    725.68384                
72.02                    725.6848                 
72.03                    725.6858                 
72.04                    725.68677                
72.05                    725.68774                
72.06                    725.6887                 
72.07                    725.68964                
72.08                    725.6906                 
72.09                    725.6916                 
72.1                     725.69257                
72.11                    725.69354                
72.12                    725.6945                 
72.13                    725.6955                 
72.14                    725.6965                 
72.15                    725.69745                
72.16                    725.6984                 
72.17                    725.69934                
72.18                    725.7003                 
72.19                    725.7013                 
72.2                     725.7023                 
72.21                    725.70325                
72.22                    725.7042                 
72.23                    725.7052                 
72.24                    725.7061                 
72.25                    725.7071                 
72.26                    725.70807                
72.27                    725.70905                
72.28                    725.71                   
72.29                    725.71094                
72.3                     725.7119                 
72.31                    725.7129                 
72.32                    725.71387                
72.33                    725.71484                
72.34                    725.71576                
72.35                    725.71674                
72.36                    725.7177                 
72.37                    725.7187                 
72.38                    725.7196                 
72.39                    725.7206                 
72.4                     725.72156                
72.41                    725.72253                
72.42                    725.72345                
72.43                    725.7244                 
72.44                    725.7254                 
72.45                    725.7264                 
72.46                    725.7273                 
72.47                    725.7283                 
72.48                    725.72925                
72.49                    725.7302                 
72.5                     725.73114                
72.51                    725.7321                 
72.52                    725.7331                 
72.53                    725.734                  
72.54                    725.735                  
72.55                    725.73596                
72.56                    725.7369                 
72.57                    725.73785                
72.58                    725.73883                
72.59                    725.73975                
72.6                     725.7407                 
72.61                    725.7417                 
72.62                    725.7426                 
72.63                    725.7436                 
72.64                    725.7445                 
72.65                    725.7455                 
72.66                    725.74646                
72.67                    725.7474                 
72.68                    725.74835                
72.69                    725.74927                
72.7                     725.75024                
72.71                    725.7512                 
72.72                    725.75214                
72.73                    725.7531                 
72.74                    725.754                  
72.75                    725.755                  
72.76                    725.756                  
72.77                    725.7569                 
72.78                    725.7579                 
72.79                    725.7588                 
72.8                     725.75977                
72.81                    725.7607                 
72.82                    725.76166                
72.83                    725.7626                 
72.84                    725.76355                
72.85                    725.76447                
72.86                    725.76544                
72.87                    725.76636                
72.88                    725.76733                
72.89                    725.76825                
72.9                     725.7692                 
72.91                    725.77014                
72.92                    725.7711                 
72.93                    725.77203                
72.94                    725.773                  
72.95                    725.7739                 
72.96                    725.7749                 
72.97                    725.7758                 
72.98                    725.7768                 
72.99                    725.7777                 
73.0                     725.7786                 
73.01                    725.7796                 
73.02                    725.7805                 
73.03                    725.7815                 
73.04                    725.7824                 
73.05                    725.7834                 
73.06                    725.7843                 
73.07                    725.7852                 
73.08                    725.7862                 
73.09                    725.7871                 
73.1                     725.7881                 
73.11                    725.789                  
73.12                    725.7899                 
73.13                    725.7909                 
73.14                    725.7918                 
73.15                    725.7927                 
73.16                    725.7937                 
73.17                    725.7946                 
73.18                    725.7956                 
73.19                    725.7965                 
73.2                     725.7974                 
73.21                    725.7984                 
73.22                    725.7993                 
73.23                    725.80023                
73.24                    725.8012                 
73.25                    725.8021                 
73.26                    725.80304                
73.27                    725.80396                
73.28                    725.80493                
73.29                    725.80585                
73.3                     725.80676                
73.31                    725.80774                
73.32                    725.80865                
73.33                    725.8096                 
73.34                    725.8105                 
73.35                    725.81146                
73.36                    725.8124                 
73.37                    725.8133                 
73.38                    725.8142                 
73.39                    725.8152                 
73.4                     725.8161                 
73.41                    725.817                  
73.42                    725.81793                
73.43                    725.8189                 
73.44                    725.8198                 
73.45                    725.82074                
73.46                    725.82166                
73.47                    725.82263                
73.48                    725.82355                
73.49                    725.82446                
73.5                     725.8254                 
73.51                    725.8263                 
73.52                    725.8272                 
73.53                    725.8282                 
73.54                    725.8291                 
73.55                    725.83                   
73.56                    725.83093                
73.57                    725.83185                
73.58                    725.83276                
73.59                    725.83374                
73.6                     725.83466                
73.61                    725.8356                 
73.62                    725.8365                 
73.63                    725.8374                 
73.64                    725.8383                 
73.65                    725.83923                
73.66                    725.84015                
73.67                    725.8411                 
73.68                    725.84204                
73.69                    725.84296                
73.7                     725.8439                 
73.71                    725.8448                 
73.72                    725.8457                 
73.73                    725.8466                 
73.74                    725.84753                
73.75                    725.84845                
73.76                    725.84937                
73.77                    725.8503                 
73.78                    725.8512                 
73.79                    725.8522                 
73.8                     725.8531                 
73.81                    725.854                  
73.82                    725.8549                 
73.83                    725.85583                
73.84                    725.85675                
73.85                    725.85767                
73.86                    725.8586                 
73.87                    725.8595                 
73.88                    725.8604                 
73.89                    725.8613                 
73.9                     725.86224                
73.91                    725.86316                
73.92                    725.8641                 
73.93                    725.865                  
73.94                    725.8659                 
73.95                    725.8668                 
73.96                    725.86774                
73.97                    725.86865                
73.98                    725.86957                
73.99                    725.8705                 
74.0                     725.87134                
74.01                    725.87225                
74.02                    725.87317                
74.03                    725.8741                 
74.04                    725.875                  
74.05                    725.8759                 
74.06                    725.87683                
74.07                    725.87775                
74.08                    725.87866                
74.09                    725.8796                 
74.1                     725.8805                 
74.11                    725.8814                 
74.12                    725.88226                
74.13                    725.8832                 
74.14                    725.8841                 
74.15                    725.885                  
74.16                    725.8859                 
74.17                    725.88684                
74.18                    725.88776                
74.19                    725.8887                 
74.2                     725.8895                 
74.21                    725.89044                
74.22                    725.89136                
74.23                    725.8923                 
74.24                    725.8932                 
74.25                    725.8941                 
74.26                    725.89496                
74.27                    725.8959                 
74.28                    725.8968                 
74.29                    725.8977                 
74.3                     725.8986                 
74.31                    725.89954                
74.32                    725.9004                 
74.33                    725.9013                 
74.34                    725.9022                 
74.35                    725.90314                
74.36                    725.904                  
74.37                    725.9049                 
74.38                    725.9058                 
74.39                    725.90674                
74.4                     725.90765                
74.41                    725.9085                 
74.42                    725.9094                 
74.43                    725.91034                
74.44                    725.91125                
74.45                    725.9121                 
74.46                    725.913                  
74.47                    725.91394                
74.48                    725.9148                 
74.49                    725.9157                 
74.5                     725.9166                 
74.51                    725.91754                
74.52                    725.9184                 
74.53                    725.9193                 
74.54                    725.9202                 
74.55                    725.9211                 
74.56                    725.922                  
74.57                    725.9229                 
74.58                    725.92377                
74.59                    725.9247                 
74.6                     725.9256                 
74.61                    725.92645                
74.62                    725.92737                
74.63                    725.9283                 
74.64                    725.92914                
74.65                    725.93005                
74.66                    725.93097                
74.67                    725.9318                 
74.68                    725.93274                
74.69                    725.93365                
74.7                     725.9345                 
74.71                    725.9354                 
74.72                    725.9363                 
74.73                    725.9372                 
74.74                    725.9381                 
74.75                    725.93896                
74.76                    725.9399                 
74.77                    725.94073                
74.78                    725.94165                
74.79                    725.94257                
74.8                     725.9434                 
74.81                    725.94434                
74.82                    725.9452                 
74.83                    725.9461                 
74.84                    725.94696                
74.85                    725.9479                 
74.86                    725.9488                 
74.87                    725.94965                
74.88                    725.95056                
74.89                    725.9514                 
74.9                     725.95233                
74.91                    725.9532                 
74.92                    725.9541                 
74.93                    725.95496                
74.94                    725.9559                 
74.95                    725.9567                 
74.96                    725.95764                
74.97                    725.9585                 
74.98                    725.9594                 
74.99                    725.96027                
75.0                     725.9612                 
75.01                    725.96204                
75.02                    725.96295                
75.03                    725.9638                 
75.04                    725.9647                 
75.05                    725.9656                 
75.06                    725.9665                 
75.07                    725.96735                
75.08                    725.9682                 
75.09                    725.9691                 
75.1                     725.97                   
75.11                    725.9709                 
75.12                    725.97174                
75.13                    725.97266                
75.14                    725.9735                 
75.15                    725.97437                
75.16                    725.9753                 
75.17                    725.97614                
75.18                    725.97705                
75.19                    725.9779                 
75.2                     725.97876                
75.21                    725.9797                 
75.22                    725.9805                 
75.23                    725.98145                
75.24                    725.9823                 
75.25                    725.98315                
75.26                    725.9841                 
75.27                    725.9849                 
75.28                    725.9858                 
75.29                    725.9867                 
75.3                     725.98755                
75.31                    725.98846                
75.32                    725.9893                 
75.33                    725.9902                 
75.34                    725.9911                 
75.35                    725.99194                
75.36                    725.9928                 
75.37                    725.9937                 
75.38                    725.99457                
75.39                    725.9954                 
75.4                     725.9963                 
75.41                    725.9972                 
75.42                    725.99805                
75.43                    725.9989                 
75.44                    725.9998                 
75.45                    726.0007                 
75.46                    726.0015                 
75.47                    726.0024                 
75.48                    726.0033                 
75.49                    726.00415                
75.5                     726.005                  
75.51                    726.0059                 
75.52                    726.0068                 
75.53                    726.0076                 
75.54                    726.0085                 
75.55                    726.0094                 
75.56                    726.01025                
75.57                    726.0111                 
75.58                    726.01196                
75.59                    726.0128                 
75.6                     726.01373                
75.61                    726.0146                 
75.62                    726.01544                
75.63                    726.0163                 
75.64                    726.0172                 
75.65                    726.01807                
75.66                    726.0189                 
75.67                    726.0198                 
75.68                    726.0206                 
75.69                    726.0215                 
75.7                     726.0224                 
75.71                    726.02325                
75.72                    726.0241                 
75.73                    726.02496                
75.74                    726.0258                 
75.75                    726.0267                 
75.76                    726.0276                 
75.77                    726.02844                
75.78                    726.0293                 
75.79                    726.03015                
75.8                     726.031                  
75.81                    726.03186                
75.82                    726.0327                 
75.83                    726.0336                 
75.84                    726.0345                 
75.85                    726.03534                
75.86                    726.0362                 
75.87                    726.03705                
75.88                    726.0379                 
75.89                    726.03876                
75.9                     726.0396                 
75.91                    726.04047                
75.92                    726.0413                 
75.93                    726.0422                 
75.94                    726.0431                 
75.95                    726.04395                
75.96                    726.0448                 
75.97                    726.04565                
75.98                    726.0465                 
75.99                    726.04736                
76.0                     726.0482                 
76.01                    726.0491                 
76.02                    726.0499                 
76.03                    726.0508                 
76.04                    726.05164                
76.05                    726.0525                 
76.06                    726.05334                
76.07                    726.0542                 
76.08                    726.05505                
76.09                    726.0559                 
76.1                     726.05676                
76.11                    726.0576                 
76.12                    726.0585                 
76.13                    726.0593                 
76.14                    726.0602                 
76.15                    726.06104                
76.16                    726.0619                 
76.17                    726.06274                
76.18                    726.0636                 
76.19                    726.06445                
76.2                     726.0653                 
76.21                    726.06616                
76.22                    726.067                  
76.23                    726.0679                 
76.24                    726.0687                 
76.25                    726.0696                 
76.26                    726.07043                
76.27                    726.0713                 
76.28                    726.07214                
76.29                    726.07294                
76.3                     726.0738                 
76.31                    726.07465                
76.32                    726.0755                 
76.33                    726.07635                
76.34                    726.0772                 
76.35                    726.07806                
76.36                    726.0789                 
76.37                    726.0798                 
76.38                    726.0806                 
76.39                    726.0814                 
76.4                     726.0823                 
76.41                    726.0831                 
76.42                    726.084                  
76.43                    726.08484                
76.44                    726.0857                 
76.45                    726.08655                
76.46                    726.08734                
76.47                    726.0882                 
76.48                    726.08905                
76.49                    726.0899                 
76.5                     726.09076                
76.51                    726.0916                 
76.52                    726.09247                
76.53                    726.09326                
76.54                    726.0941                 
76.55                    726.095                  
76.56                    726.0958                 
76.57                    726.0967                 
76.58                    726.0975                 
76.59                    726.0983                 
76.6                     726.0992                 
76.61                    726.10004                
76.62                    726.1009                 
76.63                    726.1017                 
76.64                    726.10254                
76.65                    726.1034                 
76.66                    726.10425                
76.67                    726.10504                
76.68                    726.1059                 
76.69                    726.10675                
76.7                     726.1076                 
76.71                    726.1084                 
76.72                    726.10925                
76.73                    726.1101                 
76.74                    726.11096                
76.75                    726.11176                
76.76                    726.1126                 
76.77                    726.11346                
76.78                    726.1143                 
76.79                    726.1151                 
76.8                     726.11597                
76.81                    726.1168                 
76.82                    726.1176                 
76.83                    726.11847                
76.84                    726.1193                 
76.85                    726.1202                 
76.86                    726.121                  
76.87                    726.1218                 
76.88                    726.1227                 
76.89                    726.1235                 
76.9                     726.1243                 
76.91                    726.1252                 
76.92                    726.126                  
76.93                    726.12683                
76.94                    726.1277                 
76.95                    726.1285                 
76.96                    726.12933                
76.97                    726.1301                 
76.98                    726.1309                 
76.99                    726.1318                 
77.0                     726.13257                
77.01                    726.13336                
77.02                    726.1342                 
77.03                    726.135                  
77.04                    726.1358                 
77.05                    726.13666                
77.06                    726.13745                
77.07                    726.13824                
77.08                    726.13904                
77.09                    726.1399                 
77.1                     726.1407                 
77.11                    726.1415                 
77.12                    726.14233                
77.13                    726.1431                 
77.14                    726.1439                 
77.15                    726.1447                 
77.16                    726.14557                
77.17                    726.14636                
77.18                    726.14716                
77.19                    726.14795                
77.2                     726.1488                 
77.21                    726.1496                 
77.22                    726.1504                 
77.23                    726.1512                 
77.24                    726.15204                
77.25                    726.15283                
77.26                    726.1536                 
77.27                    726.1544                 
77.28                    726.1553                 
77.29                    726.15607                
77.3                     726.15686                
77.31                    726.15765                
77.32                    726.15845                
77.33                    726.15924                
77.34                    726.1601                 
77.35                    726.1609                 
77.36                    726.1617                 
77.37                    726.1625                 
77.38                    726.16327                
77.39                    726.16406                
77.4                     726.1649                 
77.41                    726.1657                 
77.42                    726.1665                 
77.43                    726.1673                 
77.44                    726.1681                 
77.45                    726.1689                 
77.46                    726.1697                 
77.47                    726.17053                
77.48                    726.1713                 
77.49                    726.1721                 
77.5                     726.1729                 
77.51                    726.1737                 
77.52                    726.1745                 
77.53                    726.1753                 
77.54                    726.1761                 
77.55                    726.1769                 
77.56                    726.1777                 
77.57                    726.17847                
77.58                    726.17926                
77.59                    726.1801                 
77.6                     726.1809                 
77.61                    726.1817                 
77.62                    726.1825                 
77.63                    726.1833                 
77.64                    726.1841                 
77.65                    726.1849                 
77.66                    726.18567                
77.67                    726.18646                
77.68                    726.18726                
77.69                    726.18805                
77.7                     726.18884                
77.71                    726.18964                
77.72                    726.1904                 
77.73                    726.1912                 
77.74                    726.192                  
77.75                    726.1928                 
77.76                    726.1936                 
77.77                    726.1944                 
77.78                    726.1952                 
77.79                    726.196                  
77.8                     726.1968                 
77.81                    726.1976                 
77.82                    726.19836                
77.83                    726.19916                
77.84                    726.1999                 
77.85                    726.2007                 
77.86                    726.2015                 
77.87                    726.2023                 
77.88                    726.20306                
77.89                    726.20386                
77.9                     726.20465                
77.91                    726.20544                
77.92                    726.20624                
77.93                    726.20703                
77.94                    726.2078                 
77.95                    726.2086                 
77.96                    726.20935                
77.97                    726.21014                
77.98                    726.21094                
77.99                    726.21173                
78.0                     726.2125                 
78.01                    726.2133                 
78.02                    726.2141                 
78.03                    726.21484                
78.04                    726.21564                
78.05                    726.21643                
78.06                    726.2172                 
78.07                    726.218                  
78.08                    726.2188                 
78.09                    726.21954                
78.1                     726.22034                
78.11                    726.2211                 
78.12                    726.2219                 
78.13                    726.2227                 
78.14                    726.2235                 
78.15                    726.22424                
78.16                    726.22504                
78.17                    726.2258                 
78.18                    726.2266                 
78.19                    726.22736                
78.2                     726.22815                
78.21                    726.22894                
78.22                    726.22974                
78.23                    726.2305                 
78.24                    726.23126                
78.25                    726.23206                
78.26                    726.23285                
78.27                    726.23364                
78.28                    726.2344                 
78.29                    726.23517                
78.3                     726.23596                
78.31                    726.2367                 
78.32                    726.2375                 
78.33                    726.2383                 
78.34                    726.2391                 
78.35                    726.2398                 
78.36                    726.2406                 
78.37                    726.2414                 
78.38                    726.2421                 
78.39                    726.2429                 
78.4                     726.2437                 
78.41                    726.24445                
78.42                    726.24524                
78.43                    726.24603                
78.44                    726.24677                
78.45                    726.24756                
78.46                    726.24835                
78.47                    726.2491                 
78.48                    726.2499                 
78.49                    726.2507                 
78.5                     726.2514                 
78.51                    726.2522                 
78.52                    726.253                  
78.53                    726.2537                 
78.54                    726.2545                 
78.55                    726.25525                
78.56                    726.25604                
78.57                    726.25684                
78.58                    726.25757                
78.59                    726.25836                
78.6                     726.2591                 
78.61                    726.2599                 
78.62                    726.2607                 
78.63                    726.2614                 
78.64                    726.2622                 
78.65                    726.26294                
78.66                    726.26373                
78.67                    726.26447                
78.68                    726.26526                
78.69                    726.26605                
78.7                     726.2668                 
78.71                    726.2676                 
78.72                    726.2683                 
78.73                    726.2691                 
78.74                    726.26984                
78.75                    726.2706                 
78.76                    726.27136                
78.77                    726.27216                
78.78                    726.2729                 
78.79                    726.2737                 
78.8                     726.2744                 
78.81                    726.2752                 
78.82                    726.27594                
78.83                    726.27673                
78.84                    726.27747                
78.85                    726.27826                
78.86                    726.279                  
78.87                    726.2798                 
78.88                    726.2805                 
78.89                    726.2813                 
78.9                     726.28204                
78.91                    726.28284                
78.92                    726.28357                
78.93                    726.2843                 
78.94                    726.2851                 
78.95                    726.2858                 
78.96                    726.2866                 
78.97                    726.28735                
78.98                    726.28815                
78.99                    726.2889                 
79.0                     726.2896                 
79.01                    726.2904                 
79.02                    726.29114                
79.03                    726.29193                
79.04                    726.29266                
79.05                    726.2934                 
79.06                    726.2942                 
79.07                    726.2949                 
79.08                    726.2957                 
79.09                    726.29645                
79.1                     726.2972                 
79.11                    726.298                  
79.12                    726.2987                 
79.13                    726.29944                
79.14                    726.30023                
79.15                    726.30096                
79.16                    726.3017                 
79.17                    726.3025                 
79.18                    726.3032                 
79.19                    726.30396                
79.2                     726.30475                
79.21                    726.3055                 
79.22                    726.3062                 
79.23                    726.307                  
79.24                    726.30774                
79.25                    726.3085                 
79.26                    726.30927                
79.27                    726.31                   
79.28                    726.3107                 
79.29                    726.3115                 
79.3                     726.31226                
79.31                    726.313                  
79.32                    726.3137                 
79.33                    726.3145                 
79.34                    726.31525                
79.35                    726.316                  
79.36                    726.3167                 
79.37                    726.3175                 
79.38                    726.31824                
79.39                    726.319                  
79.4                     726.3197                 
79.41                    726.3205                 
79.42                    726.3212                 
79.43                    726.32196                
79.44                    726.3227                 
79.45                    726.3234                 
79.46                    726.3242                 
79.47                    726.32495                
79.48                    726.3257                 
79.49                    726.3264                 
79.5                     726.32715                
79.51                    726.32794                
79.52                    726.3287                 
79.53                    726.3294                 
79.54                    726.33014                
79.55                    726.3309                 
79.56                    726.33167                
79.57                    726.3324                 
79.58                    726.3331                 
79.59                    726.33386                
79.6                     726.3346                 
79.61                    726.3353                 
79.62                    726.33606                
79.63                    726.33685                
79.64                    726.3376                 
79.65                    726.3383                 
79.66                    726.33905                
79.67                    726.3398                 
79.68                    726.3405                 
79.69                    726.34125                
79.7                     726.342                  
79.71                    726.3428                 
79.72                    726.3435                 
79.73                    726.34424                
79.74                    726.345                  
79.75                    726.3457                 
79.76                    726.34644                
79.77                    726.34717                
79.78                    726.3479                 
79.79                    726.34863                
79.8                     726.34937                
79.81                    726.3501                 
79.82                    726.3508                 
79.83                    726.35156                
79.84                    726.35236                
79.85                    726.3531                 
79.86                    726.3538                 
79.87                    726.35455                
79.88                    726.3553                 
79.89                    726.356                  
79.9                     726.35675                
79.91                    726.3575                 
79.92                    726.3582                 
79.93                    726.35895                
79.94                    726.3597                 
79.95                    726.3604                 
79.96                    726.36115                
79.97                    726.3619                 
79.98                    726.3626                 
79.99                    726.36334                
80.0                     726.3641                 
80.01                    726.3648                 
80.02                    726.36554                
80.03                    726.3663                 
80.04                    726.367                  
80.05                    726.36774                
80.06                    726.3684                 
80.07                    726.36914                
80.08                    726.3699                 
80.09                    726.3706                 
80.1                     726.37134                
80.11                    726.3721                 
80.12                    726.3728                 
80.13                    726.37354                
80.14                    726.37427                
80.15                    726.375                  
80.16                    726.37573                
80.17                    726.37646                
80.18                    726.3772                 
80.19                    726.37787                
80.2                     726.3786                 
80.21                    726.37933                
80.22                    726.38007                
80.23                    726.3808                 
80.24                    726.38153                
80.25                    726.38226                
80.26                    726.383                  
80.27                    726.3837                 
80.28                    726.3844                 
80.29                    726.38513                
80.3                     726.38586                
80.31                    726.3866                 
80.32                    726.3873                 
80.33                    726.38806                
80.34                    726.38873                
80.35                    726.38947                
80.36                    726.3902                 
80.37                    726.3909                 
80.38                    726.39166                
80.39                    726.3924                 
80.4                     726.39307                
80.41                    726.3938                 
80.42                    726.39453                
80.43                    726.39526                
80.44                    726.396                  
80.45                    726.39667                
80.46                    726.3974                 
80.47                    726.39813                
80.48                    726.39886                
80.49                    726.3996                 
80.5                     726.40027                
80.51                    726.401                  
80.52                    726.40173                
80.53                    726.40247                
80.54                    726.40314                
80.55                    726.4039                 
80.56                    726.4046                 
80.57                    726.40533                
80.58                    726.406                  
80.59                    726.40674                
80.6                     726.4075                 
80.61                    726.4082                 
80.62                    726.4089                 
80.63                    726.4096                 
80.64                    726.41034                
80.65                    726.411                  
80.66                    726.41174                
80.67                    726.4125                 
80.68                    726.41315                
80.69                    726.4139                 
80.7                     726.4146                 
80.71                    726.41534                
80.72                    726.416                  
80.73                    726.41675                
80.74                    726.4175                 
80.75                    726.41815                
80.76                    726.4189                 
80.77                    726.4196                 
80.78                    726.4203                 
80.79                    726.421                  
80.8                     726.42175                
80.81                    726.4224                 
80.82                    726.42316                
80.83                    726.4238                 
80.84                    726.42456                
80.85                    726.4253                 
80.86                    726.42596                
80.87                    726.4267                 
80.88                    726.4274                 
80.89                    726.4281                 
80.9                     726.42883                
80.91                    726.4295                 
80.92                    726.43024                
80.93                    726.43097                
80.94                    726.43164                
80.95                    726.4324                 
80.96                    726.43304                
80.97                    726.4338                 
80.98                    726.4345                 
80.99                    726.4352                 
81.0                     726.4359                 
81.01                    726.4366                 
81.02                    726.4373                 
81.03                    726.438                  
81.04                    726.4387                 
81.05                    726.4394                 
81.06                    726.4401                 
81.07                    726.44086                
81.08                    726.4415                 
81.09                    726.44226                
81.1                     726.44293                
81.11                    726.44366                
81.12                    726.44434                
81.13                    726.44507                
81.14                    726.44574                
81.15                    726.4465                 
81.16                    726.44714                
81.17                    726.4479                 
81.18                    726.44855                
81.19                    726.4493                 
81.2                     726.44995                
81.21                    726.4507                 
81.22                    726.45135                
81.23                    726.4521                 
81.24                    726.45276                
81.25                    726.4535                 
81.26                    726.45416                
81.27                    726.45483                
81.28                    726.45557                
81.29                    726.45624                
81.3                     726.457                  
81.31                    726.45764                
81.32                    726.4584                 
81.33                    726.45905                
81.34                    726.4598                 
81.35                    726.46045                
81.36                    726.4611                 
81.37                    726.46185                
81.38                    726.4625                 
81.39                    726.46326                
81.4                     726.4639                 
81.41                    726.4646                 
81.42                    726.46533                
81.43                    726.466                  
81.44                    726.46674                
81.45                    726.4674                 
81.46                    726.4681                 
81.47                    726.4688                 
81.48                    726.4695                 
81.49                    726.4702                 
81.5                     726.4709                 
81.51                    726.47156                
81.52                    726.4723                 
81.53                    726.47296                
81.54                    726.47363                
81.55                    726.47437                
81.56                    726.47504                
81.57                    726.4757                 
81.58                    726.47644                
81.59                    726.4771                 
81.6                     726.4778                 
81.61                    726.4785                 
81.62                    726.4792                 
81.63                    726.47986                
81.64                    726.4806                 
81.65                    726.48126                
81.66                    726.48193                
81.67                    726.48267                
81.68                    726.48334                
81.69                    726.484                  
81.7                     726.4847                 
81.71                    726.4854                 
81.72                    726.4861                 
81.73                    726.48676                
81.74                    726.4875                 
81.75                    726.48816                
81.76                    726.48883                
81.77                    726.4895                 
81.78                    726.49023                
81.79                    726.4909                 
81.8                     726.4916                 
81.81                    726.49225                
81.82                    726.493                  
81.83                    726.49365                
81.84                    726.4943                 
81.85                    726.495                  
81.86                    726.4957                 
81.87                    726.4964                 
81.88                    726.4971                 
81.89                    726.49774                
81.9                     726.4984                 
81.91                    726.49915                
81.92                    726.4998                 
81.93                    726.5005                 
81.94                    726.50116                
81.95                    726.50183                
81.96                    726.50256                
81.97                    726.50323                
81.98                    726.5039                 
81.99                    726.5046                 
82.0                     726.50525                
82.01                    726.506                  
82.02                    726.50665                
82.03                    726.5073                 
82.04                    726.508                  
82.05                    726.50867                
82.06                    726.50934                
82.07                    726.5101                 
82.08                    726.51074                
82.09                    726.5114                 
82.1                     726.5121                 
82.11                    726.51276                
82.12                    726.5134                 
82.13                    726.5141                 
82.14                    726.5148                 
82.15                    726.5155                 
82.16                    726.5162                 
82.17                    726.51685                
82.18                    726.5175                 
82.19                    726.5182                 
82.2                     726.51886                
82.21                    726.51953                
82.22                    726.5202                 
82.23                    726.5209                 
82.24                    726.52155                
82.25                    726.5223                 
82.26                    726.52295                
82.27                    726.5236                 
82.28                    726.5243                 
82.29                    726.52496                
82.3                     726.52563                
82.31                    726.5263                 
82.32                    726.527                  
82.33                    726.52765                
82.34                    726.5283                 
82.35                    726.529                  
82.36                    726.52966                
82.37                    726.53033                
82.38                    726.531                  
82.39                    726.5317                 
82.4                     726.53235                
82.41                    726.533                  
82.42                    726.5337                 
82.43                    726.53436                
82.44                    726.53503                
82.45                    726.5357                 
82.46                    726.5364                 
82.47                    726.53705                
82.48                    726.5377                 
82.49                    726.5384                 
82.5                     726.53906                
82.51                    726.53973                
82.52                    726.5404                 
82.53                    726.5411                 
82.54                    726.54175                
82.55                    726.5424                 
82.56                    726.5431                 
82.57                    726.54376                
82.58                    726.54443                
82.59                    726.5451                 
82.6                     726.5458                 
82.61                    726.54645                
82.62                    726.5471                 
82.63                    726.5478                 
82.64                    726.54846                
82.65                    726.54913                
82.66                    726.5498                 
82.67                    726.5505                 
82.68                    726.5511                 
82.69                    726.55176                
82.7                     726.5524                 
82.71                    726.5531                 
82.72                    726.5538                 
82.73                    726.55444                
82.74                    726.5551                 
82.75                    726.5558                 
82.76                    726.55646                
82.77                    726.5571                 
82.78                    726.55774                
82.79                    726.5584                 
82.8                     726.5591                 
82.81                    726.55975                
82.82                    726.5604                 
82.83                    726.5611                 
82.84                    726.56177                
82.85                    726.56244                
82.86                    726.56305                
82.87                    726.5637                 
82.88                    726.5644                 
82.89                    726.56506                
82.9                     726.56573                
82.91                    726.5664                 
82.92                    726.567                  
82.93                    726.5677                 
82.94                    726.56836                
82.95                    726.56903                
82.96                    726.5697                 
82.97                    726.5704                 
82.98                    726.571                  
82.99                    726.57166                
83.0                     726.5723                 
83.01                    726.573                  
83.02                    726.57367                
83.03                    726.5743                 
83.04                    726.57495                
83.05                    726.5756                 
83.06                    726.5763                 
83.07                    726.57697                
83.08                    726.5776                 
83.09                    726.57825                
83.1                     726.5789                 
83.11                    726.5796                 
83.12                    726.5802                 
83.13                    726.5809                 
83.14                    726.58154                
83.15                    726.5822                 
83.16                    726.5828                 
83.17                    726.5835                 
83.18                    726.58417                
83.19                    726.58484                
83.2                     726.58545                
83.21                    726.5861                 
83.22                    726.5868                 
83.23                    726.58746                
83.24                    726.5881                 
83.25                    726.58875                
83.26                    726.5894                 
83.27                    726.59                   
83.28                    726.5907                 
83.29                    726.5914                 
83.3                     726.592                  
83.31                    726.59265                
83.32                    726.5933                 
83.33                    726.594                  
83.34                    726.5946                 
83.35                    726.5953                 
83.36                    726.59595                
83.37                    726.59656                
83.38                    726.5972                 
83.39                    726.5979                 
83.4                     726.5985                 
83.41                    726.5992                 
83.42                    726.59985                
83.43                    726.60046                
83.44                    726.60114                
83.45                    726.60175                
83.46                    726.6024                 
83.47                    726.6031                 
83.48                    726.6037                 
83.49                    726.6044                 
83.5                     726.60504                
83.51                    726.60565                
83.52                    726.6063                 
83.53                    726.607                  
83.54                    726.6076                 
83.55                    726.6083                 
83.56                    726.6089                 
83.57                    726.60956                
83.58                    726.6102                 
83.59                    726.61084                
83.6                     726.6115                 
83.61                    726.6121                 
83.62                    726.6128                 
83.63                    726.6134                 
83.64                    726.6141                 
83.65                    726.61475                
83.66                    726.61536                
83.67                    726.616                  
83.68                    726.61664                
83.69                    726.6173                 
83.7                     726.6179                 
83.71                    726.6186                 
83.72                    726.61926                
83.73                    726.6199                 
83.74                    726.62054                
83.75                    726.62115                
83.76                    726.6218                 
83.77                    726.62244                
83.78                    726.6231                 
83.79                    726.6237                 
83.8                     726.6244                 
83.81                    726.625                  
83.82                    726.6257                 
83.83                    726.6263                 
83.84                    726.62695                
83.85                    726.62756                
83.86                    726.62823                
83.87                    726.62885                
83.88                    726.6295                 
83.89                    726.6301                 
83.9                     726.6308                 
83.91                    726.6314                 
83.92                    726.6321                 
83.93                    726.6327                 
83.94                    726.63336                
83.95                    726.634                  
83.96                    726.63464                
83.97                    726.63525                
83.98                    726.6359                 
83.99                    726.63654                
84.0                     726.6372                 
84.01                    726.6378                 
84.02                    726.6384                 
84.03                    726.6391                 
84.04                    726.6397                 
84.05                    726.6404                 
84.06                    726.641                  
84.07                    726.64166                
84.08                    726.6423                 
84.09                    726.6429                 
84.1                     726.64355                
84.11                    726.64417                
84.12                    726.64484                
84.13                    726.64545                
84.14                    726.6461                 
84.15                    726.6467                 
84.16                    726.64734                
84.17                    726.648                  
84.18                    726.6486                 
84.19                    726.6493                 
84.2                     726.6499                 
84.21                    726.6505                 
84.22                    726.6512                 
84.23                    726.6518                 
84.24                    726.6524                 
84.25                    726.6531                 
84.26                    726.6537                 
84.27                    726.65436                
84.28                    726.65497                
84.29                    726.6556                 
84.3                     726.65625                
84.31                    726.65686                
84.32                    726.6575                 
84.33                    726.65814                
84.34                    726.65875                
84.35                    726.65936                
84.36                    726.66003                
84.37                    726.66064                
84.38                    726.66125                
84.39                    726.6619                 
84.4                     726.66254                
84.41                    726.66315                
84.42                    726.6638                 
84.43                    726.6644                 
84.44                    726.66504                
84.45                    726.66565                
84.46                    726.6663                 
84.47                    726.66693                
84.48                    726.66754                
84.49                    726.6682                 
84.5                     726.6688                 
84.51                    726.66943                
84.52                    726.67004                
84.53                    726.6707                 
84.54                    726.6713                 
84.55                    726.67194                
84.56                    726.6726                 
84.57                    726.6732                 
84.58                    726.6738                 
84.59                    726.67444                
84.6                     726.6751                 
84.61                    726.6757                 
84.62                    726.67633                
84.63                    726.67694                
84.64                    726.6776                 
84.65                    726.6782                 
84.66                    726.67883                
84.67                    726.67944                
84.68                    726.6801                 
84.69                    726.6807                 
84.7                     726.68134                
84.71                    726.68195                
84.72                    726.68256                
84.73                    726.6832                 
84.74                    726.68384                
84.75                    726.68445                
84.76                    726.68506                
84.77                    726.68567                
84.78                    726.68634                
84.79                    726.68695                
84.8                     726.68756                
84.81                    726.6882                 
84.82                    726.6888                 
84.83                    726.68945                
84.84                    726.69006                
84.85                    726.6907                 
84.86                    726.6913                 
84.87                    726.6919                 
84.88                    726.6925                 
84.89                    726.6932                 
84.9                     726.6938                 
84.91                    726.6944                 
84.92                    726.695                  
84.93                    726.6956                 
84.94                    726.6962                 
84.95                    726.69684                
84.96                    726.6975                 
84.97                    726.6981                 
84.98                    726.6987                 
84.99                    726.69934                
85.0                     726.69995                
85.01                    726.70056                
85.02                    726.7012                 
85.03                    726.7018                 
85.04                    726.70245                
85.05                    726.70306                
85.06                    726.7037                 
85.07                    726.7043                 
85.08                    726.7049                 
85.09                    726.7055                 
85.1                     726.7061                 
85.11                    726.7067                 
85.12                    726.70734                
85.13                    726.70795                
85.14                    726.70856                
85.15                    726.7092                 
85.16                    726.70984                
85.17                    726.71045                
85.18                    726.71106                
85.19                    726.7117                 
85.2                     726.7123                 
85.21                    726.7129                 
85.22                    726.7135                 
85.23                    726.7141                 
85.24                    726.7147                 
85.25                    726.71533                
85.26                    726.71594                
85.27                    726.71655                
85.28                    726.71716                
85.29                    726.7178                 
85.3                     726.7184                 
85.31                    726.719                  
85.32                    726.7196                 
85.33                    726.7202                 
85.34                    726.7208                 
85.35                    726.72144                
85.36                    726.72205                
85.37                    726.72266                
85.38                    726.72327                
85.39                    726.7239                 
85.4                     726.7245                 
85.41                    726.7251                 
85.42                    726.7257                 
85.43                    726.7263                 
85.44                    726.7269                 
85.45                    726.72754                
85.46                    726.72815                
85.47                    726.72876                
85.48                    726.7294                 
85.49                    726.73                   
85.5                     726.7306                 
85.51                    726.7312                 
85.52                    726.7318                 
85.53                    726.7324                 
85.54                    726.73303                
85.55                    726.73364                
85.56                    726.73425                
85.57                    726.73486                
85.58                    726.7355                 
85.59                    726.7361                 
85.6                     726.7367                 
85.61                    726.7373                 
85.62                    726.7379                 
85.63                    726.7385                 
85.64                    726.7391                 
85.65                    726.7397                 
85.66                    726.7403                 
85.67                    726.7409                 
85.68                    726.7415                 
85.69                    726.7421                 
85.7                     726.74274                
85.71                    726.74335                
85.72                    726.74396                
85.73                    726.74457                
85.74                    726.7452                 
85.75                    726.7457                 
85.76                    726.74634                
85.77                    726.74695                
85.78                    726.74756                
85.79                    726.74817                
85.8                     726.7488                 
85.81                    726.7494                 
85.82                    726.75                   
85.83                    726.75055                
85.84                    726.75116                
85.85                    726.7518                 
85.86                    726.7524                 
85.87                    726.753                  
85.88                    726.7536                 
85.89                    726.7542                 
85.9                     726.75476                
85.91                    726.7554                 
85.92                    726.756                  
85.93                    726.7566                 
85.94                    726.7572                 
85.95                    726.7578                 
85.96                    726.75836                
85.97                    726.759                  
85.98                    726.7596                 
85.99                    726.7602                 
86.0                     726.7608                 
86.01                    726.7614                 
86.02                    726.762                  
86.03                    726.76263                
86.04                    726.76324                
86.05                    726.7638                 
86.06                    726.7644                 
86.07                    726.765                  
86.08                    726.7656                 
86.09                    726.76624                
86.1                     726.76685                
86.11                    726.76746                
86.12                    726.76807                
86.13                    726.7686                 
86.14                    726.7692                 
86.15                    726.76984                
86.16                    726.77045                
86.17                    726.77106                
86.18                    726.77167                
86.19                    726.7723                 
86.2                     726.7728                 
86.21                    726.77344                
86.22                    726.77405                
86.23                    726.77466                
86.24                    726.77527                
86.25                    726.7758                 
86.26                    726.7764                 
86.27                    726.77704                
86.28                    726.77765                
86.29                    726.77826                
86.3                     726.7789                 
86.31                    726.7794                 
86.32                    726.78                   
86.33                    726.78064                
86.34                    726.78125                
86.35                    726.78186                
86.36                    726.7824                 
86.37                    726.783                  
86.38                    726.7836                 
86.39                    726.78424                
86.4                     726.78485                
86.41                    726.7854                 
86.42                    726.786                  
86.43                    726.7866                 
86.44                    726.78723                
86.45                    726.7878                 
86.46                    726.7884                 
86.47                    726.789                  
86.48                    726.7896                 
86.49                    726.79016                
86.5                     726.7908                 
86.51                    726.7914                 
86.52                    726.792                  
86.53                    726.7926                 
86.54                    726.79315                
86.55                    726.79376                
86.56                    726.7944                 
86.57                    726.7949                 
86.58                    726.79553                
86.59                    726.79614                
86.6                     726.79675                
86.61                    726.7973                 
86.62                    726.7979                 
86.63                    726.7985                 
86.64                    726.79913                
86.65                    726.7997                 
86.66                    726.8003                 
86.67                    726.8009                 
86.68                    726.80145                
86.69                    726.80206                
86.7                     726.8027                 
86.71                    726.8033                 
86.72                    726.80383                
86.73                    726.80444                
86.74                    726.80505                
86.75                    726.8056                 
86.76                    726.8062                 
86.77                    726.8068                 
86.78                    726.8074                 
86.79                    726.808                  
86.8                     726.8086                 
86.81                    726.80914                
86.82                    726.80975                
86.83                    726.81036                
86.84                    726.8109                 
86.85                    726.8115                 
86.86                    726.81213                
86.87                    726.8127                 
86.88                    726.8133                 
86.89                    726.8139                 
86.9                     726.81445                
86.91                    726.81506                
86.92                    726.8157                 
86.93                    726.8162                 
86.94                    726.81683                
86.95                    726.81744                
86.96                    726.818                  
86.97                    726.8186                 
86.98                    726.8192                 
86.99                    726.81976                
87.0                     726.8204                 
87.01                    726.821                  
87.02                    726.82153                
87.03                    726.82214                
87.04                    726.8227                 
87.05                    726.8233                 
87.06                    726.8239                 
87.07                    726.82446                
87.08                    726.8251                 
87.09                    726.8256                 
87.1                     726.82623                
87.11                    726.82684                
87.12                    726.8274                 
87.13                    726.828                  
87.14                    726.82855                
87.15                    726.82916                
87.16                    726.8298                 
87.17                    726.8303                 
87.18                    726.83093                
87.19                    726.8315                 
87.2                     726.8321                 
87.21                    726.8327                 
87.22                    726.83325                
87.23                    726.83386                
87.24                    726.8344                 
87.25                    726.835                  
87.26                    726.8356                 
87.27                    726.8362                 
87.28                    726.8368                 
87.29                    726.83734                
87.3                     726.83795                
87.31                    726.8385                 
87.32                    726.8391                 
87.33                    726.83966                
87.34                    726.8403                 
87.35                    726.8408                 
87.36                    726.84143                
87.37                    726.842                  
87.38                    726.8426                 
87.39                    726.8432                 
87.4                     726.84375                
87.41                    726.84436                
87.42                    726.8449                 
87.43                    726.8455                 
87.44                    726.84607                
87.45                    726.8467                 
87.46                    726.8472                 
87.47                    726.84784                
87.48                    726.8484                 
87.49                    726.849                  
87.5                     726.84955                
87.51                    726.85016                
87.52                    726.8507                 
87.53                    726.8513                 
87.54                    726.85187                
87.55                    726.8525                 
87.56                    726.853                  
87.57                    726.85364                
87.58                    726.8542                 
87.59                    726.8548                 
87.6                     726.85535                
87.61                    726.85596                
87.62                    726.8565                 
87.63                    726.8571                 
87.64                    726.85767                
87.65                    726.8583                 
87.66                    726.8588                 
87.67                    726.85944                
87.68                    726.86                   
87.69                    726.8606                 
87.7                     726.86115                
87.71                    726.8617                 
87.72                    726.8623                 
87.73                    726.86285                
87.74                    726.86346                
87.75                    726.864                  
87.76                    726.8646                 
87.77                    726.8652                 
87.78                    726.8658                 
87.79                    726.86633                
87.8                     726.8669                 
87.81                    726.8675                 
87.82                    726.86804                
87.83                    726.86865                
87.84                    726.8692                 
87.85                    726.8698                 
87.86                    726.87036                
87.87                    726.8709                 
87.88                    726.8715                 
87.89                    726.8721                 
87.9                     726.8727                 
87.91                    726.8732                 
87.92                    726.87384                
87.93                    726.8744                 
87.94                    726.87494                
87.95                    726.87555                
87.96                    726.8761                 
87.97                    726.8767                 
87.98                    726.87726                
87.99                    726.8778                 
88.0                     726.8784                 
88.01                    726.87897                
88.02                    726.8796                 
88.03                    726.8801                 
88.04                    726.8807                 
88.05                    726.8813                 
88.06                    726.88184                
88.07                    726.8824                 
88.08                    726.883                  
88.09                    726.88354                
88.1                     726.88416                
88.11                    726.8847                 
88.12                    726.88525                
88.13                    726.88586                
88.14                    726.8864                 
88.15                    726.88696                
88.16                    726.8876                 
88.17                    726.8881                 
88.18                    726.8887                 
88.19                    726.8893                 
88.2                     726.88983                
88.21                    726.8904                 
88.22                    726.891                  
88.23                    726.89154                
88.24                    726.8921                 
88.25                    726.8927                 
88.26                    726.89325                
88.27                    726.8938                 
88.28                    726.8944                 
88.29                    726.89496                
88.3                     726.8955                 
88.31                    726.8961                 
88.32                    726.89667                
88.33                    726.8972                 
88.34                    726.8978                 
88.35                    726.8984                 
88.36                    726.8989                 
88.37                    726.89954                
88.38                    726.9001                 
88.39                    726.90063                
88.4                     726.90125                
88.41                    726.9018                 
88.42                    726.90234                
88.43                    726.90295                
88.44                    726.9035                 
88.45                    726.90405                
88.46                    726.9046                 
88.47                    726.9052                 
88.48                    726.90576                
88.49                    726.9063                 
88.5                     726.9069                 
88.51                    726.9075                 
88.52                    726.908                  
88.53                    726.90857                
88.54                    726.9092                 
88.55                    726.9097                 
88.56                    726.9103                 
88.57                    726.9108                 
88.58                    726.91144                
88.59                    726.912                  
88.6                     726.91254                
88.61                    726.91315                
88.62                    726.9137                 
88.63                    726.91425                
88.64                    726.9148                 
88.65                    726.9154                 
88.66                    726.91595                
88.67                    726.9165                 
88.68                    726.91705                
88.69                    726.9176                 
88.7                     726.9182                 
88.71                    726.91876                
88.72                    726.9193                 
88.73                    726.91986                
88.74                    726.9205                 
88.75                    726.921                  
88.76                    726.9216                 
88.77                    726.9221                 
88.78                    726.9227                 
88.79                    726.9233                 
88.8                     726.9238                 
88.81                    726.9244                 
88.82                    726.9249                 
88.83                    726.92554                
88.84                    726.9261                 
88.85                    726.92664                
88.86                    726.9272                 
88.87                    726.9278                 
88.88                    726.92834                
88.89                    726.9289                 
88.9                     726.92944                
88.91                    726.93                   
88.92                    726.93054                
88.93                    726.93115                
88.94                    726.9317                 
88.95                    726.93225                
88.96                    726.9328                 
88.97                    726.93335                
88.98                    726.93396                
88.99                    726.9345                 
89.0                     726.93506                
89.01                    726.9356                 
89.02                    726.93616                
89.03                    726.9367                 
89.04                    726.9373                 
89.05                    726.93787                
89.06                    726.9384                 
89.07                    726.93896                
89.08                    726.9395                 
89.09                    726.94006                
89.1                     726.9407                 
89.11                    726.9412                 
89.12                    726.9418                 
89.13                    726.9423                 
89.14                    726.9429                 
89.15                    726.9434                 
89.16                    726.94403                
89.17                    726.9446                 
89.18                    726.9451                 
89.19                    726.9457                 
89.2                     726.9462                 
89.21                    726.9468                 
89.22                    726.9473                 
89.23                    726.94794                
89.24                    726.9485                 
89.25                    726.94904                
89.26                    726.9496                 
89.27                    726.95013                
89.28                    726.9507                 
89.29                    726.95123                
89.3                     726.9518                 
89.31                    726.9524                 
89.32                    726.95294                
89.33                    726.9535                 
89.34                    726.95404                
89.35                    726.9546                 
89.36                    726.95514                
89.37                    726.9557                 
89.38                    726.95624                
89.39                    726.9568                 
89.4                     726.95734                
89.41                    726.95795                
89.42                    726.9585                 
89.43                    726.95905                
89.44                    726.9596                 
89.45                    726.96014                
89.46                    726.9607                 
89.47                    726.96124                
89.48                    726.9618                 
89.49                    726.96234                
89.5                     726.9629                 
89.51                    726.96344                
89.52                    726.964                  
89.53                    726.9646                 
89.54                    726.96515                
89.55                    726.9657                 
89.56                    726.96625                
89.57                    726.9668                 
89.58                    726.96735                
89.59                    726.9679                 
89.6                     726.96844                
89.61                    726.969                  
89.62                    726.96954                
89.63                    726.9701                 
89.64                    726.97064                
89.65                    726.9712                 
89.66                    726.97174                
89.67                    726.9723                 
89.68                    726.97284                
89.69                    726.9734                 
89.7                     726.974                  
89.71                    726.97455                
89.72                    726.9751                 
89.73                    726.97565                
89.74                    726.9762                 
89.75                    726.97675                
89.76                    726.9773                 
89.77                    726.97784                
89.78                    726.9784                 
89.79                    726.97894                
89.8                     726.9795                 
89.81                    726.98004                
89.82                    726.9806                 
89.83                    726.98114                
89.84                    726.9817                 
89.85                    726.98224                
89.86                    726.9828                 
89.87                    726.98334                
89.88                    726.9839                 
89.89                    726.98444                
89.9                     726.985                  
89.91                    726.98553                
89.92                    726.9861                 
89.93                    726.98663                
89.94                    726.9872                 
89.95                    726.98773                
89.96                    726.9883                 
89.97                    726.98883                
89.98                    726.9894                 
89.99                    726.9899                 
90.0                     726.9905                 
