% x                      
0.0                      6265.2456                
0.01                     6266.6523                
0.02                     6267.851                 
0.03                     6269.045                 
0.04                     6270.2344                
0.05                     6271.421                 
0.06                     6272.604                 
0.07                     6273.7847                
0.08                     6274.9614                
0.09                     6276.1353                
0.1                      6277.3057                
0.11                     6278.4727                
0.12                     6279.636                 
0.13                     6280.7964                
0.14                     6281.9536                
0.15                     6283.1074                
0.16                     6284.2583                
0.17                     6285.406                 
0.18                     6286.5503                
0.19                     6287.692                 
0.2                      6288.83                  
0.21                     6289.9653                
0.22                     6291.098                 
0.23                     6292.2275                
0.24                     6293.354                 
0.25                     6294.4775                
0.26                     6295.5986                
0.27                     6296.717                 
0.28                     6297.832                 
0.29                     6298.9443                
0.3                      6300.054                 
0.31                     6301.1616                
0.32                     6302.2656                
0.33                     6303.3677                
0.34                     6304.467                 
0.35                     6305.5635                
0.36                     6306.657                 
0.37                     6307.749                 
0.38                     6308.838                 
0.39                     6309.9243                
0.4                      6311.009                 
0.41                     6312.0903                
0.42                     6313.1694                
0.43                     6314.246                 
0.44                     6315.321                 
0.45                     6316.393                 
0.46                     6317.463                 
0.47                     6318.5303                
0.48                     6319.5957                
0.49                     6320.6587                
0.5                      6321.719                 
0.51                     6322.778                 
0.52                     6323.8345                
0.53                     6324.888                 
0.54                     6325.9404                
0.55                     6326.99                  
0.56                     6328.0376                
0.57                     6329.083                 
0.58                     6330.1265                
0.59                     6331.168                 
0.6                      6332.207                 
0.61                     6333.244                 
0.62                     6334.2793                
0.63                     6335.3125                
0.64                     6336.3433                
0.65                     6337.3726                
0.66                     6338.3994                
0.67                     6339.4243                
0.68                     6340.4473                
0.69                     6341.4688                
0.7                      6342.488                 
0.71                     6343.505                 
0.72                     6344.5205                
0.73                     6345.5337                
0.74                     6346.5454                
0.75                     6347.5547                
0.76                     6348.5625                
0.77                     6349.569                 
0.78                     6350.5728                
0.79                     6351.575                 
0.8                      6352.5757                
0.81                     6353.574                 
0.82                     6354.5713                
0.83                     6355.5664                
0.84                     6356.5596                
0.85                     6357.5513                
0.86                     6358.541                 
0.87                     6359.5293                
0.88                     6360.5156                
0.89                     6361.5005                
0.9                      6362.4834                
0.91                     6363.465                 
0.92                     6364.4443                
0.93                     6365.4224                
0.94                     6366.399                 
0.95                     6367.3735                
0.96                     6368.346                 
0.97                     6369.3174                
0.98                     6370.287                 
0.99                     6371.2554                
1.0                      6372.2217                
1.01                     6373.1865                
1.02                     6374.15                  
1.03                     6375.1113                
1.04                     6376.0713                
1.05                     6377.03                  
1.06                     6377.987                 
1.07                     6378.9424                
1.08                     6379.896                 
1.09                     6380.848                 
1.1                      6381.799                 
1.11                     6382.748                 
1.12                     6383.696                 
1.13                     6384.6416                
1.14                     6385.5864                
1.15                     6386.53                  
1.16                     6387.471                 
1.17                     6388.411                 
1.18                     6389.35                  
1.19                     6390.287                 
1.2                      6391.2227                
1.21                     6392.157                 
1.22                     6393.09                  
1.23                     6394.0215                
1.24                     6394.951                 
1.25                     6395.88                  
1.26                     6396.8066                
1.27                     6397.7324                
1.28                     6398.6567                
1.29                     6399.5796                
1.3                      6400.501                 
1.31                     6401.421                 
1.32                     6402.3394                
1.33                     6403.257                 
1.34                     6404.1724                
1.35                     6405.087                 
1.36                     6406.0                   
1.37                     6406.912                 
1.38                     6407.8223                
1.39                     6408.7314                
1.4                      6409.639                 
1.41                     6410.5454                
1.42                     6411.45                  
1.43                     6412.354                 
1.44                     6413.2563                
1.45                     6414.157                 
1.46                     6415.057                 
1.47                     6415.9556                
1.48                     6416.8525                
1.49                     6417.7485                
1.5                      6418.643                 
1.51                     6419.536                 
1.52                     6420.428                 
1.53                     6421.319                 
1.54                     6422.208                 
1.55                     6423.096                 
1.56                     6423.983                 
1.57                     6424.8687                
1.58                     6425.753                 
1.59                     6426.6357                
1.6                      6427.5176                
1.61                     6428.3984                
1.62                     6429.278                 
1.63                     6430.156                 
1.64                     6431.0327                
1.65                     6431.908                 
1.66                     6432.7827                
1.67                     6433.656                 
1.68                     6434.528                 
1.69                     6435.3984                
1.7                      6436.268                 
1.71                     6437.136                 
1.72                     6438.0034                
1.73                     6438.869                 
1.74                     6439.734                 
1.75                     6440.5977                
1.76                     6441.46                  
1.77                     6442.321                 
1.78                     6443.181                 
1.79                     6444.04                  
1.8                      6444.8975                
1.81                     6445.754                 
1.82                     6446.6094                
1.83                     6447.4634                
1.84                     6448.3164                
1.85                     6449.1685                
1.86                     6450.019                 
1.87                     6450.8687                
1.88                     6451.717                 
1.89                     6452.564                 
1.9                      6453.41                  
1.91                     6454.2554                
1.92                     6455.099                 
1.93                     6455.942                 
1.94                     6456.7837                
1.95                     6457.624                 
1.96                     6458.4634                
1.97                     6459.302                 
1.98                     6460.139                 
1.99                     6460.975                 
2.0                      6461.81                  
2.01                     6462.644                 
2.02                     6463.4766                
2.03                     6464.308                 
2.04                     6465.1387                
2.05                     6465.9683                
2.06                     6466.797                 
2.07                     6467.624                 
2.08                     6468.45                  
2.09                     6469.2754                
2.1                      6470.0996                
2.11                     6470.923                 
2.12                     6471.7446                
2.13                     6472.5654                
2.14                     6473.3853                
2.15                     6474.204                 
2.16                     6475.022                 
2.17                     6475.839                 
2.18                     6476.6543                
2.19                     6477.4688                
2.2                      6478.282                 
2.21                     6479.0947                
2.22                     6479.9062                
2.23                     6480.717                 
2.24                     6481.5264                
2.25                     6482.3345                
2.26                     6483.142                 
2.27                     6483.948                 
2.28                     6484.7534                
2.29                     6485.5576                
2.3                      6486.361                 
2.31                     6487.163                 
2.32                     6487.9644                
2.33                     6488.7646                
2.34                     6489.564                 
2.35                     6490.362                 
2.36                     6491.159                 
2.37                     6491.9556                
2.38                     6492.7505                
2.39                     6493.545                 
2.4                      6494.338                 
2.41                     6495.1304                
2.42                     6495.9214                
2.43                     6496.7114                
2.44                     6497.501                 
2.45                     6498.289                 
2.46                     6499.076                 
2.47                     6499.863                 
2.48                     6500.648                 
2.49                     6501.432                 
2.5                      6502.216                 
2.51                     6502.998                 
2.52                     6503.78                  
2.53                     6504.56                  
2.54                     6505.3394                
2.55                     6506.118                 
2.56                     6506.8955                
2.57                     6507.6724                
2.58                     6508.4478                
2.59                     6509.2227                
2.6                      6509.9966                
2.61                     6510.769                 
2.62                     6511.541                 
2.63                     6512.312                 
2.64                     6513.082                 
2.65                     6513.851                 
2.66                     6514.619                 
2.67                     6515.3867                
2.68                     6516.153                 
2.69                     6516.918                 
2.7                      6517.6826                
2.71                     6518.4463                
2.72                     6519.2085                
2.73                     6519.97                  
2.74                     6520.731                 
2.75                     6521.4907                
2.76                     6522.2495                
2.77                     6523.008                 
2.78                     6523.7646                
2.79                     6524.521                 
2.8                      6525.276                 
2.81                     6526.0303                
2.82                     6526.7837                
2.83                     6527.5366                
2.84                     6528.288                 
2.85                     6529.0386                
2.86                     6529.7886                
2.87                     6530.5376                
2.88                     6531.2856                
2.89                     6532.0327                
2.9                      6532.779                 
2.91                     6533.5244                
2.92                     6534.269                 
2.93                     6535.012                 
2.94                     6535.7554                
2.95                     6536.497                 
2.96                     6537.238                 
2.97                     6537.978                 
2.98                     6538.7173                
2.99                     6539.4556                
3.0                      6540.193                 
3.01                     6540.9297                
3.02                     6541.6655                
3.03                     6542.4004                
3.04                     6543.1343                
3.05                     6543.867                 
3.06                     6544.5996                
3.07                     6545.331                 
3.08                     6546.0615                
3.09                     6546.791                 
3.1                      6547.52                  
3.11                     6548.248                 
3.12                     6548.975                 
3.13                     6549.7017                
3.14                     6550.427                 
3.15                     6551.1514                
3.16                     6551.8755                
3.17                     6552.598                 
3.18                     6553.3203                
3.19                     6554.0415                
3.2                      6554.7617                
3.21                     6555.4814                
3.22                     6556.2                   
3.23                     6556.918                 
3.24                     6557.6353                
3.25                     6558.351                 
3.26                     6559.0664                
3.27                     6559.7812                
3.28                     6560.495                 
3.29                     6561.208                 
3.3                      6561.92                  
3.31                     6562.6313                
3.32                     6563.342                 
3.33                     6564.0513                
3.34                     6564.76                  
3.35                     6565.468                 
3.36                     6566.1753                
3.37                     6566.8813                
3.38                     6567.587                 
3.39                     6568.292                 
3.4                      6568.9956                
3.41                     6569.6987                
3.42                     6570.4014                
3.43                     6571.1025                
3.44                     6571.803                 
3.45                     6572.5034                
3.46                     6573.2026                
3.47                     6573.901                 
3.48                     6574.598                 
3.49                     6575.295                 
3.5                      6575.9907                
3.51                     6576.686                 
3.52                     6577.3804                
3.53                     6578.074                 
3.54                     6578.7666                
3.55                     6579.4585                
3.56                     6580.15                  
3.57                     6580.8403                
3.58                     6581.53                  
3.59                     6582.2188                
3.6                      6582.9067                
3.61                     6583.594                 
3.62                     6584.281                 
3.63                     6584.9663                
3.64                     6585.6514                
3.65                     6586.3354                
3.66                     6587.019                 
3.67                     6587.7017                
3.68                     6588.384                 
3.69                     6589.0645                
3.7                      6589.745                 
3.71                     6590.425                 
3.72                     6591.1035                
3.73                     6591.7812                
3.74                     6592.4585                
3.75                     6593.1353                
3.76                     6593.811                 
3.77                     6594.486                 
3.78                     6595.16                  
3.79                     6595.834                 
3.8                      6596.5063                
3.81                     6597.1787                
3.82                     6597.8496                
3.83                     6598.5205                
3.84                     6599.19                  
3.85                     6599.859                 
3.86                     6600.5273                
3.87                     6601.195                 
3.88                     6601.8613                
3.89                     6602.5273                
3.9                      6603.193                 
3.91                     6603.8574                
3.92                     6604.521                 
3.93                     6605.184                 
3.94                     6605.8467                
3.95                     6606.5083                
3.96                     6607.169                 
3.97                     6607.829                 
3.98                     6608.4883                
3.99                     6609.147                 
4.0                      6609.805                 
4.01                     6610.4624                
4.02                     6611.1187                
4.03                     6611.7744                
4.04                     6612.429                 
4.05                     6613.0835                
4.06                     6613.7373                
4.07                     6614.39                  
4.08                     6615.042                 
4.09                     6615.6934                
4.1                      6616.344                 
4.11                     6616.994                 
4.12                     6617.6436                
4.13                     6618.292                 
4.14                     6618.94                  
4.15                     6619.587                 
4.16                     6620.2334                
4.17                     6620.879                 
4.18                     6621.524                 
4.19                     6622.168                 
4.2                      6622.8115                
4.21                     6623.4546                
4.22                     6624.0967                
4.23                     6624.7383                
4.24                     6625.379                 
4.25                     6626.019                 
4.26                     6626.658                 
4.27                     6627.297                 
4.28                     6627.9346                
4.29                     6628.572                 
4.3                      6629.2085                
4.31                     6629.844                 
4.32                     6630.4795                
4.33                     6631.114                 
4.34                     6631.7476                
4.35                     6632.3804                
4.36                     6633.0127                
4.37                     6633.6445                
4.38                     6634.2754                
4.39                     6634.906                 
4.4                      6635.535                 
4.41                     6636.164                 
4.42                     6636.7925                
4.43                     6637.42                  
4.44                     6638.047                 
4.45                     6638.673                 
4.46                     6639.2983                
4.47                     6639.9233                
4.48                     6640.5474                
4.49                     6641.171                 
4.5                      6641.7935                
4.51                     6642.4155                
4.52                     6643.037                 
4.53                     6643.6577                
4.54                     6644.278                 
4.55                     6644.8975                
4.56                     6645.516                 
4.57                     6646.1343                
4.58                     6646.7515                
4.59                     6647.3687                
4.6                      6647.9844                
4.61                     6648.6                   
4.62                     6649.215                 
4.63                     6649.8286                
4.64                     6650.442                 
4.65                     6651.0547                
4.66                     6651.667                 
4.67                     6652.2783                
4.68                     6652.889                 
4.69                     6653.499                 
4.7                      6654.109                 
4.71                     6654.7173                
4.72                     6655.3257                
4.73                     6655.933                 
4.74                     6656.54                  
4.75                     6657.146                 
4.76                     6657.7515                
4.77                     6658.3564                
4.78                     6658.961                 
4.79                     6659.5645                
4.8                      6660.167                 
4.81                     6660.7695                
4.82                     6661.371                 
4.83                     6661.972                 
4.84                     6662.5723                
4.85                     6663.172                 
4.86                     6663.771                 
4.87                     6664.3696                
4.88                     6664.9673                
4.89                     6665.5645                
4.9                      6666.161                 
4.91                     6666.757                 
4.92                     6667.352                 
4.93                     6667.947                 
4.94                     6668.5405                
4.95                     6669.134                 
4.96                     6669.7266                
4.97                     6670.3184                
4.98                     6670.91                  
4.99                     6671.501                 
5.0                      6672.091                 
5.01                     6672.68                  
5.02                     6673.2695                
5.03                     6673.8574                
5.04                     6674.4453                
5.05                     6675.032                 
5.06                     6675.6187                
5.07                     6676.2046                
5.08                     6676.7896                
5.09                     6677.374                 
5.1                      6677.958                 
5.11                     6678.541                 
5.12                     6679.124                 
5.13                     6679.706                 
5.14                     6680.287                 
5.15                     6680.868                 
5.16                     6681.448                 
5.17                     6682.028                 
5.18                     6682.607                 
5.19                     6683.185                 
5.2                      6683.7627                
5.21                     6684.34                  
5.22                     6684.9165                
5.23                     6685.4927                
5.24                     6686.068                 
5.25                     6686.6426                
5.26                     6687.2163                
5.27                     6687.79                  
5.28                     6688.363                 
5.29                     6688.935                 
5.3                      6689.507                 
5.31                     6690.0776                
5.32                     6690.648                 
5.33                     6691.218                 
5.34                     6691.787                 
5.35                     6692.356                 
5.36                     6692.924                 
5.37                     6693.491                 
5.38                     6694.058                 
5.39                     6694.6245                
5.4                      6695.19                  
5.41                     6695.755                 
5.42                     6696.3193                
5.43                     6696.8833                
5.44                     6697.447                 
5.45                     6698.0093                
5.46                     6698.5713                
5.47                     6699.133                 
5.48                     6699.694                 
5.49                     6700.254                 
5.5                      6700.814                 
5.51                     6701.373                 
5.52                     6701.9316                
5.53                     6702.4897                
5.54                     6703.047                 
5.55                     6703.6035                
5.56                     6704.1597                
5.57                     6704.7153                
5.58                     6705.2705                
5.59                     6705.825                 
5.6                      6706.379                 
5.61                     6706.932                 
5.62                     6707.485                 
5.63                     6708.037                 
5.64                     6708.589                 
5.65                     6709.1396                
5.66                     6709.69                  
5.67                     6710.2397                
5.68                     6710.789                 
5.69                     6711.338                 
5.7                      6711.886                 
5.71                     6712.4336                
5.72                     6712.9805                
5.73                     6713.527                 
5.74                     6714.0728                
5.75                     6714.618                 
5.76                     6715.1626                
5.77                     6715.707                 
5.78                     6716.2505                
5.79                     6716.7935                
5.8                      6717.336                 
5.81                     6717.878                 
5.82                     6718.419                 
5.83                     6718.96                  
5.84                     6719.5                   
5.85                     6720.0396                
5.86                     6720.5786                
5.87                     6721.117                 
5.88                     6721.6553                
5.89                     6722.1924                
5.9                      6722.7295                
5.91                     6723.2656                
5.92                     6723.8013                
5.93                     6724.3364                
5.94                     6724.871                 
5.95                     6725.405                 
5.96                     6725.9385                
5.97                     6726.4717                
5.98                     6727.004                 
5.99                     6727.5356                
6.0                      6728.067                 
6.01                     6728.5977                
6.02                     6729.128                 
6.03                     6729.657                 
6.04                     6730.1865                
6.05                     6730.715                 
6.06                     6731.243                 
6.07                     6731.7705                
6.08                     6732.2974                
6.09                     6732.8237                
6.1                      6733.3496                
6.11                     6733.875                 
6.12                     6734.3994                
6.13                     6734.924                 
6.14                     6735.4473                
6.15                     6735.9707                
6.16                     6736.493                 
6.17                     6737.015                 
6.18                     6737.5366                
6.19                     6738.0576                
6.2                      6738.5776                
6.21                     6739.0977                
6.22                     6739.617                 
6.23                     6740.1357                
6.24                     6740.6543                
6.25                     6741.172                 
6.26                     6741.689                 
6.27                     6742.2056                
6.28                     6742.7217                
6.29                     6743.2373                
6.3                      6743.7524                
6.31                     6744.267                 
6.32                     6744.7812                
6.33                     6745.2944                
6.34                     6745.8076                
6.35                     6746.32                  
6.36                     6746.832                 
6.37                     6747.3433                
6.38                     6747.854                 
6.39                     6748.3647                
6.4                      6748.8745                
6.41                     6749.384                 
6.42                     6749.8926                
6.43                     6750.401                 
6.44                     6750.908                 
6.45                     6751.4155                
6.46                     6751.9224                
6.47                     6752.428                 
6.48                     6752.934                 
6.49                     6753.4395                
6.5                      6753.944                 
6.51                     6754.4478                
6.52                     6754.9517                
6.53                     6755.4546                
6.54                     6755.957                 
6.55                     6756.459                 
6.56                     6756.961                 
6.57                     6757.462                 
6.58                     6757.9624                
6.59                     6758.4624                
6.6                      6758.962                 
6.61                     6759.4604                
6.62                     6759.959                 
6.63                     6760.457                 
6.64                     6760.9546                
6.65                     6761.4517                
6.66                     6761.9478                
6.67                     6762.444                 
6.68                     6762.9395                
6.69                     6763.434                 
6.7                      6763.9287                
6.71                     6764.4224                
6.72                     6764.916                 
6.73                     6765.4087                
6.74                     6765.9014                
6.75                     6766.393                 
6.76                     6766.8843                
6.77                     6767.3755                
6.78                     6767.8657                
6.79                     6768.356                 
6.8                      6768.845                 
6.81                     6769.334                 
6.82                     6769.8223                
6.83                     6770.3105                
6.84                     6770.798                 
6.85                     6771.2847                
6.86                     6771.771                 
6.87                     6772.2573                
6.88                     6772.7427                
6.89                     6773.2275                
6.9                      6773.712                 
6.91                     6774.196                 
6.92                     6774.679                 
6.93                     6775.1626                
6.94                     6775.645                 
6.95                     6776.127                 
6.96                     6776.6084                
6.97                     6777.0894                
6.98                     6777.57                  
6.99                     6778.0503                
7.0                      6778.53                  
7.01                     6779.009                 
7.02                     6779.4873                
7.03                     6779.9653                
7.04                     6780.443                 
7.05                     6780.9204                
7.06                     6781.397                 
7.07                     6781.873                 
7.08                     6782.3486                
7.09                     6782.824                 
7.1                      6783.299                 
7.11                     6783.773                 
7.12                     6784.247                 
7.13                     6784.72                  
7.14                     6785.193                 
7.15                     6785.6655                
7.16                     6786.137                 
7.17                     6786.609                 
7.18                     6787.0796                
7.19                     6787.55                  
7.2                      6788.02                  
7.21                     6788.4897                
7.22                     6788.9585                
7.23                     6789.4272                
7.24                     6789.895                 
7.25                     6790.363                 
7.26                     6790.83                  
7.27                     6791.297                 
7.28                     6791.7627                
7.29                     6792.2285                
7.3                      6792.694                 
7.31                     6793.1587                
7.32                     6793.623                 
7.33                     6794.087                 
7.34                     6794.5503                
7.35                     6795.013                 
7.36                     6795.4756                
7.37                     6795.938                 
7.38                     6796.3994                
7.39                     6796.8604                
7.4                      6797.321                 
7.41                     6797.7812                
7.42                     6798.2407                
7.43                     6798.7                   
7.44                     6799.1587                
7.45                     6799.617                 
7.46                     6800.075                 
7.47                     6800.5327                
7.48                     6800.9893                
7.49                     6801.446                 
7.5                      6801.902                 
7.51                     6802.3574                
7.52                     6802.8125                
7.53                     6803.267                 
7.54                     6803.7217                
7.55                     6804.1753                
7.56                     6804.6284                
7.57                     6805.0815                
7.58                     6805.5337                
7.59                     6805.986                 
7.6                      6806.437                 
7.61                     6806.888                 
7.62                     6807.339                 
7.63                     6807.789                 
7.64                     6808.239                 
7.65                     6808.688                 
7.66                     6809.1367                
7.67                     6809.585                 
7.68                     6810.0327                
7.69                     6810.4805                
7.7                      6810.9272                
7.71                     6811.374                 
7.72                     6811.82                  
7.73                     6812.2656                
7.74                     6812.711                 
7.75                     6813.156                 
7.76                     6813.6                   
7.77                     6814.044                 
7.78                     6814.4873                
7.79                     6814.93                  
7.8                      6815.373                 
7.81                     6815.815                 
7.82                     6816.257                 
7.83                     6816.698                 
7.84                     6817.1387                
7.85                     6817.579                 
7.86                     6818.019                 
7.87                     6818.4585                
7.88                     6818.8975                
7.89                     6819.3364                
7.9                      6819.7744                
7.91                     6820.2124                
7.92                     6820.6494                
7.93                     6821.0864                
7.94                     6821.523                 
7.95                     6821.959                 
7.96                     6822.3945                
7.97                     6822.8296                
7.98                     6823.264                 
7.99                     6823.6987                
8.0                      6824.1323                
8.01                     6824.566                 
8.02                     6824.999                 
8.03                     6825.4316                
8.04                     6825.864                 
8.05                     6826.2954                
8.06                     6826.7266                
8.07                     6827.1577                
8.08                     6827.588                 
8.09                     6828.018                 
8.1                      6828.4478                
8.11                     6828.877                 
8.12                     6829.3057                
8.13                     6829.734                 
8.14                     6830.1616                
8.15                     6830.589                 
8.16                     6831.016                 
8.17                     6831.443                 
8.18                     6831.869                 
8.19                     6832.295                 
8.2                      6832.72                  
8.21                     6833.145                 
8.22                     6833.5693                
8.23                     6833.9937                
8.24                     6834.4175                
8.25                     6834.8403                
8.26                     6835.263                 
8.27                     6835.686                 
8.28                     6836.108                 
8.29                     6836.5293                
8.3                      6836.9507                
8.31                     6837.371                 
8.32                     6837.7915                
8.33                     6838.2114                
8.34                     6838.6313                
8.35                     6839.0503                
8.36                     6839.4688                
8.37                     6839.887                 
8.38                     6840.305                 
8.39                     6840.7227                
8.4                      6841.1396                
8.41                     6841.556                 
8.42                     6841.9727                
8.43                     6842.388                 
8.44                     6842.8037                
8.45                     6843.2188                
8.46                     6843.6333                
8.47                     6844.0474                
8.48                     6844.4614                
8.49                     6844.8745                
8.5                      6845.2876                
8.51                     6845.7                   
8.52                     6846.1123                
8.53                     6846.524                 
8.54                     6846.9355                
8.55                     6847.346                 
8.56                     6847.757                 
8.57                     6848.167                 
8.58                     6848.5767                
8.59                     6848.9863                
8.6                      6849.395                 
8.61                     6849.8037                
8.62                     6850.212                 
8.63                     6850.6196                
8.64                     6851.027                 
8.65                     6851.4336                
8.66                     6851.8403                
8.67                     6852.2466                
8.68                     6852.6523                
8.69                     6853.0576                
8.7                      6853.4624                
8.71                     6853.867                 
8.72                     6854.271                 
8.73                     6854.675                 
8.74                     6855.078                 
8.75                     6855.4814                
8.76                     6855.884                 
8.77                     6856.286                 
8.78                     6856.688                 
8.79                     6857.0894                
8.8                      6857.49                  
8.81                     6857.8906                
8.82                     6858.291                 
8.83                     6858.691                 
8.84                     6859.0903                
8.85                     6859.4893                
8.86                     6859.888                 
8.87                     6860.286                 
8.88                     6860.684                 
8.89                     6861.0815                
8.9                      6861.479                 
8.91                     6861.8755                
8.92                     6862.272                 
8.93                     6862.668                 
8.94                     6863.0635                
8.95                     6863.4585                
8.96                     6863.8535                
8.97                     6864.2476                
8.98                     6864.6416                
8.99                     6865.0356                
9.0                      6865.4287                
9.01                     6865.822                 
9.02                     6866.214                 
9.03                     6866.606                 
9.04                     6866.998                 
9.05                     6867.389                 
9.06                     6867.7803                
9.07                     6868.171                 
9.08                     6868.561                 
9.09                     6868.9507                
9.1                      6869.3403                
9.11                     6869.7295                
9.12                     6870.118                 
9.13                     6870.5063                
9.14                     6870.894                 
9.15                     6871.2817                
9.16                     6871.669                 
9.17                     6872.0557                
9.18                     6872.4424                
9.19                     6872.828                 
9.2                      6873.214                 
9.21                     6873.599                 
9.22                     6873.9844                
9.23                     6874.3687                
9.24                     6874.753                 
9.25                     6875.1367                
9.26                     6875.52                  
9.27                     6875.9033                
9.28                     6876.2856                
9.29                     6876.668                 
9.3                      6877.0503                
9.31                     6877.4316                
9.32                     6877.813                 
9.33                     6878.194                 
9.34                     6878.574                 
9.35                     6878.9546                
9.36                     6879.334                 
9.37                     6879.7134                
9.38                     6880.0923                
9.39                     6880.471                 
9.4                      6880.849                 
9.41                     6881.227                 
9.42                     6881.605                 
9.43                     6881.982                 
9.44                     6882.359                 
9.45                     6882.7354                
9.46                     6883.1113                
9.47                     6883.487                 
9.48                     6883.8623                
9.49                     6884.2373                
9.5                      6884.612                 
9.51                     6884.9863                
9.52                     6885.36                  
9.53                     6885.7334                
9.54                     6886.107                 
9.55                     6886.4795                
9.56                     6886.852                 
9.57                     6887.224                 
9.58                     6887.5957                
9.59                     6887.9673                
9.6                      6888.3384                
9.61                     6888.709                 
9.62                     6889.079                 
9.63                     6889.449                 
9.64                     6889.819                 
9.65                     6890.188                 
9.66                     6890.5566                
9.67                     6890.9253                
9.68                     6891.2935                
9.69                     6891.661                 
9.7                      6892.029                 
9.71                     6892.396                 
9.72                     6892.7627                
9.73                     6893.129                 
9.74                     6893.495                 
9.75                     6893.861                 
9.76                     6894.226                 
9.77                     6894.5913                
9.78                     6894.9556                
9.79                     6895.32                  
9.8                      6895.684                 
9.81                     6896.0474                
9.82                     6896.4106                
9.83                     6896.774                 
9.84                     6897.136                 
9.85                     6897.4985                
9.86                     6897.8604                
9.87                     6898.2217                
9.88                     6898.583                 
9.89                     6898.944                 
9.9                      6899.304                 
9.91                     6899.6646                
9.92                     6900.024                 
9.93                     6900.384                 
9.94                     6900.7427                
9.95                     6901.1016                
9.96                     6901.46                  
9.97                     6901.818                 
9.98                     6902.1753                
9.99                     6902.5327                
10.0                     6902.8896                
10.01                    6903.2466                
10.02                    6903.603                 
10.03                    6903.959                 
10.04                    6904.3145                
10.05                    6904.67                  
10.06                    6905.025                 
10.07                    6905.3794                
10.08                    6905.734                 
10.09                    6906.0874                
10.1                     6906.4414                
10.11                    6906.7944                
10.12                    6907.1475                
10.13                    6907.5                   
10.14                    6907.852                 
10.15                    6908.204                 
10.16                    6908.5557                
10.17                    6908.907                 
10.18                    6909.258                 
10.19                    6909.6084                
10.2                     6909.9585                
10.21                    6910.3086                
10.22                    6910.658                 
10.23                    6911.0073                
10.24                    6911.3564                
10.25                    6911.705                 
10.26                    6912.053                 
10.27                    6912.401                 
10.28                    6912.7485                
10.29                    6913.0957                
10.3                     6913.443                 
10.31                    6913.789                 
10.32                    6914.1353                
10.33                    6914.4814                
10.34                    6914.827                 
10.35                    6915.1724                
10.36                    6915.517                 
10.37                    6915.862                 
10.38                    6916.206                 
10.39                    6916.55                  
10.4                     6916.8936                
10.41                    6917.237                 
10.42                    6917.5796                
10.43                    6917.9224                
10.44                    6918.2646                
10.45                    6918.6064                
10.46                    6918.948                 
10.47                    6919.2896                
10.48                    6919.6304                
10.49                    6919.971                 
10.5                     6920.3115                
10.51                    6920.6514                
10.52                    6920.991                 
10.53                    6921.3306                
10.54                    6921.6694                
10.55                    6922.0083                
10.56                    6922.3467                
10.57                    6922.6846                
10.58                    6923.0225                
10.59                    6923.36                  
10.6                     6923.697                 
10.61                    6924.0337                
10.62                    6924.37                  
10.63                    6924.7065                
10.64                    6925.042                 
10.65                    6925.378                 
10.66                    6925.713                 
10.67                    6926.048                 
10.68                    6926.3823                
10.69                    6926.717                 
10.7                     6927.051                 
10.71                    6927.3843                
10.72                    6927.7173                
10.73                    6928.0503                
10.74                    6928.3833                
10.75                    6928.7153                
10.76                    6929.0474                
10.77                    6929.3794                
10.78                    6929.7104                
10.79                    6930.0415                
10.8                     6930.3726                
10.81                    6930.7026                
10.82                    6931.033                 
10.83                    6931.363                 
10.84                    6931.6924                
10.85                    6932.0215                
10.86                    6932.3506                
10.87                    6932.679                 
10.88                    6933.0073                
10.89                    6933.3354                
10.9                     6933.663                 
10.91                    6933.99                  
10.92                    6934.3174                
10.93                    6934.644                 
10.94                    6934.97                  
10.95                    6935.2964                
10.96                    6935.622                 
10.97                    6935.9478                
10.98                    6936.273                 
10.99                    6936.5977                
11.0                     6936.9224                
11.01                    6937.2466                
11.02                    6937.5703                
11.03                    6937.894                 
11.04                    6938.2173                
11.05                    6938.5405                
11.06                    6938.8633                
11.07                    6939.1855                
11.08                    6939.508                 
11.09                    6939.8296                
11.1                     6940.151                 
11.11                    6940.472                 
11.12                    6940.793                 
11.13                    6941.114                 
11.14                    6941.434                 
11.15                    6941.754                 
11.16                    6942.0737                
11.17                    6942.393                 
11.18                    6942.712                 
11.19                    6943.031                 
11.2                     6943.349                 
11.21                    6943.6675                
11.22                    6943.9854                
11.23                    6944.3027                
11.24                    6944.62                  
11.25                    6944.937                 
11.26                    6945.254                 
11.27                    6945.5703                
11.28                    6945.886                 
11.29                    6946.202                 
11.3                     6946.5176                
11.31                    6946.8325                
11.32                    6947.1475                
11.33                    6947.462                 
11.34                    6947.7764                
11.35                    6948.0903                
11.36                    6948.404                 
11.37                    6948.7173                
11.38                    6949.0303                
11.39                    6949.3433                
11.4                     6949.656                 
11.41                    6949.968                 
11.42                    6950.28                  
11.43                    6950.5913                
11.44                    6950.903                 
11.45                    6951.214                 
11.46                    6951.525                 
11.47                    6951.835                 
11.48                    6952.1455                
11.49                    6952.455                 
11.5                     6952.7646                
11.51                    6953.074                 
11.52                    6953.3833                
11.53                    6953.692                 
11.54                    6954.0                   
11.55                    6954.3086                
11.56                    6954.616                 
11.57                    6954.924                 
11.58                    6955.231                 
11.59                    6955.538                 
11.6                     6955.8447                
11.61                    6956.151                 
11.62                    6956.457                 
11.63                    6956.763                 
11.64                    6957.0684                
11.65                    6957.374                 
11.66                    6957.6787                
11.67                    6957.9834                
11.68                    6958.288                 
11.69                    6958.592                 
11.7                     6958.896                 
11.71                    6959.199                 
11.72                    6959.5024                
11.73                    6959.8057                
11.74                    6960.1084                
11.75                    6960.4106                
11.76                    6960.713                 
11.77                    6961.0146                
11.78                    6961.316                 
11.79                    6961.617                 
11.8                     6961.9185                
11.81                    6962.219                 
11.82                    6962.5195                
11.83                    6962.82                  
11.84                    6963.1196                
11.85                    6963.419                 
11.86                    6963.7183                
11.87                    6964.017                 
11.88                    6964.316                 
11.89                    6964.6143                
11.9                     6964.9126                
11.91                    6965.2104                
11.92                    6965.5083                
11.93                    6965.8057                
11.94                    6966.1025                
11.95                    6966.3994                
11.96                    6966.696                 
11.97                    6966.992                 
11.98                    6967.288                 
11.99                    6967.5835                
12.0                     6967.879                 
12.01                    6968.1743                
12.02                    6968.469                 
12.03                    6968.7637                
12.04                    6969.0576                
12.05                    6969.352                 
12.06                    6969.6455                
12.07                    6969.939                 
12.08                    6970.2324                
12.09                    6970.5254                
12.1                     6970.818                 
12.11                    6971.1104                
12.12                    6971.4023                
12.13                    6971.694                 
12.14                    6971.9854                
12.15                    6972.277                 
12.16                    6972.568                 
12.17                    6972.8584                
12.18                    6973.149                 
12.19                    6973.4395                
12.2                     6973.729                 
12.21                    6974.0186                
12.22                    6974.308                 
12.23                    6974.597                 
12.24                    6974.886                 
12.25                    6975.175                 
12.26                    6975.463                 
12.27                    6975.751                 
12.28                    6976.0386                
12.29                    6976.326                 
12.3                     6976.6133                
12.31                    6976.9004                
12.32                    6977.187                 
12.33                    6977.4736                
12.34                    6977.76                  
12.35                    6978.0454                
12.36                    6978.331                 
12.37                    6978.6167                
12.38                    6978.902                 
12.39                    6979.1865                
12.4                     6979.471                 
12.41                    6979.7554                
12.42                    6980.0396                
12.43                    6980.323                 
12.44                    6980.6064                
12.45                    6980.8896                
12.46                    6981.173                 
12.47                    6981.4556                
12.48                    6981.738                 
12.49                    6982.02                  
12.5                     6982.3022                
12.51                    6982.584                 
12.52                    6982.865                 
12.53                    6983.1465                
12.54                    6983.4272                
12.55                    6983.708                 
12.56                    6983.9883                
12.57                    6984.268                 
12.58                    6984.5483                
12.59                    6984.8276                
12.6                     6985.107                 
12.61                    6985.386                 
12.62                    6985.665                 
12.63                    6985.9434                
12.64                    6986.2217                
12.65                    6986.4995                
12.66                    6986.7773                
12.67                    6987.055                 
12.68                    6987.332                 
12.69                    6987.6094                
12.7                     6987.8857                
12.71                    6988.1626                
12.72                    6988.4385                
12.73                    6988.715                 
12.74                    6988.99                  
12.75                    6989.2656                
12.76                    6989.541                 
12.77                    6989.816                 
12.78                    6990.091                 
12.79                    6990.365                 
12.8                     6990.639                 
12.81                    6990.913                 
12.82                    6991.187                 
12.83                    6991.4604                
12.84                    6991.7334                
12.85                    6992.0063                
12.86                    6992.279                 
12.87                    6992.5513                
12.88                    6992.8237                
12.89                    6993.095                 
12.9                     6993.367                 
12.91                    6993.6387                
12.92                    6993.9097                
12.93                    6994.1807                
12.94                    6994.451                 
12.95                    6994.7217                
12.96                    6994.9917                
12.97                    6995.2617                
12.98                    6995.5312                
12.99                    6995.801                 
13.0                     6996.07                  
13.01                    6996.339                 
13.02                    6996.6074                
13.03                    6996.8755                
13.04                    6997.144                 
13.05                    6997.4116                
13.06                    6997.679                 
13.07                    6997.947                 
13.08                    6998.214                 
13.09                    6998.481                 
13.1                     6998.7476                
13.11                    6999.014                 
13.12                    6999.2803                
13.13                    6999.546                 
13.14                    6999.8115                
13.15                    7000.077                 
13.16                    7000.3423                
13.17                    7000.6074                
13.18                    7000.872                 
13.19                    7001.136                 
13.2                     7001.401                 
13.21                    7001.6646                
13.22                    7001.928                 
13.23                    7002.192                 
13.24                    7002.455                 
13.25                    7002.7183                
13.26                    7002.981                 
13.27                    7003.243                 
13.28                    7003.5054                
13.29                    7003.7676                
13.3                     7004.0293                
13.31                    7004.291                 
13.32                    7004.5522                
13.33                    7004.813                 
13.34                    7005.074                 
13.35                    7005.3345                
13.36                    7005.5947                
13.37                    7005.855                 
13.38                    7006.1147                
13.39                    7006.3745                
13.4                     7006.634                 
13.41                    7006.893                 
13.42                    7007.152                 
13.43                    7007.4106                
13.44                    7007.669                 
13.45                    7007.9272                
13.46                    7008.185                 
13.47                    7008.443                 
13.48                    7008.7                   
13.49                    7008.9575                
13.5                     7009.2144                
13.51                    7009.471                 
13.52                    7009.7275                
13.53                    7009.984                 
13.54                    7010.24                  
13.55                    7010.496                 
13.56                    7010.7515                
13.57                    7011.007                 
13.58                    7011.2617                
13.59                    7011.5166                
13.6                     7011.7715                
13.61                    7012.026                 
13.62                    7012.28                  
13.63                    7012.5337                
13.64                    7012.7876                
13.65                    7013.041                 
13.66                    7013.2944                
13.67                    7013.5474                
13.68                    7013.8                   
13.69                    7014.0527                
13.7                     7014.3047                
13.71                    7014.5566                
13.72                    7014.8086                
13.73                    7015.06                  
13.74                    7015.3115                
13.75                    7015.563                 
13.76                    7015.8135                
13.77                    7016.0645                
13.78                    7016.315                 
13.79                    7016.565                 
13.8                     7016.815                 
13.81                    7017.065                 
13.82                    7017.3145                
13.83                    7017.5635                
13.84                    7017.8125                
13.85                    7018.0615                
13.86                    7018.31                  
13.87                    7018.5586                
13.88                    7018.8066                
13.89                    7019.0547                
13.9                     7019.3022                
13.91                    7019.55                  
13.92                    7019.797                 
13.93                    7020.044                 
13.94                    7020.2905                
13.95                    7020.537                 
13.96                    7020.7837                
13.97                    7021.03                  
13.98                    7021.2754                
13.99                    7021.521                 
14.0                     7021.7666                
14.01                    7022.0117                
14.02                    7022.257                 
14.03                    7022.5015                
14.04                    7022.746                 
14.05                    7022.99                  
14.06                    7023.2344                
14.07                    7023.478                 
14.08                    7023.7217                
14.09                    7023.9653                
14.1                     7024.2085                
14.11                    7024.451                 
14.12                    7024.6943                
14.13                    7024.9365                
14.14                    7025.179                 
14.15                    7025.421                 
14.16                    7025.663                 
14.17                    7025.9043                
14.18                    7026.146                 
14.19                    7026.387                 
14.2                     7026.628                 
14.21                    7026.8687                
14.22                    7027.1094                
14.23                    7027.3496                
14.24                    7027.59                  
14.25                    7027.8296                
14.26                    7028.0693                
14.27                    7028.3086                
14.28                    7028.548                 
14.29                    7028.7866                
14.3                     7029.0254                
14.31                    7029.264                 
14.32                    7029.5024                
14.33                    7029.7407                
14.34                    7029.9785                
14.35                    7030.2163                
14.36                    7030.4536                
14.37                    7030.691                 
14.38                    7030.9277                
14.39                    7031.1646                
14.4                     7031.4014                
14.41                    7031.6377                
14.42                    7031.8735                
14.43                    7032.11                  
14.44                    7032.345                 
14.45                    7032.581                 
14.46                    7032.816                 
14.47                    7033.0513                
14.48                    7033.286                 
14.49                    7033.5205                
14.5                     7033.755                 
14.51                    7033.9893                
14.52                    7034.223                 
14.53                    7034.457                 
14.54                    7034.6904                
14.55                    7034.924                 
14.56                    7035.157                 
14.57                    7035.39                  
14.58                    7035.6226                
14.59                    7035.855                 
14.6                     7036.0874                
14.61                    7036.3193                
14.62                    7036.5513                
14.63                    7036.783                 
14.64                    7037.0146                
14.65                    7037.2456                
14.66                    7037.4766                
14.67                    7037.7075                
14.68                    7037.938                 
14.69                    7038.1685                
14.7                     7038.3984                
14.71                    7038.6284                
14.72                    7038.8584                
14.73                    7039.088                 
14.74                    7039.317                 
14.75                    7039.5464                
14.76                    7039.775                 
14.77                    7040.004                 
14.78                    7040.2324                
14.79                    7040.4604                
14.8                     7040.6885                
14.81                    7040.9165                
14.82                    7041.144                 
14.83                    7041.3716                
14.84                    7041.5986                
14.85                    7041.8257                
14.86                    7042.0527                
14.87                    7042.2793                
14.88                    7042.5054                
14.89                    7042.7314                
14.9                     7042.9575                
14.91                    7043.1836                
14.92                    7043.409                 
14.93                    7043.6343                
14.94                    7043.8594                
14.95                    7044.0845                
14.96                    7044.309                 
14.97                    7044.5337                
14.98                    7044.758                 
14.99                    7044.982                 
15.0                     7045.206                 
15.01                    7045.4297                
15.02                    7045.6533                
15.03                    7045.8765                
15.04                    7046.0996                
15.05                    7046.3223                
15.06                    7046.545                 
15.07                    7046.7676                
15.08                    7046.9897                
15.09                    7047.212                 
15.1                     7047.4336                
15.11                    7047.6553                
15.12                    7047.877                 
15.13                    7048.098                 
15.14                    7048.3193                
15.15                    7048.54                  
15.16                    7048.7607                
15.17                    7048.981                 
15.18                    7049.201                 
15.19                    7049.4214                
15.2                     7049.641                 
15.21                    7049.861                 
15.22                    7050.08                  
15.23                    7050.2993                
15.24                    7050.5186                
15.25                    7050.7373                
15.26                    7050.956                 
15.27                    7051.1743                
15.28                    7051.3926                
15.29                    7051.6104                
15.3                     7051.828                 
15.31                    7052.046                 
15.32                    7052.263                 
15.33                    7052.4805                
15.34                    7052.6978                
15.35                    7052.9146                
15.36                    7053.131                 
15.37                    7053.3477                
15.38                    7053.5635                
15.39                    7053.78                  
15.4                     7053.9956                
15.41                    7054.211                 
15.42                    7054.427                 
15.43                    7054.6416                
15.44                    7054.857                 
15.45                    7055.072                 
15.46                    7055.286                 
15.47                    7055.501                 
15.48                    7055.715                 
15.49                    7055.929                 
15.5                     7056.143                 
15.51                    7056.3564                
15.52                    7056.57                  
15.53                    7056.783                 
15.54                    7056.996                 
15.55                    7057.209                 
15.56                    7057.422                 
15.57                    7057.6343                
15.58                    7057.8467                
15.59                    7058.0586                
15.6                     7058.2705                
15.61                    7058.4824                
15.62                    7058.694                 
15.63                    7058.905                 
15.64                    7059.116                 
15.65                    7059.327                 
15.66                    7059.5376                
15.67                    7059.748                 
15.68                    7059.9585                
15.69                    7060.1685                
15.7                     7060.3784                
15.71                    7060.5884                
15.72                    7060.798                 
15.73                    7061.0073                
15.74                    7061.2163                
15.75                    7061.4253                
15.76                    7061.6343                
15.77                    7061.843                 
15.78                    7062.0513                
15.79                    7062.26                  
15.8                     7062.468                 
15.81                    7062.676                 
15.82                    7062.884                 
15.83                    7063.0913                
15.84                    7063.2983                
15.85                    7063.506                 
15.86                    7063.7124                
15.87                    7063.9194                
15.88                    7064.126                 
15.89                    7064.3325                
15.9                     7064.5386                
15.91                    7064.7446                
15.92                    7064.9507                
15.93                    7065.1562                
15.94                    7065.362                 
15.95                    7065.567                 
15.96                    7065.772                 
15.97                    7065.977                 
15.98                    7066.1816                
15.99                    7066.386                 
16.0                     7066.591                 
16.01                    7066.795                 
16.02                    7066.9985                
16.03                    7067.2026                
16.04                    7067.4062                
16.05                    7067.6094                
16.06                    7067.813                 
16.07                    7068.0156                
16.08                    7068.2188                
16.09                    7068.4214                
16.1                     7068.624                 
16.11                    7068.826                 
16.12                    7069.0283                
16.13                    7069.2305                
16.14                    7069.432                 
16.15                    7069.634                 
16.16                    7069.835                 
16.17                    7070.036                 
16.18                    7070.2373                
16.19                    7070.438                 
16.2                     7070.6387                
16.21                    7070.8394                
16.22                    7071.0396                
16.23                    7071.2397                
16.24                    7071.4395                
16.25                    7071.639                 
16.26                    7071.839                 
16.27                    7072.038                 
16.28                    7072.2373                
16.29                    7072.4365                
16.3                     7072.6353                
16.31                    7072.834                 
16.32                    7073.032                 
16.33                    7073.2305                
16.34                    7073.4287                
16.35                    7073.6265                
16.36                    7073.824                 
16.37                    7074.022                 
16.38                    7074.219                 
16.39                    7074.4165                
16.4                     7074.6133                
16.41                    7074.8105                
16.42                    7075.007                 
16.43                    7075.2036                
16.44                    7075.4                   
16.45                    7075.5957                
16.46                    7075.792                 
16.47                    7075.988                 
16.48                    7076.183                 
16.49                    7076.3784                
16.5                     7076.5737                
16.51                    7076.769                 
16.52                    7076.964                 
16.53                    7077.1587                
16.54                    7077.353                 
16.55                    7077.5474                
16.56                    7077.7417                
16.57                    7077.9355                
16.58                    7078.1294                
16.59                    7078.3228                
16.6                     7078.5166                
16.61                    7078.7095                
16.62                    7078.903                 
16.63                    7079.0957                
16.64                    7079.2886                
16.65                    7079.481                 
16.66                    7079.6733                
16.67                    7079.8657                
16.68                    7080.0576                
16.69                    7080.2495                
16.7                     7080.4414                
16.71                    7080.633                 
16.72                    7080.824                 
16.73                    7081.015                 
16.74                    7081.206                 
16.75                    7081.397                 
16.76                    7081.588                 
16.77                    7081.7783                
16.78                    7081.9683                
16.79                    7082.1587                
16.8                     7082.3486                
16.81                    7082.538                 
16.82                    7082.728                 
16.83                    7082.9175                
16.84                    7083.1064                
16.85                    7083.2954                
16.86                    7083.4844                
16.87                    7083.6733                
16.88                    7083.862                 
16.89                    7084.0503                
16.9                     7084.2383                
16.91                    7084.4263                
16.92                    7084.6143                
16.93                    7084.802                 
16.94                    7084.9897                
16.95                    7085.177                 
16.96                    7085.3643                
16.97                    7085.5513                
16.98                    7085.738                 
16.99                    7085.9243                
17.0                     7086.111                 
17.01                    7086.2974                
17.02                    7086.4834                
17.03                    7086.6694                
17.04                    7086.8555                
17.05                    7087.041                 
17.06                    7087.2266                
17.07                    7087.4116                
17.08                    7087.5967                
17.09                    7087.7817                
17.1                     7087.967                 
17.11                    7088.1514                
17.12                    7088.336                 
17.13                    7088.52                  
17.14                    7088.704                 
17.15                    7088.888                 
17.16                    7089.072                 
17.17                    7089.2554                
17.18                    7089.439                 
17.19                    7089.622                 
17.2                     7089.805                 
17.21                    7089.9883                
17.22                    7090.171                 
17.23                    7090.3535                
17.24                    7090.536                 
17.25                    7090.7183                
17.26                    7090.9004                
17.27                    7091.082                 
17.28                    7091.264                 
17.29                    7091.446                 
17.3                     7091.627                 
17.31                    7091.808                 
17.32                    7091.9893                
17.33                    7092.1704                
17.34                    7092.351                 
17.35                    7092.5317                
17.36                    7092.712                 
17.37                    7092.8926                
17.38                    7093.0723                
17.39                    7093.2524                
17.4                     7093.432                 
17.41                    7093.612                 
17.42                    7093.791                 
17.43                    7093.97                  
17.44                    7094.1494                
17.45                    7094.3286                
17.46                    7094.5073                
17.47                    7094.686                 
17.48                    7094.8643                
17.49                    7095.0425                
17.5                     7095.2207                
17.51                    7095.399                 
17.52                    7095.5767                
17.53                    7095.7544                
17.54                    7095.932                 
17.55                    7096.1094                
17.56                    7096.2866                
17.57                    7096.464                 
17.58                    7096.6406                
17.59                    7096.8174                
17.6                     7096.9937                
17.61                    7097.1704                
17.62                    7097.3467                
17.63                    7097.5225                
17.64                    7097.6987                
17.65                    7097.8745                
17.66                    7098.05                  
17.67                    7098.2256                
17.68                    7098.401                 
17.69                    7098.5757                
17.7                     7098.751                 
17.71                    7098.926                 
17.72                    7099.1                   
17.73                    7099.275                 
17.74                    7099.449                 
17.75                    7099.6235                
17.76                    7099.7974                
17.77                    7099.971                 
17.78                    7100.145                 
17.79                    7100.3184                
17.8                     7100.4917                
17.81                    7100.665                 
17.82                    7100.838                 
17.83                    7101.011                 
17.84                    7101.1836                
17.85                    7101.3564                
17.86                    7101.529                 
17.87                    7101.701                 
17.88                    7101.873                 
17.89                    7102.0454                
17.9                     7102.217                 
17.91                    7102.3887                
17.92                    7102.56                  
17.93                    7102.7314                
17.94                    7102.903                 
17.95                    7103.0737                
17.96                    7103.2446                
17.97                    7103.415                 
17.98                    7103.586                 
17.99                    7103.7563                
18.0                     7103.9263                
18.01                    7104.0967                
18.02                    7104.2666                
18.03                    7104.4365                
18.04                    7104.606                 
18.05                    7104.7754                
18.06                    7104.945                 
18.07                    7105.114                 
18.08                    7105.2827                
18.09                    7105.4517                
18.1                     7105.6206                
18.11                    7105.789                 
18.12                    7105.9575                
18.13                    7106.1255                
18.14                    7106.2935                
18.15                    7106.4614                
18.16                    7106.6294                
18.17                    7106.797                 
18.18                    7106.9644                
18.19                    7107.132                 
18.2                     7107.299                 
18.21                    7107.466                 
18.22                    7107.633                 
18.23                    7107.7993                
18.24                    7107.966                 
18.25                    7108.1323                
18.26                    7108.299                 
18.27                    7108.465                 
18.28                    7108.631                 
18.29                    7108.7964                
18.3                     7108.962                 
18.31                    7109.1274                
18.32                    7109.293                 
18.33                    7109.458                 
18.34                    7109.623                 
18.35                    7109.788                 
18.36                    7109.9526                
18.37                    7110.117                 
18.38                    7110.2817                
18.39                    7110.446                 
18.4                     7110.6104                
18.41                    7110.774                 
18.42                    7110.938                 
18.43                    7111.1016                
18.44                    7111.265                 
18.45                    7111.4287                
18.46                    7111.592                 
18.47                    7111.755                 
18.48                    7111.918                 
18.49                    7112.0806                
18.5                     7112.243                 
18.51                    7112.406                 
18.52                    7112.568                 
18.53                    7112.73                  
18.54                    7112.892                 
18.55                    7113.054                 
18.56                    7113.216                 
18.57                    7113.3774                
18.58                    7113.539                 
18.59                    7113.7                   
18.6                     7113.8613                
18.61                    7114.0225                
18.62                    7114.183                 
18.63                    7114.3438                
18.64                    7114.5044                
18.65                    7114.6646                
18.66                    7114.825                 
18.67                    7114.9854                
18.68                    7115.145                 
18.69                    7115.3047                
18.7                     7115.4644                
18.71                    7115.624                 
18.72                    7115.7837                
18.73                    7115.943                 
18.74                    7116.1016                
18.75                    7116.2607                
18.76                    7116.4194                
18.77                    7116.578                 
18.78                    7116.737                 
18.79                    7116.895                 
18.8                     7117.053                 
18.81                    7117.2114                
18.82                    7117.369                 
18.83                    7117.527                 
18.84                    7117.6846                
18.85                    7117.8423                
18.86                    7117.9995                
18.87                    7118.1567                
18.88                    7118.3135                
18.89                    7118.4707                
18.9                     7118.6274                
18.91                    7118.7837                
18.92                    7118.9404                
18.93                    7119.0967                
18.94                    7119.253                 
18.95                    7119.4087                
18.96                    7119.565                 
18.97                    7119.7207                
18.98                    7119.876                 
18.99                    7120.0317                
19.0                     7120.187                 
19.01                    7120.3423                
19.02                    7120.497                 
19.03                    7120.652                 
19.04                    7120.8066                
19.05                    7120.9614                
19.06                    7121.1157                
19.07                    7121.27                  
19.08                    7121.4243                
19.09                    7121.578                 
19.1                     7121.7324                
19.11                    7121.8857                
19.12                    7122.0396                
19.13                    7122.193                 
19.14                    7122.346                 
19.15                    7122.4995                
19.16                    7122.6523                
19.17                    7122.8057                
19.18                    7122.958                 
19.19                    7123.111                 
19.2                     7123.263                 
19.21                    7123.4155                
19.22                    7123.568                 
19.23                    7123.7197                
19.24                    7123.872                 
19.25                    7124.024                 
19.26                    7124.1753                
19.27                    7124.327                 
19.28                    7124.4785                
19.29                    7124.63                  
19.3                     7124.781                 
19.31                    7124.9316                
19.32                    7125.0825                
19.33                    7125.2334                
19.34                    7125.384                 
19.35                    7125.5347                
19.36                    7125.6846                
19.37                    7125.835                 
19.38                    7125.985                 
19.39                    7126.135                 
19.4                     7126.2847                
19.41                    7126.434                 
19.42                    7126.5835                
19.43                    7126.733                 
19.44                    7126.8823                
19.45                    7127.0312                
19.46                    7127.18                  
19.47                    7127.329                 
19.48                    7127.478                 
19.49                    7127.6265                
19.5                     7127.775                 
19.51                    7127.923                 
19.52                    7128.0713                
19.53                    7128.219                 
19.54                    7128.3667                
19.55                    7128.5146                
19.56                    7128.662                 
19.57                    7128.8096                
19.58                    7128.957                 
19.59                    7129.104                 
19.6                     7129.251                 
19.61                    7129.398                 
19.62                    7129.545                 
19.63                    7129.6914                
19.64                    7129.838                 
19.65                    7129.9844                
19.66                    7130.1304                
19.67                    7130.277                 
19.68                    7130.423                 
19.69                    7130.5684                
19.7                     7130.7144                
19.71                    7130.86                  
19.72                    7131.0054                
19.73                    7131.1504                
19.74                    7131.2954                
19.75                    7131.4404                
19.76                    7131.5854                
19.77                    7131.7305                
19.78                    7131.875                 
19.79                    7132.0195                
19.8                     7132.1636                
19.81                    7132.308                 
19.82                    7132.452                 
19.83                    7132.596                 
19.84                    7132.7397                
19.85                    7132.884                 
19.86                    7133.0273                
19.87                    7133.1704                
19.88                    7133.314                 
19.89                    7133.457                 
19.9                     7133.6                   
19.91                    7133.743                 
19.92                    7133.8857                
19.93                    7134.0283                
19.94                    7134.171                 
19.95                    7134.3135                
19.96                    7134.4556                
19.97                    7134.5977                
19.98                    7134.7397                
19.99                    7134.8813                
20.0                     7135.0234                
20.01                    7135.165                 
20.02                    7135.306                 
20.03                    7135.4478                
20.04                    7135.589                 
20.05                    7135.73                  
20.06                    7135.8706                
20.07                    7136.0117                
20.08                    7136.1523                
20.09                    7136.293                 
20.1                     7136.433                 
20.11                    7136.5737                
20.12                    7136.714                 
20.13                    7136.854                 
20.14                    7136.9937                
20.15                    7137.1333                
20.16                    7137.273                 
20.17                    7137.4126                
20.18                    7137.5522                
20.19                    7137.6914                
20.2                     7137.8306                
20.21                    7137.969                 
20.22                    7138.1084                
20.23                    7138.247                 
20.24                    7138.3857                
20.25                    7138.5244                
20.26                    7138.6626                
20.27                    7138.801                 
20.28                    7138.939                 
20.29                    7139.0767                
20.3                     7139.215                 
20.31                    7139.3525                
20.32                    7139.49                  
20.33                    7139.6274                
20.34                    7139.7646                
20.35                    7139.9023                
20.36                    7140.039                 
20.37                    7140.1763                
20.38                    7140.313                 
20.39                    7140.4497                
20.4                     7140.5864                
20.41                    7140.7227                
20.42                    7140.859                 
20.43                    7140.995                 
20.44                    7141.1313                
20.45                    7141.2676                
20.46                    7141.4033                
20.47                    7141.539                 
20.48                    7141.6743                
20.49                    7141.81                  
20.5                     7141.9453                
20.51                    7142.0806                
20.52                    7142.2153                
20.53                    7142.3506                
20.54                    7142.4854                
20.55                    7142.62                  
20.56                    7142.7544                
20.57                    7142.889                 
20.58                    7143.0234                
20.59                    7143.1577                
20.6                     7143.2915                
20.61                    7143.426                 
20.62                    7143.5596                
20.63                    7143.693                 
20.64                    7143.8267                
20.65                    7143.96                  
20.66                    7144.0933                
20.67                    7144.2266                
20.68                    7144.36                  
20.69                    7144.4927                
20.7                     7144.6255                
20.71                    7144.7583                
20.72                    7144.891                 
20.73                    7145.0234                
20.74                    7145.156                 
20.75                    7145.288                 
20.76                    7145.42                  
20.77                    7145.5522                
20.78                    7145.684                 
20.79                    7145.8154                
20.8                     7145.9473                
20.81                    7146.0786                
20.82                    7146.21                  
20.83                    7146.3413                
20.84                    7146.4727                
20.85                    7146.6035                
20.86                    7146.7344                
20.87                    7146.865                 
20.88                    7146.9956                
20.89                    7147.126                 
20.9                     7147.2563                
20.91                    7147.3867                
20.92                    7147.517                 
20.93                    7147.647                 
20.94                    7147.777                 
20.95                    7147.9067                
20.96                    7148.036                 
20.97                    7148.166                 
20.98                    7148.2954                
20.99                    7148.425                 
21.0                     7148.554                 
21.01                    7148.683                 
21.02                    7148.812                 
21.03                    7148.941                 
21.04                    7149.07                  
21.05                    7149.198                 
21.06                    7149.3267                
21.07                    7149.455                 
21.08                    7149.5835                
21.09                    7149.7114                
21.1                     7149.84                  
21.11                    7149.968                 
21.12                    7150.095                 
21.13                    7150.223                 
21.14                    7150.3506                
21.15                    7150.478                 
21.16                    7150.6055                
21.17                    7150.7324                
21.18                    7150.86                  
21.19                    7150.987                 
21.2                     7151.1133                
21.21                    7151.24                  
21.22                    7151.3667                
21.23                    7151.493                 
21.24                    7151.6196                
21.25                    7151.746                 
21.26                    7151.872                 
21.27                    7151.998                 
21.28                    7152.124                 
21.29                    7152.25                  
21.3                     7152.3755                
21.31                    7152.501                 
21.32                    7152.6265                
21.33                    7152.752                 
21.34                    7152.877                 
21.35                    7153.002                 
21.36                    7153.127                 
21.37                    7153.252                 
21.38                    7153.377                 
21.39                    7153.5015                
21.4                     7153.626                 
21.41                    7153.7505                
21.42                    7153.8745                
21.43                    7153.9985                
21.44                    7154.123                 
21.45                    7154.2466                
21.46                    7154.3706                
21.47                    7154.494                 
21.48                    7154.6177                
21.49                    7154.741                 
21.5                     7154.8647                
21.51                    7154.988                 
21.52                    7155.1113                
21.53                    7155.234                 
21.54                    7155.357                 
21.55                    7155.48                  
21.56                    7155.6025                
21.57                    7155.725                 
21.58                    7155.8477                
21.59                    7155.9697                
21.6                     7156.0923                
21.61                    7156.2144                
21.62                    7156.336                 
21.63                    7156.458                 
21.64                    7156.5796                
21.65                    7156.7017                
21.66                    7156.8228                
21.67                    7156.9443                
21.68                    7157.066                 
21.69                    7157.187                 
21.7                     7157.308                 
21.71                    7157.429                 
21.72                    7157.55                  
21.73                    7157.6704                
21.74                    7157.791                 
21.75                    7157.9116                
21.76                    7158.032                 
21.77                    7158.1523                
21.78                    7158.2725                
21.79                    7158.3926                
21.8                     7158.5127                
21.81                    7158.6323                
21.82                    7158.7524                
21.83                    7158.872                 
21.84                    7158.991                 
21.85                    7159.111                 
21.86                    7159.23                  
21.87                    7159.349                 
21.88                    7159.4683                
21.89                    7159.5874                
21.9                     7159.706                 
21.91                    7159.8247                
21.92                    7159.9434                
21.93                    7160.062                 
21.94                    7160.1807                
21.95                    7160.299                 
21.96                    7160.417                 
21.97                    7160.535                 
21.98                    7160.653                 
21.99                    7160.771                 
22.0                     7160.8887                
22.01                    7161.0063                
22.02                    7161.1235                
22.03                    7161.241                 
22.04                    7161.3584                
22.05                    7161.4756                
22.06                    7161.593                 
22.07                    7161.7095                
22.08                    7161.8267                
22.09                    7161.9434                
22.1                     7162.06                  
22.11                    7162.1763                
22.12                    7162.293                 
22.13                    7162.409                 
22.14                    7162.5254                
22.15                    7162.6416                
22.16                    7162.7573                
22.17                    7162.873                 
22.18                    7162.9893                
22.19                    7163.1045                
22.2                     7163.22                  
22.21                    7163.336                 
22.22                    7163.451                 
22.23                    7163.5664                
22.24                    7163.681                 
22.25                    7163.7964                
22.26                    7163.911                 
22.27                    7164.026                 
22.28                    7164.1406                
22.29                    7164.2554                
22.3                     7164.3696                
22.31                    7164.4844                
22.32                    7164.5986                
22.33                    7164.7124                
22.34                    7164.8267                
22.35                    7164.9404                
22.36                    7165.054                 
22.37                    7165.168                 
22.38                    7165.2817                
22.39                    7165.395                 
22.4                     7165.509                 
22.41                    7165.622                 
22.42                    7165.735                 
22.43                    7165.848                 
22.44                    7165.961                 
22.45                    7166.074                 
22.46                    7166.1865                
22.47                    7166.2993                
22.48                    7166.412                 
22.49                    7166.5244                
22.5                     7166.6367                
22.51                    7166.749                 
22.52                    7166.861                 
22.53                    7166.973                 
22.54                    7167.085                 
22.55                    7167.197                 
22.56                    7167.3086                
22.57                    7167.42                  
22.58                    7167.5317                
22.59                    7167.643                 
22.6                     7167.7544                
22.61                    7167.865                 
22.62                    7167.9766                
22.63                    7168.0874                
22.64                    7168.198                 
22.65                    7168.309                 
22.66                    7168.42                  
22.67                    7168.5303                
22.68                    7168.6406                
22.69                    7168.751                 
22.7                     7168.8613                
22.71                    7168.971                 
22.72                    7169.0815                
22.73                    7169.1914                
22.74                    7169.3013                
22.75                    7169.411                 
22.76                    7169.5205                
22.77                    7169.63                  
22.78                    7169.7397                
22.79                    7169.8486                
22.8                     7169.958                 
22.81                    7170.0674                
22.82                    7170.1763                
22.83                    7170.285                 
22.84                    7170.394                 
22.85                    7170.5024                
22.86                    7170.6113                
22.87                    7170.7197                
22.88                    7170.828                 
22.89                    7170.9365                
22.9                     7171.0444                
22.91                    7171.153                 
22.92                    7171.2607                
22.93                    7171.3687                
22.94                    7171.4766                
22.95                    7171.584                 
22.96                    7171.6914                
22.97                    7171.799                 
22.98                    7171.9062                
22.99                    7172.0137                
23.0                     7172.121                 
23.01                    7172.228                 
23.02                    7172.335                 
23.03                    7172.442                 
23.04                    7172.5483                
23.05                    7172.6553                
23.06                    7172.7617                
23.07                    7172.868                 
23.08                    7172.9746                
23.09                    7173.081                 
23.1                     7173.187                 
23.11                    7173.293                 
23.12                    7173.399                 
23.13                    7173.505                 
23.14                    7173.611                 
23.15                    7173.7163                
23.16                    7173.822                 
23.17                    7173.9272                
23.18                    7174.0327                
23.19                    7174.138                 
23.2                     7174.243                 
23.21                    7174.348                 
23.22                    7174.453                 
23.23                    7174.558                 
23.24                    7174.663                 
23.25                    7174.7676                
23.26                    7174.872                 
23.27                    7174.9766                
23.28                    7175.081                 
23.29                    7175.185                 
23.3                     7175.2896                
23.31                    7175.3936                
23.32                    7175.4976                
23.33                    7175.601                 
23.34                    7175.705                 
23.35                    7175.8086                
23.36                    7175.912                 
23.37                    7176.0156                
23.38                    7176.119                 
23.39                    7176.2227                
23.4                     7176.3257                
23.41                    7176.4287                
23.42                    7176.5317                
23.43                    7176.635                 
23.44                    7176.7373                
23.45                    7176.8403                
23.46                    7176.943                 
23.47                    7177.0454                
23.48                    7177.1475                
23.49                    7177.25                  
23.5                     7177.352                 
23.51                    7177.454                 
23.52                    7177.556                 
23.53                    7177.658                 
23.54                    7177.76                  
23.55                    7177.862                 
23.56                    7177.9634                
23.57                    7178.065                 
23.58                    7178.1665                
23.59                    7178.2676                
23.6                     7178.3687                
23.61                    7178.47                  
23.62                    7178.5713                
23.63                    7178.672                 
23.64                    7178.773                 
23.65                    7178.8735                
23.66                    7178.974                 
23.67                    7179.0747                
23.68                    7179.1753                
23.69                    7179.276                 
23.7                     7179.376                 
23.71                    7179.476                 
23.72                    7179.576                 
23.73                    7179.6763                
23.74                    7179.7764                
23.75                    7179.876                 
23.76                    7179.9756                
23.77                    7180.075                 
23.78                    7180.175                 
23.79                    7180.2744                
23.8                     7180.3735                
23.81                    7180.4727                
23.82                    7180.572                 
23.83                    7180.671                 
23.84                    7180.77                  
23.85                    7180.8687                
23.86                    7180.9673                
23.87                    7181.0664                
23.88                    7181.1646                
23.89                    7181.263                 
23.9                     7181.362                 
23.91                    7181.46                  
23.92                    7181.558                 
23.93                    7181.6562                
23.94                    7181.7544                
23.95                    7181.852                 
23.96                    7181.9497                
23.97                    7182.048                 
23.98                    7182.145                 
23.99                    7182.2427                
24.0                     7182.3403                
24.01                    7182.4375                
24.02                    7182.5347                
24.03                    7182.632                 
24.04                    7182.729                 
24.05                    7182.826                 
24.06                    7182.923                 
24.07                    7183.0195                
24.08                    7183.116                 
24.09                    7183.213                 
24.1                     7183.3096                
24.11                    7183.406                 
24.12                    7183.5024                
24.13                    7183.5986                
24.14                    7183.695                 
24.15                    7183.7905                
24.16                    7183.8867                
24.17                    7183.9824                
24.18                    7184.078                 
24.19                    7184.174                 
24.2                     7184.2695                
24.21                    7184.365                 
24.22                    7184.4604                
24.23                    7184.5557                
24.24                    7184.651                 
24.25                    7184.746                 
24.26                    7184.8413                
24.27                    7184.936                 
24.28                    7185.031                 
24.29                    7185.126                 
24.3                     7185.22                  
24.31                    7185.315                 
24.32                    7185.4097                
24.33                    7185.504                 
24.34                    7185.598                 
24.35                    7185.6924                
24.36                    7185.7866                
24.37                    7185.8804                
24.38                    7185.9746                
24.39                    7186.0684                
24.4                     7186.162                 
24.41                    7186.256                 
24.42                    7186.3496                
24.43                    7186.443                 
24.44                    7186.536                 
24.45                    7186.63                  
24.46                    7186.7227                
24.47                    7186.816                 
24.48                    7186.909                 
24.49                    7187.002                 
24.5                     7187.0947                
24.51                    7187.1875                
24.52                    7187.2803                
24.53                    7187.373                 
24.54                    7187.4653                
24.55                    7187.558                 
24.56                    7187.6504                
24.57                    7187.7427                
24.58                    7187.8345                
24.59                    7187.927                 
24.6                     7188.0186                
24.61                    7188.1104                
24.62                    7188.202                 
24.63                    7188.294                 
24.64                    7188.3857                
24.65                    7188.477                 
24.66                    7188.569                 
24.67                    7188.66                  
24.68                    7188.7515                
24.69                    7188.8423                
24.7                     7188.9336                
24.71                    7189.0244                
24.72                    7189.115                 
24.73                    7189.206                 
24.74                    7189.297                 
24.75                    7189.3877                
24.76                    7189.478                 
24.77                    7189.569                 
24.78                    7189.659                 
24.79                    7189.7495                
24.8                     7189.8394                
24.81                    7189.9297                
24.82                    7190.0195                
24.83                    7190.11                  
24.84                    7190.1997                
24.85                    7190.2896                
24.86                    7190.379                 
24.87                    7190.4688                
24.88                    7190.558                 
24.89                    7190.6475                
24.9                     7190.737                 
24.91                    7190.826                 
24.92                    7190.9155                
24.93                    7191.0044                
24.94                    7191.0933                
24.95                    7191.182                 
24.96                    7191.271                 
24.97                    7191.36                  
24.98                    7191.4487                
24.99                    7191.537                 
25.0                     7191.6255                
25.01                    7191.714                 
25.02                    7191.8022                
25.03                    7191.8906                
25.04                    7191.9785                
25.05                    7192.0664                
25.06                    7192.155                 
25.07                    7192.2427                
25.08                    7192.33                  
25.09                    7192.418                 
25.1                     7192.5054                
25.11                    7192.5933                
25.12                    7192.6807                
25.13                    7192.768                 
25.14                    7192.855                 
25.15                    7192.9424                
25.16                    7193.0293                
25.17                    7193.1167                
25.18                    7193.2036                
25.19                    7193.2905                
25.2                     7193.377                 
25.21                    7193.464                 
25.22                    7193.5503                
25.23                    7193.6367                
25.24                    7193.723                 
25.25                    7193.8096                
25.26                    7193.896                 
25.27                    7193.982                 
25.28                    7194.0684                
25.29                    7194.1543                
25.3                     7194.24                  
25.31                    7194.326                 
25.32                    7194.4116                
25.33                    7194.4976                
25.34                    7194.583                 
25.35                    7194.6685                
25.36                    7194.754                 
25.37                    7194.8394                
25.38                    7194.9243                
25.39                    7195.01                  
25.4                     7195.0947                
25.41                    7195.1797                
25.42                    7195.2646                
25.43                    7195.3496                
25.44                    7195.434                 
25.45                    7195.519                 
25.46                    7195.6035                
25.47                    7195.688                 
25.48                    7195.7725                
25.49                    7195.857                 
25.5                     7195.941                 
25.51                    7196.0254                
25.52                    7196.1094                
25.53                    7196.1934                
25.54                    7196.2773                
25.55                    7196.3613                
25.56                    7196.445                 
25.57                    7196.529                 
25.58                    7196.6123                
25.59                    7196.696                 
25.6                     7196.7793                
25.61                    7196.8623                
25.62                    7196.946                 
25.63                    7197.029                 
25.64                    7197.1123                
25.65                    7197.1953                
25.66                    7197.278                 
25.67                    7197.361                 
25.68                    7197.444                 
25.69                    7197.5264                
25.7                     7197.609                 
25.71                    7197.6914                
25.72                    7197.774                 
25.73                    7197.8564                
25.74                    7197.9385                
25.75                    7198.021                 
25.76                    7198.103                 
25.77                    7198.185                 
25.78                    7198.267                 
25.79                    7198.349                 
25.8                     7198.4307                
25.81                    7198.5127                
25.82                    7198.594                 
25.83                    7198.676                 
25.84                    7198.7573                
25.85                    7198.839                 
25.86                    7198.92                  
25.87                    7199.0015                
25.88                    7199.0825                
25.89                    7199.1636                
25.9                     7199.2446                
25.91                    7199.3257                
25.92                    7199.4062                
25.93                    7199.4873                
25.94                    7199.568                 
25.95                    7199.6484                
25.96                    7199.729                 
25.97                    7199.8096                
25.98                    7199.8896                
25.99                    7199.97                  
26.0                     7200.0503                
26.01                    7200.1304                
26.02                    7200.2104                
26.03                    7200.2905                
26.04                    7200.37                  
26.05                    7200.45                  
26.06                    7200.53                  
26.07                    7200.6094                
26.08                    7200.689                 
26.09                    7200.7686                
26.1                     7200.848                 
26.11                    7200.9272                
26.12                    7201.007                 
26.13                    7201.086                 
26.14                    7201.165                 
26.15                    7201.244                 
26.16                    7201.3228                
26.17                    7201.402                 
26.18                    7201.4805                
26.19                    7201.5596                
26.2                     7201.638                 
26.21                    7201.7163                
26.22                    7201.795                 
26.23                    7201.8735                
26.24                    7201.9517                
26.25                    7202.03                  
26.26                    7202.108                 
26.27                    7202.186                 
26.28                    7202.264                 
26.29                    7202.3423                
26.3                     7202.42                  
26.31                    7202.4976                
26.32                    7202.575                 
26.33                    7202.653                 
26.34                    7202.7305                
26.35                    7202.808                 
26.36                    7202.8853                
26.37                    7202.963                 
26.38                    7203.04                  
26.39                    7203.117                 
26.4                     7203.1943                
26.41                    7203.271                 
26.42                    7203.348                 
26.43                    7203.425                 
26.44                    7203.502                 
26.45                    7203.5786                
26.46                    7203.6553                
26.47                    7203.7314                
26.48                    7203.808                 
26.49                    7203.8843                
26.5                     7203.961                 
26.51                    7204.037                 
26.52                    7204.1133                
26.53                    7204.1895                
26.54                    7204.265                 
26.55                    7204.3413                
26.56                    7204.417                 
26.57                    7204.4927                
26.58                    7204.5684                
26.59                    7204.644                 
26.6                     7204.7197                
26.61                    7204.795                 
26.62                    7204.8706                
26.63                    7204.946                 
26.64                    7205.021                 
26.65                    7205.096                 
26.66                    7205.1714                
26.67                    7205.2466                
26.68                    7205.3213                
26.69                    7205.396                 
26.7                     7205.471                 
26.71                    7205.546                 
26.72                    7205.6206                
26.73                    7205.695                 
26.74                    7205.7695                
26.75                    7205.8438                
26.76                    7205.918                 
26.77                    7205.9927                
26.78                    7206.067                 
26.79                    7206.1406                
26.8                     7206.215                 
26.81                    7206.2886                
26.82                    7206.363                 
26.83                    7206.4365                
26.84                    7206.5103                
26.85                    7206.584                 
26.86                    7206.6577                
26.87                    7206.731                 
26.88                    7206.8047                
26.89                    7206.878                 
26.9                     7206.951                 
26.91                    7207.0244                
26.92                    7207.0977                
26.93                    7207.171                 
26.94                    7207.2437                
26.95                    7207.3164                
26.96                    7207.3896                
26.97                    7207.4624                
26.98                    7207.535                 
26.99                    7207.6074                
27.0                     7207.68                  
27.01                    7207.7524                
27.02                    7207.825                 
27.03                    7207.8975                
27.04                    7207.9697                
27.05                    7208.042                 
27.06                    7208.114                 
27.07                    7208.186                 
27.08                    7208.258                 
27.09                    7208.33                  
27.1                     7208.402                 
27.11                    7208.4736                
27.12                    7208.5454                
27.13                    7208.6167                
27.14                    7208.6885                
27.15                    7208.76                  
27.16                    7208.831                 
27.17                    7208.9023                
27.18                    7208.9736                
27.19                    7209.045                 
27.2                     7209.116                 
27.21                    7209.187                 
27.22                    7209.2583                
27.23                    7209.329                 
27.24                    7209.4                   
27.25                    7209.4707                
27.26                    7209.541                 
27.27                    7209.612                 
27.28                    7209.682                 
27.29                    7209.753                 
27.3                     7209.823                 
27.31                    7209.8936                
27.32                    7209.964                 
27.33                    7210.0337                
27.34                    7210.104                 
27.35                    7210.174                 
27.36                    7210.244                 
27.37                    7210.314                 
27.38                    7210.384                 
27.39                    7210.4536                
27.4                     7210.523                 
27.41                    7210.593                 
27.42                    7210.662                 
27.43                    7210.732                 
27.44                    7210.8013                
27.45                    7210.8706                
27.46                    7210.9395                
27.47                    7211.009                 
27.48                    7211.078                 
27.49                    7211.147                 
27.5                     7211.216                 
27.51                    7211.2847                
27.52                    7211.3535                
27.53                    7211.4224                
27.54                    7211.491                 
27.55                    7211.5596                
27.56                    7211.6284                
27.57                    7211.697                 
27.58                    7211.765                 
27.59                    7211.8335                
27.6                     7211.902                 
27.61                    7211.9697                
27.62                    7212.038                 
27.63                    7212.106                 
27.64                    7212.174                 
27.65                    7212.2417                
27.66                    7212.3096                
27.67                    7212.3774                
27.68                    7212.4453                
27.69                    7212.5127                
27.7                     7212.5806                
27.71                    7212.648                 
27.72                    7212.7153                
27.73                    7212.7827                
27.74                    7212.85                  
27.75                    7212.917                 
27.76                    7212.9844                
27.77                    7213.0513                
27.78                    7213.118                 
27.79                    7213.1855                
27.8                     7213.252                 
27.81                    7213.319                 
27.82                    7213.3857                
27.83                    7213.452                 
27.84                    7213.519                 
27.85                    7213.5854                
27.86                    7213.652                 
27.87                    7213.7183                
27.88                    7213.7847                
27.89                    7213.851                 
27.9                     7213.917                 
27.91                    7213.9834                
27.92                    7214.0493                
27.93                    7214.115                 
27.94                    7214.181                 
27.95                    7214.247                 
27.96                    7214.3125                
27.97                    7214.3784                
27.98                    7214.444                 
27.99                    7214.51                  
28.0                     7214.575                 
28.01                    7214.6406                
28.02                    7214.706                 
28.03                    7214.771                 
28.04                    7214.8364                
28.05                    7214.9014                
28.06                    7214.967                 
28.07                    7215.0317                
28.08                    7215.0967                
28.09                    7215.1616                
28.1                     7215.2266                
28.11                    7215.291                 
28.12                    7215.356                 
28.13                    7215.4204                
28.14                    7215.485                 
28.15                    7215.5493                
28.16                    7215.614                 
28.17                    7215.678                 
28.18                    7215.7427                
28.19                    7215.8066                
28.2                     7215.8706                
28.21                    7215.935                 
28.22                    7215.999                 
28.23                    7216.063                 
28.24                    7216.127                 
28.25                    7216.1904                
28.26                    7216.2544                
28.27                    7216.318                 
28.28                    7216.382                 
28.29                    7216.4453                
28.3                     7216.509                 
28.31                    7216.5723                
28.32                    7216.6353                
28.33                    7216.6987                
28.34                    7216.7617                
28.35                    7216.825                 
28.36                    7216.888                 
28.37                    7216.951                 
28.38                    7217.014                 
28.39                    7217.077                 
28.4                     7217.1396                
28.41                    7217.2026                
28.42                    7217.265                 
28.43                    7217.328                 
28.44                    7217.3906                
28.45                    7217.453                 
28.46                    7217.515                 
28.47                    7217.5776                
28.48                    7217.64                  
28.49                    7217.702                 
28.5                     7217.7646                
28.51                    7217.8267                
28.52                    7217.8887                
28.53                    7217.9507                
28.54                    7218.012                 
28.55                    7218.074                 
28.56                    7218.136                 
28.57                    7218.1978                
28.58                    7218.2593                
28.59                    7218.321                 
28.6                     7218.3823                
28.61                    7218.444                 
28.62                    7218.5054                
28.63                    7218.5664                
28.64                    7218.628                 
28.65                    7218.689                 
28.66                    7218.75                  
28.67                    7218.811                 
28.68                    7218.872                 
28.69                    7218.933                 
28.7                     7218.994                 
28.71                    7219.0547                
28.72                    7219.1157                
28.73                    7219.1763                
28.74                    7219.237                 
28.75                    7219.2974                
28.76                    7219.358                 
28.77                    7219.4185                
28.78                    7219.4785                
28.79                    7219.539                 
28.8                     7219.599                 
28.81                    7219.659                 
28.82                    7219.719                 
28.83                    7219.7793                
28.84                    7219.8394                
28.85                    7219.8994                
28.86                    7219.959                 
28.87                    7220.019                 
28.88                    7220.0786                
28.89                    7220.138                 
28.9                     7220.1978                
28.91                    7220.2573                
28.92                    7220.317                 
28.93                    7220.3765                
28.94                    7220.4355                
28.95                    7220.4946                
28.96                    7220.554                 
28.97                    7220.6133                
28.98                    7220.6724                
28.99                    7220.7314                
29.0                     7220.79                  
29.01                    7220.849                 
29.02                    7220.908                 
29.03                    7220.967                 
29.04                    7221.0254                
29.05                    7221.084                 
29.06                    7221.1426                
29.07                    7221.201                 
29.08                    7221.26                  
29.09                    7221.318                 
29.1                     7221.3765                
29.11                    7221.4346                
29.12                    7221.4927                
29.13                    7221.551                 
29.14                    7221.609                 
29.15                    7221.667                 
29.16                    7221.725                 
29.17                    7221.7827                
29.18                    7221.841                 
29.19                    7221.8984                
29.2                     7221.956                 
29.21                    7222.0137                
29.22                    7222.0713                
29.23                    7222.129                 
29.24                    7222.1865                
29.25                    7222.2437                
29.26                    7222.3013                
29.27                    7222.3584                
29.28                    7222.4155                
29.29                    7222.4727                
29.3                     7222.53                  
29.31                    7222.587                 
29.32                    7222.644                 
29.33                    7222.7007                
29.34                    7222.758                 
29.35                    7222.8145                
29.36                    7222.871                 
29.37                    7222.9277                
29.38                    7222.9844                
29.39                    7223.041                 
29.4                     7223.0977                
29.41                    7223.154                 
29.42                    7223.2104                
29.43                    7223.2666                
29.44                    7223.3228                
29.45                    7223.379                 
29.46                    7223.435                 
29.47                    7223.491                 
29.48                    7223.547                 
29.49                    7223.603                 
29.5                     7223.6587                
29.51                    7223.715                 
29.52                    7223.7705                
29.53                    7223.826                 
29.54                    7223.882                 
29.55                    7223.9375                
29.56                    7223.9927                
29.57                    7224.0483                
29.58                    7224.1035                
29.59                    7224.159                 
29.6                     7224.2144                
29.61                    7224.2695                
29.62                    7224.3247                
29.63                    7224.38                  
29.64                    7224.4346                
29.65                    7224.4897                
29.66                    7224.5444                
29.67                    7224.5996                
29.68                    7224.6543                
29.69                    7224.709                 
29.7                     7224.7637                
29.71                    7224.8184                
29.72                    7224.873                 
29.73                    7224.9277                
29.74                    7224.9824                
29.75                    7225.0366                
29.76                    7225.0913                
29.77                    7225.1455                
29.78                    7225.1997                
29.79                    7225.254                 
29.8                     7225.308                 
29.81                    7225.3623                
29.82                    7225.416                 
29.83                    7225.47                  
29.84                    7225.524                 
29.85                    7225.5776                
29.86                    7225.632                 
29.87                    7225.6855                
29.88                    7225.7393                
29.89                    7225.7925                
29.9                     7225.846                 
29.91                    7225.9                   
29.92                    7225.953                 
29.93                    7226.007                 
29.94                    7226.06                  
29.95                    7226.1133                
29.96                    7226.1665                
29.97                    7226.2197                
29.98                    7226.2725                
29.99                    7226.3257                
30.0                     7226.379                 
30.01                    7226.4316                
30.02                    7226.4844                
30.03                    7226.537                 
30.04                    7226.59                  
30.05                    7226.6426                
30.06                    7226.6953                
30.07                    7226.748                 
30.08                    7226.8003                
30.09                    7226.853                 
30.1                     7226.9053                
30.11                    7226.958                 
30.12                    7227.0103                
30.13                    7227.0625                
30.14                    7227.1143                
30.15                    7227.1665                
30.16                    7227.2188                
30.17                    7227.2705                
30.18                    7227.3228                
30.19                    7227.3745                
30.2                     7227.4263                
30.21                    7227.478                 
30.22                    7227.53                  
30.23                    7227.5815                
30.24                    7227.6333                
30.25                    7227.6846                
30.26                    7227.7363                
30.27                    7227.7876                
30.28                    7227.8394                
30.29                    7227.8906                
30.3                     7227.942                 
30.31                    7227.993                 
30.32                    7228.044                 
30.33                    7228.095                 
30.34                    7228.1465                
30.35                    7228.1973                
30.36                    7228.248                 
30.37                    7228.2993                
30.38                    7228.35                  
30.39                    7228.401                 
30.4                     7228.4517                
30.41                    7228.502                 
30.42                    7228.5527                
30.43                    7228.603                 
30.44                    7228.654                 
30.45                    7228.704                 
30.46                    7228.7544                
30.47                    7228.8047                
30.48                    7228.855                 
30.49                    7228.9053                
30.5                     7228.9556                
30.51                    7229.006                 
30.52                    7229.0557                
30.53                    7229.106                 
30.54                    7229.156                 
30.55                    7229.2056                
30.56                    7229.2554                
30.57                    7229.305                 
30.58                    7229.355                 
30.59                    7229.405                 
30.6                     7229.454                 
30.61                    7229.504                 
30.62                    7229.553                 
30.63                    7229.6025                
30.64                    7229.6523                
30.65                    7229.7017                
30.66                    7229.7505                
30.67                    7229.8                   
30.68                    7229.849                 
30.69                    7229.8984                
30.7                     7229.9473                
30.71                    7229.9966                
30.72                    7230.0454                
30.73                    7230.094                 
30.74                    7230.143                 
30.75                    7230.192                 
30.76                    7230.2407                
30.77                    7230.289                 
30.78                    7230.338                 
30.79                    7230.3867                
30.8                     7230.435                 
30.81                    7230.4834                
30.82                    7230.5317                
30.83                    7230.58                  
30.84                    7230.6284                
30.85                    7230.677                 
30.86                    7230.725                 
30.87                    7230.773                 
30.88                    7230.8213                
30.89                    7230.869                 
30.9                     7230.9175                
30.91                    7230.9653                
30.92                    7231.013                 
30.93                    7231.061                 
30.94                    7231.109                 
30.95                    7231.1562                
30.96                    7231.204                 
30.97                    7231.252                 
30.98                    7231.2993                
30.99                    7231.3467                
31.0                     7231.394                 
31.01                    7231.442                 
31.02                    7231.4893                
31.03                    7231.536                 
31.04                    7231.5835                
31.05                    7231.631                 
31.06                    7231.6777                
31.07                    7231.725                 
31.08                    7231.772                 
31.09                    7231.819                 
31.1                     7231.8657                
31.11                    7231.9126                
31.12                    7231.9595                
31.13                    7232.0063                
31.14                    7232.053                 
31.15                    7232.0996                
31.16                    7232.1465                
31.17                    7232.193                 
31.18                    7232.2393                
31.19                    7232.2856                
31.2                     7232.332                 
31.21                    7232.3784                
31.22                    7232.425                 
31.23                    7232.471                 
31.24                    7232.5176                
31.25                    7232.5635                
31.26                    7232.6094                
31.27                    7232.656                 
31.28                    7232.7017                
31.29                    7232.7476                
31.3                     7232.7935                
31.31                    7232.8394                
31.32                    7232.8853                
31.33                    7232.9307                
31.34                    7232.9766                
31.35                    7233.022                 
31.36                    7233.0674                
31.37                    7233.1133                
31.38                    7233.1587                
31.39                    7233.204                 
31.4                     7233.2495                
31.41                    7233.295                 
31.42                    7233.34                  
31.43                    7233.3853                
31.44                    7233.43                  
31.45                    7233.4756                
31.46                    7233.5205                
31.47                    7233.5654                
31.48                    7233.6104                
31.49                    7233.6553                
31.5                     7233.7                   
31.51                    7233.745                 
31.52                    7233.7896                
31.53                    7233.8345                
31.54                    7233.879                 
31.55                    7233.924                 
31.56                    7233.9683                
31.57                    7234.0127                
31.58                    7234.057                 
31.59                    7234.1016                
31.6                     7234.146                 
31.61                    7234.19                  
31.62                    7234.2344                
31.63                    7234.279                 
31.64                    7234.3228                
31.65                    7234.3667                
31.66                    7234.4106                
31.67                    7234.455                 
31.68                    7234.499                 
31.69                    7234.5425                
31.7                     7234.5864                
31.71                    7234.6304                
31.72                    7234.674                 
31.73                    7234.718                 
31.74                    7234.761                 
31.75                    7234.805                 
31.76                    7234.8486                
31.77                    7234.892                 
31.78                    7234.9355                
31.79                    7234.979                 
31.8                     7235.022                 
31.81                    7235.0654                
31.82                    7235.109                 
31.83                    7235.152                 
31.84                    7235.195                 
31.85                    7235.2383                
31.86                    7235.2812                
31.87                    7235.324                 
31.88                    7235.367                 
31.89                    7235.41                  
31.9                     7235.4526                
31.91                    7235.4956                
31.92                    7235.538                 
31.93                    7235.581                 
31.94                    7235.6235                
31.95                    7235.666                 
31.96                    7235.709                 
31.97                    7235.7515                
31.98                    7235.794                 
31.99                    7235.836                 
32.0                     7235.8784                
32.01                    7235.921                 
32.02                    7235.963                 
32.03                    7236.0054                
32.04                    7236.0474                
32.05                    7236.0894                
32.06                    7236.1313                
32.07                    7236.1733                
32.08                    7236.2153                
32.09                    7236.2573                
32.1                     7236.2993                
32.11                    7236.341                 
32.12                    7236.383                 
32.13                    7236.4243                
32.14                    7236.4663                
32.15                    7236.508                 
32.16                    7236.5493                
32.17                    7236.591                 
32.18                    7236.6323                
32.19                    7236.674                 
32.2                     7236.7153                
32.21                    7236.7563                
32.22                    7236.798                 
32.23                    7236.839                 
32.24                    7236.8804                
32.25                    7236.9214                
32.26                    7236.9624                
32.27                    7237.0034                
32.28                    7237.0444                
32.29                    7237.0854                
32.3                     7237.1265                
32.31                    7237.167                 
32.32                    7237.208                 
32.33                    7237.2485                
32.34                    7237.2896                
32.35                    7237.33                  
32.36                    7237.3706                
32.37                    7237.411                 
32.38                    7237.4517                
32.39                    7237.492                 
32.4                     7237.5327                
32.41                    7237.5728                
32.42                    7237.6133                
32.43                    7237.6533                
32.44                    7237.694                 
32.45                    7237.734                 
32.46                    7237.774                 
32.47                    7237.814                 
32.48                    7237.854                 
32.49                    7237.894                 
32.5                     7237.934                 
32.51                    7237.974                 
32.52                    7238.0137                
32.53                    7238.0537                
32.54                    7238.0933                
32.55                    7238.133                 
32.56                    7238.173                 
32.57                    7238.2124                
32.58                    7238.252                 
32.59                    7238.2915                
32.6                     7238.3306                
32.61                    7238.37                  
32.62                    7238.4097                
32.63                    7238.4487                
32.64                    7238.4883                
32.65                    7238.5273                
32.66                    7238.5664                
32.67                    7238.606                 
32.68                    7238.645                 
32.69                    7238.684                 
32.7                     7238.723                 
32.71                    7238.7617                
32.72                    7238.801                 
32.73                    7238.84                  
32.74                    7238.8784                
32.75                    7238.917                 
32.76                    7238.956                 
32.77                    7238.9946                
32.78                    7239.033                 
32.79                    7239.072                 
32.8                     7239.1104                
32.81                    7239.149                 
32.82                    7239.1875                
32.83                    7239.2256                
32.84                    7239.264                 
32.85                    7239.3022                
32.86                    7239.341                 
32.87                    7239.379                 
32.88                    7239.417                 
32.89                    7239.455                 
32.9                     7239.493                 
32.91                    7239.5312                
32.92                    7239.5693                
32.93                    7239.607                 
32.94                    7239.645                 
32.95                    7239.683                 
32.96                    7239.7207                
32.97                    7239.7583                
32.98                    7239.796                 
32.99                    7239.834                 
33.0                     7239.8716                
33.01                    7239.909                 
33.02                    7239.9463                
33.03                    7239.984                 
33.04                    7240.0215                
33.05                    7240.0586                
33.06                    7240.096                 
33.07                    7240.1333                
33.08                    7240.171                 
33.09                    7240.208                 
33.1                     7240.245                 
33.11                    7240.282                 
33.12                    7240.3193                
33.13                    7240.3564                
33.14                    7240.393                 
33.15                    7240.43                  
33.16                    7240.4673                
33.17                    7240.504                 
33.18                    7240.541                 
33.19                    7240.5776                
33.2                     7240.6143                
33.21                    7240.651                 
33.22                    7240.6875                
33.23                    7240.724                 
33.24                    7240.7607                
33.25                    7240.7974                
33.26                    7240.8335                
33.27                    7240.87                  
33.28                    7240.9062                
33.29                    7240.943                 
33.3                     7240.979                 
33.31                    7241.015                 
33.32                    7241.0513                
33.33                    7241.0874                
33.34                    7241.1235                
33.35                    7241.1597                
33.36                    7241.196                 
33.37                    7241.2314                
33.38                    7241.2676                
33.39                    7241.303                 
33.4                     7241.3394                
33.41                    7241.375                 
33.42                    7241.4106                
33.43                    7241.4463                
33.44                    7241.482                 
33.45                    7241.5176                
33.46                    7241.553                 
33.47                    7241.589                 
33.48                    7241.624                 
33.49                    7241.6597                
33.5                     7241.695                 
33.51                    7241.7305                
33.52                    7241.7656                
33.53                    7241.801                 
33.54                    7241.836                 
33.55                    7241.871                 
33.56                    7241.9062                
33.57                    7241.9414                
33.58                    7241.9766                
33.59                    7242.011                 
33.6                     7242.0464                
33.61                    7242.081                 
33.62                    7242.116                 
33.63                    7242.151                 
33.64                    7242.1855                
33.65                    7242.22                  
33.66                    7242.255                 
33.67                    7242.2896                
33.68                    7242.324                 
33.69                    7242.359                 
33.7                     7242.3936                
33.71                    7242.4277                
33.72                    7242.4624                
33.73                    7242.4966                
33.74                    7242.531                 
33.75                    7242.5654                
33.76                    7242.5996                
33.77                    7242.634                 
33.78                    7242.668                 
33.79                    7242.702                 
33.8                     7242.736                 
33.81                    7242.77                  
33.82                    7242.804                 
33.83                    7242.838                 
33.84                    7242.872                 
33.85                    7242.906                 
33.86                    7242.9395                
33.87                    7242.973                 
33.88                    7243.0073                
33.89                    7243.041                 
33.9                     7243.074                 
33.91                    7243.108                 
33.92                    7243.1416                
33.93                    7243.1753                
33.94                    7243.2085                
33.95                    7243.242                 
33.96                    7243.2754                
33.97                    7243.3086                
33.98                    7243.3423                
33.99                    7243.3755                
34.0                     7243.4087                
34.01                    7243.442                 
34.02                    7243.475                 
34.03                    7243.508                 
34.04                    7243.541                 
34.05                    7243.574                 
34.06                    7243.607                 
34.07                    7243.64                  
34.08                    7243.673                 
34.09                    7243.7056                
34.1                     7243.7383                
34.11                    7243.771                 
34.12                    7243.8037                
34.13                    7243.8364                
34.14                    7243.869                 
34.15                    7243.902                 
34.16                    7243.9346                
34.17                    7243.967                 
34.18                    7243.9995                
34.19                    7244.0317                
34.2                     7244.064                 
34.21                    7244.0967                
34.22                    7244.129                 
34.23                    7244.161                 
34.24                    7244.1934                
34.25                    7244.2256                
34.26                    7244.2573                
34.27                    7244.2896                
34.28                    7244.322                 
34.29                    7244.3535                
34.3                     7244.3857                
34.31                    7244.4175                
34.32                    7244.449                 
34.33                    7244.4814                
34.34                    7244.513                 
34.35                    7244.545                 
34.36                    7244.5767                
34.37                    7244.6084                
34.38                    7244.6396                
34.39                    7244.6714                
34.4                     7244.703                 
34.41                    7244.7344                
34.42                    7244.766                 
34.43                    7244.7974                
34.44                    7244.8286                
34.45                    7244.86                  
34.46                    7244.8916                
34.47                    7244.923                 
34.48                    7244.954                 
34.49                    7244.985                 
34.5                     7245.016                 
34.51                    7245.0474                
34.52                    7245.078                 
34.53                    7245.1094                
34.54                    7245.14                  
34.55                    7245.1714                
34.56                    7245.202                 
34.57                    7245.233                 
34.58                    7245.2637                
34.59                    7245.2944                
34.6                     7245.325                 
34.61                    7245.356                 
34.62                    7245.3867                
34.63                    7245.4175                
34.64                    7245.4478                
34.65                    7245.4785                
34.66                    7245.509                 
34.67                    7245.539                 
34.68                    7245.57                  
34.69                    7245.6                   
34.7                     7245.6304                
34.71                    7245.6606                
34.72                    7245.691                 
34.73                    7245.721                 
34.74                    7245.7515                
34.75                    7245.7812                
34.76                    7245.8115                
34.77                    7245.8413                
34.78                    7245.8716                
34.79                    7245.9014                
34.8                     7245.931                 
34.81                    7245.9614                
34.82                    7245.991                 
34.83                    7246.021                 
34.84                    7246.051                 
34.85                    7246.0806                
34.86                    7246.11                  
34.87                    7246.1396                
34.88                    7246.1694                
34.89                    7246.1987                
34.9                     7246.2285                
34.91                    7246.258                 
34.92                    7246.287                 
34.93                    7246.3164                
34.94                    7246.346                 
34.95                    7246.3755                
34.96                    7246.405                 
34.97                    7246.4336                
34.98                    7246.463                 
34.99                    7246.492                 
35.0                     7246.5215                
35.01                    7246.5503                
35.02                    7246.5796                
35.03                    7246.6084                
35.04                    7246.637                 
35.05                    7246.6665                
35.06                    7246.6953                
35.07                    7246.724                 
35.08                    7246.753                 
35.09                    7246.7817                
35.1                     7246.81                  
35.11                    7246.839                 
35.12                    7246.8677                
35.13                    7246.896                 
35.14                    7246.925                 
35.15                    7246.953                 
35.16                    7246.982                 
35.17                    7247.0103                
35.18                    7247.0386                
35.19                    7247.067                 
35.2                     7247.095                 
35.21                    7247.1235                
35.22                    7247.152                 
35.23                    7247.18                  
35.24                    7247.2085                
35.25                    7247.2363                
35.26                    7247.2646                
35.27                    7247.2925                
35.28                    7247.321                 
35.29                    7247.3486                
35.3                     7247.3765                
35.31                    7247.4043                
35.32                    7247.432                 
35.33                    7247.46                  
35.34                    7247.488                 
35.35                    7247.5156                
35.36                    7247.5435                
35.37                    7247.571                 
35.38                    7247.5986                
35.39                    7247.626                 
35.4                     7247.654                 
35.41                    7247.681                 
35.42                    7247.7085                
35.43                    7247.7363                
35.44                    7247.7637                
35.45                    7247.791                 
35.46                    7247.8184                
35.47                    7247.8457                
35.48                    7247.8726                
35.49                    7247.9                   
35.5                     7247.9272                
35.51                    7247.954                 
35.52                    7247.9814                
35.53                    7248.0083                
35.54                    7248.035                 
35.55                    7248.0625                
35.56                    7248.0894                
35.57                    7248.116                 
35.58                    7248.143                 
35.59                    7248.17                  
35.6                     7248.197                 
35.61                    7248.223                 
35.62                    7248.25                  
35.63                    7248.277                 
35.64                    7248.303                 
35.65                    7248.33                  
35.66                    7248.3564                
35.67                    7248.383                 
35.68                    7248.4097                
35.69                    7248.436                 
35.7                     7248.4624                
35.71                    7248.489                 
35.72                    7248.515                 
35.73                    7248.541                 
35.74                    7248.5674                
35.75                    7248.5938                
35.76                    7248.6196                
35.77                    7248.646                 
35.78                    7248.672                 
35.79                    7248.698                 
35.8                     7248.724                 
35.81                    7248.75                  
35.82                    7248.776                 
35.83                    7248.802                 
35.84                    7248.8276                
35.85                    7248.8535                
35.86                    7248.8794                
35.87                    7248.9053                
35.88                    7248.931                 
35.89                    7248.9565                
35.9                     7248.9824                
35.91                    7249.008                 
35.92                    7249.033                 
35.93                    7249.059                 
35.94                    7249.0845                
35.95                    7249.11                  
35.96                    7249.1353                
35.97                    7249.1606                
35.98                    7249.186                 
35.99                    7249.2114                
36.0                     7249.2363                
36.01                    7249.2617                
36.02                    7249.287                 
36.03                    7249.312                 
36.04                    7249.3374                
36.05                    7249.3623                
36.06                    7249.387                 
36.07                    7249.4126                
36.08                    7249.4375                
36.09                    7249.4624                
36.1                     7249.4873                
36.11                    7249.512                 
36.12                    7249.5366                
36.13                    7249.5615                
36.14                    7249.5864                
36.15                    7249.611                 
36.16                    7249.6357                
36.17                    7249.66                  
36.18                    7249.685                 
36.19                    7249.7095                
36.2                     7249.734                 
36.21                    7249.7583                
36.22                    7249.7827                
36.23                    7249.807                 
36.24                    7249.8315                
36.25                    7249.856                 
36.26                    7249.8804                
36.27                    7249.905                 
36.28                    7249.929                 
36.29                    7249.953                 
36.3                     7249.9775                
36.31                    7250.002                 
36.32                    7250.026                 
36.33                    7250.0503                
36.34                    7250.074                 
36.35                    7250.0986                
36.36                    7250.1226                
36.37                    7250.1465                
36.38                    7250.1704                
36.39                    7250.1943                
36.4                     7250.2183                
36.41                    7250.242                 
36.42                    7250.266                 
36.43                    7250.29                  
36.44                    7250.3135                
36.45                    7250.3374                
36.46                    7250.3613                
36.47                    7250.385                 
36.48                    7250.4087                
36.49                    7250.432                 
36.5                     7250.4556                
36.51                    7250.479                 
36.52                    7250.5024                
36.53                    7250.5264                
36.54                    7250.55                  
36.55                    7250.5728                
36.56                    7250.596                 
36.57                    7250.6196                
36.58                    7250.643                 
36.59                    7250.666                 
36.6                     7250.6895                
36.61                    7250.7124                
36.62                    7250.736                 
36.63                    7250.759                 
36.64                    7250.7817                
36.65                    7250.805                 
36.66                    7250.828                 
36.67                    7250.851                 
36.68                    7250.874                 
36.69                    7250.897                 
36.7                     7250.9194                
36.71                    7250.9424                
36.72                    7250.9653                
36.73                    7250.9883                
36.74                    7251.0107                
36.75                    7251.0337                
36.76                    7251.056                 
36.77                    7251.0786                
36.78                    7251.1016                
36.79                    7251.124                 
36.8                     7251.1465                
36.81                    7251.169                 
36.82                    7251.1914                
36.83                    7251.214                 
36.84                    7251.2363                
36.85                    7251.259                 
36.86                    7251.281                 
36.87                    7251.303                 
36.88                    7251.3257                
36.89                    7251.3477                
36.9                     7251.37                  
36.91                    7251.392                 
36.92                    7251.414                 
36.93                    7251.436                 
36.94                    7251.4585                
36.95                    7251.4805                
36.96                    7251.5024                
36.97                    7251.5244                
36.98                    7251.5464                
36.99                    7251.568                 
37.0                     7251.59                  
37.01                    7251.612                 
37.02                    7251.6333                
37.03                    7251.6553                
37.04                    7251.677                 
37.05                    7251.6987                
37.06                    7251.72                  
37.07                    7251.7417                
37.08                    7251.7637                
37.09                    7251.785                 
37.1                     7251.8066                
37.11                    7251.828                 
37.12                    7251.8496                
37.13                    7251.871                 
37.14                    7251.892                 
37.15                    7251.9136                
37.16                    7251.935                 
37.17                    7251.956                 
37.18                    7251.9775                
37.19                    7251.9985                
37.2                     7252.02                  
37.21                    7252.041                 
37.22                    7252.062                 
37.23                    7252.083                 
37.24                    7252.104                 
37.25                    7252.1255                
37.26                    7252.146                 
37.27                    7252.167                 
37.28                    7252.188                 
37.29                    7252.209                 
37.3                     7252.23                  
37.31                    7252.2505                
37.32                    7252.2715                
37.33                    7252.292                 
37.34                    7252.313                 
37.35                    7252.3335                
37.36                    7252.354                 
37.37                    7252.375                 
37.38                    7252.3955                
37.39                    7252.416                 
37.4                     7252.4365                
37.41                    7252.457                 
37.42                    7252.4775                
37.43                    7252.498                 
37.44                    7252.518                 
37.45                    7252.5386                
37.46                    7252.559                 
37.47                    7252.579                 
37.48                    7252.5996                
37.49                    7252.6196                
37.5                     7252.6396                
37.51                    7252.66                  
37.52                    7252.68                  
37.53                    7252.7                   
37.54                    7252.72                  
37.55                    7252.74                  
37.56                    7252.7603                
37.57                    7252.7803                
37.58                    7252.8003                
37.59                    7252.8203                
37.6                     7252.84                  
37.61                    7252.86                  
37.62                    7252.8794                
37.63                    7252.8994                
37.64                    7252.919                 
37.65                    7252.939                 
37.66                    7252.9585                
37.67                    7252.978                 
37.68                    7252.9976                
37.69                    7253.017                 
37.7                     7253.0366                
37.71                    7253.056                 
37.72                    7253.0757                
37.73                    7253.095                 
37.74                    7253.1147                
37.75                    7253.1343                
37.76                    7253.1533                
37.77                    7253.173                 
37.78                    7253.192                 
37.79                    7253.2114                
37.8                     7253.2305                
37.81                    7253.2495                
37.82                    7253.269                 
37.83                    7253.288                 
37.84                    7253.307                 
37.85                    7253.326                 
37.86                    7253.345                 
37.87                    7253.3643                
37.88                    7253.3833                
37.89                    7253.4023                
37.9                     7253.421                 
37.91                    7253.44                  
37.92                    7253.4585                
37.93                    7253.4775                
37.94                    7253.496                 
37.95                    7253.515                 
37.96                    7253.5337                
37.97                    7253.5522                
37.98                    7253.5713                
37.99                    7253.59                  
38.0                     7253.6084                
38.01                    7253.627                 
38.02                    7253.6455                
38.03                    7253.664                 
38.04                    7253.682                 
38.05                    7253.7007                
38.06                    7253.719                 
38.07                    7253.738                 
38.08                    7253.756                 
38.09                    7253.7744                
38.1                     7253.7925                
38.11                    7253.8105                
38.12                    7253.829                 
38.13                    7253.847                 
38.14                    7253.865                 
38.15                    7253.8833                
38.16                    7253.9014                
38.17                    7253.9194                
38.18                    7253.9375                
38.19                    7253.9556                
38.2                     7253.9736                
38.21                    7253.991                 
38.22                    7254.0093                
38.23                    7254.0273                
38.24                    7254.045                 
38.25                    7254.063                 
38.26                    7254.0806                
38.27                    7254.098                 
38.28                    7254.116                 
38.29                    7254.134                 
38.3                     7254.1514                
38.31                    7254.169                 
38.32                    7254.1865                
38.33                    7254.204                 
38.34                    7254.2217                
38.35                    7254.2393                
38.36                    7254.257                 
38.37                    7254.274                 
38.38                    7254.2915                
38.39                    7254.309                 
38.4                     7254.326                 
38.41                    7254.3438                
38.42                    7254.361                 
38.43                    7254.378                 
38.44                    7254.3955                
38.45                    7254.4126                
38.46                    7254.4297                
38.47                    7254.447                 
38.48                    7254.464                 
38.49                    7254.481                 
38.5                     7254.498                 
38.51                    7254.515                 
38.52                    7254.532                 
38.53                    7254.549                 
38.54                    7254.566                 
38.55                    7254.5825                
38.56                    7254.5996                
38.57                    7254.616                 
38.58                    7254.6333                
38.59                    7254.65                  
38.6                     7254.6665                
38.61                    7254.6836                
38.62                    7254.7                   
38.63                    7254.717                 
38.64                    7254.7334                
38.65                    7254.75                  
38.66                    7254.7666                
38.67                    7254.783                 
38.68                    7254.7993                
38.69                    7254.816                 
38.7                     7254.8325                
38.71                    7254.8486                
38.72                    7254.865                 
38.73                    7254.8813                
38.74                    7254.898                 
38.75                    7254.914                 
38.76                    7254.93                  
38.77                    7254.947                 
38.78                    7254.963                 
38.79                    7254.979                 
38.8                     7254.995                 
38.81                    7255.011                 
38.82                    7255.0273                
38.83                    7255.0435                
38.84                    7255.0596                
38.85                    7255.075                 
38.86                    7255.0913                
38.87                    7255.1074                
38.88                    7255.123                 
38.89                    7255.139                 
38.9                     7255.155                 
38.91                    7255.1704                
38.92                    7255.1865                
38.93                    7255.202                 
38.94                    7255.218                 
38.95                    7255.2334                
38.96                    7255.249                 
38.97                    7255.2646                
38.98                    7255.2803                
38.99                    7255.296                 
39.0                     7255.3115                
39.01                    7255.327                 
39.02                    7255.3423                
39.03                    7255.358                 
39.04                    7255.3735                
39.05                    7255.3887                
39.06                    7255.4043                
39.07                    7255.4194                
39.08                    7255.4346                
39.09                    7255.45                  
39.1                     7255.4653                
39.11                    7255.4805                
39.12                    7255.4956                
39.13                    7255.5107                
39.14                    7255.526                 
39.15                    7255.541                 
39.16                    7255.556                 
39.17                    7255.5713                
39.18                    7255.586                 
39.19                    7255.601                 
39.2                     7255.616                 
39.21                    7255.631                 
39.22                    7255.646                 
39.23                    7255.6606                
39.24                    7255.676                 
39.25                    7255.6904                
39.26                    7255.705                 
39.27                    7255.7197                
39.28                    7255.7344                
39.29                    7255.7495                
39.3                     7255.764                 
39.31                    7255.779                 
39.32                    7255.793                 
39.33                    7255.8076                
39.34                    7255.8223                
39.35                    7255.837                 
39.36                    7255.851                 
39.37                    7255.8657                
39.38                    7255.8804                
39.39                    7255.8945                
39.4                     7255.909                 
39.41                    7255.9233                
39.42                    7255.938                 
39.43                    7255.952                 
39.44                    7255.9663                
39.45                    7255.981                 
39.46                    7255.995                 
39.47                    7256.0093                
39.48                    7256.0234                
39.49                    7256.0376                
39.5                     7256.0522                
39.51                    7256.066                 
39.52                    7256.08                  
39.53                    7256.094                 
39.54                    7256.1084                
39.55                    7256.1226                
39.56                    7256.136                 
39.57                    7256.1504                
39.58                    7256.1646                
39.59                    7256.178                 
39.6                     7256.1924                
39.61                    7256.206                 
39.62                    7256.2197                
39.63                    7256.234                 
39.64                    7256.2476                
39.65                    7256.261                 
39.66                    7256.275                 
39.67                    7256.2886                
39.68                    7256.3022                
39.69                    7256.316                 
39.7                     7256.3296                
39.71                    7256.3433                
39.72                    7256.357                 
39.73                    7256.3706                
39.74                    7256.384                 
39.75                    7256.3975                
39.76                    7256.4106                
39.77                    7256.4243                
39.78                    7256.4375                
39.79                    7256.451                 
39.8                     7256.4644                
39.81                    7256.4775                
39.82                    7256.491                 
39.83                    7256.5044                
39.84                    7256.5176                
39.85                    7256.531                 
39.86                    7256.544                 
39.87                    7256.557                 
39.88                    7256.5703                
39.89                    7256.5835                
39.9                     7256.5967                
39.91                    7256.6094                
39.92                    7256.6226                
39.93                    7256.6357                
39.94                    7256.6484                
39.95                    7256.6616                
39.96                    7256.6743                
39.97                    7256.6875                
39.98                    7256.7                   
39.99                    7256.713                 
40.0                     7256.7256                
40.01                    7256.739                 
40.02                    7256.7515                
40.03                    7256.764                 
40.04                    7256.777                 
40.05                    7256.7896                
40.06                    7256.8022                
40.07                    7256.815                 
40.08                    7256.827                 
40.09                    7256.84                  
40.1                     7256.8525                
40.11                    7256.865                 
40.12                    7256.8774                
40.13                    7256.89                  
40.14                    7256.9023                
40.15                    7256.915                 
40.16                    7256.9272                
40.17                    7256.9395                
40.18                    7256.952                 
40.19                    7256.9644                
40.2                     7256.9766                
40.21                    7256.989                 
40.22                    7257.001                 
40.23                    7257.013                 
40.24                    7257.0254                
40.25                    7257.0376                
40.26                    7257.05                  
40.27                    7257.062                 
40.28                    7257.0737                
40.29                    7257.086                 
40.3                     7257.098                 
40.31                    7257.11                  
40.32                    7257.122                 
40.33                    7257.134                 
40.34                    7257.146                 
40.35                    7257.1577                
40.36                    7257.1694                
40.37                    7257.181                 
40.38                    7257.1934                
40.39                    7257.205                 
40.4                     7257.217                 
40.41                    7257.2285                
40.42                    7257.24                  
40.43                    7257.252                 
40.44                    7257.2637                
40.45                    7257.2754                
40.46                    7257.2866                
40.47                    7257.2983                
40.48                    7257.31                  
40.49                    7257.3213                
40.5                     7257.333                 
40.51                    7257.344                 
40.52                    7257.356                 
40.53                    7257.367                 
40.54                    7257.379                 
40.55                    7257.39                  
40.56                    7257.4014                
40.57                    7257.4126                
40.58                    7257.4243                
40.59                    7257.4355                
40.6                     7257.447                 
40.61                    7257.458                 
40.62                    7257.469                 
40.63                    7257.4805                
40.64                    7257.491                 
40.65                    7257.5024                
40.66                    7257.5137                
40.67                    7257.525                 
40.68                    7257.5356                
40.69                    7257.547                 
40.7                     7257.5576                
40.71                    7257.569                 
40.72                    7257.5796                
40.73                    7257.591                 
40.74                    7257.6016                
40.75                    7257.6123                
40.76                    7257.623                 
40.77                    7257.6343                
40.78                    7257.645                 
40.79                    7257.656                 
40.8                     7257.6665                
40.81                    7257.6772                
40.82                    7257.688                 
40.83                    7257.698                 
40.84                    7257.709                 
40.85                    7257.7197                
40.86                    7257.7305                
40.87                    7257.7407                
40.88                    7257.7515                
40.89                    7257.7617                
40.9                     7257.7725                
40.91                    7257.7827                
40.92                    7257.7935                
40.93                    7257.8037                
40.94                    7257.814                 
40.95                    7257.8247                
40.96                    7257.835                 
40.97                    7257.845                 
40.98                    7257.8555                
40.99                    7257.8657                
41.0                     7257.876                 
41.01                    7257.886                 
41.02                    7257.8965                
41.03                    7257.9067                
41.04                    7257.917                 
41.05                    7257.927                 
41.06                    7257.937                 
41.07                    7257.9473                
41.08                    7257.957                 
41.09                    7257.9673                
41.1                     7257.977                 
41.11                    7257.9873                
41.12                    7257.997                 
41.13                    7258.007                 
41.14                    7258.017                 
41.15                    7258.027                 
41.16                    7258.0366                
41.17                    7258.0464                
41.18                    7258.056                 
41.19                    7258.066                 
41.2                     7258.0757                
41.21                    7258.0854                
41.22                    7258.095                 
41.23                    7258.105                 
41.24                    7258.1147                
41.25                    7258.1245                
41.26                    7258.134                 
41.27                    7258.1436                
41.28                    7258.153                 
41.29                    7258.1626                
41.3                     7258.172                 
41.31                    7258.1816                
41.32                    7258.191                 
41.33                    7258.2007                
41.34                    7258.21                  
41.35                    7258.219                 
41.36                    7258.2285                
41.37                    7258.2383                
41.38                    7258.2476                
41.39                    7258.257                 
41.4                     7258.266                 
41.41                    7258.2754                
41.42                    7258.2847                
41.43                    7258.2935                
41.44                    7258.3027                
41.45                    7258.312                 
41.46                    7258.3213                
41.47                    7258.33                  
41.48                    7258.3394                
41.49                    7258.348                 
41.5                     7258.3574                
41.51                    7258.366                 
41.52                    7258.3755                
41.53                    7258.3843                
41.54                    7258.393                 
41.55                    7258.4023                
41.56                    7258.411                 
41.57                    7258.42                  
41.58                    7258.4287                
41.59                    7258.4375                
41.6                     7258.4463                
41.61                    7258.455                 
41.62                    7258.464                 
41.63                    7258.4727                
41.64                    7258.4814                
41.65                    7258.49                  
41.66                    7258.4985                
41.67                    7258.5073                
41.68                    7258.516                 
41.69                    7258.5244                
41.7                     7258.533                 
41.71                    7258.5415                
41.72                    7258.5503                
41.73                    7258.5586                
41.74                    7258.5674                
41.75                    7258.5757                
41.76                    7258.584                 
41.77                    7258.5923                
41.78                    7258.6006                
41.79                    7258.6094                
41.8                     7258.6177                
41.81                    7258.626                 
41.82                    7258.6343                
41.83                    7258.6426                
41.84                    7258.6504                
41.85                    7258.6587                
41.86                    7258.667                 
41.87                    7258.6753                
41.88                    7258.683                 
41.89                    7258.6914                
41.9                     7258.6997                
41.91                    7258.7075                
41.92                    7258.716                 
41.93                    7258.7236                
41.94                    7258.7314                
41.95                    7258.7397                
41.96                    7258.7476                
41.97                    7258.7554                
41.98                    7258.7637                
41.99                    7258.7715                
42.0                     7258.7793                
42.01                    7258.787                 
42.02                    7258.795                 
42.03                    7258.8027                
42.04                    7258.8105                
42.05                    7258.8184                
42.06                    7258.826                 
42.07                    7258.8335                
42.08                    7258.8413                
42.09                    7258.849                 
42.1                     7258.8564                
42.11                    7258.8643                
42.12                    7258.872                 
42.13                    7258.8794                
42.14                    7258.887                 
42.15                    7258.8945                
42.16                    7258.902                 
42.17                    7258.9097                
42.18                    7258.917                 
42.19                    7258.9243                
42.2                     7258.9316                
42.21                    7258.939                 
42.22                    7258.947                 
42.23                    7258.954                 
42.24                    7258.9614                
42.25                    7258.9688                
42.26                    7258.9756                
42.27                    7258.983                 
42.28                    7258.99                  
42.29                    7258.9976                
42.3                     7259.005                 
42.31                    7259.0117                
42.32                    7259.019                 
42.33                    7259.026                 
42.34                    7259.033                 
42.35                    7259.0405                
42.36                    7259.0474                
42.37                    7259.054                 
42.38                    7259.0615                
42.39                    7259.0684                
42.4                     7259.075                 
42.41                    7259.082                 
42.42                    7259.0894                
42.43                    7259.096                 
42.44                    7259.103                 
42.45                    7259.11                  
42.46                    7259.1167                
42.47                    7259.1235                
42.48                    7259.1304                
42.49                    7259.137                 
42.5                     7259.1436                
42.51                    7259.1504                
42.52                    7259.157                 
42.53                    7259.164                 
42.54                    7259.1704                
42.55                    7259.1772                
42.56                    7259.184                 
42.57                    7259.1904                
42.58                    7259.1973                
42.59                    7259.2036                
42.6                     7259.2104                
42.61                    7259.217                 
42.62                    7259.223                 
42.63                    7259.23                  
42.64                    7259.2363                
42.65                    7259.2427                
42.66                    7259.249                 
42.67                    7259.2554                
42.68                    7259.2617                
42.69                    7259.268                 
42.7                     7259.2744                
42.71                    7259.281                 
42.72                    7259.287                 
42.73                    7259.2935                
42.74                    7259.3                   
42.75                    7259.306                 
42.76                    7259.312                 
42.77                    7259.3184                
42.78                    7259.3247                
42.79                    7259.3306                
42.8                     7259.337                 
42.81                    7259.343                 
42.82                    7259.349                 
42.83                    7259.355                 
42.84                    7259.3613                
42.85                    7259.367                 
42.86                    7259.373                 
42.87                    7259.379                 
42.88                    7259.3853                
42.89                    7259.391                 
42.9                     7259.397                 
42.91                    7259.403                 
42.92                    7259.4087                
42.93                    7259.4146                
42.94                    7259.4204                
42.95                    7259.4263                
42.96                    7259.432                 
42.97                    7259.438                 
42.98                    7259.4434                
42.99                    7259.449                 
43.0                     7259.455                 
43.01                    7259.4604                
43.02                    7259.4663                
43.03                    7259.472                 
43.04                    7259.4775                
43.05                    7259.4834                
43.06                    7259.489                 
43.07                    7259.494                 
43.08                    7259.5                   
43.09                    7259.5054                
43.1                     7259.5107                
43.11                    7259.5166                
43.12                    7259.522                 
43.13                    7259.5273                
43.14                    7259.5327                
43.15                    7259.538                 
43.16                    7259.5435                
43.17                    7259.549                 
43.18                    7259.554                 
43.19                    7259.5596                
43.2                     7259.565                 
43.21                    7259.57                  
43.22                    7259.575                 
43.23                    7259.5806                
43.24                    7259.586                 
43.25                    7259.591                 
43.26                    7259.596                 
43.27                    7259.601                 
43.28                    7259.6064                
43.29                    7259.6113                
43.3                     7259.6167                
43.31                    7259.6216                
43.32                    7259.6265                
43.33                    7259.632                 
43.34                    7259.6367                
43.35                    7259.6416                
43.36                    7259.6465                
43.37                    7259.6514                
43.38                    7259.6567                
43.39                    7259.6616                
43.4                     7259.6665                
43.41                    7259.6714                
43.42                    7259.676                 
43.43                    7259.6807                
43.44                    7259.6855                
43.45                    7259.6904                
43.46                    7259.6953                
43.47                    7259.6997                
43.48                    7259.7046                
43.49                    7259.7095                
43.5                     7259.714                 
43.51                    7259.7188                
43.52                    7259.723                 
43.53                    7259.728                 
43.54                    7259.7324                
43.55                    7259.7373                
43.56                    7259.7417                
43.57                    7259.746                 
43.58                    7259.751                 
43.59                    7259.7554                
43.6                     7259.76                  
43.61                    7259.764                 
43.62                    7259.7686                
43.63                    7259.773                 
43.64                    7259.7773                
43.65                    7259.7817                
43.66                    7259.786                 
43.67                    7259.7905                
43.68                    7259.795                 
43.69                    7259.7993                
43.7                     7259.8037                
43.71                    7259.8076                
43.72                    7259.812                 
43.73                    7259.8164                
43.74                    7259.8203                
43.75                    7259.8247                
43.76                    7259.8286                
43.77                    7259.833                 
43.78                    7259.837                 
43.79                    7259.8413                
43.8                     7259.845                 
43.81                    7259.849                 
43.82                    7259.8535                
43.83                    7259.8574                
43.84                    7259.8613                
43.85                    7259.865                 
43.86                    7259.8696                
43.87                    7259.8735                
43.88                    7259.8774                
43.89                    7259.8813                
43.9                     7259.8853                
43.91                    7259.889                 
43.92                    7259.893                 
43.93                    7259.8965                
43.94                    7259.9004                
43.95                    7259.9043                
43.96                    7259.908                 
43.97                    7259.9116                
43.98                    7259.9155                
43.99                    7259.9194                
44.0                     7259.923                 
44.01                    7259.927                 
44.02                    7259.93                  
44.03                    7259.934                 
44.04                    7259.9375                
44.05                    7259.9414                
44.06                    7259.945                 
44.07                    7259.948                 
44.08                    7259.9517                
44.09                    7259.9556                
44.1                     7259.959                 
44.11                    7259.9624                
44.12                    7259.966                 
44.13                    7259.969                 
44.14                    7259.9727                
44.15                    7259.976                 
44.16                    7259.9795                
44.17                    7259.983                 
44.18                    7259.9863                
44.19                    7259.9897                
44.2                     7259.993                 
44.21                    7259.996                 
44.22                    7259.9995                
44.23                    7260.003                 
44.24                    7260.006                 
44.25                    7260.0093                
44.26                    7260.012                 
44.27                    7260.0156                
44.28                    7260.0186                
44.29                    7260.022                 
44.3                     7260.025                 
44.31                    7260.0283                
44.32                    7260.0312                
44.33                    7260.034                 
44.34                    7260.0376                
44.35                    7260.0405                
44.36                    7260.0435                
44.37                    7260.0464                
44.38                    7260.0493                
44.39                    7260.0522                
44.4                     7260.055                 
44.41                    7260.058                 
44.42                    7260.061                 
44.43                    7260.064                 
44.44                    7260.067                 
44.45                    7260.07                  
44.46                    7260.0728                
44.47                    7260.075                 
44.48                    7260.078                 
44.49                    7260.081                 
44.5                     7260.0835                
44.51                    7260.0864                
44.52                    7260.0894                
44.53                    7260.092                 
44.54                    7260.0947                
44.55                    7260.097                 
44.56                    7260.0996                
44.57                    7260.1025                
44.58                    7260.105                 
44.59                    7260.1074                
44.6                     7260.1104                
44.61                    7260.113                 
44.62                    7260.115                 
44.63                    7260.1177                
44.64                    7260.12                  
44.65                    7260.1226                
44.66                    7260.125                 
44.67                    7260.1274                
44.68                    7260.13                  
44.69                    7260.1323                
44.7                     7260.135                 
44.71                    7260.137                 
44.72                    7260.1396                
44.73                    7260.142                 
44.74                    7260.144                 
44.75                    7260.1465                
44.76                    7260.149                 
44.77                    7260.151                 
44.78                    7260.1533                
44.79                    7260.156                 
44.8                     7260.1577                
44.81                    7260.16                  
44.82                    7260.162                 
44.83                    7260.164                 
44.84                    7260.1665                
44.85                    7260.1685                
44.86                    7260.1704                
44.87                    7260.173                 
44.88                    7260.175                 
44.89                    7260.177                 
44.9                     7260.1787                
44.91                    7260.1807                
44.92                    7260.1826                
44.93                    7260.1846                
44.94                    7260.1865                
44.95                    7260.1885                
44.96                    7260.1904                
44.97                    7260.1924                
44.98                    7260.1943                
44.99                    7260.1963                
45.0                     7260.198                 
45.01                    7260.1997                
45.02                    7260.2017                
45.03                    7260.2036                
45.04                    7260.205                 
45.05                    7260.207                 
45.06                    7260.209                 
45.07                    7260.2104                
45.08                    7260.2124                
45.09                    7260.214                 
45.1                     7260.2153                
45.11                    7260.2173                
45.12                    7260.2188                
45.13                    7260.22                  
45.14                    7260.222                 
45.15                    7260.2236                
45.16                    7260.225                 
45.17                    7260.2266                
45.18                    7260.228                 
45.19                    7260.23                  
45.2                     7260.2314                
45.21                    7260.233                 
45.22                    7260.2344                
45.23                    7260.236                 
45.24                    7260.237                 
45.25                    7260.2383                
45.26                    7260.2397                
45.27                    7260.241                 
45.28                    7260.2427                
45.29                    7260.2437                
45.3                     7260.245                 
45.31                    7260.2466                
45.32                    7260.2476                
45.33                    7260.249                 
45.34                    7260.2505                
45.35                    7260.2515                
45.36                    7260.253                 
45.37                    7260.254                 
45.38                    7260.255                 
45.39                    7260.2563                
45.4                     7260.2573                
45.41                    7260.2583                
45.42                    7260.26                  
45.43                    7260.2607                
45.44                    7260.2617                
45.45                    7260.2627                
45.46                    7260.2637                
45.47                    7260.265                 
45.48                    7260.266                 
45.49                    7260.267                 
45.5                     7260.268                 
45.51                    7260.269                 
45.52                    7260.27                  
45.53                    7260.2705                
45.54                    7260.2715                
45.55                    7260.2725                
45.56                    7260.2734                
45.57                    7260.2744                
45.58                    7260.275                 
45.59                    7260.276                 
45.6                     7260.277                 
45.61                    7260.2773                
45.62                    7260.2783                
45.63                    7260.279                 
45.64                    7260.28                  
45.65                    7260.2803                
45.66                    7260.2812                
45.67                    7260.2817                
45.68                    7260.2827                
45.69                    7260.283                 
45.7                     7260.2837                
45.71                    7260.2847                
45.72                    7260.285                 
45.73                    7260.2856                
45.74                    7260.286                 
45.75                    7260.2866                
45.76                    7260.2876                
45.77                    7260.288                 
45.78                    7260.2886                
45.79                    7260.289                 
45.8                     7260.2896                
45.81                    7260.29                  
45.82                    7260.2905                
45.83                    7260.2905                
45.84                    7260.291                 
45.85                    7260.2915                
45.86                    7260.292                 
45.87                    7260.2925                
45.88                    7260.2925                
45.89                    7260.293                 
45.9                     7260.2935                
45.91                    7260.2935                
45.92                    7260.294                 
45.93                    7260.294                 
45.94                    7260.2944                
45.95                    7260.2944                
45.96                    7260.295                 
45.97                    7260.295                 
45.98                    7260.2954                
45.99                    7260.2954                
46.0                     7260.2954                
46.01                    7260.296                 
46.02                    7260.296                 
46.03                    7260.296                 
46.04                    7260.296                 
46.05                    7260.296                 
46.06                    7260.2964                
46.07                    7260.2964                
46.08                    7260.2964                
46.09                    7260.2964                
46.1                     7260.2964                
46.11                    7260.2964                
46.12                    7260.2964                
46.13                    7260.296                 
46.14                    7260.296                 
46.15                    7260.296                 
46.16                    7260.296                 
46.17                    7260.296                 
46.18                    7260.2954                
46.19                    7260.2954                
46.2                     7260.2954                
46.21                    7260.295                 
46.22                    7260.295                 
46.23                    7260.2944                
46.24                    7260.2944                
46.25                    7260.294                 
46.26                    7260.294                 
46.27                    7260.2935                
46.28                    7260.2935                
46.29                    7260.293                 
46.3                     7260.2925                
46.31                    7260.2925                
46.32                    7260.292                 
46.33                    7260.2915                
46.34                    7260.291                 
46.35                    7260.291                 
46.36                    7260.2905                
46.37                    7260.29                  
46.38                    7260.2896                
46.39                    7260.289                 
46.4                     7260.2886                
46.41                    7260.288                 
46.42                    7260.2876                
46.43                    7260.287                 
46.44                    7260.2866                
46.45                    7260.2856                
46.46                    7260.285                 
46.47                    7260.2847                
46.48                    7260.284                 
46.49                    7260.2837                
46.5                     7260.2827                
46.51                    7260.282                 
46.52                    7260.2812                
46.53                    7260.281                 
46.54                    7260.2803                
46.55                    7260.2793                
46.56                    7260.279                 
46.57                    7260.278                 
46.58                    7260.277                 
46.59                    7260.2764                
46.6                     7260.2754                
46.61                    7260.275                 
46.62                    7260.274                 
46.63                    7260.273                 
46.64                    7260.272                 
46.65                    7260.2715                
46.66                    7260.2705                
46.67                    7260.2695                
46.68                    7260.2686                
46.69                    7260.2676                
46.7                     7260.2666                
46.71                    7260.2656                
46.72                    7260.2646                
46.73                    7260.2637                
46.74                    7260.2627                
46.75                    7260.2617                
46.76                    7260.2607                
46.77                    7260.26                  
46.78                    7260.2583                
46.79                    7260.2573                
46.8                     7260.2563                
46.81                    7260.2554                
46.82                    7260.254                 
46.83                    7260.253                 
46.84                    7260.2515                
46.85                    7260.2505                
46.86                    7260.2495                
46.87                    7260.248                 
46.88                    7260.247                 
46.89                    7260.2456                
46.9                     7260.244                 
46.91                    7260.243                 
46.92                    7260.2417                
46.93                    7260.2407                
46.94                    7260.2393                
46.95                    7260.238                 
46.96                    7260.2363                
46.97                    7260.2354                
46.98                    7260.234                 
46.99                    7260.2324                
47.0                     7260.231                 
47.01                    7260.2295                
47.02                    7260.228                 
47.03                    7260.2266                
47.04                    7260.225                 
47.05                    7260.2236                
47.06                    7260.222                 
47.07                    7260.2207                
47.08                    7260.219                 
47.09                    7260.218                 
47.1                     7260.216                 
47.11                    7260.2144                
47.12                    7260.213                 
47.13                    7260.2114                
47.14                    7260.2095                
47.15                    7260.208                 
47.16                    7260.2065                
47.17                    7260.2046                
47.18                    7260.203                 
47.19                    7260.201                 
47.2                     7260.1997                
47.21                    7260.1978                
47.22                    7260.1963                
47.23                    7260.1943                
47.24                    7260.193                 
47.25                    7260.191                 
47.26                    7260.189                 
47.27                    7260.1875                
47.28                    7260.1855                
47.29                    7260.1836                
47.3                     7260.1816                
47.31                    7260.1797                
47.32                    7260.178                 
47.33                    7260.1763                
47.34                    7260.1743                
47.35                    7260.1724                
47.36                    7260.1704                
47.37                    7260.1685                
47.38                    7260.1665                
47.39                    7260.1646                
47.4                     7260.1626                
47.41                    7260.16                  
47.42                    7260.158                 
47.43                    7260.1562                
47.44                    7260.1543                
47.45                    7260.1523                
47.46                    7260.15                  
47.47                    7260.148                 
47.48                    7260.146                 
47.49                    7260.1436                
47.5                     7260.1416                
47.51                    7260.1396                
47.52                    7260.137                 
47.53                    7260.1353                
47.54                    7260.133                 
47.55                    7260.131                 
47.56                    7260.1284                
47.57                    7260.126                 
47.58                    7260.124                 
47.59                    7260.1216                
47.6                     7260.119                 
47.61                    7260.117                 
47.62                    7260.1147                
47.63                    7260.1123                
47.64                    7260.11                  
47.65                    7260.108                 
47.66                    7260.1055                
47.67                    7260.103                 
47.68                    7260.1006                
47.69                    7260.098                 
47.7                     7260.0957                
47.71                    7260.0933                
47.72                    7260.091                 
47.73                    7260.0884                
47.74                    7260.086                 
47.75                    7260.0835                
47.76                    7260.0806                
47.77                    7260.078                 
47.78                    7260.0757                
47.79                    7260.073                 
47.8                     7260.071                 
47.81                    7260.068                 
47.82                    7260.0654                
47.83                    7260.063                 
47.84                    7260.06                  
47.85                    7260.0576                
47.86                    7260.0547                
47.87                    7260.0522                
47.88                    7260.0493                
47.89                    7260.047                 
47.9                     7260.044                 
47.91                    7260.0415                
47.92                    7260.0386                
47.93                    7260.0356                
47.94                    7260.033                 
47.95                    7260.0303                
47.96                    7260.0273                
47.97                    7260.025                 
47.98                    7260.022                 
47.99                    7260.019                 
48.0                     7260.016                 
48.01                    7260.013                 
48.02                    7260.0103                
48.03                    7260.0073                
48.04                    7260.005                 
48.05                    7260.002                 
48.06                    7259.999                 
48.07                    7259.996                 
48.08                    7259.9927                
48.09                    7259.9897                
48.1                     7259.987                 
48.11                    7259.984                 
48.12                    7259.981                 
48.13                    7259.978                 
48.14                    7259.9746                
48.15                    7259.9717                
48.16                    7259.9688                
48.17                    7259.966                 
48.18                    7259.9624                
48.19                    7259.9595                
48.2                     7259.956                 
48.21                    7259.953                 
48.22                    7259.95                  
48.23                    7259.947                 
48.24                    7259.944                 
48.25                    7259.9404                
48.26                    7259.937                 
48.27                    7259.934                 
48.28                    7259.9307                
48.29                    7259.9277                
48.3                     7259.9243                
48.31                    7259.921                 
48.32                    7259.9175                
48.33                    7259.9146                
48.34                    7259.911                 
48.35                    7259.9077                
48.36                    7259.9043                
48.37                    7259.901                 
48.38                    7259.8975                
48.39                    7259.894                 
48.4                     7259.891                 
48.41                    7259.8877                
48.42                    7259.8843                
48.43                    7259.8804                
48.44                    7259.877                 
48.45                    7259.8735                
48.46                    7259.87                  
48.47                    7259.8667                
48.48                    7259.8633                
48.49                    7259.86                  
48.5                     7259.856                 
48.51                    7259.8525                
48.52                    7259.849                 
48.53                    7259.8457                
48.54                    7259.842                 
48.55                    7259.8384                
48.56                    7259.8345                
48.57                    7259.831                 
48.58                    7259.8276                
48.59                    7259.8237                
48.6                     7259.8203                
48.61                    7259.8164                
48.62                    7259.813                 
48.63                    7259.809                 
48.64                    7259.805                 
48.65                    7259.802                 
48.66                    7259.798                 
48.67                    7259.794                 
48.68                    7259.7905                
48.69                    7259.7866                
48.7                     7259.7827                
48.71                    7259.779                 
48.72                    7259.775                 
48.73                    7259.7715                
48.74                    7259.7676                
48.75                    7259.7637                
48.76                    7259.76                  
48.77                    7259.756                 
48.78                    7259.752                 
48.79                    7259.748                 
48.8                     7259.744                 
48.81                    7259.74                  
48.82                    7259.7363                
48.83                    7259.7324                
48.84                    7259.7285                
48.85                    7259.7246                
48.86                    7259.7207                
48.87                    7259.7163                
48.88                    7259.7124                
48.89                    7259.7085                
48.9                     7259.7046                
48.91                    7259.7                   
48.92                    7259.6963                
48.93                    7259.6924                
48.94                    7259.688                 
48.95                    7259.684                 
48.96                    7259.68                  
48.97                    7259.676                 
48.98                    7259.672                 
48.99                    7259.6675                
49.0                     7259.6636                
49.01                    7259.659                 
49.02                    7259.6553                
49.03                    7259.651                 
49.04                    7259.647                 
49.05                    7259.6426                
49.06                    7259.638                 
49.07                    7259.6343                
49.08                    7259.63                  
49.09                    7259.6255                
49.1                     7259.621                 
49.11                    7259.617                 
49.12                    7259.613                 
49.13                    7259.6084                
49.14                    7259.604                 
49.15                    7259.5996                
49.16                    7259.595                 
49.17                    7259.591                 
49.18                    7259.5864                
49.19                    7259.582                 
49.2                     7259.5776                
49.21                    7259.573                 
49.22                    7259.569                 
49.23                    7259.5645                
49.24                    7259.56                  
49.25                    7259.5557                
49.26                    7259.5513                
49.27                    7259.547                 
49.28                    7259.542                 
49.29                    7259.5376                
49.3                     7259.533                 
49.31                    7259.529                 
49.32                    7259.524                 
49.33                    7259.5195                
49.34                    7259.515                 
49.35                    7259.5103                
49.36                    7259.506                 
49.37                    7259.501                 
49.38                    7259.4966                
49.39                    7259.492                 
49.4                     7259.4873                
49.41                    7259.4824                
49.42                    7259.478                 
49.43                    7259.473                 
49.44                    7259.4688                
49.45                    7259.464                 
49.46                    7259.459                 
49.47                    7259.4546                
49.48                    7259.4497                
49.49                    7259.445                 
49.5                     7259.4404                
49.51                    7259.4355                
49.52                    7259.4307                
49.53                    7259.426                 
49.54                    7259.421                 
49.55                    7259.416                 
49.56                    7259.4116                
49.57                    7259.4067                
49.58                    7259.402                 
49.59                    7259.397                 
49.6                     7259.392                 
49.61                    7259.387                 
49.62                    7259.3823                
49.63                    7259.3774                
49.64                    7259.372                 
49.65                    7259.367                 
49.66                    7259.3623                
49.67                    7259.3574                
49.68                    7259.3525                
49.69                    7259.3477                
49.7                     7259.3423                
49.71                    7259.3374                
49.72                    7259.3325                
49.73                    7259.3276                
49.74                    7259.3223                
49.75                    7259.3174                
49.76                    7259.312                 
49.77                    7259.307                 
49.78                    7259.3022                
49.79                    7259.297                 
49.8                     7259.292                 
49.81                    7259.2866                
49.82                    7259.2817                
49.83                    7259.2764                
49.84                    7259.2715                
49.85                    7259.266                 
49.86                    7259.2607                
49.87                    7259.256                 
49.88                    7259.2505                
49.89                    7259.245                 
49.9                     7259.24                  
49.91                    7259.235                 
49.92                    7259.2295                
49.93                    7259.224                 
49.94                    7259.219                 
49.95                    7259.214                 
49.96                    7259.2085                
49.97                    7259.203                 
49.98                    7259.1978                
49.99                    7259.1924                
50.0                     7259.187                 
50.01                    7259.1816                
50.02                    7259.1763                
50.03                    7259.171                 
50.04                    7259.1655                
50.05                    7259.16                  
50.06                    7259.155                 
50.07                    7259.1494                
50.08                    7259.144                 
50.09                    7259.1387                
50.1                     7259.133                 
50.11                    7259.1274                
50.12                    7259.122                 
50.13                    7259.1167                
50.14                    7259.1113                
50.15                    7259.1055                
50.16                    7259.1                   
50.17                    7259.0947                
50.18                    7259.089                 
50.19                    7259.0835                
50.2                     7259.0776                
50.21                    7259.0723                
50.22                    7259.0664                
50.23                    7259.061                 
50.24                    7259.0557                
50.25                    7259.05                  
50.26                    7259.044                 
50.27                    7259.0386                
50.28                    7259.0327                
50.29                    7259.0273                
50.3                     7259.0215                
50.31                    7259.0156                
50.32                    7259.0103                
50.33                    7259.0044                
50.34                    7258.9985                
50.35                    7258.9927                
50.36                    7258.9873                
50.37                    7258.9814                
50.38                    7258.9756                
50.39                    7258.9697                
50.4                     7258.964                 
50.41                    7258.958                 
50.42                    7258.9526                
50.43                    7258.947                 
50.44                    7258.941                 
50.45                    7258.935                 
50.46                    7258.929                 
50.47                    7258.9233                
50.48                    7258.9175                
50.49                    7258.9116                
50.5                     7258.9053                
50.51                    7258.8994                
50.52                    7258.8936                
50.53                    7258.8877                
50.54                    7258.882                 
50.55                    7258.876                 
50.56                    7258.8696                
50.57                    7258.864                 
50.58                    7258.858                 
50.59                    7258.852                 
50.6                     7258.8457                
50.61                    7258.84                  
50.62                    7258.834                 
50.63                    7258.8276                
50.64                    7258.822                 
50.65                    7258.8154                
50.66                    7258.8096                
50.67                    7258.8037                
50.68                    7258.7974                
50.69                    7258.7915                
50.7                     7258.785                 
50.71                    7258.779                 
50.72                    7258.773                 
50.73                    7258.7666                
50.74                    7258.7607                
50.75                    7258.7544                
50.76                    7258.748                 
50.77                    7258.742                 
50.78                    7258.736                 
50.79                    7258.7295                
50.8                     7258.723                 
50.81                    7258.7173                
50.82                    7258.711                 
50.83                    7258.7046                
50.84                    7258.698                 
50.85                    7258.692                 
50.86                    7258.6855                
50.87                    7258.6797                
50.88                    7258.6733                
50.89                    7258.667                 
50.9                     7258.6606                
50.91                    7258.6543                
50.92                    7258.648                 
50.93                    7258.6416                
50.94                    7258.6353                
50.95                    7258.629                 
50.96                    7258.622                 
50.97                    7258.6157                
50.98                    7258.6094                
50.99                    7258.603                 
51.0                     7258.5967                
51.01                    7258.5903                
51.02                    7258.5835                
51.03                    7258.577                 
51.04                    7258.571                 
51.05                    7258.5645                
51.06                    7258.5576                
51.07                    7258.5513                
51.08                    7258.545                 
51.09                    7258.538                 
51.1                     7258.5317                
51.11                    7258.525                 
51.12                    7258.5186                
51.13                    7258.512                 
51.14                    7258.5054                
51.15                    7258.499                 
51.16                    7258.492                 
51.17                    7258.4854                
51.18                    7258.479                 
51.19                    7258.472                 
51.2                     7258.466                 
51.21                    7258.459                 
51.22                    7258.452                 
51.23                    7258.446                 
51.24                    7258.439                 
51.25                    7258.432                 
51.26                    7258.426                 
51.27                    7258.419                 
51.28                    7258.412                 
51.29                    7258.4053                
51.3                     7258.399                 
51.31                    7258.392                 
51.32                    7258.3853                
51.33                    7258.3784                
51.34                    7258.3716                
51.35                    7258.3647                
51.36                    7258.358                 
51.37                    7258.351                 
51.38                    7258.344                 
51.39                    7258.3374                
51.4                     7258.3306                
51.41                    7258.3237                
51.42                    7258.317                 
51.43                    7258.31                  
51.44                    7258.303                 
51.45                    7258.2964                
51.46                    7258.2896                
51.47                    7258.282                 
51.48                    7258.2754                
51.49                    7258.2686                
51.5                     7258.2617                
51.51                    7258.255                 
51.52                    7258.2476                
51.53                    7258.2407                
51.54                    7258.234                 
51.55                    7258.2266                
51.56                    7258.2197                
51.57                    7258.213                 
51.58                    7258.2056                
51.59                    7258.1987                
51.6                     7258.1914                
51.61                    7258.1846                
51.62                    7258.1777                
51.63                    7258.1704                
51.64                    7258.1636                
51.65                    7258.1562                
51.66                    7258.149                 
51.67                    7258.142                 
51.68                    7258.135                 
51.69                    7258.128                 
51.7                     7258.1206                
51.71                    7258.1133                
51.72                    7258.1064                
51.73                    7258.099                 
51.74                    7258.092                 
51.75                    7258.085                 
51.76                    7258.0776                
51.77                    7258.0703                
51.78                    7258.063                 
51.79                    7258.0557                
51.8                     7258.049                 
51.81                    7258.0415                
51.82                    7258.034                 
51.83                    7258.027                 
51.84                    7258.0195                
51.85                    7258.012                 
51.86                    7258.005                 
51.87                    7257.9976                
51.88                    7257.99                  
51.89                    7257.983                 
51.9                     7257.9756                
51.91                    7257.9683                
51.92                    7257.961                 
51.93                    7257.9536                
51.94                    7257.9463                
51.95                    7257.939                 
51.96                    7257.9316                
51.97                    7257.924                 
51.98                    7257.9165                
51.99                    7257.909                 
52.0                     7257.902                 
52.01                    7257.8945                
52.02                    7257.8867                
52.03                    7257.8794                
52.04                    7257.872                 
52.05                    7257.8643                
52.06                    7257.857                 
52.07                    7257.8496                
52.08                    7257.842                 
52.09                    7257.8345                
52.1                     7257.827                 
52.11                    7257.8193                
52.12                    7257.812                 
52.13                    7257.804                 
52.14                    7257.797                 
52.15                    7257.789                 
52.16                    7257.7817                
52.17                    7257.774                 
52.18                    7257.766                 
52.19                    7257.759                 
52.2                     7257.751                 
52.21                    7257.7437                
52.22                    7257.736                 
52.23                    7257.728                 
52.24                    7257.7207                
52.25                    7257.713                 
52.26                    7257.705                 
52.27                    7257.6973                
52.28                    7257.69                  
52.29                    7257.682                 
52.3                     7257.6743                
52.31                    7257.6665                
52.32                    7257.6587                
52.33                    7257.6514                
52.34                    7257.6436                
52.35                    7257.6357                
52.36                    7257.628                 
52.37                    7257.62                  
52.38                    7257.6123                
52.39                    7257.6045                
52.4                     7257.5967                
52.41                    7257.589                 
52.42                    7257.581                 
52.43                    7257.573                 
52.44                    7257.5654                
52.45                    7257.5576                
52.46                    7257.55                  
52.47                    7257.5415                
52.48                    7257.5337                
52.49                    7257.526                 
52.5                     7257.518                 
52.51                    7257.5103                
52.52                    7257.5024                
52.53                    7257.494                 
52.54                    7257.4863                
52.55                    7257.4785                
52.56                    7257.4707                
52.57                    7257.4624                
52.58                    7257.4546                
52.59                    7257.447                 
52.6                     7257.4385                
52.61                    7257.4307                
52.62                    7257.4224                
52.63                    7257.4146                
52.64                    7257.4062                
52.65                    7257.3984                
52.66                    7257.3906                
52.67                    7257.3823                
52.68                    7257.3745                
52.69                    7257.366                 
52.7                     7257.358                 
52.71                    7257.35                  
52.72                    7257.342                 
52.73                    7257.334                 
52.74                    7257.3257                
52.75                    7257.3174                
52.76                    7257.3096                
52.77                    7257.3013                
52.78                    7257.293                 
52.79                    7257.285                 
52.8                     7257.277                 
52.81                    7257.2686                
52.82                    7257.2603                
52.83                    7257.2524                
52.84                    7257.244                 
52.85                    7257.236                 
52.86                    7257.2275                
52.87                    7257.219                 
52.88                    7257.211                 
52.89                    7257.2026                
52.9                     7257.195                 
52.91                    7257.1865                
52.92                    7257.178                 
52.93                    7257.17                  
52.94                    7257.1616                
52.95                    7257.1533                
52.96                    7257.145                 
52.97                    7257.1367                
52.98                    7257.1284                
52.99                    7257.1196                
53.0                     7257.1113                
53.01                    7257.103                 
53.02                    7257.0947                
53.03                    7257.0864                
53.04                    7257.078                 
53.05                    7257.07                  
53.06                    7257.061                 
53.07                    7257.0527                
53.08                    7257.0444                
53.09                    7257.036                 
53.1                     7257.0273                
53.11                    7257.019                 
53.12                    7257.0107                
53.13                    7257.002                 
53.14                    7256.9937                
53.15                    7256.9854                
53.16                    7256.9766                
53.17                    7256.9683                
53.18                    7256.96                  
53.19                    7256.951                 
53.2                     7256.943                 
53.21                    7256.934                 
53.22                    7256.926                 
53.23                    7256.917                 
53.24                    7256.9087                
53.25                    7256.9                   
53.26                    7256.8916                
53.27                    7256.883                 
53.28                    7256.874                 
53.29                    7256.8657                
53.3                     7256.857                 
53.31                    7256.8486                
53.32                    7256.84                  
53.33                    7256.831                 
53.34                    7256.8228                
53.35                    7256.814                 
53.36                    7256.805                 
53.37                    7256.7964                
53.38                    7256.788                 
53.39                    7256.7793                
53.4                     7256.7705                
53.41                    7256.7617                
53.42                    7256.753                 
53.43                    7256.744                 
53.44                    7256.736                 
53.45                    7256.727                 
53.46                    7256.7183                
53.47                    7256.7095                
53.48                    7256.7007                
53.49                    7256.692                 
53.5                     7256.683                 
53.51                    7256.6743                
53.52                    7256.6655                
53.53                    7256.6567                
53.54                    7256.648                 
53.55                    7256.639                 
53.56                    7256.6304                
53.57                    7256.6216                
53.58                    7256.613                 
53.59                    7256.6035                
53.6                     7256.5947                
53.61                    7256.586                 
53.62                    7256.577                 
53.63                    7256.5684                
53.64                    7256.5596                
53.65                    7256.5503                
53.66                    7256.5415                
53.67                    7256.5327                
53.68                    7256.524                 
53.69                    7256.5146                
53.7                     7256.506                 
53.71                    7256.497                 
53.72                    7256.488                 
53.73                    7256.479                 
53.74                    7256.47                  
53.75                    7256.461                 
53.76                    7256.452                 
53.77                    7256.443                 
53.78                    7256.434                 
53.79                    7256.425                 
53.8                     7256.416                 
53.81                    7256.4067                
53.82                    7256.398                 
53.83                    7256.3887                
53.84                    7256.38                  
53.85                    7256.3706                
53.86                    7256.362                 
53.87                    7256.3525                
53.88                    7256.3433                
53.89                    7256.3345                
53.9                     7256.325                 
53.91                    7256.316                 
53.92                    7256.307                 
53.93                    7256.298                 
53.94                    7256.2886                
53.95                    7256.28                  
53.96                    7256.2705                
53.97                    7256.261                 
53.98                    7256.252                 
53.99                    7256.243                 
54.0                     7256.234                 
54.01                    7256.2246                
54.02                    7256.2153                
54.03                    7256.206                 
54.04                    7256.197                 
54.05                    7256.1875                
54.06                    7256.178                 
54.07                    7256.1694                
54.08                    7256.16                  
54.09                    7256.151                 
54.1                     7256.1416                
54.11                    7256.1323                
54.12                    7256.123                 
54.13                    7256.114                 
54.14                    7256.1045                
54.15                    7256.095                 
54.16                    7256.0854                
54.17                    7256.076                 
54.18                    7256.067                 
54.19                    7256.0576                
54.2                     7256.0483                
54.21                    7256.039                 
54.22                    7256.03                  
54.23                    7256.02                  
54.24                    7256.0107                
54.25                    7256.0015                
54.26                    7255.992                 
54.27                    7255.983                 
54.28                    7255.973                 
54.29                    7255.964                 
54.3                     7255.9546                
54.31                    7255.945                 
54.32                    7255.9355                
54.33                    7255.9263                
54.34                    7255.9165                
54.35                    7255.907                 
54.36                    7255.8975                
54.37                    7255.888                 
54.38                    7255.879                 
54.39                    7255.869                 
54.4                     7255.86                  
54.41                    7255.85                  
54.42                    7255.841                 
54.43                    7255.831                 
54.44                    7255.822                 
54.45                    7255.812                 
54.46                    7255.8027                
54.47                    7255.793                 
54.48                    7255.783                 
54.49                    7255.774                 
54.5                     7255.764                 
54.51                    7255.755                 
54.52                    7255.745                 
54.53                    7255.7354                
54.54                    7255.726                 
54.55                    7255.7163                
54.56                    7255.7065                
54.57                    7255.697                 
54.58                    7255.6875                
54.59                    7255.6777                
54.6                     7255.668                 
54.61                    7255.658                 
54.62                    7255.6484                
54.63                    7255.639                 
54.64                    7255.6294                
54.65                    7255.6196                
54.66                    7255.61                  
54.67                    7255.6                   
54.68                    7255.5903                
54.69                    7255.5806                
54.7                     7255.571                 
54.71                    7255.561                 
54.72                    7255.552                 
54.73                    7255.542                 
54.74                    7255.532                 
54.75                    7255.5225                
54.76                    7255.512                 
54.77                    7255.5024                
54.78                    7255.4927                
54.79                    7255.483                 
54.8                     7255.473                 
54.81                    7255.4634                
54.82                    7255.4536                
54.83                    7255.444                 
54.84                    7255.434                 
54.85                    7255.4243                
54.86                    7255.414                 
54.87                    7255.4043                
54.88                    7255.3945                
54.89                    7255.385                 
54.9                     7255.3745                
54.91                    7255.3647                
54.92                    7255.355                 
54.93                    7255.345                 
54.94                    7255.335                 
54.95                    7255.325                 
54.96                    7255.3154                
54.97                    7255.305                 
54.98                    7255.2954                
54.99                    7255.2856                
55.0                     7255.2754                
55.01                    7255.2656                
55.02                    7255.2554                
55.03                    7255.2456                
55.04                    7255.2354                
55.05                    7255.2256                
55.06                    7255.216                 
55.07                    7255.2056                
55.08                    7255.196                 
55.09                    7255.1855                
55.1                     7255.176                 
55.11                    7255.1655                
55.12                    7255.156                 
55.13                    7255.1455                
55.14                    7255.1357                
55.15                    7255.1255                
55.16                    7255.1157                
55.17                    7255.1055                
55.18                    7255.0957                
55.19                    7255.0854                
55.2                     7255.075                 
55.21                    7255.0654                
55.22                    7255.055                 
55.23                    7255.045                 
55.24                    7255.035                 
55.25                    7255.025                 
55.26                    7255.0146                
55.27                    7255.005                 
55.28                    7254.9946                
55.29                    7254.9844                
55.3                     7254.974                 
55.31                    7254.9644                
55.32                    7254.954                 
55.33                    7254.944                 
55.34                    7254.9336                
55.35                    7254.9233                
55.36                    7254.913                 
55.37                    7254.9033                
55.38                    7254.893                 
55.39                    7254.883                 
55.4                     7254.8726                
55.41                    7254.8623                
55.42                    7254.852                 
55.43                    7254.842                 
55.44                    7254.8315                
55.45                    7254.8213                
55.46                    7254.811                 
55.47                    7254.801                 
55.48                    7254.7905                
55.49                    7254.7803                
55.5                     7254.77                  
55.51                    7254.76                  
55.52                    7254.7495                
55.53                    7254.7393                
55.54                    7254.729                 
55.55                    7254.7188                
55.56                    7254.7085                
55.57                    7254.6978                
55.58                    7254.6875                
55.59                    7254.6772                
55.6                     7254.667                 
55.61                    7254.6567                
55.62                    7254.646                 
55.63                    7254.6357                
55.64                    7254.6255                
55.65                    7254.615                 
55.66                    7254.6045                
55.67                    7254.594                 
55.68                    7254.584                 
55.69                    7254.5737                
55.7                     7254.563                 
55.71                    7254.5527                
55.72                    7254.5425                
55.73                    7254.5317                
55.74                    7254.5215                
55.75                    7254.5107                
55.76                    7254.5005                
55.77                    7254.49                  
55.78                    7254.4795                
55.79                    7254.469                 
55.8                     7254.4585                
55.81                    7254.448                 
55.82                    7254.4375                
55.83                    7254.4272                
55.84                    7254.4165                
55.85                    7254.4062                
55.86                    7254.3955                
55.87                    7254.3853                
55.88                    7254.3745                
55.89                    7254.364                 
55.9                     7254.3535                
55.91                    7254.343                 
55.92                    7254.3325                
55.93                    7254.322                 
55.94                    7254.311                 
55.95                    7254.301                 
55.96                    7254.29                  
55.97                    7254.2793                
55.98                    7254.269                 
55.99                    7254.2583                
56.0                     7254.2476                
56.01                    7254.237                 
56.02                    7254.2266                
56.03                    7254.216                 
56.04                    7254.205                 
56.05                    7254.1943                
56.06                    7254.1836                
56.07                    7254.1733                
56.08                    7254.1626                
56.09                    7254.152                 
56.1                     7254.141                 
56.11                    7254.1304                
56.12                    7254.1196                
56.13                    7254.109                 
56.14                    7254.098                 
56.15                    7254.0874                
56.16                    7254.077                 
56.17                    7254.0664                
56.18                    7254.0557                
56.19                    7254.045                 
56.2                     7254.034                 
56.21                    7254.0234                
56.22                    7254.0127                
56.23                    7254.002                 
56.24                    7253.9907                
56.25                    7253.98                  
56.26                    7253.969                 
56.27                    7253.9585                
56.28                    7253.9478                
56.29                    7253.937                 
56.3                     7253.9263                
56.31                    7253.9155                
56.32                    7253.905                 
56.33                    7253.8936                
56.34                    7253.883                 
56.35                    7253.872                 
56.36                    7253.8613                
56.37                    7253.8506                
56.38                    7253.8394                
56.39                    7253.8286                
56.4                     7253.818                 
56.41                    7253.8066                
56.42                    7253.796                 
56.43                    7253.785                 
56.44                    7253.7744                
56.45                    7253.763                 
56.46                    7253.7524                
56.47                    7253.7417                
56.48                    7253.7305                
56.49                    7253.7197                
56.5                     7253.7085                
56.51                    7253.6978                
56.52                    7253.687                 
56.53                    7253.676                 
56.54                    7253.665                 
56.55                    7253.654                 
56.56                    7253.643                 
56.57                    7253.632                 
56.58                    7253.621                 
56.59                    7253.61                  
56.6                     7253.599                 
56.61                    7253.588                 
56.62                    7253.577                 
56.63                    7253.566                 
56.64                    7253.555                 
56.65                    7253.544                 
56.66                    7253.5327                
56.67                    7253.522                 
56.68                    7253.5107                
56.69                    7253.4995                
56.7                     7253.489                 
56.71                    7253.4775                
56.72                    7253.4663                
56.73                    7253.4556                
56.74                    7253.4443                
56.75                    7253.433                 
56.76                    7253.4224                
56.77                    7253.411                 
56.78                    7253.4                   
56.79                    7253.3887                
56.8                     7253.378                 
56.81                    7253.3667                
56.82                    7253.3555                
56.83                    7253.344                 
56.84                    7253.333                 
56.85                    7253.322                 
56.86                    7253.311                 
56.87                    7253.3                   
56.88                    7253.2886                
56.89                    7253.2773                
56.9                     7253.266                 
56.91                    7253.255                 
56.92                    7253.2437                
56.93                    7253.2324                
56.94                    7253.221                 
56.95                    7253.21                  
56.96                    7253.1987                
56.97                    7253.1875                
56.98                    7253.1763                
56.99                    7253.165                 
57.0                     7253.154                 
57.01                    7253.1426                
57.02                    7253.1313                
57.03                    7253.12                  
57.04                    7253.109                 
57.05                    7253.0977                
57.06                    7253.0864                
57.07                    7253.075                 
57.08                    7253.064                 
57.09                    7253.0527                
57.1                     7253.041                 
57.11                    7253.03                  
57.12                    7253.0186                
57.13                    7253.0073                
57.14                    7252.996                 
57.15                    7252.9844                
57.16                    7252.973                 
57.17                    7252.962                 
57.18                    7252.9507                
57.19                    7252.939                 
57.2                     7252.9277                
57.21                    7252.9165                
57.22                    7252.9053                
57.23                    7252.8936                
57.24                    7252.8823                
57.25                    7252.871                 
57.26                    7252.8594                
57.27                    7252.848                 
57.28                    7252.8364                
57.29                    7252.825                 
57.3                     7252.814                 
57.31                    7252.8022                
57.32                    7252.791                 
57.33                    7252.7793                
57.34                    7252.768                 
57.35                    7252.757                 
57.36                    7252.745                 
57.37                    7252.734                 
57.38                    7252.722                 
57.39                    7252.711                 
57.4                     7252.699                 
57.41                    7252.688                 
57.42                    7252.6763                
57.43                    7252.6646                
57.44                    7252.6533                
57.45                    7252.6416                
57.46                    7252.6304                
57.47                    7252.6187                
57.48                    7252.607                 
57.49                    7252.5957                
57.5                     7252.584                 
57.51                    7252.5728                
57.52                    7252.561                 
57.53                    7252.5493                
57.54                    7252.538                 
57.55                    7252.5264                
57.56                    7252.5146                
57.57                    7252.503                 
57.58                    7252.4917                
57.59                    7252.48                  
57.6                     7252.4683                
57.61                    7252.4565                
57.62                    7252.4453                
57.63                    7252.4336                
57.64                    7252.422                 
57.65                    7252.41                  
57.66                    7252.3984                
57.67                    7252.3867                
57.68                    7252.3755                
57.69                    7252.364                 
57.7                     7252.352                 
57.71                    7252.3403                
57.72                    7252.3286                
57.73                    7252.317                 
57.74                    7252.305                 
57.75                    7252.2935                
57.76                    7252.2817                
57.77                    7252.27                  
57.78                    7252.2583                
57.79                    7252.2466                
57.8                     7252.235                 
57.81                    7252.223                 
57.82                    7252.2114                
57.83                    7252.1997                
57.84                    7252.188                 
57.85                    7252.1763                
57.86                    7252.1646                
57.87                    7252.153                 
57.88                    7252.141                 
57.89                    7252.1294                
57.9                     7252.1177                
57.91                    7252.106                 
57.92                    7252.094                 
57.93                    7252.082                 
57.94                    7252.0703                
57.95                    7252.0586                
57.96                    7252.047                 
57.97                    7252.035                 
57.98                    7252.0234                
57.99                    7252.011                 
58.0                     7251.9995                
58.01                    7251.988                 
58.02                    7251.976                 
58.03                    7251.964                 
58.04                    7251.952                 
58.05                    7251.9404                
58.06                    7251.9287                
58.07                    7251.9165                
58.08                    7251.905                 
58.09                    7251.893                 
58.1                     7251.881                 
58.11                    7251.869                 
58.12                    7251.8574                
58.13                    7251.845                 
58.14                    7251.8335                
58.15                    7251.8213                
58.16                    7251.8096                
58.17                    7251.798                 
58.18                    7251.7856                
58.19                    7251.774                 
58.2                     7251.7617                
58.21                    7251.75                  
58.22                    7251.738                 
58.23                    7251.726                 
58.24                    7251.714                 
58.25                    7251.702                 
58.26                    7251.69                  
58.27                    7251.678                 
58.28                    7251.666                 
58.29                    7251.6543                
58.3                     7251.642                 
58.31                    7251.63                  
58.32                    7251.618                 
58.33                    7251.606                 
58.34                    7251.594                 
58.35                    7251.582                 
58.36                    7251.57                  
58.37                    7251.558                 
58.38                    7251.546                 
58.39                    7251.5337                
58.4                     7251.522                 
58.41                    7251.51                  
58.42                    7251.4976                
58.43                    7251.486                 
58.44                    7251.4736                
58.45                    7251.4614                
58.46                    7251.449                 
58.47                    7251.4375                
58.48                    7251.4253                
58.49                    7251.413                 
58.5                     7251.401                 
58.51                    7251.3887                
58.52                    7251.377                 
58.53                    7251.3647                
58.54                    7251.3525                
58.55                    7251.3403                
58.56                    7251.328                 
58.57                    7251.316                 
58.58                    7251.3037                
58.59                    7251.292                 
58.6                     7251.28                  
58.61                    7251.2676                
58.62                    7251.2554                
58.63                    7251.243                 
58.64                    7251.231                 
58.65                    7251.2188                
58.66                    7251.2065                
58.67                    7251.1943                
58.68                    7251.182                 
58.69                    7251.17                  
58.7                     7251.1577                
58.71                    7251.1455                
58.72                    7251.1333                
58.73                    7251.121                 
58.74                    7251.109                 
58.75                    7251.0967                
58.76                    7251.0845                
58.77                    7251.0723                
58.78                    7251.06                  
58.79                    7251.0474                
58.8                     7251.035                 
58.81                    7251.023                 
58.82                    7251.0107                
58.83                    7250.9985                
58.84                    7250.9863                
58.85                    7250.9736                
58.86                    7250.9614                
58.87                    7250.949                 
58.88                    7250.937                 
58.89                    7250.925                 
58.9                     7250.912                 
58.91                    7250.9                   
58.92                    7250.8877                
58.93                    7250.8755                
58.94                    7250.863                 
58.95                    7250.8506                
58.96                    7250.8384                
58.97                    7250.8257                
58.98                    7250.8135                
58.99                    7250.8013                
59.0                     7250.7886                
59.01                    7250.7764                
59.02                    7250.764                 
59.03                    7250.7515                
59.04                    7250.7393                
59.05                    7250.727                 
59.06                    7250.7144                
59.07                    7250.702                 
59.08                    7250.6895                
59.09                    7250.6772                
59.1                     7250.6646                
59.11                    7250.6523                
59.12                    7250.6396                
59.13                    7250.6274                
59.14                    7250.615                 
59.15                    7250.6025                
59.16                    7250.5903                
59.17                    7250.5776                
59.18                    7250.565                 
59.19                    7250.5527                
59.2                     7250.54                  
59.21                    7250.528                 
59.22                    7250.515                 
59.23                    7250.503                 
59.24                    7250.49                  
59.25                    7250.4775                
59.26                    7250.4653                
59.27                    7250.4526                
59.28                    7250.44                  
59.29                    7250.4277                
59.3                     7250.415                 
59.31                    7250.4023                
59.32                    7250.39                  
59.33                    7250.3774                
59.34                    7250.3647                
59.35                    7250.3525                
59.36                    7250.34                  
59.37                    7250.327                 
59.38                    7250.3145                
59.39                    7250.3022                
59.4                     7250.2896                
59.41                    7250.277                 
59.42                    7250.264                 
59.43                    7250.252                 
59.44                    7250.2393                
59.45                    7250.2266                
59.46                    7250.214                 
59.47                    7250.201                 
59.48                    7250.1885                
59.49                    7250.1763                
59.5                     7250.1636                
59.51                    7250.151                 
59.52                    7250.138                 
59.53                    7250.1255                
59.54                    7250.113                 
59.55                    7250.1                   
59.56                    7250.0874                
59.57                    7250.0747                
59.58                    7250.062                 
59.59                    7250.0493                
59.6                     7250.0366                
59.61                    7250.024                 
59.62                    7250.011                 
59.63                    7249.9985                
59.64                    7249.986                 
59.65                    7249.973                 
59.66                    7249.9604                
59.67                    7249.9478                
59.68                    7249.935                 
59.69                    7249.9224                
59.7                     7249.9097                
59.71                    7249.897                 
59.72                    7249.8843                
59.73                    7249.8716                
59.74                    7249.8584                
59.75                    7249.8457                
59.76                    7249.833                 
59.77                    7249.8203                
59.78                    7249.8076                
59.79                    7249.795                 
59.8                     7249.7817                
59.81                    7249.769                 
59.82                    7249.7563                
59.83                    7249.7437                
59.84                    7249.731                 
59.85                    7249.718                 
59.86                    7249.705                 
59.87                    7249.6924                
59.88                    7249.6797                
59.89                    7249.6665                
59.9                     7249.654                 
59.91                    7249.641                 
59.92                    7249.628                 
59.93                    7249.615                 
59.94                    7249.6025                
59.95                    7249.5894                
59.96                    7249.5767                
59.97                    7249.564                 
59.98                    7249.551                 
59.99                    7249.538                 
60.0                     7249.5254                
60.01                    7249.512                 
60.02                    7249.4995                
60.03                    7249.4863                
60.04                    7249.4736                
60.05                    7249.4604                
60.06                    7249.4478                
60.07                    7249.4346                
60.08                    7249.422                 
60.09                    7249.4087                
60.1                     7249.396                 
60.11                    7249.383                 
60.12                    7249.37                  
60.13                    7249.357                 
60.14                    7249.344                 
60.15                    7249.331                 
60.16                    7249.3184                
60.17                    7249.305                 
60.18                    7249.2925                
60.19                    7249.2793                
60.2                     7249.266                 
60.21                    7249.2534                
60.22                    7249.24                  
60.23                    7249.2275                
60.24                    7249.2144                
60.25                    7249.201                 
60.26                    7249.1885                
60.27                    7249.1753                
60.28                    7249.162                 
60.29                    7249.1494                
60.3                     7249.136                 
60.31                    7249.123                 
60.32                    7249.11                  
60.33                    7249.097                 
60.34                    7249.084                 
60.35                    7249.071                 
60.36                    7249.0576                
60.37                    7249.045                 
60.38                    7249.0317                
60.39                    7249.0186                
60.4                     7249.0054                
60.41                    7248.992                 
60.42                    7248.9795                
60.43                    7248.9663                
60.44                    7248.953                 
60.45                    7248.94                  
60.46                    7248.927                 
60.47                    7248.9136                
60.48                    7248.901                 
60.49                    7248.8877                
60.5                     7248.8745                
60.51                    7248.8613                
60.52                    7248.848                 
60.53                    7248.835                 
60.54                    7248.822                 
60.55                    7248.8086                
60.56                    7248.7954                
60.57                    7248.782                 
60.58                    7248.769                 
60.59                    7248.756                 
60.6                     7248.7427                
60.61                    7248.7295                
60.62                    7248.7163                
60.63                    7248.703                 
60.64                    7248.69                  
60.65                    7248.677                 
60.66                    7248.6636                
60.67                    7248.6504                
60.68                    7248.637                 
60.69                    7248.624                 
60.7                     7248.611                 
60.71                    7248.597                 
60.72                    7248.584                 
60.73                    7248.571                 
60.74                    7248.5576                
60.75                    7248.5444                
60.76                    7248.5312                
60.77                    7248.518                 
60.78                    7248.5044                
60.79                    7248.491                 
60.8                     7248.478                 
60.81                    7248.465                 
60.82                    7248.4517                
60.83                    7248.438                 
60.84                    7248.425                 
60.85                    7248.4116                
60.86                    7248.3984                
60.87                    7248.385                 
60.88                    7248.3716                
60.89                    7248.3584                
60.9                     7248.3447                
60.91                    7248.3315                
60.92                    7248.3184                
60.93                    7248.3047                
60.94                    7248.2915                
60.95                    7248.2783                
60.96                    7248.2646                
60.97                    7248.2515                
60.98                    7248.2383                
60.99                    7248.2246                
61.0                     7248.2114                
61.01                    7248.1978                
61.02                    7248.1846                
61.03                    7248.1714                
61.04                    7248.1577                
61.05                    7248.1445                
61.06                    7248.131                 
61.07                    7248.1177                
61.08                    7248.104                 
61.09                    7248.091                 
61.1                     7248.077                 
61.11                    7248.064                 
61.12                    7248.0503                
61.13                    7248.037                 
61.14                    7248.0234                
61.15                    7248.0103                
61.16                    7247.9966                
61.17                    7247.983                 
61.18                    7247.9697                
61.19                    7247.956                 
61.2                     7247.943                 
61.21                    7247.929                 
61.22                    7247.9155                
61.23                    7247.9023                
61.24                    7247.8887                
61.25                    7247.8755                
61.26                    7247.862                 
61.27                    7247.848                 
61.28                    7247.835                 
61.29                    7247.8213                
61.3                     7247.808                 
61.31                    7247.7944                
61.32                    7247.7812                
61.33                    7247.7676                
61.34                    7247.7544                
61.35                    7247.741                 
61.36                    7247.7275                
61.37                    7247.7144                
61.38                    7247.7007                
61.39                    7247.6875                
61.4                     7247.6743                
61.41                    7247.6606                
61.42                    7247.6475                
61.43                    7247.634                 
61.44                    7247.6206                
61.45                    7247.607                 
61.46                    7247.5938                
61.47                    7247.58                  
61.48                    7247.567                 
61.49                    7247.553                 
61.5                     7247.54                  
61.51                    7247.5264                
61.52                    7247.513                 
61.53                    7247.4995                
61.54                    7247.4863                
61.55                    7247.4727                
61.56                    7247.459                 
61.57                    7247.446                 
61.58                    7247.432                 
61.59                    7247.419                 
61.6                     7247.4053                
61.61                    7247.392                 
61.62                    7247.3784                
61.63                    7247.3647                
61.64                    7247.3516                
61.65                    7247.338                 
61.66                    7247.324                 
61.67                    7247.311                 
61.68                    7247.2974                
61.69                    7247.284                 
61.7                     7247.2705                
61.71                    7247.257                 
61.72                    7247.243                 
61.73                    7247.23                  
61.74                    7247.2163                
61.75                    7247.2026                
61.76                    7247.1895                
61.77                    7247.176                 
61.78                    7247.162                 
61.79                    7247.149                 
61.8                     7247.1353                
61.81                    7247.1216                
61.82                    7247.108                 
61.83                    7247.0947                
61.84                    7247.081                 
61.85                    7247.0674                
61.86                    7247.0537                
61.87                    7247.04                  
61.88                    7247.027                 
61.89                    7247.013                 
61.9                     7246.9995                
61.91                    7246.986                 
61.92                    7246.972                 
61.93                    7246.9585                
61.94                    7246.9453                
61.95                    7246.9316                
61.96                    7246.918                 
61.97                    7246.9043                
61.98                    7246.8906                
61.99                    7246.877                 
62.0                     7246.8633                
62.01                    7246.85                  
62.02                    7246.8364                
62.03                    7246.8228                
62.04                    7246.809                 
62.05                    7246.7954                
62.06                    7246.7817                
62.07                    7246.768                 
62.08                    7246.7544                
62.09                    7246.7407                
62.1                     7246.727                 
62.11                    7246.7134                
62.12                    7246.6997                
62.13                    7246.686                 
62.14                    7246.6724                
62.15                    7246.6587                
62.16                    7246.645                 
62.17                    7246.6313                
62.18                    7246.6177                
62.19                    7246.604                 
62.2                     7246.5903                
62.21                    7246.5767                
62.22                    7246.563                 
62.23                    7246.5493                
62.24                    7246.5356                
62.25                    7246.522                 
62.26                    7246.5083                
62.27                    7246.4946                
62.28                    7246.481                 
62.29                    7246.4673                
62.3                     7246.4536                
62.31                    7246.4395                
62.32                    7246.426                 
62.33                    7246.412                 
62.34                    7246.3984                
62.35                    7246.385                 
62.36                    7246.371                 
62.37                    7246.3574                
62.38                    7246.3438                
62.39                    7246.3296                
62.4                     7246.316                 
62.41                    7246.3022                
62.42                    7246.2886                
62.43                    7246.275                 
62.44                    7246.2607                
62.45                    7246.247                 
62.46                    7246.2334                
62.47                    7246.2197                
62.48                    7246.206                 
62.49                    7246.192                 
62.5                     7246.178                 
62.51                    7246.1646                
62.52                    7246.151                 
62.53                    7246.1367                
62.54                    7246.123                 
62.55                    7246.1094                
62.56                    7246.0957                
62.57                    7246.0815                
62.58                    7246.068                 
62.59                    7246.054                 
62.6                     7246.04                  
62.61                    7246.0264                
62.62                    7246.0127                
62.63                    7245.9985                
62.64                    7245.985                 
62.65                    7245.971                 
62.66                    7245.957                 
62.67                    7245.9434                
62.68                    7245.9297                
62.69                    7245.9155                
62.7                     7245.902                 
62.71                    7245.888                 
62.72                    7245.874                 
62.73                    7245.8604                
62.74                    7245.846                 
62.75                    7245.8325                
62.76                    7245.819                 
62.77                    7245.8047                
62.78                    7245.791                 
62.79                    7245.777                 
62.8                     7245.763                 
62.81                    7245.749                 
62.82                    7245.7354                
62.83                    7245.7217                
62.84                    7245.7075                
62.85                    7245.694                 
62.86                    7245.6797                
62.87                    7245.666                 
62.88                    7245.652                 
62.89                    7245.638                 
62.9                     7245.624                 
62.91                    7245.6104                
62.92                    7245.596                 
62.93                    7245.5825                
62.94                    7245.5684                
62.95                    7245.554                 
62.96                    7245.5405                
62.97                    7245.5264                
62.98                    7245.5127                
62.99                    7245.4985                
63.0                     7245.485                 
63.01                    7245.4707                
63.02                    7245.457                 
63.03                    7245.443                 
63.04                    7245.4287                
63.05                    7245.415                 
63.06                    7245.401                 
63.07                    7245.387                 
63.08                    7245.373                 
63.09                    7245.359                 
63.1                     7245.345                 
63.11                    7245.331                 
63.12                    7245.317                 
63.13                    7245.303                 
63.14                    7245.289                 
63.15                    7245.275                 
63.16                    7245.261                 
63.17                    7245.247                 
63.18                    7245.233                 
63.19                    7245.219                 
63.2                     7245.205                 
63.21                    7245.191                 
63.22                    7245.177                 
63.23                    7245.163                 
63.24                    7245.149                 
63.25                    7245.135                 
63.26                    7245.121                 
63.27                    7245.107                 
63.28                    7245.093                 
63.29                    7245.0786                
63.3                     7245.065                 
63.31                    7245.051                 
63.32                    7245.0366                
63.33                    7245.0225                
63.34                    7245.0083                
63.35                    7244.9946                
63.36                    7244.9805                
63.37                    7244.9663                
63.38                    7244.952                 
63.39                    7244.938                 
63.4                     7244.9243                
63.41                    7244.91                  
63.42                    7244.896                 
63.43                    7244.882                 
63.44                    7244.8677                
63.45                    7244.8535                
63.46                    7244.8394                
63.47                    7244.8257                
63.48                    7244.8115                
63.49                    7244.7974                
63.5                     7244.783                 
63.51                    7244.769                 
63.52                    7244.755                 
63.53                    7244.7407                
63.54                    7244.7266                
63.55                    7244.7124                
63.56                    7244.698                 
63.57                    7244.6846                
63.58                    7244.6704                
63.59                    7244.6562                
63.6                     7244.642                 
63.61                    7244.628                 
63.62                    7244.614                 
63.63                    7244.5996                
63.64                    7244.5854                
63.65                    7244.5713                
63.66                    7244.557                 
63.67                    7244.543                 
63.68                    7244.529                 
63.69                    7244.5146                
63.7                     7244.5005                
63.71                    7244.4863                
63.72                    7244.472                 
63.73                    7244.458                 
63.74                    7244.444                 
63.75                    7244.4297                
63.76                    7244.4155                
63.77                    7244.4014                
63.78                    7244.3867                
63.79                    7244.3726                
63.8                     7244.3584                
63.81                    7244.344                 
63.82                    7244.33                  
63.83                    7244.316                 
63.84                    7244.302                 
63.85                    7244.2876                
63.86                    7244.2734                
63.87                    7244.2593                
63.88                    7244.245                 
63.89                    7244.2305                
63.9                     7244.2163                
63.91                    7244.202                 
63.92                    7244.188                 
63.93                    7244.174                 
63.94                    7244.1597                
63.95                    7244.145                 
63.96                    7244.131                 
63.97                    7244.1167                
63.98                    7244.1025                
63.99                    7244.0884                
64.0                     7244.074                 
64.01                    7244.0596                
64.02                    7244.0454                
64.03                    7244.0312                
64.04                    7244.017                 
64.05                    7244.003                 
64.06                    7243.9883                
64.07                    7243.974                 
64.08                    7243.96                  
64.09                    7243.946                 
64.1                     7243.931                 
64.11                    7243.917                 
64.12                    7243.903                 
64.13                    7243.8887                
64.14                    7243.874                 
64.15                    7243.86                  
64.16                    7243.8457                
64.17                    7243.831                 
64.18                    7243.817                 
64.19                    7243.8027                
64.2                     7243.788                 
64.21                    7243.774                 
64.22                    7243.76                  
64.23                    7243.745                 
64.24                    7243.731                 
64.25                    7243.717                 
64.26                    7243.702                 
64.27                    7243.688                 
64.28                    7243.674                 
64.29                    7243.659                 
64.3                     7243.645                 
64.31                    7243.631                 
64.32                    7243.616                 
64.33                    7243.602                 
64.34                    7243.5874                
64.35                    7243.573                 
64.36                    7243.559                 
64.37                    7243.5444                
64.38                    7243.5303                
64.39                    7243.5156                
64.4                     7243.5015                
64.41                    7243.4873                
64.42                    7243.4727                
64.43                    7243.4585                
64.44                    7243.444                 
64.45                    7243.4297                
64.46                    7243.415                 
64.47                    7243.401                 
64.48                    7243.386                 
64.49                    7243.372                 
64.5                     7243.3574                
64.51                    7243.3433                
64.52                    7243.3286                
64.53                    7243.3145                
64.54                    7243.3                   
64.55                    7243.2856                
64.56                    7243.271                 
64.57                    7243.257                 
64.58                    7243.242                 
64.59                    7243.228                 
64.6                     7243.2134                
64.61                    7243.199                 
64.62                    7243.1846                
64.63                    7243.1704                
64.64                    7243.156                 
64.65                    7243.141                 
64.66                    7243.127                 
64.67                    7243.1123                
64.68                    7243.098                 
64.69                    7243.0835                
64.7                     7243.069                 
64.71                    7243.0547                
64.72                    7243.04                  
64.73                    7243.026                 
64.74                    7243.011                 
64.75                    7242.9966                
64.76                    7242.9824                
64.77                    7242.968                 
64.78                    7242.953                 
64.79                    7242.939                 
64.8                     7242.9243                
64.81                    7242.91                  
64.82                    7242.8955                
64.83                    7242.881                 
64.84                    7242.8667                
64.85                    7242.852                 
64.86                    7242.8374                
64.87                    7242.8228                
64.88                    7242.8086                
64.89                    7242.794                 
64.9                     7242.7793                
64.91                    7242.765                 
64.92                    7242.7505                
64.93                    7242.736                 
64.94                    7242.721                 
64.95                    7242.707                 
64.96                    7242.6924                
64.97                    7242.6777                
64.98                    7242.663                 
64.99                    7242.649                 
65.0                     7242.6343                
65.01                    7242.6196                
65.02                    7242.605                 
65.03                    7242.591                 
65.04                    7242.576                 
65.05                    7242.5615                
65.06                    7242.547                 
65.07                    7242.532                 
65.08                    7242.518                 
65.09                    7242.5034                
65.1                     7242.489                 
65.11                    7242.474                 
65.12                    7242.4595                
65.13                    7242.4453                
65.14                    7242.4307                
65.15                    7242.416                 
65.16                    7242.4014                
65.17                    7242.3867                
65.18                    7242.372                 
65.19                    7242.3574                
65.2                     7242.3433                
65.21                    7242.3286                
65.22                    7242.314                 
65.23                    7242.2993                
65.24                    7242.2847                
65.25                    7242.27                  
65.26                    7242.2554                
65.27                    7242.2407                
65.28                    7242.226                 
65.29                    7242.2114                
65.3                     7242.1973                
65.31                    7242.1826                
65.32                    7242.168                 
65.33                    7242.1533                
65.34                    7242.1387                
65.35                    7242.124                 
65.36                    7242.1094                
65.37                    7242.0947                
65.38                    7242.08                  
65.39                    7242.0654                
65.4                     7242.051                 
65.41                    7242.036                 
65.42                    7242.0215                
65.43                    7242.007                 
65.44                    7241.992                 
65.45                    7241.9775                
65.46                    7241.963                 
65.47                    7241.948                 
65.48                    7241.9336                
65.49                    7241.919                 
65.5                     7241.9043                
65.51                    7241.8896                
65.52                    7241.875                 
65.53                    7241.8604                
65.54                    7241.8457                
65.55                    7241.831                 
65.56                    7241.8164                
65.57                    7241.802                 
65.58                    7241.7866                
65.59                    7241.772                 
65.6                     7241.7573                
65.61                    7241.7427                
65.62                    7241.728                 
65.63                    7241.7134                
65.64                    7241.6987                
65.65                    7241.684                 
65.66                    7241.6694                
65.67                    7241.655                 
65.68                    7241.6396                
65.69                    7241.625                 
65.7                     7241.6104                
65.71                    7241.5957                
65.72                    7241.581                 
65.73                    7241.5664                
65.74                    7241.552                 
65.75                    7241.5366                
65.76                    7241.522                 
65.77                    7241.5073                
65.78                    7241.4927                
65.79                    7241.478                 
65.8                     7241.463                 
65.81                    7241.448                 
65.82                    7241.4336                
65.83                    7241.419                 
65.84                    7241.4043                
65.85                    7241.389                 
65.86                    7241.3745                
65.87                    7241.36                  
65.88                    7241.345                 
65.89                    7241.3306                
65.9                     7241.3154                
65.91                    7241.301                 
65.92                    7241.286                 
65.93                    7241.2715                
65.94                    7241.2563                
65.95                    7241.2417                
65.96                    7241.227                 
65.97                    7241.2124                
65.98                    7241.1973                
65.99                    7241.1826                
66.0                     7241.168                 
66.01                    7241.153                 
66.02                    7241.138                 
66.03                    7241.1235                
66.04                    7241.1084                
66.05                    7241.0938                
66.06                    7241.079                 
66.07                    7241.064                 
66.08                    7241.0493                
66.09                    7241.0347                
66.1                     7241.0195                
66.11                    7241.005                 
66.12                    7240.99                  
66.13                    7240.975                 
66.14                    7240.9604                
66.15                    7240.946                 
66.16                    7240.9307                
66.17                    7240.916                 
66.18                    7240.9014                
66.19                    7240.886                 
66.2                     7240.8716                
66.21                    7240.8564                
66.22                    7240.842                 
66.23                    7240.827                 
66.24                    7240.812                 
66.25                    7240.7974                
66.26                    7240.782                 
66.27                    7240.7676                
66.28                    7240.7524                
66.29                    7240.738                 
66.3                     7240.723                 
66.31                    7240.708                 
66.32                    7240.6934                
66.33                    7240.678                 
66.34                    7240.6636                
66.35                    7240.6484                
66.36                    7240.634                 
66.37                    7240.6187                
66.38                    7240.604                 
66.39                    7240.589                 
66.4                     7240.574                 
66.41                    7240.559                 
66.42                    7240.5444                
66.43                    7240.5293                
66.44                    7240.5146                
66.45                    7240.4995                
66.46                    7240.485                 
66.47                    7240.4697                
66.48                    7240.455                 
66.49                    7240.44                  
66.5                     7240.4253                
66.51                    7240.41                  
66.52                    7240.3955                
66.53                    7240.3804                
66.54                    7240.3657                
66.55                    7240.3506                
66.56                    7240.3354                
66.57                    7240.321                 
66.58                    7240.3057                
66.59                    7240.291                 
66.6                     7240.276                 
66.61                    7240.2607                
66.62                    7240.246                 
66.63                    7240.231                 
66.64                    7240.2163                
66.65                    7240.201                 
66.66                    7240.186                 
66.67                    7240.1714                
66.68                    7240.1562                
66.69                    7240.1416                
66.7                     7240.1265                
66.71                    7240.1113                
66.72                    7240.0967                
66.73                    7240.0815                
66.74                    7240.0664                
66.75                    7240.052                 
66.76                    7240.0366                
66.77                    7240.0215                
66.78                    7240.007                 
66.79                    7239.9917                
66.8                     7239.9766                
66.81                    7239.962                 
66.82                    7239.947                 
66.83                    7239.9316                
66.84                    7239.9165                
66.85                    7239.902                 
66.86                    7239.8867                
66.87                    7239.8716                
66.88                    7239.857                 
66.89                    7239.842                 
66.9                     7239.8267                
66.91                    7239.8115                
66.92                    7239.797                 
66.93                    7239.7817                
66.94                    7239.7666                
66.95                    7239.7515                
66.96                    7239.737                 
66.97                    7239.7217                
66.98                    7239.7065                
66.99                    7239.6914                
67.0                     7239.6763                
67.01                    7239.6616                
67.02                    7239.6465                
67.03                    7239.6313                
67.04                    7239.616                 
67.05                    7239.601                 
67.06                    7239.5864                
67.07                    7239.5713                
67.08                    7239.556                 
67.09                    7239.541                 
67.1                     7239.526                 
67.11                    7239.511                 
67.12                    7239.496                 
67.13                    7239.481                 
67.14                    7239.466                 
67.15                    7239.4507                
67.16                    7239.4355                
67.17                    7239.4204                
67.18                    7239.406                 
67.19                    7239.3906                
67.2                     7239.3755                
67.21                    7239.3604                
67.22                    7239.345                 
67.23                    7239.33                  
67.24                    7239.315                 
67.25                    7239.3                   
67.26                    7239.2847                
67.27                    7239.2695                
67.28                    7239.255                 
67.29                    7239.2397                
67.3                     7239.2246                
67.31                    7239.2095                
67.32                    7239.1943                
67.33                    7239.179                 
67.34                    7239.164                 
67.35                    7239.149                 
67.36                    7239.134                 
67.37                    7239.1187                
67.38                    7239.1035                
67.39                    7239.0884                
67.4                     7239.073                 
67.41                    7239.058                 
67.42                    7239.043                 
67.43                    7239.028                 
67.44                    7239.0127                
67.45                    7238.9976                
67.46                    7238.9824                
67.47                    7238.9673                
67.48                    7238.952                 
67.49                    7238.937                 
67.5                     7238.922                 
67.51                    7238.9067                
67.52                    7238.8916                
67.53                    7238.8765                
67.54                    7238.8613                
67.55                    7238.846                 
67.56                    7238.831                 
67.57                    7238.816                 
67.58                    7238.8013                
67.59                    7238.786                 
67.6                     7238.771                 
67.61                    7238.756                 
67.62                    7238.7407                
67.63                    7238.7256                
67.64                    7238.711                 
67.65                    7238.696                 
67.66                    7238.6807                
67.67                    7238.6655                
67.68                    7238.6504                
67.69                    7238.6353                
67.7                     7238.6206                
67.71                    7238.6055                
67.72                    7238.5903                
67.73                    7238.575                 
67.74                    7238.56                  
67.75                    7238.545                 
67.76                    7238.53                  
67.77                    7238.5146                
67.78                    7238.5                   
67.79                    7238.485                 
67.8                     7238.4697                
67.81                    7238.4546                
67.82                    7238.4395                
67.83                    7238.4243                
67.84                    7238.409                 
67.85                    7238.394                 
67.86                    7238.379                 
67.87                    7238.364                 
67.88                    7238.3486                
67.89                    7238.334                 
67.9                     7238.319                 
67.91                    7238.3037                
67.92                    7238.2886                
67.93                    7238.2734                
67.94                    7238.2583                
67.95                    7238.243                 
67.96                    7238.228                 
67.97                    7238.213                 
67.98                    7238.1978                
67.99                    7238.1826                
68.0                     7238.1675                
68.01                    7238.1523                
68.02                    7238.137                 
68.03                    7238.122                 
68.04                    7238.107                 
68.05                    7238.092                 
68.06                    7238.0767                
68.07                    7238.0615                
68.08                    7238.0464                
68.09                    7238.0312                
68.1                     7238.016                 
68.11                    7238.0015                
68.12                    7237.9863                
68.13                    7237.971                 
68.14                    7237.956                 
68.15                    7237.941                 
68.16                    7237.926                 
68.17                    7237.9106                
68.18                    7237.8955                
68.19                    7237.88                  
68.2                     7237.8647                
68.21                    7237.8496                
68.22                    7237.8345                
68.23                    7237.8193                
68.24                    7237.804                 
68.25                    7237.789                 
68.26                    7237.774                 
68.27                    7237.759                 
68.28                    7237.7437                
68.29                    7237.7285                
68.3                     7237.7134                
68.31                    7237.698                 
68.32                    7237.683                 
68.33                    7237.668                 
68.34                    7237.653                 
68.35                    7237.6377                
68.36                    7237.6226                
68.37                    7237.6074                
68.38                    7237.5923                
68.39                    7237.577                 
68.4                     7237.562                 
68.41                    7237.5464                
68.42                    7237.5312                
68.43                    7237.516                 
68.44                    7237.501                 
68.45                    7237.486                 
68.46                    7237.4707                
68.47                    7237.4556                
68.48                    7237.4404                
68.49                    7237.4253                
68.5                     7237.41                  
68.51                    7237.395                 
68.52                    7237.3794                
68.53                    7237.3643                
68.54                    7237.349                 
68.55                    7237.334                 
68.56                    7237.319                 
68.57                    7237.3037                
68.58                    7237.2886                
68.59                    7237.2734                
68.6                     7237.258                 
68.61                    7237.2427                
68.62                    7237.2275                
68.63                    7237.2124                
68.64                    7237.1973                
68.65                    7237.182                 
68.66                    7237.167                 
68.67                    7237.1514                
68.68                    7237.136                 
68.69                    7237.121                 
68.7                     7237.106                 
68.71                    7237.091                 
68.72                    7237.0757                
68.73                    7237.06                  
68.74                    7237.045                 
68.75                    7237.03                  
68.76                    7237.0146                
68.77                    7236.9995                
68.78                    7236.9844                
68.79                    7236.9688                
68.8                     7236.9536                
68.81                    7236.9385                
68.82                    7236.9233                
68.83                    7236.908                 
68.84                    7236.8926                
68.85                    7236.8774                
68.86                    7236.8623                
68.87                    7236.847                 
68.88                    7236.832                 
68.89                    7236.8164                
68.9                     7236.8013                
68.91                    7236.786                 
68.92                    7236.771                 
68.93                    7236.756                 
68.94                    7236.74                  
68.95                    7236.725                 
68.96                    7236.71                  
68.97                    7236.695                 
68.98                    7236.679                 
68.99                    7236.664                 
69.0                     7236.649                 
69.01                    7236.634                 
69.02                    7236.618                 
69.03                    7236.603                 
69.04                    7236.588                 
69.05                    7236.5728                
69.06                    7236.557                 
69.07                    7236.542                 
69.08                    7236.527                 
69.09                    7236.5117                
69.1                     7236.496                 
69.11                    7236.481                 
69.12                    7236.466                 
69.13                    7236.4507                
69.14                    7236.435                 
69.15                    7236.42                  
69.16                    7236.405                 
69.17                    7236.389                 
69.18                    7236.374                 
69.19                    7236.359                 
69.2                     7236.3438                
69.21                    7236.328                 
69.22                    7236.313                 
69.23                    7236.298                 
69.24                    7236.282                 
69.25                    7236.267                 
69.26                    7236.252                 
69.27                    7236.2363                
69.28                    7236.221                 
69.29                    7236.206                 
69.3                     7236.1904                
69.31                    7236.1753                
69.32                    7236.16                  
69.33                    7236.1445                
69.34                    7236.1294                
69.35                    7236.1143                
69.36                    7236.0986                
69.37                    7236.0835                
69.38                    7236.0684                
69.39                    7236.0527                
69.4                     7236.0376                
69.41                    7236.0225                
69.42                    7236.007                 
69.43                    7235.9917                
69.44                    7235.9766                
69.45                    7235.961                 
69.46                    7235.946                 
69.47                    7235.9307                
69.48                    7235.915                 
69.49                    7235.9                   
69.5                     7235.885                 
69.51                    7235.869                 
69.52                    7235.854                 
69.53                    7235.8384                
69.54                    7235.823                 
69.55                    7235.808                 
69.56                    7235.7925                
69.57                    7235.7773                
69.58                    7235.762                 
69.59                    7235.7466                
69.6                     7235.7314                
69.61                    7235.716                 
69.62                    7235.7007                
69.63                    7235.6855                
69.64                    7235.67                  
69.65                    7235.655                 
69.66                    7235.639                 
69.67                    7235.624                 
69.68                    7235.609                 
69.69                    7235.5933                
69.7                     7235.578                 
69.71                    7235.5625                
69.72                    7235.5474                
69.73                    7235.5317                
69.74                    7235.5166                
69.75                    7235.5015                
69.76                    7235.486                 
69.77                    7235.4707                
69.78                    7235.455                 
69.79                    7235.44                  
69.8                     7235.4243                
69.81                    7235.409                 
69.82                    7235.394                 
69.83                    7235.3784                
69.84                    7235.3633                
69.85                    7235.3477                
69.86                    7235.3325                
69.87                    7235.317                 
69.88                    7235.302                 
69.89                    7235.286                 
69.9                     7235.271                 
69.91                    7235.2554                
69.92                    7235.24                  
69.93                    7235.225                 
69.94                    7235.2095                
69.95                    7235.1943                
69.96                    7235.1787                
69.97                    7235.1636                
69.98                    7235.148                 
69.99                    7235.133                 
70.0                     7235.117                 
70.01                    7235.102                 
70.02                    7235.0864                
70.03                    7235.0713                
70.04                    7235.0557                
70.05                    7235.0405                
70.06                    7235.025                 
70.07                    7235.01                  
70.08                    7234.994                 
70.09                    7234.979                 
70.1                     7234.9634                
70.11                    7234.948                 
70.12                    7234.9326                
70.13                    7234.9175                
70.14                    7234.902                 
70.15                    7234.8867                
70.16                    7234.871                 
70.17                    7234.856                 
70.18                    7234.8403                
70.19                    7234.825                 
70.2                     7234.8096                
70.21                    7234.7944                
70.22                    7234.779                 
70.23                    7234.763                 
70.24                    7234.748                 
70.25                    7234.7324                
70.26                    7234.7173                
70.27                    7234.7017                
70.28                    7234.6865                
70.29                    7234.671                 
70.3                     7234.656                 
70.31                    7234.64                  
70.32                    7234.625                 
70.33                    7234.6094                
70.34                    7234.5938                
70.35                    7234.5786                
70.36                    7234.563                 
70.37                    7234.548                 
70.38                    7234.532                 
70.39                    7234.517                 
70.4                     7234.5015                
70.41                    7234.4863                
70.42                    7234.4707                
70.43                    7234.455                 
70.44                    7234.44                  
70.45                    7234.4243                
70.46                    7234.409                 
70.47                    7234.3936                
70.48                    7234.378                 
70.49                    7234.363                 
70.5                     7234.347                 
70.51                    7234.332                 
70.52                    7234.3164                
70.53                    7234.301                 
70.54                    7234.2856                
70.55                    7234.27                  
70.56                    7234.255                 
70.57                    7234.2393                
70.58                    7234.2236                
70.59                    7234.2085                
70.6                     7234.193                 
70.61                    7234.1777                
70.62                    7234.162                 
70.63                    7234.1465                
70.64                    7234.1313                
70.65                    7234.1157                
70.66                    7234.1006                
70.67                    7234.085                 
70.68                    7234.0693                
70.69                    7234.054                 
70.7                     7234.0386                
70.71                    7234.023                 
70.72                    7234.008                 
70.73                    7233.992                 
70.74                    7233.9766                
70.75                    7233.9614                
70.76                    7233.946                 
70.77                    7233.9307                
70.78                    7233.915                 
70.79                    7233.8994                
70.8                     7233.8843                
70.81                    7233.8687                
70.82                    7233.853                 
70.83                    7233.838                 
70.84                    7233.8223                
70.85                    7233.8066                
70.86                    7233.7915                
70.87                    7233.776                 
70.88                    7233.7603                
70.89                    7233.745                 
70.9                     7233.7295                
70.91                    7233.714                 
70.92                    7233.6987                
70.93                    7233.683                 
70.94                    7233.6675                
70.95                    7233.6523                
70.96                    7233.6367                
70.97                    7233.621                 
70.98                    7233.606                 
70.99                    7233.5903                
71.0                     7233.5747                
71.01                    7233.559                 
71.02                    7233.544                 
71.03                    7233.5283                
71.04                    7233.5127                
71.05                    7233.4976                
71.06                    7233.482                 
71.07                    7233.4663                
71.08                    7233.451                 
71.09                    7233.4355                
71.1                     7233.42                  
71.11                    7233.4043                
71.12                    7233.389                 
71.13                    7233.3735                
71.14                    7233.358                 
71.15                    7233.343                 
71.16                    7233.327                 
71.17                    7233.3115                
71.18                    7233.296                 
71.19                    7233.281                 
71.2                     7233.265                 
71.21                    7233.2495                
71.22                    7233.2344                
71.23                    7233.2188                
71.24                    7233.203                 
71.25                    7233.1875                
71.26                    7233.1724                
71.27                    7233.1567                
71.28                    7233.141                 
71.29                    7233.1255                
71.3                     7233.1104                
71.31                    7233.0947                
71.32                    7233.079                 
71.33                    7233.0635                
71.34                    7233.0483                
71.35                    7233.0327                
71.36                    7233.017                 
71.37                    7233.0015                
71.38                    7232.9863                
71.39                    7232.9707                
71.4                     7232.955                 
71.41                    7232.9395                
71.42                    7232.9243                
71.43                    7232.9087                
71.44                    7232.893                 
71.45                    7232.8774                
71.46                    7232.862                 
71.47                    7232.8467                
71.48                    7232.831                 
71.49                    7232.8154                
71.5                     7232.8                   
71.51                    7232.7847                
71.52                    7232.769                 
71.53                    7232.7534                
71.54                    7232.738                 
71.55                    7232.722                 
71.56                    7232.707                 
71.57                    7232.6914                
71.58                    7232.676                 
71.59                    7232.66                  
71.6                     7232.6445                
71.61                    7232.6294                
71.62                    7232.614                 
71.63                    7232.598                 
71.64                    7232.5825                
71.65                    7232.567                 
71.66                    7232.552                 
71.67                    7232.536                 
71.68                    7232.5205                
71.69                    7232.505                 
71.7                     7232.4893                
71.71                    7232.474                 
71.72                    7232.4585                
71.73                    7232.443                 
71.74                    7232.4272                
71.75                    7232.4116                
71.76                    7232.396                 
71.77                    7232.381                 
71.78                    7232.365                 
71.79                    7232.3496                
71.8                     7232.334                 
71.81                    7232.3184                
71.82                    7232.3027                
71.83                    7232.2876                
71.84                    7232.272                 
71.85                    7232.2563                
71.86                    7232.2407                
71.87                    7232.225                 
71.88                    7232.2095                
71.89                    7232.1943                
71.9                     7232.1787                
71.91                    7232.163                 
71.92                    7232.1475                
71.93                    7232.132                 
71.94                    7232.116                 
71.95                    7232.1006                
71.96                    7232.0854                
71.97                    7232.07                  
71.98                    7232.054                 
71.99                    7232.0386                
72.0                     7232.023                 
72.01                    7232.0073                
72.02                    7231.9917                
72.03                    7231.9766                
72.04                    7231.961                 
72.05                    7231.9453                
72.06                    7231.9297                
72.07                    7231.914                 
72.08                    7231.8984                
72.09                    7231.883                 
72.1                     7231.867                 
72.11                    7231.8516                
72.12                    7231.8364                
72.13                    7231.821                 
72.14                    7231.805                 
72.15                    7231.7896                
72.16                    7231.774                 
72.17                    7231.7583                
72.18                    7231.7427                
72.19                    7231.727                 
72.2                     7231.7114                
72.21                    7231.6963                
72.22                    7231.6807                
72.23                    7231.665                 
72.24                    7231.6494                
72.25                    7231.634                 
72.26                    7231.618                 
72.27                    7231.6025                
72.28                    7231.587                 
72.29                    7231.5713                
72.3                     7231.5557                
72.31                    7231.54                  
72.32                    7231.525                 
72.33                    7231.5093                
72.34                    7231.4937                
72.35                    7231.478                 
72.36                    7231.4624                
72.37                    7231.447                 
72.38                    7231.431                 
72.39                    7231.4155                
72.4                     7231.4                   
72.41                    7231.3843                
72.42                    7231.3687                
72.43                    7231.353                 
72.44                    7231.3374                
72.45                    7231.3223                
72.46                    7231.3066                
72.47                    7231.291                 
72.48                    7231.2754                
72.49                    7231.26                  
72.5                     7231.244                 
72.51                    7231.2285                
72.52                    7231.213                 
72.53                    7231.1973                
72.54                    7231.1816                
72.55                    7231.166                 
72.56                    7231.1504                
72.57                    7231.135                 
72.58                    7231.119                 
72.59                    7231.1035                
72.6                     7231.088                 
72.61                    7231.0723                
72.62                    7231.0566                
72.63                    7231.041                 
72.64                    7231.0254                
72.65                    7231.01                  
72.66                    7230.9946                
72.67                    7230.979                 
72.68                    7230.9634                
72.69                    7230.9478                
72.7                     7230.932                 
72.71                    7230.9165                
72.72                    7230.901                 
72.73                    7230.8853                
72.74                    7230.8696                
72.75                    7230.854                 
72.76                    7230.8384                
72.77                    7230.8228                
72.78                    7230.807                 
72.79                    7230.7915                
72.8                     7230.776                 
72.81                    7230.7603                
72.82                    7230.7446                
72.83                    7230.729                 
72.84                    7230.7134                
72.85                    7230.6978                
72.86                    7230.682                 
72.87                    7230.6665                
72.88                    7230.651                 
72.89                    7230.6353                
72.9                     7230.6196                
72.91                    7230.604                 
72.92                    7230.5884                
72.93                    7230.5728                
72.94                    7230.557                 
72.95                    7230.5415                
72.96                    7230.526                 
72.97                    7230.5103                
72.98                    7230.4946                
72.99                    7230.479                 
73.0                     7230.4634                
73.01                    7230.4478                
73.02                    7230.432                 
73.03                    7230.4165                
73.04                    7230.401                 
73.05                    7230.3853                
73.06                    7230.3696                
73.07                    7230.354                 
73.08                    7230.3384                
73.09                    7230.3223                
73.1                     7230.3066                
73.11                    7230.291                 
73.12                    7230.2754                
73.13                    7230.26                  
73.14                    7230.244                 
73.15                    7230.2285                
73.16                    7230.213                 
73.17                    7230.1973                
73.18                    7230.1816                
73.19                    7230.166                 
73.2                     7230.1504                
73.21                    7230.135                 
73.22                    7230.119                 
73.23                    7230.1035                
73.24                    7230.088                 
73.25                    7230.0723                
73.26                    7230.0566                
73.27                    7230.041                 
73.28                    7230.0254                
73.29                    7230.01                  
73.3                     7229.994                 
73.31                    7229.978                 
73.32                    7229.9624                
73.33                    7229.947                 
73.34                    7229.931                 
73.35                    7229.9155                
73.36                    7229.9                   
73.37                    7229.8843                
73.38                    7229.8687                
73.39                    7229.853                 
73.4                     7229.8374                
73.41                    7229.822                 
73.42                    7229.806                 
73.43                    7229.7905                
73.44                    7229.775                 
73.45                    7229.759                 
73.46                    7229.743                 
73.47                    7229.7275                
73.48                    7229.712                 
73.49                    7229.6963                
73.5                     7229.6807                
73.51                    7229.665                 
73.52                    7229.6494                
73.53                    7229.634                 
73.54                    7229.618                 
73.55                    7229.6025                
73.56                    7229.5864                
73.57                    7229.571                 
73.58                    7229.555                 
73.59                    7229.5396                
73.6                     7229.524                 
73.61                    7229.5083                
73.62                    7229.4927                
73.63                    7229.477                 
73.64                    7229.4614                
73.65                    7229.446                 
73.66                    7229.4297                
73.67                    7229.414                 
73.68                    7229.3984                
73.69                    7229.383                 
73.7                     7229.367                 
73.71                    7229.3516                
73.72                    7229.336                 
73.73                    7229.3203                
73.74                    7229.3047                
73.75                    7229.2886                
73.76                    7229.273                 
73.77                    7229.2573                
73.78                    7229.2417                
73.79                    7229.226                 
73.8                     7229.2104                
73.81                    7229.195                 
73.82                    7229.179                 
73.83                    7229.1636                
73.84                    7229.148                 
73.85                    7229.1323                
73.86                    7229.1167                
73.87                    7229.101                 
73.88                    7229.0854                
73.89                    7229.07                  
73.9                     7229.054                 
73.91                    7229.0386                
73.92                    7229.023                 
73.93                    7229.0073                
73.94                    7228.9917                
73.95                    7228.976                 
73.96                    7228.9604                
73.97                    7228.945                 
73.98                    7228.929                 
73.99                    7228.9136                
74.0                     7228.898                 
74.01                    7228.8823                
74.02                    7228.8667                
74.03                    7228.851                 
74.04                    7228.8354                
74.05                    7228.82                  
74.06                    7228.804                 
74.07                    7228.7886                
74.08                    7228.773                 
74.09                    7228.7573                
74.1                     7228.7417                
74.11                    7228.726                 
74.12                    7228.7104                
74.13                    7228.695                 
74.14                    7228.679                 
74.15                    7228.6636                
74.16                    7228.648                 
74.17                    7228.6323                
74.18                    7228.6167                
74.19                    7228.601                 
74.2                     7228.5854                
74.21                    7228.57                  
74.22                    7228.554                 
74.23                    7228.5386                
74.24                    7228.523                 
74.25                    7228.5073                
74.26                    7228.4917                
74.27                    7228.476                 
74.28                    7228.4604                
74.29                    7228.445                 
74.3                     7228.429                 
74.31                    7228.4136                
74.32                    7228.398                 
74.33                    7228.3823                
74.34                    7228.3667                
74.35                    7228.351                 
74.36                    7228.3354                
74.37                    7228.32                  
74.38                    7228.304                 
74.39                    7228.2886                
74.4                     7228.273                 
74.41                    7228.2573                
74.42                    7228.2417                
74.43                    7228.226                 
74.44                    7228.2104                
74.45                    7228.195                 
74.46                    7228.179                 
74.47                    7228.1636                
74.48                    7228.148                 
74.49                    7228.1323                
74.5                     7228.1167                
74.51                    7228.101                 
74.52                    7228.0854                
74.53                    7228.07                  
74.54                    7228.054                 
74.55                    7228.0386                
74.56                    7228.023                 
74.57                    7228.0073                
74.58                    7227.9917                
74.59                    7227.976                 
74.6                     7227.9604                
74.61                    7227.945                 
74.62                    7227.929                 
74.63                    7227.9136                
74.64                    7227.898                 
74.65                    7227.8823                
74.66                    7227.8667                
74.67                    7227.851                 
74.68                    7227.8354                
74.69                    7227.82                  
74.7                     7227.804                 
74.71                    7227.7886                
74.72                    7227.773                 
74.73                    7227.7573                
74.74                    7227.7417                
74.75                    7227.726                 
74.76                    7227.7104                
74.77                    7227.695                 
74.78                    7227.679                 
74.79                    7227.6636                
74.8                     7227.648                 
74.81                    7227.6323                
74.82                    7227.6167                
74.83                    7227.601                 
74.84                    7227.5854                
74.85                    7227.57                  
74.86                    7227.554                 
74.87                    7227.5386                
74.88                    7227.523                 
74.89                    7227.5073                
74.9                     7227.4917                
74.91                    7227.476                 
74.92                    7227.4604                
74.93                    7227.445                 
74.94                    7227.429                 
74.95                    7227.4136                
74.96                    7227.398                 
74.97                    7227.3823                
74.98                    7227.3667                
74.99                    7227.351                 
75.0                     7227.3354                
75.01                    7227.32                  
75.02                    7227.304                 
75.03                    7227.2886                
75.04                    7227.273                 
75.05                    7227.2573                
75.06                    7227.2417                
75.07                    7227.226                 
75.08                    7227.2104                
75.09                    7227.195                 
75.1                     7227.179                 
75.11                    7227.1636                
75.12                    7227.148                 
75.13                    7227.1323                
75.14                    7227.1167                
75.15                    7227.101                 
75.16                    7227.085                 
75.17                    7227.0693                
75.18                    7227.0537                
75.19                    7227.038                 
75.2                     7227.0225                
75.21                    7227.007                 
75.22                    7226.991                 
75.23                    7226.9756                
75.24                    7226.96                  
75.25                    7226.9443                
75.26                    7226.9287                
75.27                    7226.913                 
75.28                    7226.8975                
75.29                    7226.882                 
75.3                     7226.866                 
75.31                    7226.8506                
75.32                    7226.835                 
75.33                    7226.8193                
75.34                    7226.8037                
75.35                    7226.788                 
75.36                    7226.7725                
75.37                    7226.757                 
75.38                    7226.741                 
75.39                    7226.7256                
75.4                     7226.71                  
75.41                    7226.6943                
75.42                    7226.6787                
75.43                    7226.663                 
75.44                    7226.6475                
75.45                    7226.632                 
75.46                    7226.616                 
75.47                    7226.6006                
75.48                    7226.585                 
75.49                    7226.5693                
75.5                     7226.5537                
75.51                    7226.538                 
75.52                    7226.5225                
75.53                    7226.507                 
75.54                    7226.491                 
75.55                    7226.4756                
75.56                    7226.46                  
75.57                    7226.4443                
75.58                    7226.4287                
75.59                    7226.413                 
75.6                     7226.3975                
75.61                    7226.382                 
75.62                    7226.366                 
75.63                    7226.3506                
75.64                    7226.335                 
75.65                    7226.3193                
75.66                    7226.3037                
75.67                    7226.288                 
75.68                    7226.2725                
75.69                    7226.257                 
75.7                     7226.241                 
75.71                    7226.2256                
75.72                    7226.21                  
75.73                    7226.1943                
75.74                    7226.1787                
75.75                    7226.163                 
75.76                    7226.1475                
75.77                    7226.132                 
75.78                    7226.116                 
75.79                    7226.1006                
75.8                     7226.085                 
75.81                    7226.0693                
75.82                    7226.0537                
75.83                    7226.038                 
75.84                    7226.0225                
75.85                    7226.007                 
75.86                    7225.991                 
75.87                    7225.9756                
75.88                    7225.96                  
75.89                    7225.9443                
75.9                     7225.9287                
75.91                    7225.913                 
75.92                    7225.8975                
75.93                    7225.882                 
75.94                    7225.866                 
75.95                    7225.8506                
75.96                    7225.835                 
75.97                    7225.8193                
75.98                    7225.8037                
75.99                    7225.788                 
76.0                     7225.7725                
76.01                    7225.757                 
76.02                    7225.741                 
76.03                    7225.7256                
76.04                    7225.71                  
76.05                    7225.6943                
76.06                    7225.6787                
76.07                    7225.663                 
76.08                    7225.6475                
76.09                    7225.632                 
76.1                     7225.616                 
76.11                    7225.6006                
76.12                    7225.585                 
76.13                    7225.5693                
76.14                    7225.5537                
76.15                    7225.538                 
76.16                    7225.5225                
76.17                    7225.507                 
76.18                    7225.491                 
76.19                    7225.4756                
76.2                     7225.46                  
76.21                    7225.4443                
76.22                    7225.4287                
76.23                    7225.413                 
76.24                    7225.3975                
76.25                    7225.382                 
76.26                    7225.366                 
76.27                    7225.3506                
76.28                    7225.335                 
76.29                    7225.3193                
76.3                     7225.3037                
76.31                    7225.288                 
76.32                    7225.2725                
76.33                    7225.257                 
76.34                    7225.241                 
76.35                    7225.2256                
76.36                    7225.21                  
76.37                    7225.1943                
76.38                    7225.1787                
76.39                    7225.163                 
76.4                     7225.1475                
76.41                    7225.132                 
76.42                    7225.116                 
76.43                    7225.1006                
76.44                    7225.085                 
76.45                    7225.0693                
76.46                    7225.0537                
76.47                    7225.038                 
76.48                    7225.0225                
76.49                    7225.007                 
76.5                     7224.991                 
76.51                    7224.9756                
76.52                    7224.96                  
76.53                    7224.9443                
76.54                    7224.9287                
76.55                    7224.913                 
76.56                    7224.8975                
76.57                    7224.882                 
76.58                    7224.866                 
76.59                    7224.8506                
76.6                     7224.835                 
76.61                    7224.8193                
76.62                    7224.8037                
76.63                    7224.788                 
76.64                    7224.7725                
76.65                    7224.757                 
76.66                    7224.741                 
76.67                    7224.7256                
76.68                    7224.71                  
76.69                    7224.6943                
76.7                     7224.6787                
76.71                    7224.663                 
76.72                    7224.6475                
76.73                    7224.632                 
76.74                    7224.616                 
76.75                    7224.6006                
76.76                    7224.585                 
76.77                    7224.5693                
76.78                    7224.5537                
76.79                    7224.538                 
76.8                     7224.5225                
76.81                    7224.507                 
76.82                    7224.491                 
76.83                    7224.4756                
76.84                    7224.46                  
76.85                    7224.4443                
76.86                    7224.4287                
76.87                    7224.413                 
76.88                    7224.3975                
76.89                    7224.382                 
76.9                     7224.366                 
76.91                    7224.3506                
76.92                    7224.335                 
76.93                    7224.3193                
76.94                    7224.3037                
76.95                    7224.288                 
76.96                    7224.2725                
76.97                    7224.257                 
76.98                    7224.241                 
76.99                    7224.2256                
77.0                     7224.21                  
77.01                    7224.1943                
77.02                    7224.179                 
77.03                    7224.1636                
77.04                    7224.148                 
77.05                    7224.1323                
77.06                    7224.1167                
77.07                    7224.101                 
77.08                    7224.0854                
77.09                    7224.07                  
77.1                     7224.054                 
77.11                    7224.0386                
77.12                    7224.023                 
77.13                    7224.0073                
77.14                    7223.9917                
77.15                    7223.976                 
77.16                    7223.9604                
77.17                    7223.945                 
77.18                    7223.929                 
77.19                    7223.9136                
77.2                     7223.898                 
77.21                    7223.8823                
77.22                    7223.8667                
77.23                    7223.851                 
77.24                    7223.8354                
77.25                    7223.82                  
77.26                    7223.804                 
77.27                    7223.7886                
77.28                    7223.773                 
77.29                    7223.7573                
77.3                     7223.7417                
77.31                    7223.7266                
77.32                    7223.711                 
77.33                    7223.6953                
77.34                    7223.6797                
77.35                    7223.664                 
77.36                    7223.6484                
77.37                    7223.633                 
77.38                    7223.617                 
77.39                    7223.6016                
77.4                     7223.586                 
77.41                    7223.5703                
77.42                    7223.5547                
77.43                    7223.539                 
77.44                    7223.5234                
77.45                    7223.508                 
77.46                    7223.492                 
77.47                    7223.4766                
77.48                    7223.461                 
77.49                    7223.4453                
77.5                     7223.4297                
77.51                    7223.414                 
77.52                    7223.3984                
77.53                    7223.3833                
77.54                    7223.3677                
77.55                    7223.352                 
77.56                    7223.3364                
77.57                    7223.321                 
77.58                    7223.305                 
77.59                    7223.2896                
77.6                     7223.274                 
77.61                    7223.2583                
77.62                    7223.2427                
77.63                    7223.227                 
77.64                    7223.2114                
77.65                    7223.196                 
77.66                    7223.18                  
77.67                    7223.1646                
77.68                    7223.149                 
77.69                    7223.1333                
77.7                     7223.118                 
77.71                    7223.1025                
77.72                    7223.087                 
77.73                    7223.0713                
77.74                    7223.0557                
77.75                    7223.04                  
77.76                    7223.0244                
77.77                    7223.009                 
77.78                    7222.993                 
77.79                    7222.9775                
77.8                     7222.962                 
77.81                    7222.9463                
77.82                    7222.9307                
77.83                    7222.915                 
77.84                    7222.8994                
77.85                    7222.8843                
77.86                    7222.8687                
77.87                    7222.853                 
77.88                    7222.8374                
77.89                    7222.822                 
77.9                     7222.806                 
77.91                    7222.7905                
77.92                    7222.775                 
77.93                    7222.7593                
77.94                    7222.7437                
77.95                    7222.728                 
77.96                    7222.7124                
77.97                    7222.697                 
77.98                    7222.681                 
77.99                    7222.666                 
78.0                     7222.6504                
78.01                    7222.635                 
78.02                    7222.619                 
78.03                    7222.6035                
78.04                    7222.588                 
78.05                    7222.5723                
78.06                    7222.5566                
78.07                    7222.541                 
78.08                    7222.5254                
78.09                    7222.51                  
78.1                     7222.494                 
78.11                    7222.479                 
78.12                    7222.4634                
78.13                    7222.4478                
78.14                    7222.432                 
78.15                    7222.4165                
78.16                    7222.401                 
78.17                    7222.3853                
78.18                    7222.3696                
78.19                    7222.354                 
78.2                     7222.3384                
78.21                    7222.3228                
78.22                    7222.3076                
78.23                    7222.292                 
78.24                    7222.2764                
78.25                    7222.2607                
78.26                    7222.245                 
78.27                    7222.2295                
78.28                    7222.214                 
78.29                    7222.198                 
78.3                     7222.1826                
78.31                    7222.167                 
78.32                    7222.152                 
78.33                    7222.136                 
78.34                    7222.1206                
78.35                    7222.105                 
78.36                    7222.0894                
78.37                    7222.0737                
78.38                    7222.058                 
78.39                    7222.0425                
78.4                     7222.027                 
78.41                    7222.011                 
78.42                    7221.996                 
78.43                    7221.9805                
78.44                    7221.965                 
78.45                    7221.949                 
78.46                    7221.9336                
78.47                    7221.918                 
78.48                    7221.9023                
78.49                    7221.8867                
78.5                     7221.871                 
78.51                    7221.856                 
78.52                    7221.8403                
78.53                    7221.8247                
78.54                    7221.809                 
78.55                    7221.7935                
78.56                    7221.778                 
78.57                    7221.762                 
78.58                    7221.7466                
78.59                    7221.731                 
78.6                     7221.716                 
78.61                    7221.7                   
78.62                    7221.6846                
78.63                    7221.669                 
78.64                    7221.6533                
78.65                    7221.6377                
78.66                    7221.622                 
78.67                    7221.6064                
78.68                    7221.5913                
78.69                    7221.5757                
78.7                     7221.56                  
78.71                    7221.5444                
78.72                    7221.529                 
78.73                    7221.513                 
78.74                    7221.4976                
78.75                    7221.482                 
78.76                    7221.467                 
78.77                    7221.451                 
78.78                    7221.4355                
78.79                    7221.42                  
78.8                     7221.4043                
78.81                    7221.3887                
78.82                    7221.373                 
78.83                    7221.358                 
78.84                    7221.3423                
78.85                    7221.3267                
78.86                    7221.311                 
78.87                    7221.2954                
78.88                    7221.28                  
78.89                    7221.264                 
78.9                     7221.249                 
78.91                    7221.2334                
78.92                    7221.218                 
78.93                    7221.202                 
78.94                    7221.1865                
78.95                    7221.171                 
78.96                    7221.1553                
78.97                    7221.14                  
78.98                    7221.1245                
78.99                    7221.109                 
79.0                     7221.0933                
79.01                    7221.0776                
79.02                    7221.062                 
79.03                    7221.0464                
79.04                    7221.0312                
79.05                    7221.0156                
79.06                    7221.0                   
79.07                    7220.9844                
79.08                    7220.9688                
79.09                    7220.953                 
79.1                     7220.938                 
79.11                    7220.9224                
79.12                    7220.9067                
79.13                    7220.891                 
79.14                    7220.8755                
79.15                    7220.86                  
79.16                    7220.844                 
79.17                    7220.829                 
79.18                    7220.8135                
79.19                    7220.798                 
79.2                     7220.782                 
79.21                    7220.7666                
79.22                    7220.751                 
79.23                    7220.736                 
79.24                    7220.72                  
79.25                    7220.7046                
79.26                    7220.689                 
79.27                    7220.6733                
79.28                    7220.6577                
79.29                    7220.6426                
79.3                     7220.627                 
79.31                    7220.6113                
79.32                    7220.5957                
79.33                    7220.58                  
79.34                    7220.565                 
79.35                    7220.5493                
79.36                    7220.5337                
79.37                    7220.518                 
79.38                    7220.5024                
79.39                    7220.487                 
79.4                     7220.4717                
79.41                    7220.456                 
79.42                    7220.4404                
79.43                    7220.425                 
79.44                    7220.409                 
79.45                    7220.394                 
79.46                    7220.3784                
79.47                    7220.363                 
79.48                    7220.347                 
79.49                    7220.3315                
79.5                     7220.316                 
79.51                    7220.301                 
79.52                    7220.285                 
79.53                    7220.2695                
79.54                    7220.254                 
79.55                    7220.2383                
79.56                    7220.223                 
79.57                    7220.2075                
79.58                    7220.192                 
79.59                    7220.1763                
79.6                     7220.1606                
79.61                    7220.1455                
79.62                    7220.13                  
79.63                    7220.1143                
79.64                    7220.0986                
79.65                    7220.083                 
79.66                    7220.068                 
79.67                    7220.0522                
79.68                    7220.0366                
79.69                    7220.021                 
79.7                     7220.0054                
79.71                    7219.99                  
79.72                    7219.9746                
79.73                    7219.959                 
79.74                    7219.9434                
79.75                    7219.9277                
79.76                    7219.9126                
79.77                    7219.897                 
79.78                    7219.8813                
79.79                    7219.8657                
79.8                     7219.8506                
79.81                    7219.835                 
79.82                    7219.8193                
79.83                    7219.8037                
79.84                    7219.788                 
79.85                    7219.773                 
79.86                    7219.7573                
79.87                    7219.7417                
79.88                    7219.726                 
79.89                    7219.711                 
79.9                     7219.6953                
79.91                    7219.6797                
79.92                    7219.664                 
79.93                    7219.6484                
79.94                    7219.6333                
79.95                    7219.6177                
79.96                    7219.602                 
79.97                    7219.5864                
79.98                    7219.5713                
79.99                    7219.5557                
80.0                     7219.54                  
80.01                    7219.5244                
80.02                    7219.509                 
80.03                    7219.4937                
80.04                    7219.478                 
80.05                    7219.4624                
80.06                    7219.447                 
80.07                    7219.4316                
80.08                    7219.416                 
80.09                    7219.4004                
80.1                     7219.3853                
80.11                    7219.3696                
80.12                    7219.354                 
80.13                    7219.339                 
80.14                    7219.323                 
80.15                    7219.3076                
80.16                    7219.2925                
80.17                    7219.277                 
80.18                    7219.261                 
80.19                    7219.246                 
80.2                     7219.2305                
80.21                    7219.215                 
80.22                    7219.1997                
80.23                    7219.184                 
80.24                    7219.1685                
80.25                    7219.1533                
80.26                    7219.1377                
80.27                    7219.122                 
80.28                    7219.107                 
80.29                    7219.0913                
80.3                     7219.0757                
80.31                    7219.0605                
80.32                    7219.045                 
80.33                    7219.0293                
80.34                    7219.014                 
80.35                    7218.9985                
80.36                    7218.983                 
80.37                    7218.968                 
80.38                    7218.952                 
80.39                    7218.9365                
80.4                     7218.9214                
80.41                    7218.906                 
80.42                    7218.8906                
80.43                    7218.875                 
80.44                    7218.8594                
80.45                    7218.844                 
80.46                    7218.8286                
80.47                    7218.813                 
80.48                    7218.798                 
80.49                    7218.782                 
80.5                     7218.7666                
80.51                    7218.7515                
80.52                    7218.736                 
80.53                    7218.7207                
80.54                    7218.705                 
80.55                    7218.6895                
80.56                    7218.6743                
80.57                    7218.6587                
80.58                    7218.643                 
80.59                    7218.628                 
80.6                     7218.6123                
80.61                    7218.597                 
80.62                    7218.5815                
80.63                    7218.566                 
80.64                    7218.551                 
80.65                    7218.535                 
80.66                    7218.52                  
80.67                    7218.5044                
80.68                    7218.489                 
80.69                    7218.4736                
80.7                     7218.458                 
80.71                    7218.443                 
80.72                    7218.4272                
80.73                    7218.4116                
80.74                    7218.3965                
80.75                    7218.381                 
80.76                    7218.3657                
80.77                    7218.35                  
80.78                    7218.3345                
80.79                    7218.3193                
80.8                     7218.3037                
80.81                    7218.2886                
80.82                    7218.273                 
80.83                    7218.258                 
80.84                    7218.242                 
80.85                    7218.2266                
80.86                    7218.2114                
80.87                    7218.196                 
80.88                    7218.1807                
80.89                    7218.165                 
80.9                     7218.15                  
80.91                    7218.1343                
80.92                    7218.1187                
80.93                    7218.1035                
80.94                    7218.088                 
80.95                    7218.0728                
80.96                    7218.057                 
80.97                    7218.042                 
80.98                    7218.0264                
80.99                    7218.0107                
81.0                     7217.9956                
81.01                    7217.98                  
81.02                    7217.965                 
81.03                    7217.949                 
81.04                    7217.934                 
81.05                    7217.9185                
81.06                    7217.9033                
81.07                    7217.8877                
81.08                    7217.872                 
81.09                    7217.857                 
81.1                     7217.8413                
81.11                    7217.826                 
81.12                    7217.8105                
81.13                    7217.7954                
81.14                    7217.78                  
81.15                    7217.7646                
81.16                    7217.749                 
81.17                    7217.734                 
81.18                    7217.7183                
81.19                    7217.703                 
81.2                     7217.6875                
81.21                    7217.6724                
81.22                    7217.6567                
81.23                    7217.6416                
81.24                    7217.626                 
81.25                    7217.6104                
81.26                    7217.595                 
81.27                    7217.5796                
81.28                    7217.5645                
81.29                    7217.549                 
81.3                     7217.5337                
81.31                    7217.518                 
81.32                    7217.503                 
81.33                    7217.4873                
81.34                    7217.472                 
81.35                    7217.4565                
81.36                    7217.4414                
81.37                    7217.426                 
81.38                    7217.4106                
81.39                    7217.395                 
81.4                     7217.38                  
81.41                    7217.3643                
81.42                    7217.349                 
81.43                    7217.3335                
81.44                    7217.3184                
81.45                    7217.3027                
81.46                    7217.2876                
81.47                    7217.272                 
81.48                    7217.257                 
81.49                    7217.2417                
81.5                     7217.226                 
81.51                    7217.211                 
81.52                    7217.1953                
81.53                    7217.18                  
81.54                    7217.1646                
81.55                    7217.1494                
81.56                    7217.134                 
81.57                    7217.1187                
81.58                    7217.103                 
81.59                    7217.088                 
81.6                     7217.0723                
81.61                    7217.057                 
81.62                    7217.0415                
81.63                    7217.0264                
81.64                    7217.0107                
81.65                    7216.9956                
81.66                    7216.9805                
81.67                    7216.965                 
81.68                    7216.9497                
81.69                    7216.934                 
81.7                     7216.919                 
81.71                    7216.9033                
81.72                    7216.888                 
81.73                    7216.8726                
81.74                    7216.8574                
81.75                    7216.8423                
81.76                    7216.8267                
81.77                    7216.8115                
81.78                    7216.796                 
81.79                    7216.781                 
81.8                     7216.765                 
81.81                    7216.75                  
81.82                    7216.735                 
81.83                    7216.719                 
81.84                    7216.704                 
81.85                    7216.6885                
81.86                    7216.6733                
81.87                    7216.6577                
81.88                    7216.6426                
81.89                    7216.6274                
81.9                     7216.612                 
81.91                    7216.5967                
81.92                    7216.581                 
81.93                    7216.566                 
81.94                    7216.551                 
81.95                    7216.535                 
81.96                    7216.52                  
81.97                    7216.5044                
81.98                    7216.4893                
81.99                    7216.474                 
82.0                     7216.4585                
82.01                    7216.4434                
82.02                    7216.4277                
82.03                    7216.4126                
82.04                    7216.3975                
82.05                    7216.382                 
82.06                    7216.3667                
82.07                    7216.351                 
82.08                    7216.336                 
82.09                    7216.321                 
82.1                     7216.305                 
82.11                    7216.29                  
82.12                    7216.2744                
82.13                    7216.2593                
82.14                    7216.244                 
82.15                    7216.2285                
82.16                    7216.2134                
82.17                    7216.198                 
82.18                    7216.1826                
82.19                    7216.1675                
82.2                     7216.152                 
82.21                    7216.1367                
82.22                    7216.1216                
82.23                    7216.106                 
82.24                    7216.091                 
82.25                    7216.0757                
82.26                    7216.06                  
82.27                    7216.045                 
82.28                    7216.03                  
82.29                    7216.014                 
82.3                     7215.999                 
82.31                    7215.984                 
82.32                    7215.9683                
82.33                    7215.953                 
82.34                    7215.938                 
82.35                    7215.9224                
82.36                    7215.907                 
82.37                    7215.892                 
82.38                    7215.8765                
82.39                    7215.8613                
82.4                     7215.846                 
82.41                    7215.8306                
82.42                    7215.8154                
82.43                    7215.8003                
82.44                    7215.7847                
82.45                    7215.7695                
82.46                    7215.7544                
82.47                    7215.739                 
82.48                    7215.7236                
82.49                    7215.7085                
82.5                     7215.693                 
82.51                    7215.6777                
82.52                    7215.6626                
82.53                    7215.647                 
82.54                    7215.632                 
82.55                    7215.6167                
82.56                    7215.601                 
82.57                    7215.586                 
82.58                    7215.571                 
82.59                    7215.5557                
82.6                     7215.54                  
82.61                    7215.525                 
82.62                    7215.51                  
82.63                    7215.494                 
82.64                    7215.479                 
82.65                    7215.464                 
82.66                    7215.4487                
82.67                    7215.433                 
82.68                    7215.418                 
82.69                    7215.403                 
82.7                     7215.387                 
82.71                    7215.372                 
82.72                    7215.357                 
82.73                    7215.342                 
82.74                    7215.326                 
82.75                    7215.311                 
82.76                    7215.296                 
82.77                    7215.2803                
82.78                    7215.265                 
82.79                    7215.25                  
82.8                     7215.235                 
82.81                    7215.219                 
82.82                    7215.204                 
82.83                    7215.189                 
82.84                    7215.174                 
82.85                    7215.158                 
82.86                    7215.143                 
82.87                    7215.128                 
82.88                    7215.113                 
82.89                    7215.097                 
82.9                     7215.082                 
82.91                    7215.067                 
82.92                    7215.052                 
82.93                    7215.036                 
82.94                    7215.021                 
82.95                    7215.006                 
82.96                    7214.9907                
82.97                    7214.9756                
82.98                    7214.96                  
82.99                    7214.945                 
83.0                     7214.9297                
83.01                    7214.9146                
83.02                    7214.899                 
83.03                    7214.884                 
83.04                    7214.8687                
83.05                    7214.8535                
83.06                    7214.8384                
83.07                    7214.8228                
83.08                    7214.8076                
83.09                    7214.7925                
83.1                     7214.7773                
83.11                    7214.7617                
83.12                    7214.7466                
83.13                    7214.7314                
83.14                    7214.7163                
83.15                    7214.701                 
83.16                    7214.6855                
83.17                    7214.6704                
83.18                    7214.6553                
83.19                    7214.64                  
83.2                     7214.625                 
83.21                    7214.6094                
83.22                    7214.594                 
83.23                    7214.579                 
83.24                    7214.564                 
83.25                    7214.549                 
83.26                    7214.5337                
83.27                    7214.518                 
83.28                    7214.503                 
83.29                    7214.488                 
83.3                     7214.4727                
83.31                    7214.4575                
83.32                    7214.4424                
83.33                    7214.427                 
83.34                    7214.4116                
83.35                    7214.3965                
83.36                    7214.3813                
83.37                    7214.366                 
83.38                    7214.351                 
83.39                    7214.3354                
83.4                     7214.3203                
83.41                    7214.305                 
83.42                    7214.29                  
83.43                    7214.275                 
83.44                    7214.26                  
83.45                    7214.244                 
83.46                    7214.229                 
83.47                    7214.214                 
83.48                    7214.1987                
83.49                    7214.1836                
83.5                     7214.1685                
83.51                    7214.1533                
83.52                    7214.138                 
83.53                    7214.1226                
83.54                    7214.1074                
83.55                    7214.0923                
83.56                    7214.077                 
83.57                    7214.062                 
83.58                    7214.047                 
83.59                    7214.0317                
83.6                     7214.0166                
83.61                    7214.001                 
83.62                    7213.986                 
83.63                    7213.9707                
83.64                    7213.9556                
83.65                    7213.9404                
83.66                    7213.9253                
83.67                    7213.91                  
83.68                    7213.895                 
83.69                    7213.88                  
83.7                     7213.8643                
83.71                    7213.849                 
83.72                    7213.834                 
83.73                    7213.819                 
83.74                    7213.8037                
83.75                    7213.7886                
83.76                    7213.7734                
83.77                    7213.7583                
83.78                    7213.743                 
83.79                    7213.728                 
83.8                     7213.713                 
83.81                    7213.6973                
83.82                    7213.682                 
83.83                    7213.667                 
83.84                    7213.652                 
83.85                    7213.6367                
83.86                    7213.6216                
83.87                    7213.6064                
83.88                    7213.5913                
83.89                    7213.576                 
83.9                     7213.561                 
83.91                    7213.546                 
83.92                    7213.531                 
83.93                    7213.5156                
83.94                    7213.5005                
83.95                    7213.4854                
83.96                    7213.4697                
83.97                    7213.4546                
83.98                    7213.4395                
83.99                    7213.4243                
84.0                     7213.409                 
84.01                    7213.394                 
84.02                    7213.379                 
84.03                    7213.364                 
84.04                    7213.3486                
84.05                    7213.3335                
84.06                    7213.3184                
84.07                    7213.303                 
84.08                    7213.288                 
84.09                    7213.273                 
84.1                     7213.258                 
84.11                    7213.2427                
84.12                    7213.2275                
84.13                    7213.2124                
84.14                    7213.1973                
84.15                    7213.182                 
84.16                    7213.167                 
84.17                    7213.152                 
84.18                    7213.1367                
84.19                    7213.1216                
84.2                     7213.1064                
84.21                    7213.0913                
84.22                    7213.076                 
84.23                    7213.061                 
84.24                    7213.046                 
84.25                    7213.031                 
84.26                    7213.0156                
84.27                    7213.0005                
84.28                    7212.9854                
84.29                    7212.97                  
84.3                     7212.955                 
84.31                    7212.94                  
84.32                    7212.925                 
84.33                    7212.9097                
84.34                    7212.8945                
84.35                    7212.8794                
84.36                    7212.8643                
84.37                    7212.849                 
84.38                    7212.834                 
84.39                    7212.819                 
84.4                     7212.8037                
84.41                    7212.7886                
84.42                    7212.7734                
84.43                    7212.7583                
84.44                    7212.743                 
84.45                    7212.728                 
84.46                    7212.713                 
84.47                    7212.6978                
84.48                    7212.6826                
84.49                    7212.6675                
84.5                     7212.653                 
84.51                    7212.6377                
84.52                    7212.6226                
84.53                    7212.6074                
84.54                    7212.5923                
84.55                    7212.577                 
84.56                    7212.562                 
84.57                    7212.547                 
84.58                    7212.5317                
84.59                    7212.5166                
84.6                     7212.5015                
84.61                    7212.4863                
84.62                    7212.471                 
84.63                    7212.456                 
84.64                    7212.441                 
84.65                    7212.426                 
84.66                    7212.411                 
84.67                    7212.396                 
84.68                    7212.381                 
84.69                    7212.3657                
84.7                     7212.3506                
84.71                    7212.3354                
84.72                    7212.3203                
84.73                    7212.305                 
84.74                    7212.29                  
84.75                    7212.275                 
84.76                    7212.26                  
84.77                    7212.245                 
84.78                    7212.23                  
84.79                    7212.215                 
84.8                     7212.1997                
84.81                    7212.1846                
84.82                    7212.1694                
84.83                    7212.1543                
84.84                    7212.139                 
84.85                    7212.124                 
84.86                    7212.1094                
84.87                    7212.094                 
84.88                    7212.079                 
84.89                    7212.064                 
84.9                     7212.049                 
84.91                    7212.0337                
84.92                    7212.0186                
84.93                    7212.004                 
84.94                    7211.989                 
84.95                    7211.9736                
84.96                    7211.9585                
84.97                    7211.9434                
84.98                    7211.928                 
84.99                    7211.913                 
85.0                     7211.898                 
85.01                    7211.8833                
85.02                    7211.868                 
85.03                    7211.853                 
85.04                    7211.838                 
85.05                    7211.8228                
85.06                    7211.8076                
85.07                    7211.793                 
85.08                    7211.778                 
85.09                    7211.7627                
85.1                     7211.7476                
85.11                    7211.7324                
85.12                    7211.7173                
85.13                    7211.7026                
85.14                    7211.6875                
85.15                    7211.6724                
85.16                    7211.657                 
85.17                    7211.642                 
85.18                    7211.627                 
85.19                    7211.6123                
85.2                     7211.597                 
85.21                    7211.582                 
85.22                    7211.567                 
85.23                    7211.552                 
85.24                    7211.537                 
85.25                    7211.522                 
85.26                    7211.507                 
85.27                    7211.4917                
85.28                    7211.4766                
85.29                    7211.462                 
85.3                     7211.447                 
85.31                    7211.4316                
85.32                    7211.4165                
85.33                    7211.4014                
85.34                    7211.3867                
85.35                    7211.3716                
85.36                    7211.3564                
85.37                    7211.3413                
85.38                    7211.3267                
85.39                    7211.3115                
85.4                     7211.2964                
85.41                    7211.2812                
85.42                    7211.266                 
85.43                    7211.2515                
85.44                    7211.2363                
85.45                    7211.221                 
85.46                    7211.206                 
85.47                    7211.1914                
85.48                    7211.1763                
85.49                    7211.161                 
85.5                     7211.146                 
85.51                    7211.1313                
85.52                    7211.116                 
85.53                    7211.101                 
85.54                    7211.086                 
85.55                    7211.0713                
85.56                    7211.056                 
85.57                    7211.041                 
85.58                    7211.026                 
85.59                    7211.011                 
85.6                     7210.996                 
85.61                    7210.981                 
85.62                    7210.966                 
85.63                    7210.951                 
85.64                    7210.936                 
85.65                    7210.921                 
85.66                    7210.9062                
85.67                    7210.891                 
85.68                    7210.876                 
85.69                    7210.861                 
85.7                     7210.846                 
85.71                    7210.831                 
85.72                    7210.816                 
85.73                    7210.8013                
85.74                    7210.786                 
85.75                    7210.771                 
85.76                    7210.756                 
85.77                    7210.741                 
85.78                    7210.726                 
85.79                    7210.711                 
85.8                     7210.6963                
85.81                    7210.681                 
85.82                    7210.666                 
85.83                    7210.6514                
85.84                    7210.636                 
85.85                    7210.621                 
85.86                    7210.606                 
85.87                    7210.5913                
85.88                    7210.576                 
85.89                    7210.561                 
85.9                     7210.5464                
85.91                    7210.5312                
85.92                    7210.516                 
85.93                    7210.5015                
85.94                    7210.4863                
85.95                    7210.471                 
85.96                    7210.4565                
85.97                    7210.4414                
85.98                    7210.4263                
85.99                    7210.4116                
86.0                     7210.3965                
86.01                    7210.3813                
86.02                    7210.3667                
86.03                    7210.3516                
86.04                    7210.337                 
86.05                    7210.322                 
86.06                    7210.3066                
86.07                    7210.292                 
86.08                    7210.277                 
86.09                    7210.2617                
86.1                     7210.247                 
86.11                    7210.232                 
86.12                    7210.217                 
86.13                    7210.202                 
86.14                    7210.187                 
86.15                    7210.1724                
86.16                    7210.157                 
86.17                    7210.142                 
86.18                    7210.1274                
86.19                    7210.1123                
86.2                     7210.097                 
86.21                    7210.0825                
86.22                    7210.0674                
86.23                    7210.0527                
86.24                    7210.0376                
86.25                    7210.0225                
86.26                    7210.008                 
86.27                    7209.9927                
86.28                    7209.978                 
86.29                    7209.963                 
86.3                     7209.9478                
86.31                    7209.933                 
86.32                    7209.918                 
86.33                    7209.9033                
86.34                    7209.888                 
86.35                    7209.8735                
86.36                    7209.8584                
86.37                    7209.8433                
86.38                    7209.8286                
86.39                    7209.8135                
86.4                     7209.799                 
86.41                    7209.7837                
86.42                    7209.769                 
86.43                    7209.754                 
86.44                    7209.7393                
86.45                    7209.724                 
86.46                    7209.7095                
86.47                    7209.6943                
86.48                    7209.6797                
86.49                    7209.6646                
86.5                     7209.65                  
86.51                    7209.635                 
86.52                    7209.62                  
86.53                    7209.605                 
86.54                    7209.5903                
86.55                    7209.575                 
86.56                    7209.5605                
86.57                    7209.5454                
86.58                    7209.531                 
86.59                    7209.5156                
86.6                     7209.501                 
86.61                    7209.486                 
86.62                    7209.471                 
86.63                    7209.456                 
86.64                    7209.4414                
86.65                    7209.4263                
86.66                    7209.4116                
86.67                    7209.3965                
86.68                    7209.382                 
86.69                    7209.3667                
86.7                     7209.352                 
86.71                    7209.337                 
86.72                    7209.3223                
86.73                    7209.3076                
86.74                    7209.2925                
86.75                    7209.278                 
86.76                    7209.2627                
86.77                    7209.248                 
86.78                    7209.233                 
86.79                    7209.2183                
86.8                     7209.203                 
86.81                    7209.1885                
86.82                    7209.174                 
86.83                    7209.1587                
86.84                    7209.144                 
86.85                    7209.129                 
86.86                    7209.1143                
86.87                    7209.099                 
86.88                    7209.0845                
86.89                    7209.07                  
86.9                     7209.0547                
86.91                    7209.04                  
86.92                    7209.025                 
86.93                    7209.0103                
86.94                    7208.995                 
86.95                    7208.9805                
86.96                    7208.966                 
86.97                    7208.9507                
86.98                    7208.936                 
86.99                    7208.921                 
87.0                     7208.9062                
87.01                    7208.8916                
87.02                    7208.8765                
87.03                    7208.862                 
87.04                    7208.8467                
87.05                    7208.832                 
87.06                    7208.8174                
87.07                    7208.8022                
87.08                    7208.7876                
87.09                    7208.773                 
87.1                     7208.758                 
87.11                    7208.743                 
87.12                    7208.728                 
87.13                    7208.7134                
87.14                    7208.6987                
87.15                    7208.6836                
87.16                    7208.669                 
87.17                    7208.6543                
87.18                    7208.639                 
87.19                    7208.6245                
87.2                     7208.61                  
87.21                    7208.5947                
87.22                    7208.58                  
87.23                    7208.5654                
87.24                    7208.5503                
87.25                    7208.5356                
87.26                    7208.521                 
87.27                    7208.506                 
87.28                    7208.491                 
87.29                    7208.4766                
87.3                     7208.4614                
87.31                    7208.447                 
87.32                    7208.432                 
87.33                    7208.417                 
87.34                    7208.4023                
87.35                    7208.3877                
87.36                    7208.3726                
87.37                    7208.358                 
87.38                    7208.3433                
87.39                    7208.328                 
87.4                     7208.3135                
87.41                    7208.299                 
87.42                    7208.284                 
87.43                    7208.269                 
87.44                    7208.2544                
87.45                    7208.2397                
87.46                    7208.2246                
87.47                    7208.21                  
87.48                    7208.1953                
87.49                    7208.1807                
87.5                     7208.1655                
87.51                    7208.151                 
87.52                    7208.136                 
87.53                    7208.121                 
87.54                    7208.1064                
87.55                    7208.092                 
87.56                    7208.077                 
87.57                    7208.062                 
87.58                    7208.0474                
87.59                    7208.0327                
87.6                     7208.018                 
87.61                    7208.003                 
87.62                    7207.9883                
87.63                    7207.9736                
87.64                    7207.959                 
87.65                    7207.944                 
87.66                    7207.929                 
87.67                    7207.9146                
87.68                    7207.9                   
87.69                    7207.885                 
87.7                     7207.87                  
87.71                    7207.8555                
87.72                    7207.841                 
87.73                    7207.8257                
87.74                    7207.811                 
87.75                    7207.7964                
87.76                    7207.7817                
87.77                    7207.767                 
87.78                    7207.752                 
87.79                    7207.7373                
87.8                     7207.7227                
87.81                    7207.708                 
87.82                    7207.6934                
87.83                    7207.678                 
87.84                    7207.6636                
87.85                    7207.649                 
87.86                    7207.6343                
87.87                    7207.6196                
87.88                    7207.6045                
87.89                    7207.59                  
87.9                     7207.575                 
87.91                    7207.5605                
87.92                    7207.546                 
87.93                    7207.5312                
87.94                    7207.516                 
87.95                    7207.5015                
87.96                    7207.487                 
87.97                    7207.472                 
87.98                    7207.4575                
87.99                    7207.443                 
88.0                     7207.4277                
88.01                    7207.413                 
88.02                    7207.3984                
88.03                    7207.384                 
88.04                    7207.369                 
88.05                    7207.3545                
88.06                    7207.3394                
88.07                    7207.3247                
88.08                    7207.31                  
88.09                    7207.2954                
88.1                     7207.281                 
88.11                    7207.266                 
88.12                    7207.2515                
88.13                    7207.237                 
88.14                    7207.2217                
88.15                    7207.207                 
88.16                    7207.1924                
88.17                    7207.1777                
88.18                    7207.163                 
88.19                    7207.1484                
88.2                     7207.134                 
88.21                    7207.119                 
88.22                    7207.1045                
88.23                    7207.0894                
88.24                    7207.0747                
88.25                    7207.06                  
88.26                    7207.0454                
88.27                    7207.031                 
88.28                    7207.016                 
88.29                    7207.0015                
88.3                     7206.987                 
88.31                    7206.972                 
88.32                    7206.9575                
88.33                    7206.943                 
88.34                    7206.9277                
88.35                    7206.913                 
88.36                    7206.8984                
88.37                    7206.884                 
88.38                    7206.869                 
88.39                    7206.8545                
88.4                     7206.84                  
88.41                    7206.825                 
88.42                    7206.8105                
88.43                    7206.796                 
88.44                    7206.7812                
88.45                    7206.7666                
88.46                    7206.752                 
88.47                    7206.7373                
88.48                    7206.7227                
88.49                    7206.708                 
88.5                     7206.6934                
88.51                    7206.6787                
88.52                    7206.664                 
88.53                    7206.649                 
88.54                    7206.6343                
88.55                    7206.6196                
88.56                    7206.605                 
88.57                    7206.5903                
88.58                    7206.5757                
88.59                    7206.561                 
88.6                     7206.5464                
88.61                    7206.5317                
88.62                    7206.517                 
88.63                    7206.5024                
88.64                    7206.488                 
88.65                    7206.473                 
88.66                    7206.4585                
88.67                    7206.444                 
88.68                    7206.429                 
88.69                    7206.4146                
88.7                     7206.4                   
88.71                    7206.3853                
88.72                    7206.3706                
88.73                    7206.356                 
88.74                    7206.3413                
88.75                    7206.3267                
88.76                    7206.3125                
88.77                    7206.298                 
88.78                    7206.283                 
88.79                    7206.2686                
88.8                     7206.254                 
88.81                    7206.2393                
88.82                    7206.2246                
88.83                    7206.21                  
88.84                    7206.1953                
88.85                    7206.1807                
88.86                    7206.166                 
88.87                    7206.1514                
88.88                    7206.1367                
88.89                    7206.122                 
88.9                     7206.1074                
88.91                    7206.093                 
88.92                    7206.078                 
88.93                    7206.0635                
88.94                    7206.049                 
88.95                    7206.0347                
88.96                    7206.02                  
88.97                    7206.0054                
88.98                    7205.9907                
88.99                    7205.976                 
89.0                     7205.9614                
89.01                    7205.947                 
89.02                    7205.932                 
89.03                    7205.9175                
89.04                    7205.903                 
89.05                    7205.888                 
89.06                    7205.874                 
89.07                    7205.8594                
89.08                    7205.8447                
89.09                    7205.83                  
89.1                     7205.8154                
89.11                    7205.801                 
89.12                    7205.786                 
89.13                    7205.7715                
89.14                    7205.757                 
89.15                    7205.7427                
89.16                    7205.728                 
89.17                    7205.7134                
89.18                    7205.6987                
89.19                    7205.684                 
89.2                     7205.6694                
89.21                    7205.655                 
89.22                    7205.6406                
89.23                    7205.626                 
89.24                    7205.6113                
89.25                    7205.5967                
89.26                    7205.582                 
89.27                    7205.5674                
89.28                    7205.5527                
89.29                    7205.5386                
89.3                     7205.524                 
89.31                    7205.5093                
89.32                    7205.4946                
89.33                    7205.48                  
89.34                    7205.4653                
89.35                    7205.451                 
89.36                    7205.4365                
89.37                    7205.422                 
89.38                    7205.407                 
89.39                    7205.3926                
89.4                     7205.3784                
89.41                    7205.364                 
89.42                    7205.349                 
89.43                    7205.3345                
89.44                    7205.32                  
89.45                    7205.3057                
89.46                    7205.291                 
89.47                    7205.2764                
89.48                    7205.2617                
89.49                    7205.247                 
89.5                     7205.233                 
89.51                    7205.2183                
89.52                    7205.2036                
89.53                    7205.189                 
89.54                    7205.1743                
89.55                    7205.16                  
89.56                    7205.1455                
89.57                    7205.131                 
89.58                    7205.116                 
89.59                    7205.102                 
89.6                     7205.0874                
89.61                    7205.0728                
89.62                    7205.058                 
89.63                    7205.044                 
89.64                    7205.0293                
89.65                    7205.0146                
89.66                    7205.0                   
89.67                    7204.986                 
89.68                    7204.971                 
89.69                    7204.9565                
89.7                     7204.942                 
89.71                    7204.9277                
89.72                    7204.913                 
89.73                    7204.8984                
89.74                    7204.8843                
89.75                    7204.8696                
89.76                    7204.855                 
89.77                    7204.8403                
89.78                    7204.826                 
89.79                    7204.8115                
89.8                     7204.797                 
89.81                    7204.7827                
89.82                    7204.768                 
89.83                    7204.7534                
89.84                    7204.739                 
89.85                    7204.7246                
89.86                    7204.71                  
89.87                    7204.6953                
89.88                    7204.681                 
89.89                    7204.6665                
89.9                     7204.652                 
89.91                    7204.6377                
89.92                    7204.623                 
89.93                    7204.6084                
89.94                    7204.594                 
89.95                    7204.5796                
89.96                    7204.565                 
89.97                    7204.551                 
89.98                    7204.536                 
89.99                    7204.5215                
90.0                     7204.5073                
