% x                      
0.0                      27.758703                
0.01                     27.562086                
0.02                     27.332958                
0.03                     27.111832                
0.04                     26.896475                
0.05                     26.686993                
0.06                     26.481846                
0.07                     26.28127                 
0.08                     26.085867                
0.09                     25.89552                 
0.1                      25.710295                
0.11                     25.529745                
0.12                     25.353909                
0.13                     25.182812                
0.14                     25.016205                
0.15                     24.85378                 
0.16                     24.695793                
0.17                     24.542244                
0.18                     24.392303                
0.19                     24.246365                
0.2                      24.104465                
0.21                     23.966265                
0.22                     23.831436                
0.23                     23.700274                
0.24                     23.572777                
0.25                     23.448444                
0.26                     23.327385                
0.27                     23.20952                 
0.28                     23.09476                 
0.29                     22.983023                
0.3                      22.87422                 
0.31                     22.768263                
0.32                     22.66504                 
0.33                     22.564478                
0.34                     22.466492                
0.35                     22.37099                 
0.36                     22.277887                
0.37                     22.187094                
0.38                     22.098532                
0.39                     22.012318                
0.4                      21.928236                
0.41                     21.846212                
0.42                     21.766169                
0.43                     21.688028                
0.44                     21.611712                
0.45                     21.537174                
0.46                     21.464651                
0.47                     21.393867                
0.48                     21.324766                
0.49                     21.257286                
0.5                      21.191368                
0.51                     21.126957                
0.52                     21.064026                
0.53                     21.002768                
0.54                     20.942963                
0.55                     20.884565                
0.56                     20.827534                
0.57                     20.771824                
0.58                     20.717394                
0.59                     20.66422                 
0.6                      20.612385                
0.61                     20.561779                
0.62                     20.512375                
0.63                     20.464151                
0.64                     20.417084                
0.65                     20.37115                 
0.66                     20.32631                 
0.67                     20.282465                
0.68                     20.239641                
0.69                     20.19781                 
0.7                      20.156942                
0.71                     20.11701                 
0.72                     20.07799                 
0.73                     20.039846                
0.74                     20.002533                
0.75                     19.966038                
0.76                     19.930328                
0.77                     19.89538                 
0.78                     19.861164                
0.79                     19.827652                
0.8                      19.794832                
0.81                     19.762712                
0.82                     19.731249                
0.83                     19.700418                
0.84                     19.670202                
0.85                     19.640581                
0.86                     19.611536                
0.87                     19.583063                
0.88                     19.555168                
0.89                     19.52782                 
0.9                      19.50101                 
0.91                     19.47473                 
0.92                     19.448967                
0.93                     19.423717                
0.94                     19.398958                
0.95                     19.374666                
0.96                     19.350845                
0.97                     19.32749                 
0.98                     19.304592                
0.99                     19.282148                
1.0                      19.260149                
1.01                     19.238565                
1.02                     19.217363                
1.03                     19.19656                 
1.04                     19.17614                 
1.05                     19.156097                
1.06                     19.13642                 
1.07                     19.117098                
1.08                     19.098124                
1.09                     19.07949                 
1.1                      19.061184                
1.11                     19.043196                
1.12                     19.025515                
1.13                     19.00813                 
1.14                     18.991034                
1.15                     18.974213                
1.16                     18.95766                 
1.17                     18.941366                
1.18                     18.925318                
1.19                     18.909508                
1.2                      18.893923                
1.21                     18.878557                
1.22                     18.863476                
1.23                     18.848684                
1.24                     18.834118                
1.25                     18.819767                
1.26                     18.805624                
1.27                     18.791685                
1.28                     18.77794                 
1.29                     18.764385                
1.3                      18.751009                
1.31                     18.737806                
1.32                     18.724768                
1.33                     18.711891                
1.34                     18.699163                
1.35                     18.686583                
1.36                     18.674227                
1.37                     18.66208                 
1.38                     18.65009                 
1.39                     18.638248                
1.4                      18.626553                
1.41                     18.614994                
1.42                     18.603573                
1.43                     18.59228                 
1.44                     18.581112                
1.45                     18.570063                
1.46                     18.559128                
1.47                     18.5483                  
1.48                     18.537579                
1.49                     18.526953                
1.5                      18.516512                
1.51                     18.506216                
1.52                     18.496035                
1.53                     18.485958                
1.54                     18.475988                
1.55                     18.46612                 
1.56                     18.456348                
1.57                     18.446672                
1.58                     18.437088                
1.59                     18.42759                 
1.6                      18.418179                
1.61                     18.408846                
1.62                     18.399593                
1.63                     18.390415                
1.64                     18.38137                 
1.65                     18.372425                
1.66                     18.363564                
1.67                     18.35478                 
1.68                     18.346077                
1.69                     18.337448                
1.7                      18.328894                
1.71                     18.32041                 
1.72                     18.311995                
1.73                     18.303646                
1.74                     18.295364                
1.75                     18.287144                
1.76                     18.278984                
1.77                     18.270882                
1.78                     18.262865                
1.79                     18.254915                
1.8                      18.247026                
1.81                     18.239197                
1.82                     18.231426                
1.83                     18.223715                
1.84                     18.21606                 
1.85                     18.20846                 
1.86                     18.200916                
1.87                     18.193426                
1.88                     18.185987                
1.89                     18.178604                
1.9                      18.17127                 
1.91                     18.163988                
1.92                     18.156752                
1.93                     18.149565                
1.94                     18.142426                
1.95                     18.135334                
1.96                     18.128288                
1.97                     18.12129                 
1.98                     18.114336                
1.99                     18.107428                
2.0                      18.100565                
2.01                     18.093746                
2.02                     18.08697                 
2.03                     18.080238                
2.04                     18.07355                 
2.05                     18.066904                
2.06                     18.060282                
2.07                     18.053698                
2.08                     18.047152                
2.09                     18.040642                
2.1                      18.034166                
2.11                     18.027727                
2.12                     18.021322                
2.13                     18.014952                
2.14                     18.008615                
2.15                     18.002312                
2.16                     17.996038                
2.17                     17.9898                  
2.18                     17.98359                 
2.19                     17.977411                
2.2                      17.971264                
2.21                     17.965145                
2.22                     17.959057                
2.23                     17.952997                
2.24                     17.946964                
2.25                     17.940962                
2.26                     17.934986                
2.27                     17.929037                
2.28                     17.923117                
2.29                     17.917221                
2.3                      17.911354                
2.31                     17.90551                 
2.32                     17.899694                
2.33                     17.893904                
2.34                     17.888145                
2.35                     17.882412                
2.36                     17.876705                
2.37                     17.871023                
2.38                     17.865366                
2.39                     17.859735                
2.4                      17.854132                
2.41                     17.84855                 
2.42                     17.842997                
2.43                     17.837467                
2.44                     17.831963                
2.45                     17.826485                
2.46                     17.821032                
2.47                     17.815603                
2.48                     17.8102                  
2.49                     17.804823                
2.5                      17.79947                 
2.51                     17.794144                
2.52                     17.788845                
2.53                     17.78357                 
2.54                     17.778322                
2.55                     17.7731                  
2.56                     17.767904                
2.57                     17.762735                
2.58                     17.757544                
2.59                     17.752373                
2.6                      17.747221                
2.61                     17.742088                
2.62                     17.736975                
2.63                     17.73188                 
2.64                     17.726805                
2.65                     17.721748                
2.66                     17.71671                 
2.67                     17.711689                
2.68                     17.706686                
2.69                     17.701702                
2.7                      17.696735                
2.71                     17.691786                
2.72                     17.686855                
2.73                     17.68194                 
2.74                     17.677044                
2.75                     17.672163                
2.76                     17.6673                  
2.77                     17.662453                
2.78                     17.657621                
2.79                     17.65281                 
2.8                      17.64801                 
2.81                     17.643229                
2.82                     17.63846                 
2.83                     17.633703                
2.84                     17.628963                
2.85                     17.624237                
2.86                     17.619528                
2.87                     17.61483                 
2.88                     17.61015                 
2.89                     17.605482                
2.9                      17.600828                
2.91                     17.59619                 
2.92                     17.591564                
2.93                     17.586952                
2.94                     17.582355                
2.95                     17.57777                 
2.96                     17.5732                  
2.97                     17.568642                
2.98                     17.564098                
2.99                     17.559566                
3.0                      17.55505                 
3.01                     17.550545                
3.02                     17.546053                
3.03                     17.541573                
3.04                     17.537106                
3.05                     17.532652                
3.06                     17.528208                
3.07                     17.523775                
3.08                     17.519354                
3.09                     17.514944                
3.1                      17.510546                
3.11                     17.506159                
3.12                     17.501783                
3.13                     17.49742                 
3.14                     17.493067                
3.15                     17.488726                
3.16                     17.484394                
3.17                     17.480076                
3.18                     17.475767                
3.19                     17.471468                
3.2                      17.46718                 
3.21                     17.462904                
3.22                     17.458637                
3.23                     17.454382                
3.24                     17.450136                
3.25                     17.445902                
3.26                     17.441677                
3.27                     17.437462                
3.28                     17.433258                
3.29                     17.429064                
3.3                      17.42488                 
3.31                     17.420704                
3.32                     17.416538                
3.33                     17.412382                
3.34                     17.408236                
3.35                     17.404099                
3.36                     17.399973                
3.37                     17.395855                
3.38                     17.391747                
3.39                     17.38765                 
3.4                      17.38356                 
3.41                     17.37948                 
3.42                     17.37541                 
3.43                     17.37135                 
3.44                     17.367296                
3.45                     17.363255                
3.46                     17.35922                 
3.47                     17.355198                
3.48                     17.351181                
3.49                     17.347176                
3.5                      17.34318                 
3.51                     17.339191                
3.52                     17.335213                
3.53                     17.331244                
3.54                     17.32728                 
3.55                     17.323324                
3.56                     17.319376                
3.57                     17.315437                
3.58                     17.311506                
3.59                     17.307583                
3.6                      17.303669                
3.61                     17.29976                 
3.62                     17.295862                
3.63                     17.291973                
3.64                     17.28809                 
3.65                     17.284214                
3.66                     17.280348                
3.67                     17.27649                 
3.68                     17.272638                
3.69                     17.268795                
3.7                      17.26496                 
3.71                     17.261131                
3.72                     17.257313                
3.73                     17.2535                  
3.74                     17.249695                
3.75                     17.245897                
3.76                     17.24211                 
3.77                     17.238327                
3.78                     17.234552                
3.79                     17.230785                
3.8                      17.227026                
3.81                     17.223274                
3.82                     17.21953                 
3.83                     17.215792                
3.84                     17.212063                
3.85                     17.20834                 
3.86                     17.204626                
3.87                     17.200918                
3.88                     17.197218                
3.89                     17.193525                
3.9                      17.189838                
3.91                     17.186161                
3.92                     17.18249                 
3.93                     17.178825                
3.94                     17.175169                
3.95                     17.171518                
3.96                     17.167877                
3.97                     17.164242                
3.98                     17.160614                
3.99                     17.156994                
4.0                      17.15338                 
4.01                     17.149775                
4.02                     17.146173                
4.03                     17.14258                 
4.04                     17.13899                 
4.05                     17.13541                 
4.06                     17.131836                
4.07                     17.128267                
4.08                     17.124708                
4.09                     17.121153                
4.1                      17.117607                
4.11                     17.114067                
4.12                     17.110533                
4.13                     17.107008                
4.14                     17.103487                
4.15                     17.099976                
4.16                     17.09647                 
4.17                     17.09297                 
4.18                     17.089478                
4.19                     17.085993                
4.2                      17.082514                
4.21                     17.079042                
4.22                     17.075577                
4.23                     17.072119                
4.24                     17.068668                
4.25                     17.065224                
4.26                     17.061787                
4.27                     17.058355                
4.28                     17.054932                
4.29                     17.051516                
4.3                      17.048105                
4.31                     17.0447                  
4.32                     17.041306                
4.33                     17.037916                
4.34                     17.034533                
4.35                     17.031158                
4.36                     17.02779                 
4.37                     17.024427                
4.38                     17.021072                
4.39                     17.017725                
4.4                      17.014385                
4.41                     17.011051                
4.42                     17.007725                
4.43                     17.004406                
4.44                     17.001093                
4.45                     16.997787                
4.46                     16.99448                 
4.47                     16.991175                
4.48                     16.987873                
4.49                     16.98458                 
4.5                      16.98129                 
4.51                     16.97801                 
4.52                     16.974733                
4.53                     16.971462                
4.54                     16.968197                
4.55                     16.96494                 
4.56                     16.961685                
4.57                     16.958439                
4.58                     16.955196                
4.59                     16.95196                 
4.6                      16.94873                 
4.61                     16.945505                
4.62                     16.942287                
4.63                     16.939074                
4.64                     16.935865                
4.65                     16.932663                
4.66                     16.929468                
4.67                     16.926277                
4.68                     16.923092                
4.69                     16.91991                 
4.7                      16.916737                
4.71                     16.913568                
4.72                     16.910404                
4.73                     16.907246                
4.74                     16.904095                
4.75                     16.900948                
4.76                     16.897806                
4.77                     16.894669                
4.78                     16.891539                
4.79                     16.888412                
4.8                      16.885292                
4.81                     16.882177                
4.82                     16.879066                
4.83                     16.875963                
4.84                     16.872864                
4.85                     16.86977                 
4.86                     16.86668                 
4.87                     16.863598                
4.88                     16.86052                 
4.89                     16.857445                
4.9                      16.854376                
4.91                     16.851313                
4.92                     16.848253                
4.93                     16.845198                
4.94                     16.84215                 
4.95                     16.839106                
4.96                     16.836065                
4.97                     16.833033                
4.98                     16.830002                
4.99                     16.826979                
5.0                      16.82396                 
5.01                     16.820944                
5.02                     16.817934                
5.03                     16.814928                
5.04                     16.811928                
5.05                     16.808933                
5.06                     16.805943                
5.07                     16.802956                
5.08                     16.799974                
5.09                     16.796999                
5.1                      16.794025                
5.11                     16.79106                 
5.12                     16.788095                
5.13                     16.785137                
5.14                     16.782185                
5.15                     16.779236                
5.16                     16.77629                 
5.17                     16.773352                
5.18                     16.770416                
5.19                     16.767487                
5.2                      16.764559                
5.21                     16.761637                
5.22                     16.75872                 
5.23                     16.755808                
5.24                     16.7529                  
5.25                     16.749994                
5.26                     16.747095                
5.27                     16.7442                  
5.28                     16.741308                
5.29                     16.738422                
5.3                      16.73554                 
5.31                     16.732662                
5.32                     16.729788                
5.33                     16.72692                 
5.34                     16.724056                
5.35                     16.721197                
5.36                     16.718342                
5.37                     16.71549                 
5.38                     16.712645                
5.39                     16.709803                
5.4                      16.706964                
5.41                     16.70413                 
5.42                     16.7013                  
5.43                     16.698475                
5.44                     16.695654                
5.45                     16.692837                
5.46                     16.690025                
5.47                     16.687216                
5.48                     16.684412                
5.49                     16.681612                
5.5                      16.678816                
5.51                     16.676023                
5.52                     16.673237                
5.53                     16.670452                
5.54                     16.667673                
5.55                     16.664898                
5.56                     16.662127                
5.57                     16.659359                
5.58                     16.656597                
5.59                     16.653837                
5.6                      16.651083                
5.61                     16.64833                 
5.62                     16.645584                
5.63                     16.642841                
5.64                     16.640102                
5.65                     16.637367                
5.66                     16.634636                
5.67                     16.631908                
5.68                     16.629187                
5.69                     16.626467                
5.7                      16.623753                
5.71                     16.62104                 
5.72                     16.618334                
5.73                     16.615631                
5.74                     16.61293                 
5.75                     16.610235                
5.76                     16.607544                
5.77                     16.604856                
5.78                     16.602173                
5.79                     16.599493                
5.8                      16.596817                
5.81                     16.594145                
5.82                     16.591476                
5.83                     16.588812                
5.84                     16.586151                
5.85                     16.583494                
5.86                     16.580843                
5.87                     16.578194                
5.88                     16.575548                
5.89                     16.572906                
5.9                      16.570269                
5.91                     16.567635                
5.92                     16.565006                
5.93                     16.56238                 
5.94                     16.559757                
5.95                     16.557138                
5.96                     16.554523                
5.97                     16.551912                
5.98                     16.549305                
5.99                     16.546701                
6.0                      16.544102                
6.01                     16.541506                
6.02                     16.538914                
6.03                     16.536325                
6.04                     16.53374                 
6.05                     16.531158                
6.06                     16.528582                
6.07                     16.526009                
6.08                     16.523438                
6.09                     16.520872                
6.1                      16.518309                
6.11                     16.51575                 
6.12                     16.513195                
6.13                     16.510645                
6.14                     16.508097                
6.15                     16.505552                
6.16                     16.503012                
6.17                     16.500475                
6.18                     16.497942                
6.19                     16.495413                
6.2                      16.492887                
6.21                     16.490364                
6.22                     16.487844                
6.23                     16.485329                
6.24                     16.482815                
6.25                     16.480307                
6.26                     16.4778                  
6.27                     16.475298                
6.28                     16.472801                
6.29                     16.470306                
6.3                      16.467813                
6.31                     16.465326                
6.32                     16.462843                
6.33                     16.460361                
6.34                     16.457884                
6.35                     16.45541                 
6.36                     16.45294                 
6.37                     16.450472                
6.38                     16.44801                 
6.39                     16.445549                
6.4                      16.443092                
6.41                     16.44064                 
6.42                     16.43819                 
6.43                     16.435745                
6.44                     16.433302                
6.45                     16.430862                
6.46                     16.428427                
6.47                     16.425995                
6.48                     16.423565                
6.49                     16.42114                 
6.5                      16.418718                
6.51                     16.4163                  
6.52                     16.413883                
6.53                     16.411472                
6.54                     16.409063                
6.55                     16.406658                
6.56                     16.404257                
6.57                     16.40186                 
6.58                     16.399464                
6.59                     16.397072                
6.6                      16.394684                
6.61                     16.3923                  
6.62                     16.38992                 
6.63                     16.38754                 
6.64                     16.385164                
6.65                     16.382793                
6.66                     16.380424                
6.67                     16.37806                 
6.68                     16.375696                
6.69                     16.373337                
6.7                      16.370981                
6.71                     16.36863                 
6.72                     16.36628                 
6.73                     16.363934                
6.74                     16.361591                
6.75                     16.359253                
6.76                     16.356916                
6.77                     16.354584                
6.78                     16.352253                
6.79                     16.349926                
6.8                      16.347603                
6.81                     16.345282                
6.82                     16.342966                
6.83                     16.34065                 
6.84                     16.33834                 
6.85                     16.336033                
6.86                     16.333729                
6.87                     16.331427                
6.88                     16.329128                
6.89                     16.326834                
6.9                      16.324541                
6.91                     16.322252                
6.92                     16.319967                
6.93                     16.317684                
6.94                     16.315405                
6.95                     16.313128                
6.96                     16.310856                
6.97                     16.308584                
6.98                     16.306316                
6.99                     16.304052                
7.0                      16.301792                
7.01                     16.299534                
7.02                     16.297277                
7.03                     16.295027                
7.04                     16.292778                
7.05                     16.290531                
7.06                     16.288288                
7.07                     16.286049                
7.08                     16.283812                
7.09                     16.281578                
7.1                      16.279348                
7.11                     16.27712                 
7.12                     16.274895                
7.13                     16.272675                
7.14                     16.270456                
7.15                     16.26824                 
7.16                     16.266027                
7.17                     16.263819                
7.18                     16.261612                
7.19                     16.259407                
7.2                      16.257208                
7.21                     16.255009                
7.22                     16.252815                
7.23                     16.250624                
7.24                     16.248434                
7.25                     16.246248                
7.26                     16.244066                
7.27                     16.241886                
7.28                     16.239708                
7.29                     16.237534                
7.3                      16.235363                
7.31                     16.233194                
7.32                     16.23103                 
7.33                     16.228867                
7.34                     16.226706                
7.35                     16.22455                 
7.36                     16.222395                
7.37                     16.220243                
7.38                     16.218096                
7.39                     16.21595                 
7.4                      16.213808                
7.41                     16.211668                
7.42                     16.209532                
7.43                     16.207397                
7.44                     16.205265                
7.45                     16.203138                
7.46                     16.201012                
7.47                     16.198889                
7.48                     16.19677                 
7.49                     16.194653                
7.5                      16.192537                
7.51                     16.190426                
7.52                     16.188316                
7.53                     16.18621                 
7.54                     16.184107                
7.55                     16.182007                
7.56                     16.179909                
7.57                     16.177814                
7.58                     16.175722                
7.59                     16.173632                
7.6                      16.171545                
7.61                     16.169462                
7.62                     16.16738                 
7.63                     16.165302                
7.64                     16.163225                
7.65                     16.161152                
7.66                     16.159082                
7.67                     16.157015                
7.68                     16.15495                 
7.69                     16.152887                
7.7                      16.150827                
7.71                     16.14877                 
7.72                     16.146715                
7.73                     16.144663                
7.74                     16.142614                
7.75                     16.140568                
7.76                     16.138525                
7.77                     16.136482                
7.78                     16.134445                
7.79                     16.132408                
7.8                      16.130375                
7.81                     16.128345                
7.82                     16.126316                
7.83                     16.12429                 
7.84                     16.122269                
7.85                     16.120249                
7.86                     16.11823                 
7.87                     16.116215                
7.88                     16.114202                
7.89                     16.112192                
7.9                      16.110186                
7.91                     16.108181                
7.92                     16.106178                
7.93                     16.104177                
7.94                     16.102182                
7.95                     16.100187                
7.96                     16.098196                
7.97                     16.096207                
7.98                     16.09422                 
7.99                     16.092236                
8.0                      16.090254                
8.01                     16.088274                
8.02                     16.086298                
8.03                     16.084324                
8.04                     16.082352                
8.05                     16.080383                
8.06                     16.078417                
8.07                     16.076452                
8.08                     16.07449                 
8.09                     16.07253                 
8.1                      16.070574                
8.11                     16.06862                 
8.12                     16.066668                
8.13                     16.064718                
8.14                     16.062773                
8.15                     16.060827                
8.16                     16.058886                
8.17                     16.056946                
8.18                     16.05501                 
8.19                     16.053074                
8.2                      16.051142                
8.21                     16.049212                
8.22                     16.047285                
8.23                     16.045359                
8.24                     16.043436                
8.25                     16.041517                
8.26                     16.039598                
8.27                     16.037683                
8.28                     16.03577                 
8.29                     16.03386                 
8.3                      16.03195                 
8.31                     16.030045                
8.32                     16.028141                
8.33                     16.02624                 
8.34                     16.02434                 
8.35                     16.022444                
8.36                     16.02055                 
8.37                     16.018658                
8.38                     16.016768                
8.39                     16.01488                 
8.4                      16.012995                
8.41                     16.011112                
8.42                     16.009232                
8.43                     16.007353                
8.44                     16.005478                
8.45                     16.003605                
8.46                     16.001732                
8.47                     15.999864                
8.48                     15.997996                
8.49                     15.996132                
8.5                      15.994269                
8.51                     15.99241                 
8.52                     15.990552                
8.53                     15.988696                
8.54                     15.986843                
8.55                     15.984992                
8.56                     15.983143                
8.57                     15.981297                
8.58                     15.979452                
8.59                     15.97761                 
8.6                      15.97577                 
8.61                     15.973931                
8.62                     15.972096                
8.63                     15.970263                
8.64                     15.968431                
8.65                     15.966602                
8.66                     15.964775                
8.67                     15.96295                 
8.68                     15.961127                
8.69                     15.959307                
8.7                      15.957489                
8.71                     15.955672                
8.72                     15.953858                
8.73                     15.952046                
8.74                     15.950236                
8.75                     15.948429                
8.76                     15.946623                
8.77                     15.944819                
8.78                     15.943018                
8.79                     15.941218                
8.8                      15.939422                
8.81                     15.93763                 
8.82                     15.93584                 
8.83                     15.9340515               
8.84                     15.932265                
8.85                     15.930482                
8.86                     15.9287                  
8.87                     15.926921                
8.88                     15.925144                
8.89                     15.923368                
8.9                      15.921596                
8.91                     15.919826                
8.92                     15.918057                
8.93                     15.91629                 
8.94                     15.914527                
8.95                     15.912765                
8.96                     15.911005                
8.97                     15.909247                
8.98                     15.907492                
8.99                     15.905739                
9.0                      15.903987                
9.01                     15.902238                
9.02                     15.900492                
9.03                     15.8987465               
9.04                     15.897004                
9.05                     15.895264                
9.06                     15.893525                
9.07                     15.891789                
9.08                     15.890055                
9.09                     15.888323                
9.1                      15.886593                
9.11                     15.884866                
9.12                     15.88314                 
9.13                     15.881416                
9.14                     15.879695                
9.15                     15.877975                
9.16                     15.876259                
9.17                     15.874543                
9.18                     15.87283                 
9.19                     15.8711195               
9.2                      15.869411                
9.21                     15.867704                
9.22                     15.866                   
9.23                     15.864298                
9.24                     15.862597                
9.25                     15.860899                
9.26                     15.859202                
9.27                     15.857509                
9.28                     15.855817                
9.29                     15.854127                
9.3                      15.852439                
9.31                     15.850753                
9.32                     15.84907                 
9.33                     15.847387                
9.34                     15.845708                
9.35                     15.84403                 
9.36                     15.842355                
9.37                     15.840682                
9.38                     15.83901                 
9.39                     15.837341                
9.4                      15.835674                
9.41                     15.834009                
9.42                     15.832346                
9.43                     15.830685                
9.44                     15.829026                
9.45                     15.827369                
9.46                     15.825714                
9.47                     15.824061                
9.48                     15.822411                
9.49                     15.820762                
9.5                      15.819115                
9.51                     15.817471                
9.52                     15.815827                
9.53                     15.814187                
9.54                     15.812549                
9.55                     15.810912                
9.56                     15.809278                
9.57                     15.807645                
9.58                     15.806015                
9.59                     15.804386                
9.6                      15.80276                 
9.61                     15.801136                
9.62                     15.799513                
9.63                     15.797893                
9.64                     15.796275                
9.65                     15.794659                
9.66                     15.793044                
9.67                     15.791431                
9.68                     15.78982                 
9.69                     15.788209                
9.7                      15.786601                
9.71                     15.784995                
9.72                     15.783391                
9.73                     15.781789                
9.74                     15.780188                
9.75                     15.778589                
9.76                     15.776993                
9.77                     15.775398                
9.78                     15.773806                
9.79                     15.772215                
9.8                      15.770626                
9.81                     15.769039                
9.82                     15.767454                
9.83                     15.765871                
9.84                     15.764289                
9.85                     15.76271                 
9.86                     15.761132                
9.87                     15.759557                
9.88                     15.757983                
9.89                     15.756412                
9.9                      15.754842                
9.91                     15.753273                
9.92                     15.751707                
9.93                     15.750143                
9.94                     15.74858                 
9.95                     15.74702                 
9.96                     15.745461                
9.97                     15.743904                
9.98                     15.74235                 
9.99                     15.740796                
10.0                     15.739245                
10.01                    15.737696                
10.02                    15.736149                
10.03                    15.734603                
10.04                    15.733059                
10.05                    15.731517                
10.06                    15.729977                
10.07                    15.728438                
10.08                    15.726902                
10.09                    15.725368                
10.1                     15.723835                
10.11                    15.722304                
10.12                    15.720776                
10.13                    15.719248                
10.14                    15.717723                
10.15                    15.716199                
10.16                    15.714678                
10.17                    15.713158                
10.18                    15.711639                
10.19                    15.710123                
10.2                     15.708609                
10.21                    15.707096                
10.22                    15.7055855               
10.23                    15.704077                
10.24                    15.702569                
10.25                    15.701064                
10.26                    15.69956                 
10.27                    15.698058                
10.28                    15.696559                
10.29                    15.695061                
10.3                     15.693564                
10.31                    15.692069                
10.32                    15.690577                
10.33                    15.689086                
10.34                    15.687596                
10.35                    15.68611                 
10.36                    15.684624                
10.37                    15.68314                 
10.38                    15.681658                
10.39                    15.680178                
10.4                     15.678699                
10.41                    15.677222                
10.42                    15.675747                
10.43                    15.6742735               
10.44                    15.672803                
10.45                    15.671333                
10.46                    15.669865                
10.47                    15.668399                
10.48                    15.666935                
10.49                    15.665472                
10.5                     15.664011                
10.51                    15.662552                
10.52                    15.661095                
10.53                    15.659639                
10.54                    15.658185                
10.55                    15.656732                
10.56                    15.65528                 
10.57                    15.653831                
10.58                    15.652382                
10.59                    15.650936                
10.6                     15.649491                
10.61                    15.648047                
10.62                    15.646606                
10.63                    15.645166                
10.64                    15.643729                
10.65                    15.642292                
10.66                    15.640858                
10.67                    15.639424                
10.68                    15.637994                
10.69                    15.636563                
10.7                     15.635136                
10.71                    15.633709                
10.72                    15.632284                
10.73                    15.630861                
10.74                    15.62944                 
10.75                    15.62802                 
10.76                    15.626602                
10.77                    15.625186                
10.78                    15.623771                
10.79                    15.622358                
10.8                     15.620946                
10.81                    15.619536                
10.82                    15.618128                
10.83                    15.616721                
10.84                    15.615316                
10.85                    15.613914                
10.86                    15.612512                
10.87                    15.611111                
10.88                    15.609713                
10.89                    15.608315                
10.9                     15.60692                 
10.91                    15.605527                
10.92                    15.604135                
10.93                    15.602744                
10.94                    15.601356                
10.95                    15.599968                
10.96                    15.598582                
10.97                    15.5971985               
10.98                    15.595816                
10.99                    15.594435                
11.0                     15.593055                
11.01                    15.591678                
11.02                    15.5903015               
11.03                    15.588926                
11.04                    15.587554                
11.05                    15.586182                
11.06                    15.584812                
11.07                    15.583444                
11.08                    15.582077                
11.09                    15.580712                
11.1                     15.579349                
11.11                    15.577986                
11.12                    15.576626                
11.13                    15.575267                
11.14                    15.573909                
11.15                    15.572554                
11.16                    15.571199                
11.17                    15.569846                
11.18                    15.568495                
11.19                    15.567145                
11.2                     15.565797                
11.21                    15.56445                 
11.22                    15.563106                
11.23                    15.561762                
11.24                    15.56042                 
11.25                    15.559079                
11.26                    15.55774                 
11.27                    15.556402                
11.28                    15.555066                
11.29                    15.553732                
11.3                     15.552399                
11.31                    15.551067                
11.32                    15.549738                
11.33                    15.548409                
11.34                    15.547082                
11.35                    15.545757                
11.36                    15.544433                
11.37                    15.543111                
11.38                    15.541789                
11.39                    15.54047                 
11.4                     15.539152                
11.41                    15.537835                
11.42                    15.53652                 
11.43                    15.535207                
11.44                    15.533895                
11.45                    15.532584                
11.46                    15.531276                
11.47                    15.529967                
11.48                    15.528662                
11.49                    15.527357                
11.5                     15.526053                
11.51                    15.524752                
11.52                    15.523452                
11.53                    15.522153                
11.54                    15.520856                
11.55                    15.51956                 
11.56                    15.518265                
11.57                    15.516973                
11.58                    15.51568                 
11.59                    15.514391                
11.6                     15.513102                
11.61                    15.511814                
11.62                    15.510529                
11.63                    15.509244                
11.64                    15.507961                
11.65                    15.50668                 
11.66                    15.5054                  
11.67                    15.504121                
11.68                    15.502844                
11.69                    15.501568                
11.7                     15.500294                
11.71                    15.499021                
11.72                    15.497749                
11.73                    15.496479                
11.74                    15.495211                
11.75                    15.493943                
11.76                    15.492677                
11.77                    15.491412                
11.78                    15.4901495               
11.79                    15.488888                
11.8                     15.487627                
11.81                    15.486368                
11.82                    15.485111                
11.83                    15.483855                
11.84                    15.4826                  
11.85                    15.481347                
11.86                    15.480095                
11.87                    15.478844                
11.88                    15.477594                
11.89                    15.476347                
11.9                     15.4751005               
11.91                    15.473855                
11.92                    15.472611                
11.93                    15.471369                
11.94                    15.470128                
11.95                    15.468888                
11.96                    15.46765                 
11.97                    15.4664135               
11.98                    15.465178                
11.99                    15.4639435               
12.0                     15.46271                 
12.01                    15.461479                
12.02                    15.460249                
12.03                    15.459021                
12.04                    15.457792                
12.05                    15.456567                
12.06                    15.455341                
12.07                    15.454119                
12.08                    15.452896                
12.09                    15.451675                
12.1                     15.450456                
12.11                    15.449238                
12.12                    15.448021                
12.13                    15.446806                
12.14                    15.445591                
12.15                    15.444379                
12.16                    15.443167                
12.17                    15.4419565               
12.18                    15.440748                
12.19                    15.43954                 
12.2                     15.438334                
12.21                    15.437129                
12.22                    15.4359255               
12.23                    15.434723                
12.24                    15.433522                
12.25                    15.4323225               
12.26                    15.431124                
12.27                    15.429927                
12.28                    15.428731                
12.29                    15.427537                
12.3                     15.426344                
12.31                    15.425152                
12.32                    15.423962                
12.33                    15.422772                
12.34                    15.421584                
12.35                    15.420398                
12.36                    15.419212                
12.37                    15.418028                
12.38                    15.416845                
12.39                    15.415664                
12.4                     15.414484                
12.41                    15.413304                
12.42                    15.4121275               
12.43                    15.410951                
12.44                    15.409776                
12.45                    15.408602                
12.46                    15.407429                
12.47                    15.406258                
12.48                    15.405087                
12.49                    15.403919                
12.5                     15.402752                
12.51                    15.401586                
12.52                    15.40042                 
12.53                    15.399257                
12.54                    15.398094                
12.55                    15.396933                
12.56                    15.395773                
12.57                    15.394614                
12.58                    15.393456                
12.59                    15.392301                
12.6                     15.391145                
12.61                    15.389992                
12.62                    15.388839                
12.63                    15.387688                
12.64                    15.386538                
12.65                    15.385388                
12.66                    15.384241                
12.67                    15.383095                
12.68                    15.381949                
12.69                    15.380806                
12.7                     15.3796625               
12.71                    15.378521                
12.72                    15.377381                
12.73                    15.376242                
12.74                    15.375104                
12.75                    15.373968                
12.76                    15.372832                
12.77                    15.371698                
12.78                    15.370565                
12.79                    15.369433                
12.8                     15.368303                
12.81                    15.367173                
12.82                    15.366046                
12.83                    15.364919                
12.84                    15.363792                
12.85                    15.362668                
12.86                    15.361545                
12.87                    15.360423                
12.88                    15.359302                
12.89                    15.358182                
12.9                     15.357063                
12.91                    15.355947                
12.92                    15.35483                 
12.93                    15.353715                
12.94                    15.352601                
12.95                    15.351489                
12.96                    15.350377                
12.97                    15.349267                
12.98                    15.348158                
12.99                    15.34705                 
13.0                     15.345943                
13.01                    15.344838                
13.02                    15.343733                
13.03                    15.34263                 
13.04                    15.341528                
13.05                    15.340427                
13.06                    15.339328                
13.07                    15.338229                
13.08                    15.3371315               
13.09                    15.336036                
13.1                     15.33494                 
13.11                    15.333846                
13.12                    15.332753                
13.13                    15.331662                
13.14                    15.330571                
13.15                    15.329482                
13.16                    15.328394                
13.17                    15.327307                
13.18                    15.326221                
13.19                    15.325136                
13.2                     15.324053                
13.21                    15.32297                 
13.22                    15.321889                
13.23                    15.320809                
13.24                    15.31973                 
13.25                    15.318652                
13.26                    15.317575                
13.27                    15.3165                  
13.28                    15.315426                
13.29                    15.314352                
13.3                     15.31328                 
13.31                    15.312209                
13.32                    15.311139                
13.33                    15.31007                 
13.34                    15.309003                
13.35                    15.307936                
13.36                    15.30687                 
13.37                    15.305806                
13.38                    15.304743                
13.39                    15.303681                
13.4                     15.30262                 
13.41                    15.30156                 
13.42                    15.300502                
13.43                    15.299444                
13.44                    15.298388                
13.45                    15.297332                
13.46                    15.296278                
13.47                    15.295224                
13.48                    15.294172                
13.49                    15.293121                
13.5                     15.292071                
13.51                    15.291022                
13.52                    15.289975                
13.53                    15.288928                
13.54                    15.287883                
13.55                    15.286839                
13.56                    15.285795                
13.57                    15.284753                
13.58                    15.283711                
13.59                    15.282672                
13.6                     15.281632                
13.61                    15.280595                
13.62                    15.279558                
13.63                    15.2785225               
13.64                    15.277488                
13.65                    15.276454                
13.66                    15.275422                
13.67                    15.27439                 
13.68                    15.27336                 
13.69                    15.272331                
13.7                     15.271303                
13.71                    15.270276                
13.72                    15.26925                 
13.73                    15.268225                
13.74                    15.267201                
13.75                    15.266178                
13.76                    15.265157                
13.77                    15.264136                
13.78                    15.263117                
13.79                    15.262098                
13.8                     15.261081                
13.81                    15.260064                
13.82                    15.259048                
13.83                    15.258035                
13.84                    15.257021                
13.85                    15.256009                
13.86                    15.254998                
13.87                    15.253988                
13.88                    15.252979                
13.89                    15.251971                
13.9                     15.250964                
13.91                    15.249959                
13.92                    15.248954                
13.93                    15.24795                 
13.94                    15.246947                
13.95                    15.245946                
13.96                    15.244946                
13.97                    15.243945                
13.98                    15.242947                
13.99                    15.24195                 
14.0                     15.240953                
14.01                    15.239958                
14.02                    15.238963                
14.03                    15.237968                
14.04                    15.236976                
14.05                    15.235983                
14.06                    15.234992                
14.07                    15.234001                
14.08                    15.233012                
14.09                    15.232024                
14.1                     15.231037                
14.11                    15.230051                
14.12                    15.229066                
14.13                    15.228082                
14.14                    15.227098                
14.15                    15.226116                
14.16                    15.225135                
14.17                    15.224154                
14.18                    15.223176                
14.19                    15.222198                
14.2                     15.22122                 
14.21                    15.220244                
14.22                    15.219269                
14.23                    15.218294                
14.24                    15.217321                
14.25                    15.216349                
14.26                    15.215378                
14.27                    15.214407                
14.28                    15.213438                
14.29                    15.21247                 
14.3                     15.211502                
14.31                    15.210536                
14.32                    15.209571                
14.33                    15.208606                
14.34                    15.207643                
14.35                    15.20668                 
14.36                    15.205718                
14.37                    15.204758                
14.38                    15.203798                
14.39                    15.20284                 
14.4                     15.201882                
14.41                    15.200925                
14.42                    15.199969                
14.43                    15.199015                
14.44                    15.198061                
14.45                    15.197108                
14.46                    15.1961565               
14.47                    15.195206                
14.48                    15.194255                
14.49                    15.193306                
14.5                     15.192358                
14.51                    15.191411                
14.52                    15.190465                
14.53                    15.18952                 
14.54                    15.188576                
14.55                    15.187632                
14.56                    15.186689                
14.57                    15.185748                
14.58                    15.184808                
14.59                    15.183868                
14.6                     15.182929                
14.61                    15.181992                
14.62                    15.181055                
14.63                    15.1801195               
14.64                    15.179184                
14.65                    15.17825                 
14.66                    15.177318                
14.67                    15.176385                
14.68                    15.175454                
14.69                    15.174524                
14.7                     15.173594                
14.71                    15.172667                
14.72                    15.171739                
14.73                    15.170813                
14.74                    15.169887                
14.75                    15.1689625               
14.76                    15.168038                
14.77                    15.167115                
14.78                    15.166194                
14.79                    15.165273                
14.8                     15.164352                
14.81                    15.163433                
14.82                    15.162516                
14.83                    15.161598                
14.84                    15.160682                
14.85                    15.159766                
14.86                    15.158852                
14.87                    15.157938                
14.88                    15.157025                
14.89                    15.156114                
14.9                     15.155202                
14.91                    15.154292                
14.92                    15.153383                
14.93                    15.152475                
14.94                    15.151567                
14.95                    15.150661                
14.96                    15.1497555               
14.97                    15.148851                
14.98                    15.147947                
14.99                    15.147044                
15.0                     15.146142                
15.01                    15.145242                
15.02                    15.144341                
15.03                    15.143442                
15.04                    15.142544                
15.05                    15.141646                
15.06                    15.14075                 
15.07                    15.1398535               
15.08                    15.138959                
15.09                    15.138065                
15.1                     15.137172                
15.11                    15.13628                 
15.12                    15.135388                
15.13                    15.134499                
15.14                    15.133609                
15.15                    15.13272                 
15.16                    15.131832                
15.17                    15.130945                
15.18                    15.130059                
15.19                    15.129174                
15.2                     15.12829                 
15.21                    15.127406                
15.22                    15.126524                
15.23                    15.125643                
15.24                    15.124762                
15.25                    15.123881                
15.26                    15.123003                
15.27                    15.122125                
15.28                    15.121247                
15.29                    15.120371                
15.3                     15.119495                
15.31                    15.118621                
15.32                    15.117746                
15.33                    15.116874                
15.34                    15.116002                
15.35                    15.11513                 
15.36                    15.11426                 
15.37                    15.113391                
15.38                    15.112522                
15.39                    15.111654                
15.4                     15.110787                
15.41                    15.1099205               
15.42                    15.1090555               
15.43                    15.1081915               
15.44                    15.107327                
15.45                    15.106465                
15.46                    15.105603                
15.47                    15.104742                
15.48                    15.103882                
15.49                    15.103023                
15.5                     15.102164                
15.51                    15.101307                
15.52                    15.10045                 
15.53                    15.099594                
15.54                    15.098739                
15.55                    15.097884                
15.56                    15.097032                
15.57                    15.096179                
15.58                    15.095326                
15.59                    15.094476                
15.6                     15.093626                
15.61                    15.092776                
15.62                    15.0919285               
15.63                    15.091081                
15.64                    15.090234                
15.65                    15.089388                
15.66                    15.088543                
15.67                    15.087699                
15.68                    15.086856                
15.69                    15.086013                
15.7                     15.085171                
15.71                    15.084331                
15.72                    15.08349                 
15.73                    15.082651                
15.74                    15.081813                
15.75                    15.080975                
15.76                    15.080137                
15.77                    15.079301                
15.78                    15.0784645               
15.79                    15.07763                 
15.8                     15.076796                
15.81                    15.075962                
15.82                    15.0751295               
15.83                    15.074297                
15.84                    15.073466                
15.85                    15.072636                
15.86                    15.071806                
15.87                    15.070977                
15.88                    15.070149                
15.89                    15.069323                
15.9                     15.068496                
15.91                    15.067671                
15.92                    15.066846                
15.93                    15.066022                
15.94                    15.065199                
15.95                    15.064376                
15.96                    15.063555                
15.97                    15.062734                
15.98                    15.0619135               
15.99                    15.061094                
16.0                     15.060276                
16.01                    15.059459                
16.02                    15.058641                
16.03                    15.057825                
16.04                    15.05701                 
16.05                    15.056195                
16.06                    15.055382                
16.07                    15.054569                
16.08                    15.053757                
16.09                    15.052945                
16.1                     15.0521345               
16.11                    15.051325                
16.12                    15.050515                
16.13                    15.049707                
16.14                    15.0489                  
16.15                    15.048093                
16.16                    15.047287                
16.17                    15.046481                
16.18                    15.045677                
16.19                    15.044873                
16.2                     15.04407                 
16.21                    15.043268                
16.22                    15.042467                
16.23                    15.041666                
16.24                    15.040866                
16.25                    15.040067                
16.26                    15.0392685               
16.27                    15.038471                
16.28                    15.037674                
16.29                    15.036878                
16.3                     15.036082                
16.31                    15.035288                
16.32                    15.034494                
16.33                    15.033701                
16.34                    15.032908                
16.35                    15.032117                
16.36                    15.031326                
16.37                    15.030537                
16.38                    15.029747                
16.39                    15.028958                
16.4                     15.028171                
16.41                    15.027384                
16.42                    15.026597                
16.43                    15.025812                
16.44                    15.025027                
16.45                    15.024242                
16.46                    15.023459                
16.47                    15.022676                
16.48                    15.021895                
16.49                    15.021114                
16.5                     15.020333                
16.51                    15.019554                
16.52                    15.018775                
16.53                    15.017997                
16.54                    15.01722                 
16.55                    15.016442                
16.56                    15.015667                
16.57                    15.014892                
16.58                    15.014117                
16.59                    15.013344                
16.6                     15.01257                 
16.61                    15.011798                
16.62                    15.011026                
16.63                    15.010256                
16.64                    15.009485                
16.65                    15.008717                
16.66                    15.007948                
16.67                    15.00718                 
16.68                    15.0064125               
16.69                    15.005647                
16.7                     15.004881                
16.71                    15.004115                
16.72                    15.003351                
16.73                    15.002587                
16.74                    15.001825                
16.75                    15.001062                
16.76                    15.000301                
16.77                    14.999541                
16.78                    14.998781                
16.79                    14.998022                
16.8                     14.997263                
16.81                    14.996506                
16.82                    14.9957485               
16.83                    14.994992                
16.84                    14.994236                
16.85                    14.993482                
16.86                    14.992727                
16.87                    14.991974                
16.88                    14.991221                
16.89                    14.990469                
16.9                     14.9897175               
16.91                    14.988967                
16.92                    14.988217                
16.93                    14.987468                
16.94                    14.986719                
16.95                    14.985971                
16.96                    14.985225                
16.97                    14.984478                
16.98                    14.983732                
16.99                    14.982987                
17.0                     14.982243                
17.01                    14.9815                  
17.02                    14.980757                
17.03                    14.980015                
17.04                    14.979273                
17.05                    14.978532                
17.06                    14.977792                
17.07                    14.977053                
17.08                    14.976315                
17.09                    14.975576                
17.1                     14.974839                
17.11                    14.974102                
17.12                    14.973367                
17.13                    14.972631                
17.14                    14.971897                
17.15                    14.971163                
17.16                    14.970429                
17.17                    14.969698                
17.18                    14.968966                
17.19                    14.968235                
17.2                     14.9675045               
17.21                    14.966775                
17.22                    14.966046                
17.23                    14.965318                
17.24                    14.96459                 
17.25                    14.963863                
17.26                    14.963137                
17.27                    14.962412                
17.28                    14.961687                
17.29                    14.960962                
17.3                     14.960239                
17.31                    14.959517                
17.32                    14.958795                
17.33                    14.958073                
17.34                    14.957352                
17.35                    14.956632                
17.36                    14.955913                
17.37                    14.955194                
17.38                    14.954476                
17.39                    14.953759                
17.4                     14.953042                
17.41                    14.952326                
17.42                    14.951611                
17.43                    14.950896                
17.44                    14.950183                
17.45                    14.94947                 
17.46                    14.948757                
17.47                    14.948045                
17.48                    14.947333                
17.49                    14.946623                
17.5                     14.945911                
17.51                    14.945202                
17.52                    14.944491                
17.53                    14.943783                
17.54                    14.943074                
17.55                    14.942367                
17.56                    14.941659                
17.57                    14.940952                
17.58                    14.940247                
17.59                    14.939542                
17.6                     14.938837                
17.61                    14.938133                
17.62                    14.937429                
17.63                    14.936727                
17.64                    14.936025                
17.65                    14.935324                
17.66                    14.934623                
17.67                    14.933923                
17.68                    14.933223                
17.69                    14.932524                
17.7                     14.931826                
17.71                    14.9311285               
17.72                    14.930431                
17.73                    14.929735                
17.74                    14.929039                
17.75                    14.928344                
17.76                    14.9276495               
17.77                    14.926955                
17.78                    14.926263                
17.79                    14.92557                 
17.8                     14.924878                
17.81                    14.924187                
17.82                    14.923496                
17.83                    14.922806                
17.84                    14.922116                
17.85                    14.921428                
17.86                    14.920739                
17.87                    14.920052                
17.88                    14.919365                
17.89                    14.918678                
17.9                     14.917993                
17.91                    14.917308                
17.92                    14.916623                
17.93                    14.915939                
17.94                    14.915256                
17.95                    14.914574                
17.96                    14.913892                
17.97                    14.91321                 
17.98                    14.912529                
17.99                    14.911849                
18.0                     14.911169                
18.01                    14.91049                 
18.02                    14.909812                
18.03                    14.909134                
18.04                    14.908457                
18.05                    14.907781                
18.06                    14.9071045               
18.07                    14.906429                
18.08                    14.905755                
18.09                    14.905081                
18.1                     14.9044075               
18.11                    14.903734                
18.12                    14.903062                
18.13                    14.9023905               
18.14                    14.901719                
18.15                    14.901049                
18.16                    14.900379                
18.17                    14.89971                 
18.18                    14.899041                
18.19                    14.898373                
18.2                     14.897705                
18.21                    14.897038                
18.22                    14.896372                
18.23                    14.895706                
18.24                    14.895041                
18.25                    14.894377                
18.26                    14.893713                
18.27                    14.893049                
18.28                    14.892386                
18.29                    14.891725                
18.3                     14.891063                
18.31                    14.890402                
18.32                    14.889742                
18.33                    14.889082                
18.34                    14.888423                
18.35                    14.887764                
18.36                    14.887106                
18.37                    14.886449                
18.38                    14.885792                
18.39                    14.885136                
18.4                     14.88448                 
18.41                    14.883825                
18.42                    14.883171                
18.43                    14.882517                
18.44                    14.881864                
18.45                    14.88121                 
18.46                    14.880559                
18.47                    14.879907                
18.48                    14.879256                
18.49                    14.878606                
18.5                     14.877955                
18.51                    14.877307                
18.52                    14.8766575               
18.53                    14.87601                 
18.54                    14.875362                
18.55                    14.874715                
18.56                    14.874069                
18.57                    14.873423                
18.58                    14.872778                
18.59                    14.872133                
18.6                     14.87149                 
18.61                    14.870846                
18.62                    14.870203                
18.63                    14.86956                 
18.64                    14.868918                
18.65                    14.868278                
18.66                    14.867637                
18.67                    14.866997                
18.68                    14.866357                
18.69                    14.865718                
18.7                     14.86508                 
18.71                    14.864442                
18.72                    14.863805                
18.73                    14.863168                
18.74                    14.862532                
18.75                    14.8618965               
18.76                    14.861261                
18.77                    14.860627                
18.78                    14.859993                
18.79                    14.85936                 
18.8                     14.8587265               
18.81                    14.858095                
18.82                    14.857463                
18.83                    14.8568325               
18.84                    14.856201                
18.85                    14.855572                
18.86                    14.854942                
18.87                    14.854314                
18.88                    14.853685                
18.89                    14.853057                
18.9                     14.85243                 
18.91                    14.851804                
18.92                    14.851177                
18.93                    14.850552                
18.94                    14.849927                
18.95                    14.849302                
18.96                    14.848679                
18.97                    14.848056                
18.98                    14.847433                
18.99                    14.84681                 
19.0                     14.846189                
19.01                    14.845568                
19.02                    14.844948                
19.03                    14.844327                
19.04                    14.843708                
19.05                    14.843089                
19.06                    14.842471                
19.07                    14.841853                
19.08                    14.841236                
19.09                    14.840619                
19.1                     14.840003                
19.11                    14.839387                
19.12                    14.838772                
19.13                    14.838158                
19.14                    14.8375435               
19.15                    14.83693                 
19.16                    14.836317                
19.17                    14.835705                
19.18                    14.835093                
19.19                    14.834482                
19.2                     14.833871                
19.21                    14.833261                
19.22                    14.832651                
19.23                    14.832042                
19.24                    14.831432                
19.25                    14.830824                
19.26                    14.830215                
19.27                    14.829608                
19.28                    14.829001                
19.29                    14.828395                
19.3                     14.827788                
19.31                    14.827183                
19.32                    14.826578                
19.33                    14.8259735               
19.34                    14.82537                 
19.35                    14.824766                
19.36                    14.824163                
19.37                    14.823561                
19.38                    14.822959                
19.39                    14.822357                
19.4                     14.821756                
19.41                    14.8211565               
19.42                    14.820557                
19.43                    14.819957                
19.44                    14.819358                
19.45                    14.81876                 
19.46                    14.818162                
19.47                    14.817565                
19.48                    14.816968                
19.49                    14.816372                
19.5                     14.815776                
19.51                    14.815181                
19.52                    14.814586                
19.53                    14.813992                
19.54                    14.813398                
19.55                    14.812805                
19.56                    14.812212                
19.57                    14.81162                 
19.58                    14.8110285               
19.59                    14.810437                
19.6                     14.809847                
19.61                    14.809257                
19.62                    14.808666                
19.63                    14.808078                
19.64                    14.807488                
19.65                    14.806901                
19.66                    14.806313                
19.67                    14.805726                
19.68                    14.80514                 
19.69                    14.804553                
19.7                     14.803967                
19.71                    14.803382                
19.72                    14.802797                
19.73                    14.802214                
19.74                    14.80163                 
19.75                    14.801046                
19.76                    14.800464                
19.77                    14.799882                
19.78                    14.7993                  
19.79                    14.798718                
19.8                     14.798138                
19.81                    14.797558                
19.82                    14.796978                
19.83                    14.796399                
19.84                    14.79582                 
19.85                    14.795241                
19.86                    14.794663                
19.87                    14.794086                
19.88                    14.7935095               
19.89                    14.792933                
19.9                     14.792357                
19.91                    14.791782                
19.92                    14.791207                
19.93                    14.790633                
19.94                    14.790059                
19.95                    14.789486                
19.96                    14.788913                
19.97                    14.788341                
19.98                    14.787768                
19.99                    14.787197                
20.0                     14.786626                
20.01                    14.786056                
20.02                    14.785485                
20.03                    14.784916                
20.04                    14.784348                
20.05                    14.783778                
20.06                    14.783211                
20.07                    14.782642                
20.08                    14.782076                
20.09                    14.781509                
20.1                     14.780943                
20.11                    14.780377                
20.12                    14.779812                
20.13                    14.779247                
20.14                    14.778683                
20.15                    14.778119                
20.16                    14.777555                
20.17                    14.776993                
20.18                    14.77643                 
20.19                    14.775868                
20.2                     14.775307                
20.21                    14.774746                
20.22                    14.774185                
20.23                    14.773625                
20.24                    14.7730665               
20.25                    14.772507                
20.26                    14.771949                
20.27                    14.77139                 
20.28                    14.770832                
20.29                    14.770275                
20.3                     14.769718                
20.31                    14.769162                
20.32                    14.768606                
20.33                    14.768051                
20.34                    14.767496                
20.35                    14.766942                
20.36                    14.766388                
20.37                    14.765834                
20.38                    14.765282                
20.39                    14.764729                
20.4                     14.764176                
20.41                    14.763625                
20.42                    14.763074                
20.43                    14.762523                
20.44                    14.761972                
20.45                    14.761423                
20.46                    14.760874                
20.47                    14.7603245               
20.48                    14.759776                
20.49                    14.759229                
20.5                     14.758681                
20.51                    14.758134                
20.52                    14.757587                
20.53                    14.757041                
20.54                    14.756495                
20.55                    14.75595                 
20.56                    14.755405                
20.57                    14.754861                
20.58                    14.754317                
20.59                    14.753774                
20.6                     14.753231                
20.61                    14.752688                
20.62                    14.752146                
20.63                    14.751604                
20.64                    14.751063                
20.65                    14.750523                
20.66                    14.749983                
20.67                    14.749443                
20.68                    14.748903                
20.69                    14.748364                
20.7                     14.747826                
20.71                    14.747288                
20.72                    14.74675                 
20.73                    14.746213                
20.74                    14.745676                
20.75                    14.74514                 
20.76                    14.744604                
20.77                    14.744069                
20.78                    14.743534                
20.79                    14.743                   
20.8                     14.742466                
20.81                    14.741932                
20.82                    14.741399                
20.83                    14.740867                
20.84                    14.7403345               
20.85                    14.739802                
20.86                    14.739271                
20.87                    14.73874                 
20.88                    14.73821                 
20.89                    14.7376795               
20.9                     14.73715                 
20.91                    14.736621                
20.92                    14.736093                
20.93                    14.735564                
20.94                    14.735036                
20.95                    14.7345085               
20.96                    14.733982                
20.97                    14.733455                
20.98                    14.732928                
20.99                    14.732403                
21.0                     14.731877                
21.01                    14.731352                
21.02                    14.730827                
21.03                    14.730303                
21.04                    14.729779                
21.05                    14.729256                
21.06                    14.728733                
21.07                    14.72821                 
21.08                    14.727688                
21.09                    14.727166                
21.1                     14.726645                
21.11                    14.726125                
21.12                    14.725604                
21.13                    14.725084                
21.14                    14.724565                
21.15                    14.724045                
21.16                    14.723527                
21.17                    14.723008                
21.18                    14.72249                 
21.19                    14.721972                
21.2                     14.721456                
21.21                    14.720939                
21.22                    14.720423                
21.23                    14.719907                
21.24                    14.719392                
21.25                    14.718877                
21.26                    14.718362                
21.27                    14.717848                
21.28                    14.717335                
21.29                    14.716821                
21.3                     14.716309                
21.31                    14.7157955               
21.32                    14.715283                
21.33                    14.714772                
21.34                    14.714261                
21.35                    14.71375                 
21.36                    14.71324                 
21.37                    14.712729                
21.38                    14.71222                 
21.39                    14.711711                
21.4                     14.711203                
21.41                    14.710694                
21.42                    14.710186                
21.43                    14.709679                
21.44                    14.709171                
21.45                    14.708665                
21.46                    14.7081585               
21.47                    14.707652                
21.48                    14.707147                
21.49                    14.706642                
21.5                     14.706138                
21.51                    14.705633                
21.52                    14.705129                
21.53                    14.704626                
21.54                    14.704123                
21.55                    14.70362                 
21.56                    14.703117                
21.57                    14.702616                
21.58                    14.702114                
21.59                    14.701613                
21.6                     14.701113                
21.61                    14.700613                
21.62                    14.700113                
21.63                    14.699614                
21.64                    14.699115                
21.65                    14.698616                
21.66                    14.698117                
21.67                    14.697619                
21.68                    14.697123                
21.69                    14.696626                
21.7                     14.696129                
21.71                    14.695633                
21.72                    14.695137                
21.73                    14.694641                
21.74                    14.694146                
21.75                    14.693652                
21.76                    14.693157                
21.77                    14.692664                
21.78                    14.69217                 
21.79                    14.691677                
21.8                     14.691185                
21.81                    14.690692                
21.82                    14.690201                
21.83                    14.689709                
21.84                    14.689218                
21.85                    14.688727                
21.86                    14.688237                
21.87                    14.687747                
21.88                    14.687258                
21.89                    14.686769                
21.9                     14.68628                 
21.91                    14.685792                
21.92                    14.685304                
21.93                    14.684816                
21.94                    14.684329                
21.95                    14.683842                
21.96                    14.683355                
21.97                    14.68287                 
21.98                    14.6823845               
21.99                    14.681899                
22.0                     14.681414                
22.01                    14.680929                
22.02                    14.680446                
22.03                    14.679962                
22.04                    14.679479                
22.05                    14.678996                
22.06                    14.678514                
22.07                    14.678031                
22.08                    14.677549                
22.09                    14.677068                
22.1                     14.676587                
22.11                    14.676106                
22.12                    14.675626                
22.13                    14.675146                
22.14                    14.674667                
22.15                    14.674188                
22.16                    14.673709                
22.17                    14.673231                
22.18                    14.672753                
22.19                    14.672276                
22.2                     14.671799                
22.21                    14.671322                
22.22                    14.670845                
22.23                    14.670369                
22.24                    14.669893                
22.25                    14.669418                
22.26                    14.668943                
22.27                    14.668468                
22.28                    14.6679945               
22.29                    14.6675205               
22.3                     14.6670475               
22.31                    14.6665745               
22.32                    14.666101                
22.33                    14.665629                
22.34                    14.665157                
22.35                    14.664686                
22.36                    14.664215                
22.37                    14.663744                
22.38                    14.663274                
22.39                    14.662804                
22.4                     14.662334                
22.41                    14.661865                
22.42                    14.661396                
22.43                    14.660928                
22.44                    14.6604595               
22.45                    14.659991                
22.46                    14.659524                
22.47                    14.659058                
22.48                    14.65859                 
22.49                    14.658124                
22.5                     14.657659                
22.51                    14.657193                
22.52                    14.656728                
22.53                    14.656262                
22.54                    14.655798                
22.55                    14.655334                
22.56                    14.654871                
22.57                    14.6544075               
22.58                    14.653944                
22.59                    14.6534815               
22.6                     14.653019                
22.61                    14.652557                
22.62                    14.652096                
22.63                    14.651635                
22.64                    14.651174                
22.65                    14.650714                
22.66                    14.650253                
22.67                    14.649794                
22.68                    14.649335                
22.69                    14.648875                
22.7                     14.648417                
22.71                    14.647959                
22.72                    14.647501                
22.73                    14.647043                
22.74                    14.646585                
22.75                    14.646129                
22.76                    14.645672                
22.77                    14.645215                
22.78                    14.644759                
22.79                    14.644304                
22.8                     14.643848                
22.81                    14.6433935               
22.82                    14.64294                 
22.83                    14.642485                
22.84                    14.642031                
22.85                    14.641578                
22.86                    14.641125                
22.87                    14.640672                
22.88                    14.64022                 
22.89                    14.639768                
22.9                     14.639316                
22.91                    14.6388645               
22.92                    14.638413                
22.93                    14.637962                
22.94                    14.637512                
22.95                    14.637062                
22.96                    14.636613                
22.97                    14.636164                
22.98                    14.635715                
22.99                    14.635265                
23.0                     14.634817                
23.01                    14.63437                 
23.02                    14.633923                
23.03                    14.633475                
23.04                    14.633028                
23.05                    14.632582                
23.06                    14.632135                
23.07                    14.63169                 
23.08                    14.631245                
23.09                    14.630799                
23.1                     14.630354                
23.11                    14.6299095               
23.12                    14.629466                
23.13                    14.629022                
23.14                    14.628578                
23.15                    14.628136                
23.16                    14.627693                
23.17                    14.627251                
23.18                    14.626808                
23.19                    14.626367                
23.2                     14.625925                
23.21                    14.625484                
23.22                    14.625044                
23.23                    14.624603                
23.24                    14.624164                
23.25                    14.623724                
23.26                    14.623284                
23.27                    14.622846                
23.28                    14.622407                
23.29                    14.621968                
23.3                     14.621531                
23.31                    14.621093                
23.32                    14.620656                
23.33                    14.620218                
23.34                    14.619782                
23.35                    14.619346                
23.36                    14.61891                 
23.37                    14.618474                
23.38                    14.618039                
23.39                    14.617604                
23.4                     14.617169                
23.41                    14.616735                
23.42                    14.616301                
23.43                    14.615868                
23.44                    14.615434                
23.45                    14.615001                
23.46                    14.614569                
23.47                    14.614137                
23.48                    14.613705                
23.49                    14.613273                
23.5                     14.612842                
23.51                    14.612411                
23.52                    14.6119795               
23.53                    14.611549                
23.54                    14.611119                
23.55                    14.61069                 
23.56                    14.610261                
23.57                    14.609832                
23.58                    14.609403                
23.59                    14.608974                
23.6                     14.608546                
23.61                    14.608119                
23.62                    14.607692                
23.63                    14.6072645               
23.64                    14.606838                
23.65                    14.606411                
23.66                    14.605986                
23.67                    14.605559                
23.68                    14.605134                
23.69                    14.604709                
23.7                     14.604284                
23.71                    14.60386                 
23.72                    14.6034355               
23.73                    14.603012                
23.74                    14.602589                
23.75                    14.602165                
23.76                    14.601743                
23.77                    14.60132                 
23.78                    14.600898                
23.79                    14.600476                
23.8                     14.600055                
23.81                    14.599633                
23.82                    14.599213                
23.83                    14.598792                
23.84                    14.5983715               
23.85                    14.597952                
23.86                    14.597532                
23.87                    14.597113                
23.88                    14.596694                
23.89                    14.596275                
23.9                     14.595857                
23.91                    14.595439                
23.92                    14.595021                
23.93                    14.594604                
23.94                    14.594187                
23.95                    14.59377                 
23.96                    14.593353                
23.97                    14.592937                
23.98                    14.592522                
23.99                    14.592106                
24.0                     14.591691                
24.01                    14.591276                
24.02                    14.590861                
24.03                    14.590447                
24.04                    14.590034                
24.05                    14.58962                 
24.06                    14.589207                
24.07                    14.588794                
24.08                    14.588381                
24.09                    14.587968                
24.1                     14.587556                
24.11                    14.587145                
24.12                    14.586733                
24.13                    14.586322                
24.14                    14.585911                
24.15                    14.585501                
24.16                    14.585091                
24.17                    14.584681                
24.18                    14.5842705               
24.19                    14.583861                
24.2                     14.583453                
24.21                    14.583044                
24.22                    14.582636                
24.23                    14.582228                
24.24                    14.58182                 
24.25                    14.581412                
24.26                    14.581005                
24.27                    14.580599                
24.28                    14.580193                
24.29                    14.579786                
24.3                     14.57938                 
24.31                    14.578975                
24.32                    14.578569                
24.33                    14.578164                
24.34                    14.57776                 
24.35                    14.577355                
24.36                    14.576951                
24.37                    14.576548                
24.38                    14.576144                
24.39                    14.575741                
24.4                     14.575337                
24.41                    14.574935                
24.42                    14.574533                
24.43                    14.574131                
24.44                    14.5737295               
24.45                    14.573328                
24.46                    14.572927                
24.47                    14.572526                
24.48                    14.572125                
24.49                    14.571726                
24.5                     14.571325                
24.51                    14.570926                
24.52                    14.570527                
24.53                    14.5701275               
24.54                    14.569729                
24.55                    14.569331                
24.56                    14.568933                
24.57                    14.568535                
24.58                    14.568137                
24.59                    14.56774                 
24.6                     14.567344                
24.61                    14.566947                
24.62                    14.56655                 
24.63                    14.5661545               
24.64                    14.565759                
24.65                    14.565363                
24.66                    14.564968                
24.67                    14.564573                
24.68                    14.564178                
24.69                    14.563785                
24.7                     14.563391                
24.71                    14.562997                
24.72                    14.562604                
24.73                    14.56221                 
24.74                    14.561817                
24.75                    14.561425                
24.76                    14.561033                
24.77                    14.560641                
24.78                    14.560249                
24.79                    14.559858                
24.8                     14.559467                
24.81                    14.559076                
24.82                    14.558685                
24.83                    14.558295                
24.84                    14.557906                
24.85                    14.557516                
24.86                    14.557127                
24.87                    14.556738                
24.88                    14.556349                
24.89                    14.555961                
24.9                     14.5555725               
24.91                    14.555184                
24.92                    14.554797                
24.93                    14.55441                 
24.94                    14.554023                
24.95                    14.553636                
24.96                    14.553249                
24.97                    14.552863                
24.98                    14.552477                
24.99                    14.552092                
25.0                     14.551706                
25.01                    14.551321                
25.02                    14.550937                
25.03                    14.550552                
25.04                    14.550168                
25.05                    14.549784                
25.06                    14.5494                  
25.07                    14.549017                
25.08                    14.548635                
25.09                    14.548251                
25.1                     14.547869                
25.11                    14.547486                
25.12                    14.547105                
25.13                    14.546723                
25.14                    14.546342                
25.15                    14.54596                 
25.16                    14.54558                 
25.17                    14.545199                
25.18                    14.544819                
25.19                    14.544439                
25.2                     14.54406                 
25.21                    14.54368                 
25.22                    14.543301                
25.23                    14.542922                
25.24                    14.542543                
25.25                    14.542165                
25.26                    14.541787                
25.27                    14.5414095               
25.28                    14.541032                
25.29                    14.540655                
25.3                     14.5402775               
25.31                    14.539901                
25.32                    14.539525                
25.33                    14.539148                
25.34                    14.538773                
25.35                    14.538398                
25.36                    14.538022                
25.37                    14.537647                
25.38                    14.537272                
25.39                    14.536898                
25.4                     14.536524                
25.41                    14.53615                 
25.42                    14.535776                
25.43                    14.535403                
25.44                    14.535029                
25.45                    14.534657                
25.46                    14.534285                
25.47                    14.533912                
25.48                    14.53354                 
25.49                    14.533169                
25.5                     14.532797                
25.51                    14.532426                
25.52                    14.532055                
25.53                    14.531684                
25.54                    14.531314                
25.55                    14.530944                
25.56                    14.530574                
25.57                    14.530204                
25.58                    14.529835                
25.59                    14.529466                
25.6                     14.529097                
25.61                    14.5287285               
25.62                    14.52836                 
25.63                    14.527992                
25.64                    14.527624                
25.65                    14.527257                
25.66                    14.52689                 
25.67                    14.526523                
25.68                    14.526156                
25.69                    14.52579                 
25.7                     14.525424                
25.71                    14.525058                
25.72                    14.524693                
25.73                    14.524327                
25.74                    14.523962                
25.75                    14.523597                
25.76                    14.523232                
25.77                    14.522868                
25.78                    14.522504                
25.79                    14.5221405               
25.8                     14.521777                
25.81                    14.521414                
25.82                    14.52105                 
25.83                    14.520688                
25.84                    14.520326                
25.85                    14.519963                
25.86                    14.519602                
25.87                    14.519239                
25.88                    14.518878                
25.89                    14.5185175               
25.9                     14.518156                
25.91                    14.517796                
25.92                    14.517435                
25.93                    14.517076                
25.94                    14.516715                
25.95                    14.5163555               
25.96                    14.515996                
25.97                    14.515637                
25.98                    14.515278                
25.99                    14.514919                
26.0                     14.514562                
26.01                    14.514203                
26.02                    14.513845                
26.03                    14.513488                
26.04                    14.513131                
26.05                    14.5127735               
26.06                    14.512417                
26.07                    14.51206                 
26.08                    14.511704                
26.09                    14.511348                
26.1                     14.510992                
26.11                    14.510636                
26.12                    14.510282                
26.13                    14.509927                
26.14                    14.509572                
26.15                    14.509217                
26.16                    14.5088625               
26.17                    14.508509                
26.18                    14.508155                
26.19                    14.507802                
26.2                     14.507448                
26.21                    14.507095                
26.22                    14.506743                
26.23                    14.506391                
26.24                    14.506039                
26.25                    14.505687                
26.26                    14.505335                
26.27                    14.504984                
26.28                    14.504633                
26.29                    14.504282                
26.3                     14.503931                
26.31                    14.503581                
26.32                    14.503231                
26.33                    14.502881                
26.34                    14.502532                
26.35                    14.502182                
26.36                    14.501833                
26.37                    14.501484                
26.38                    14.501136                
26.39                    14.500788                
26.4                     14.50044                 
26.41                    14.500092                
26.42                    14.499744                
26.43                    14.499396                
26.44                    14.499049                
26.45                    14.498703                
26.46                    14.498356                
26.47                    14.49801                 
26.48                    14.4976635               
26.49                    14.497318                
26.5                     14.496972                
26.51                    14.496627                
26.52                    14.496282                
26.53                    14.495937                
26.54                    14.495592                
26.55                    14.495248                
26.56                    14.494904                
26.57                    14.49456                 
26.58                    14.494216                
26.59                    14.493873                
26.6                     14.49353                 
26.61                    14.493187                
26.62                    14.492845                
26.63                    14.492502                
26.64                    14.49216                 
26.65                    14.491817                
26.66                    14.491476                
26.67                    14.491135                
26.68                    14.490793                
26.69                    14.490453                
26.7                     14.490112                
26.71                    14.489772                
26.72                    14.489431                
26.73                    14.489092                
26.74                    14.488751                
26.75                    14.488412                
26.76                    14.488073                
26.77                    14.487734                
26.78                    14.487395                
26.79                    14.487057                
26.8                     14.486718                
26.81                    14.486381                
26.82                    14.486043                
26.83                    14.485705                
26.84                    14.485368                
26.85                    14.485031                
26.86                    14.484694                
26.87                    14.484357                
26.88                    14.484021                
26.89                    14.483685                
26.9                     14.483349                
26.91                    14.483013                
26.92                    14.482677                
26.93                    14.482343                
26.94                    14.482008                
26.95                    14.481673                
26.96                    14.4813385               
26.97                    14.481005                
26.98                    14.48067                 
26.99                    14.480337                
27.0                     14.480003                
27.01                    14.47967                 
27.02                    14.479337                
27.03                    14.479004                
27.04                    14.478671                
27.05                    14.478339                
27.06                    14.478007                
27.07                    14.477675                
27.08                    14.477344                
27.09                    14.477013                
27.1                     14.476681                
27.11                    14.47635                 
27.12                    14.47602                 
27.13                    14.475689                
27.14                    14.475359                
27.15                    14.475029                
27.16                    14.474699                
27.17                    14.47437                 
27.18                    14.47404                 
27.19                    14.473711                
27.2                     14.473383                
27.21                    14.473054                
27.22                    14.472726                
27.23                    14.472398                
27.24                    14.47207                 
27.25                    14.471742                
27.26                    14.471415                
27.27                    14.471087                
27.28                    14.47076                 
27.29                    14.470433                
27.3                     14.470107                
27.31                    14.469781                
27.32                    14.469455                
27.33                    14.469129                
27.34                    14.468803                
27.35                    14.468478                
27.36                    14.468153                
27.37                    14.467828                
27.38                    14.467504                
27.39                    14.467179                
27.4                     14.466855                
27.41                    14.466531                
27.42                    14.466207                
27.43                    14.465883                
27.44                    14.46556                 
27.45                    14.465237                
27.46                    14.464914                
27.47                    14.464592                
27.48                    14.46427                 
27.49                    14.463947                
27.5                     14.463625                
27.51                    14.463304                
27.52                    14.462982                
27.53                    14.462661                
27.54                    14.462339                
27.55                    14.462019                
27.56                    14.461699                
27.57                    14.461378                
27.58                    14.461058                
27.59                    14.460738                
27.6                     14.460419                
27.61                    14.460099                
27.62                    14.45978                 
27.63                    14.45946                 
27.64                    14.459142                
27.65                    14.458823                
27.66                    14.458505                
27.67                    14.458187                
27.68                    14.457869                
27.69                    14.457551                
27.7                     14.457233                
27.71                    14.456917                
27.72                    14.456599                
27.73                    14.456283                
27.74                    14.455966                
27.75                    14.45565                 
27.76                    14.455334                
27.77                    14.455018                
27.78                    14.454702                
27.79                    14.454387                
27.8                     14.454072                
27.81                    14.453756                
27.82                    14.453442                
27.83                    14.453127                
27.84                    14.452813                
27.85                    14.452498                
27.86                    14.452185                
27.87                    14.451871                
27.88                    14.451557                
27.89                    14.451244                
27.9                     14.450932                
27.91                    14.450619                
27.92                    14.450306                
27.93                    14.449993                
27.94                    14.449681                
27.95                    14.449369                
27.96                    14.449058                
27.97                    14.448747                
27.98                    14.448435                
27.99                    14.448124                
28.0                     14.447813                
28.01                    14.447502                
28.02                    14.447192                
28.03                    14.446882                
28.04                    14.446571                
28.05                    14.446262                
28.06                    14.445952                
28.07                    14.445643                
28.08                    14.445334                
28.09                    14.445025                
28.1                     14.444716                
28.11                    14.444407                
28.12                    14.444099                
28.13                    14.443791                
28.14                    14.443483                
28.15                    14.443176                
28.16                    14.442869                
28.17                    14.442561                
28.18                    14.442255                
28.19                    14.441948                
28.2                     14.441641                
28.21                    14.441335                
28.22                    14.441029                
28.23                    14.440722                
28.24                    14.440417                
28.25                    14.440112                
28.26                    14.439806                
28.27                    14.439502                
28.28                    14.439197                
28.29                    14.438892                
28.3                     14.438587                
28.31                    14.438283                
28.32                    14.43798                 
28.33                    14.437675                
28.34                    14.437372                
28.35                    14.437069                
28.36                    14.436766                
28.37                    14.436462                
28.38                    14.43616                 
28.39                    14.435857                
28.4                     14.4355545               
28.41                    14.435253                
28.42                    14.434951                
28.43                    14.434649                
28.44                    14.434348                
28.45                    14.434047                
28.46                    14.433745                
28.47                    14.433444                
28.48                    14.433144                
28.49                    14.432843                
28.5                     14.432543                
28.51                    14.432243                
28.52                    14.431943                
28.53                    14.4316435               
28.54                    14.431344                
28.55                    14.431046                
28.56                    14.430746                
28.57                    14.430448                
28.58                    14.430149                
28.59                    14.429851                
28.6                     14.429552                
28.61                    14.429255                
28.62                    14.428957                
28.63                    14.428659                
28.64                    14.428362                
28.65                    14.428064                
28.66                    14.427768                
28.67                    14.427471                
28.68                    14.427175                
28.69                    14.426878                
28.7                     14.426582                
28.71                    14.426286                
28.72                    14.42599                 
28.73                    14.425694                
28.74                    14.4254                  
28.75                    14.425104                
28.76                    14.424809                
28.77                    14.424515                
28.78                    14.42422                 
28.79                    14.423926                
28.8                     14.423632                
28.81                    14.423338                
28.82                    14.423044                
28.83                    14.422751                
28.84                    14.422458                
28.85                    14.422165                
28.86                    14.421872                
28.87                    14.421579                
28.88                    14.421287                
28.89                    14.420995                
28.9                     14.420703                
28.91                    14.420411                
28.92                    14.420119                
28.93                    14.419827                
28.94                    14.419537                
28.95                    14.419246                
28.96                    14.418955                
28.97                    14.418664                
28.98                    14.418373                
28.99                    14.418083                
29.0                     14.417793                
29.01                    14.417503                
29.02                    14.417213                
29.03                    14.416924                
29.04                    14.416635                
29.05                    14.416346                
29.06                    14.416057                
29.07                    14.415769                
29.08                    14.41548                 
29.09                    14.415192                
29.1                     14.414904                
29.11                    14.414616                
29.12                    14.414329                
29.13                    14.414041                
29.14                    14.4137535               
29.15                    14.413466                
29.16                    14.413179                
29.17                    14.412893                
29.18                    14.412606                
29.19                    14.41232                 
29.2                     14.412034                
29.21                    14.411748                
29.22                    14.411463                
29.23                    14.411177                
29.24                    14.410892                
29.25                    14.410606                
29.26                    14.410321                
29.27                    14.410037                
29.28                    14.409752                
29.29                    14.409468                
29.3                     14.4091835               
29.31                    14.4089                  
29.32                    14.408616                
29.33                    14.408333                
29.34                    14.40805                 
29.35                    14.407766                
29.36                    14.407483                
29.37                    14.407201                
29.38                    14.406918                
29.39                    14.406635                
29.4                     14.406353                
29.41                    14.406072                
29.42                    14.405789                
29.43                    14.405508                
29.44                    14.405227                
29.45                    14.404945                
29.46                    14.404664                
29.47                    14.404384                
29.48                    14.404102                
29.49                    14.403822                
29.5                     14.403542                
29.51                    14.403262                
29.52                    14.402982                
29.53                    14.402702                
29.54                    14.402423                
29.55                    14.4021435               
29.56                    14.401864                
29.57                    14.401586                
29.58                    14.401307                
29.59                    14.401029                
29.6                     14.40075                 
29.61                    14.400472                
29.62                    14.400193                
29.63                    14.399916                
29.64                    14.399638                
29.65                    14.399361                
29.66                    14.399083                
29.67                    14.398806                
29.68                    14.398528                
29.69                    14.398252                
29.7                     14.397974                
29.71                    14.397697                
29.72                    14.397421                
29.73                    14.397144                
29.74                    14.396868                
29.75                    14.396592                
29.76                    14.396317                
29.77                    14.39604                 
29.78                    14.395764                
29.79                    14.39549                 
29.8                     14.395214                
29.81                    14.394939                
29.82                    14.394665                
29.83                    14.39439                 
29.84                    14.394115                
29.85                    14.393841                
29.86                    14.393567                
29.87                    14.393293                
29.88                    14.39302                 
29.89                    14.392746                
29.9                     14.392472                
29.91                    14.3921995               
29.92                    14.391926                
29.93                    14.391653                
29.94                    14.39138                 
29.95                    14.3911085               
29.96                    14.390836                
29.97                    14.390564                
29.98                    14.390292                
29.99                    14.39002                 
30.0                     14.389749                
30.01                    14.389477                
30.02                    14.389206                
30.03                    14.388935                
30.04                    14.388664                
30.05                    14.388393                
30.06                    14.388123                
30.07                    14.387853                
30.08                    14.387582                
30.09                    14.387312                
30.1                     14.387042                
30.11                    14.386772                
30.12                    14.386503                
30.13                    14.386234                
30.14                    14.385964                
30.15                    14.385695                
30.16                    14.385427                
30.17                    14.385159                
30.18                    14.38489                 
30.19                    14.384622                
30.2                     14.384354                
30.21                    14.384086                
30.22                    14.383818                
30.23                    14.383551                
30.24                    14.383284                
30.25                    14.383016                
30.26                    14.382749                
30.27                    14.382483                
30.28                    14.3822155               
30.29                    14.381949                
30.3                     14.381682                
30.31                    14.381416                
30.32                    14.38115                 
30.33                    14.380885                
30.34                    14.380619                
30.35                    14.380354                
30.36                    14.380089                
30.37                    14.379824                
30.38                    14.379559                
30.39                    14.379293                
30.4                     14.379029                
30.41                    14.378764                
30.42                    14.3785                  
30.43                    14.378236                
30.44                    14.377973                
30.45                    14.377708                
30.46                    14.377445                
30.47                    14.377181                
30.48                    14.376918                
30.49                    14.376656                
30.5                     14.376392                
30.51                    14.376129                
30.52                    14.375867                
30.53                    14.375605                
30.54                    14.375342                
30.55                    14.37508                 
30.56                    14.374819                
30.57                    14.374557                
30.58                    14.374295                
30.59                    14.374034                
30.6                     14.373773                
30.61                    14.373511                
30.62                    14.373251                
30.63                    14.37299                 
30.64                    14.372729                
30.65                    14.372469                
30.66                    14.372209                
30.67                    14.371949                
30.68                    14.371689                
30.69                    14.371429                
30.7                     14.37117                 
30.71                    14.370911                
30.72                    14.370651                
30.73                    14.370393                
30.74                    14.370133                
30.75                    14.369875                
30.76                    14.3696165               
30.77                    14.369358                
30.78                    14.3691                  
30.79                    14.368842                
30.8                     14.368584                
30.81                    14.368326                
30.82                    14.368069                
30.83                    14.367811                
30.84                    14.367554                
30.85                    14.367297                
30.86                    14.36704                 
30.87                    14.366783                
30.88                    14.366527                
30.89                    14.36627                 
30.9                     14.3660145               
30.91                    14.365758                
30.92                    14.365502                
30.93                    14.365247                
30.94                    14.364991                
30.95                    14.364736                
30.96                    14.36448                 
30.97                    14.364225                
30.98                    14.363971                
30.99                    14.363715                
31.0                     14.3634615               
31.01                    14.363207                
31.02                    14.362952                
31.03                    14.362699                
31.04                    14.362444                
31.05                    14.36219                 
31.06                    14.361937                
31.07                    14.361684                
31.08                    14.36143                 
31.09                    14.361177                
31.1                     14.360924                
31.11                    14.360671                
31.12                    14.360418                
31.13                    14.360167                
31.14                    14.359914                
31.15                    14.359662                
31.16                    14.359409                
31.17                    14.359158                
31.18                    14.358906                
31.19                    14.358655                
31.2                     14.358403                
31.21                    14.358152                
31.22                    14.357901                
31.23                    14.35765                 
31.24                    14.357399                
31.25                    14.357149                
31.26                    14.356898                
31.27                    14.356648                
31.28                    14.356398                
31.29                    14.356148                
31.3                     14.355898                
31.31                    14.355649                
31.32                    14.355399                
31.33                    14.35515                 
31.34                    14.3549                  
31.35                    14.354651                
31.36                    14.354403                
31.37                    14.354155                
31.38                    14.353906                
31.39                    14.353658                
31.4                     14.353409                
31.41                    14.353161                
31.42                    14.352913                
31.43                    14.352666                
31.44                    14.352418                
31.45                    14.352171                
31.46                    14.351923                
31.47                    14.351676                
31.48                    14.351429                
31.49                    14.351182                
31.5                     14.350936                
31.51                    14.350689                
31.52                    14.350443                
31.53                    14.350197                
31.54                    14.349951                
31.55                    14.349705                
31.56                    14.349459                
31.57                    14.349214                
31.58                    14.3489685               
31.59                    14.348722                
31.6                     14.348477                
31.61                    14.348233                
31.62                    14.347988                
31.63                    14.347743                
31.64                    14.347499                
31.65                    14.347255                
31.66                    14.347011                
31.67                    14.346766                
31.68                    14.346522                
31.69                    14.346279                
31.7                     14.346035                
31.71                    14.345792                
31.72                    14.345549                
31.73                    14.345305                
31.74                    14.345062                
31.75                    14.34482                 
31.76                    14.344577                
31.77                    14.344335                
31.78                    14.344092                
31.79                    14.34385                 
31.8                     14.343608                
31.81                    14.343367                
31.82                    14.343124                
31.83                    14.342883                
31.84                    14.342642                
31.85                    14.342401                
31.86                    14.342159                
31.87                    14.341918                
31.88                    14.341677                
31.89                    14.341436                
31.9                     14.341196                
31.91                    14.340956                
31.92                    14.340715                
31.93                    14.340475                
31.94                    14.340236                
31.95                    14.339995                
31.96                    14.339756                
31.97                    14.339517                
31.98                    14.339277                
31.99                    14.339038                
32.0                     14.3387985               
32.01                    14.33856                 
32.02                    14.338321                
32.03                    14.338082                
32.04                    14.337844                
32.05                    14.337605                
32.06                    14.337368                
32.07                    14.33713                 
32.08                    14.336892                
32.09                    14.336654                
32.1                     14.336416                
32.11                    14.336179                
32.12                    14.335942                
32.13                    14.335705                
32.14                    14.335468                
32.15                    14.335231                
32.16                    14.334994                
32.17                    14.334758                
32.18                    14.334521                
32.19                    14.334285                
32.2                     14.334049                
32.21                    14.333813                
32.22                    14.333577                
32.23                    14.333342                
32.24                    14.333106                
32.25                    14.3328705               
32.26                    14.332636                
32.27                    14.3324                  
32.28                    14.332166                
32.29                    14.331931                
32.3                     14.3316965               
32.31                    14.331462                
32.32                    14.331227                
32.33                    14.330994                
32.34                    14.330759                
32.35                    14.330525                
32.36                    14.330292                
32.37                    14.330058                
32.38                    14.329824                
32.39                    14.329591                
32.4                     14.329358                
32.41                    14.329124                
32.42                    14.328892                
32.43                    14.328659                
32.44                    14.328426                
32.45                    14.328195                
32.46                    14.327962                
32.47                    14.327729                
32.48                    14.3274975               
32.49                    14.327266                
32.5                     14.327034                
32.51                    14.326802                
32.52                    14.3265705               
32.53                    14.32634                 
32.54                    14.326108                
32.55                    14.325877                
32.56                    14.325646                
32.57                    14.325416                
32.58                    14.325185                
32.59                    14.324955                
32.6                     14.324724                
32.61                    14.324494                
32.62                    14.324265                
32.63                    14.324034                
32.64                    14.323805                
32.65                    14.323575                
32.66                    14.323345                
32.67                    14.323116                
32.68                    14.322886                
32.69                    14.322658                
32.7                     14.322429                
32.71                    14.3222                  
32.72                    14.321971                
32.73                    14.321743                
32.74                    14.321514                
32.75                    14.321286                
32.76                    14.321058                
32.77                    14.32083                 
32.78                    14.320602                
32.79                    14.3203745               
32.8                     14.3201475               
32.81                    14.31992                 
32.82                    14.319693                
32.83                    14.319466                
32.84                    14.319239                
32.85                    14.319012                
32.86                    14.318785                
32.87                    14.318559                
32.88                    14.318332                
32.89                    14.318106                
32.9                     14.31788                 
32.91                    14.317654                
32.92                    14.317428                
32.93                    14.317203                
32.94                    14.316977                
32.95                    14.3167515               
32.96                    14.316525                
32.97                    14.3163                  
32.98                    14.316075                
32.99                    14.315851                
33.0                     14.315626                
33.01                    14.315401                
33.02                    14.315177                
33.03                    14.314953                
33.04                    14.314729                
33.05                    14.314505                
33.06                    14.3142805               
33.07                    14.314056                
33.08                    14.313833                
33.09                    14.313609                
33.1                     14.313386                
33.11                    14.313163                
33.12                    14.31294                 
33.13                    14.3127165               
33.14                    14.312494                
33.15                    14.312272                
33.16                    14.312049                
33.17                    14.311827                
33.18                    14.311605                
33.19                    14.311383                
33.2                     14.311161                
33.21                    14.31094                 
33.22                    14.310719                
33.23                    14.310496                
33.24                    14.310275                
33.25                    14.310055                
33.26                    14.309834                
33.27                    14.309612                
33.28                    14.309392                
33.29                    14.309172                
33.3                     14.30895                 
33.31                    14.30873                 
33.32                    14.308511                
33.33                    14.3082905               
33.34                    14.30807                 
33.35                    14.307851                
33.36                    14.3076315               
33.37                    14.307412                
33.38                    14.307193                
33.39                    14.306973                
33.4                     14.306754                
33.41                    14.306535                
33.42                    14.306316                
33.43                    14.306098                
33.44                    14.30588                 
33.45                    14.305661                
33.46                    14.305443                
33.47                    14.305224                
33.48                    14.305007                
33.49                    14.304789                
33.5                     14.304571                
33.51                    14.304354                
33.52                    14.304136                
33.53                    14.303919                
33.54                    14.303701                
33.55                    14.303485                
33.56                    14.3032675               
33.57                    14.303051                
33.58                    14.3028345               
33.59                    14.302618                
33.6                     14.302402                
33.61                    14.302185                
33.62                    14.301969                
33.63                    14.301753                
33.64                    14.3015375               
33.65                    14.301322                
33.66                    14.301106                
33.67                    14.300891                
33.68                    14.300675                
33.69                    14.30046                 
33.7                     14.300245                
33.71                    14.30003                 
33.72                    14.299815                
33.73                    14.299601                
33.74                    14.299386                
33.75                    14.299172                
33.76                    14.298958                
33.77                    14.298743                
33.78                    14.29853                 
33.79                    14.298316                
33.8                     14.298102                
33.81                    14.297889                
33.82                    14.297675                
33.83                    14.2974615               
33.84                    14.297249                
33.85                    14.297036                
33.86                    14.296823                
33.87                    14.29661                 
33.88                    14.296397                
33.89                    14.296185                
33.9                     14.295973                
33.91                    14.29576                 
33.92                    14.295548                
33.93                    14.295336                
33.94                    14.295124                
33.95                    14.294912                
33.96                    14.294701                
33.97                    14.29449                 
33.98                    14.294278                
33.99                    14.294067                
34.0                     14.293856                
34.01                    14.293645                
34.02                    14.293434                
34.03                    14.293223                
34.04                    14.293014                
34.05                    14.292803                
34.06                    14.292592                
34.07                    14.292382                
34.08                    14.292172                
34.09                    14.291963                
34.1                     14.291753                
34.11                    14.291543                
34.12                    14.291333                
34.13                    14.291124                
34.14                    14.2909155               
34.15                    14.290706                
34.16                    14.290497                
34.17                    14.290288                
34.18                    14.290079                
34.19                    14.289871                
34.2                     14.289662                
34.21                    14.289454                
34.22                    14.289246                
34.23                    14.289038                
34.24                    14.28883                 
34.25                    14.288622                
34.26                    14.288414                
34.27                    14.288207                
34.28                    14.287999                
34.29                    14.287792                
34.3                     14.287585                
34.31                    14.287378                
34.32                    14.287171                
34.33                    14.286964                
34.34                    14.286757                
34.35                    14.286551                
34.36                    14.286345                
34.37                    14.286139                
34.38                    14.285933                
34.39                    14.285727                
34.4                     14.285521                
34.41                    14.285315                
34.42                    14.2851095               
34.43                    14.284904                
34.44                    14.2846985               
34.45                    14.284493                
34.46                    14.284288                
34.47                    14.284083                
34.48                    14.283878                
34.49                    14.283673                
34.5                     14.283469                
34.51                    14.283264                
34.52                    14.28306                 
34.53                    14.282856                
34.54                    14.282652                
34.55                    14.282448                
34.56                    14.282244                
34.57                    14.282041                
34.58                    14.2818365               
34.59                    14.281633                
34.6                     14.28143                 
34.61                    14.281227                
34.62                    14.281024                
34.63                    14.280821                
34.64                    14.280618                
34.65                    14.280416                
34.66                    14.280213                
34.67                    14.28001                 
34.68                    14.279808                
34.69                    14.279606                
34.7                     14.279404                
34.71                    14.279202                
34.72                    14.279                   
34.73                    14.278799                
34.74                    14.278597                
34.75                    14.278396                
34.76                    14.278194                
34.77                    14.277993                
34.78                    14.277792                
34.79                    14.277592                
34.8                     14.2773905               
34.81                    14.27719                 
34.82                    14.276989                
34.83                    14.276789                
34.84                    14.276588                
34.85                    14.276388                
34.86                    14.276189                
34.87                    14.275989                
34.88                    14.275789                
34.89                    14.275589                
34.9                     14.27539                 
34.91                    14.27519                 
34.92                    14.274991                
34.93                    14.274792                
34.94                    14.274592                
34.95                    14.274394                
34.96                    14.274195                
34.97                    14.273996                
34.98                    14.273798                
34.99                    14.2736                  
35.0                     14.273401                
35.01                    14.273203                
35.02                    14.2730055               
35.03                    14.272807                
35.04                    14.27261                 
35.05                    14.272412                
35.06                    14.272214                
35.07                    14.272017                
35.08                    14.27182                 
35.09                    14.271623                
35.1                     14.271425                
35.11                    14.271229                
35.12                    14.271032                
35.13                    14.270835                
35.14                    14.270638                
35.15                    14.270442                
35.16                    14.270246                
35.17                    14.27005                 
35.18                    14.269854                
35.19                    14.269658                
35.2                     14.269463                
35.21                    14.269266                
35.22                    14.269071                
35.23                    14.268875                
35.24                    14.268681                
35.25                    14.268485                
35.26                    14.2682905               
35.27                    14.268095                
35.28                    14.2679                  
35.29                    14.267706                
35.3                     14.267511                
35.31                    14.267317                
35.32                    14.267122                
35.33                    14.266929                
35.34                    14.266734                
35.35                    14.266541                
35.36                    14.266347                
35.37                    14.266153                
35.38                    14.26596                 
35.39                    14.265766                
35.4                     14.265573                
35.41                    14.265379                
35.42                    14.265186                
35.43                    14.264994                
35.44                    14.264801                
35.45                    14.264607                
35.46                    14.264416                
35.47                    14.264223                
35.48                    14.26403                 
35.49                    14.263839                
35.5                     14.263646                
35.51                    14.263454                
35.52                    14.263263                
35.53                    14.263071                
35.54                    14.262879                
35.55                    14.262688                
35.56                    14.262496                
35.57                    14.262305                
35.58                    14.262115                
35.59                    14.261923                
35.6                     14.261732                
35.61                    14.261541                
35.62                    14.261351                
35.63                    14.261161                
35.64                    14.26097                 
35.65                    14.260779                
35.66                    14.26059                 
35.67                    14.2604                  
35.68                    14.26021                 
35.69                    14.26002                 
35.7                     14.25983                 
35.71                    14.259641                
35.72                    14.259452                
35.73                    14.259262                
35.74                    14.259073                
35.75                    14.258884                
35.76                    14.258696                
35.77                    14.258507                
35.78                    14.258318                
35.79                    14.258129                
35.8                     14.257941                
35.81                    14.257752                
35.82                    14.257565                
35.83                    14.257377                
35.84                    14.257189                
35.85                    14.257001                
35.86                    14.256813                
35.87                    14.256625                
35.88                    14.256438                
35.89                    14.25625                 
35.9                     14.256063                
35.91                    14.255877                
35.92                    14.25569                 
35.93                    14.255503                
35.94                    14.255316                
35.95                    14.25513                 
35.96                    14.254943                
35.97                    14.254757                
35.98                    14.25457                 
35.99                    14.254384                
36.0                     14.254198                
36.01                    14.254012                
36.02                    14.253827                
36.03                    14.253641                
36.04                    14.253455                
36.05                    14.25327                 
36.06                    14.253085                
36.07                    14.2529                  
36.08                    14.252715                
36.09                    14.25253                 
36.1                     14.252345                
36.11                    14.25216                 
36.12                    14.251976                
36.13                    14.251792                
36.14                    14.251607                
36.15                    14.251423                
36.16                    14.251239                
36.17                    14.251055                
36.18                    14.250872                
36.19                    14.250688                
36.2                     14.250504                
36.21                    14.25032                 
36.22                    14.250137                
36.23                    14.249954                
36.24                    14.249771                
36.25                    14.249588                
36.26                    14.249405                
36.27                    14.249222                
36.28                    14.249038                
36.29                    14.248855                
36.3                     14.248672                
36.31                    14.248488                
36.32                    14.248305                
36.33                    14.248122                
36.34                    14.24794                 
36.35                    14.247757                
36.36                    14.247575                
36.37                    14.247392                
36.38                    14.24721                 
36.39                    14.247027                
36.4                     14.246845                
36.41                    14.246663                
36.42                    14.246481                
36.43                    14.2463                  
36.44                    14.246118                
36.45                    14.245936                
36.46                    14.245755                
36.47                    14.245573                
36.48                    14.245392                
36.49                    14.245211                
36.5                     14.24503                 
36.51                    14.244849                
36.52                    14.244668                
36.53                    14.244488                
36.54                    14.244307                
36.55                    14.244126                
36.56                    14.243946                
36.57                    14.243766                
36.58                    14.243586                
36.59                    14.243405                
36.6                     14.243226                
36.61                    14.243046                
36.62                    14.2428665               
36.63                    14.242686                
36.64                    14.242507                
36.65                    14.242328                
36.66                    14.242148                
36.67                    14.241969                
36.68                    14.24179                 
36.69                    14.2416115               
36.7                     14.241432                
36.71                    14.241254                
36.72                    14.241075                
36.73                    14.240896                
36.74                    14.240718                
36.75                    14.24054                 
36.76                    14.240361                
36.77                    14.240183                
36.78                    14.2400055               
36.79                    14.239827                
36.8                     14.23965                 
36.81                    14.239472                
36.82                    14.239294                
36.83                    14.239117                
36.84                    14.238939                
36.85                    14.238762                
36.86                    14.238585                
36.87                    14.238408                
36.88                    14.238232                
36.89                    14.238054                
36.9                     14.237878                
36.91                    14.237701                
36.92                    14.237525                
36.93                    14.237349                
36.94                    14.237172                
36.95                    14.236996                
36.96                    14.236819                
36.97                    14.236644                
36.98                    14.236468                
36.99                    14.236292                
37.0                     14.236116                
37.01                    14.235941                
37.02                    14.235765                
37.03                    14.23559                 
37.04                    14.2354145               
37.05                    14.23524                 
37.06                    14.2350645               
37.07                    14.23489                 
37.08                    14.234715                
37.09                    14.23454                 
37.1                     14.234365                
37.11                    14.234191                
37.12                    14.234017                
37.13                    14.233843                
37.14                    14.233668                
37.15                    14.233495                
37.16                    14.23332                 
37.17                    14.233147                
37.18                    14.232973                
37.19                    14.2328                  
37.2                     14.232626                
37.21                    14.232452                
37.22                    14.232279                
37.23                    14.232105                
37.24                    14.231933                
37.25                    14.23176                 
37.26                    14.231586                
37.27                    14.231414                
37.28                    14.231241                
37.29                    14.231069                
37.3                     14.230896                
37.31                    14.230723                
37.32                    14.230552                
37.33                    14.230379                
37.34                    14.230207                
37.35                    14.230035                
37.36                    14.229863                
37.37                    14.2296915               
37.38                    14.22952                 
37.39                    14.229348                
37.4                     14.2291765               
37.41                    14.229006                
37.42                    14.228834                
37.43                    14.228663                
37.44                    14.228492                
37.45                    14.228321                
37.46                    14.22815                 
37.47                    14.22798                 
37.48                    14.227809                
37.49                    14.227638                
37.5                     14.2274685               
37.51                    14.227298                
37.52                    14.227128                
37.53                    14.226957                
37.54                    14.226788                
37.55                    14.226618                
37.56                    14.226448                
37.57                    14.226278                
37.58                    14.226109                
37.59                    14.225939                
37.6                     14.22577                 
37.61                    14.2256                  
37.62                    14.225431                
37.63                    14.225262                
37.64                    14.225093                
37.65                    14.224924                
37.66                    14.224755                
37.67                    14.2245865               
37.68                    14.224419                
37.69                    14.22425                 
37.7                     14.224081                
37.71                    14.223913                
37.72                    14.223745                
37.73                    14.223577                
37.74                    14.223409                
37.75                    14.223241                
37.76                    14.223073                
37.77                    14.222906                
37.78                    14.222738                
37.79                    14.22257                 
37.8                     14.222404                
37.81                    14.222237                
37.82                    14.222069                
37.83                    14.221902                
37.84                    14.221735                
37.85                    14.221568                
37.86                    14.221401                
37.87                    14.221235                
37.88                    14.221068                
37.89                    14.220902                
37.9                     14.220736                
37.91                    14.22057                 
37.92                    14.220404                
37.93                    14.220238                
37.94                    14.220072                
37.95                    14.219906                
37.96                    14.21974                 
37.97                    14.219574                
37.98                    14.219409                
37.99                    14.219243                
38.0                     14.219078                
38.01                    14.218913                
38.02                    14.218748                
38.03                    14.218583                
38.04                    14.218418                
38.05                    14.218253                
38.06                    14.218088                
38.07                    14.217923                
38.08                    14.217759                
38.09                    14.217595                
38.1                     14.21743                 
38.11                    14.217266                
38.12                    14.217102                
38.13                    14.216938                
38.14                    14.216774                
38.15                    14.21661                 
38.16                    14.216447                
38.17                    14.216283                
38.18                    14.21612                 
38.19                    14.215956                
38.2                     14.215793                
38.21                    14.21563                 
38.22                    14.2154665               
38.23                    14.215303                
38.24                    14.21514                 
38.25                    14.214977                
38.26                    14.214815                
38.27                    14.214652                
38.28                    14.21449                 
38.29                    14.214328                
38.3                     14.214165                
38.31                    14.214003                
38.32                    14.2138405               
38.33                    14.213678                
38.34                    14.213517                
38.35                    14.213355                
38.36                    14.213193                
38.37                    14.213032                
38.38                    14.212871                
38.39                    14.212708                
38.4                     14.212547                
38.41                    14.212386                
38.42                    14.212225                
38.43                    14.212064                
38.44                    14.211904                
38.45                    14.211742                
38.46                    14.211581                
38.47                    14.211421                
38.48                    14.211261                
38.49                    14.2111                  
38.5                     14.210939                
38.51                    14.210779                
38.52                    14.210619                
38.53                    14.21046                 
38.54                    14.2102995               
38.55                    14.210139                
38.56                    14.20998                 
38.57                    14.20982                 
38.58                    14.209661                
38.59                    14.209501                
38.6                     14.209342                
38.61                    14.209183                
38.62                    14.209023                
38.63                    14.208864                
38.64                    14.208705                
38.65                    14.208547                
38.66                    14.208387                
38.67                    14.208229                
38.68                    14.208071                
38.69                    14.2079115               
38.7                     14.207753                
38.71                    14.207595                
38.72                    14.2074375               
38.73                    14.207279                
38.74                    14.207121                
38.75                    14.206964                
38.76                    14.206805                
38.77                    14.206648                
38.78                    14.2064905               
38.79                    14.206332                
38.8                     14.206175                
38.81                    14.2060175               
38.82                    14.205861                
38.83                    14.205704                
38.84                    14.205546                
38.85                    14.20539                 
38.86                    14.205233                
38.87                    14.205076                
38.88                    14.20492                 
38.89                    14.204763                
38.9                     14.204607                
38.91                    14.204451                
38.92                    14.204294                
38.93                    14.204138                
38.94                    14.203981                
38.95                    14.203826                
38.96                    14.2036705               
38.97                    14.203514                
38.98                    14.203359                
38.99                    14.203203                
39.0                     14.203048                
39.01                    14.202892                
39.02                    14.202737                
39.03                    14.202581                
39.04                    14.202427                
39.05                    14.202271                
39.06                    14.202117                
39.07                    14.201962                
39.08                    14.201807                
39.09                    14.201653                
39.1                     14.201498                
39.11                    14.201344                
39.12                    14.20119                 
39.13                    14.2010355               
39.14                    14.200881                
39.15                    14.200727                
39.16                    14.200573                
39.17                    14.200419                
39.18                    14.200266                
39.19                    14.200112                
39.2                     14.199959                
39.21                    14.199805                
39.22                    14.199652                
39.23                    14.199498                
39.24                    14.199346                
39.25                    14.199192                
39.26                    14.199039                
39.27                    14.198887                
39.28                    14.198734                
39.29                    14.198581                
39.3                     14.198428                
39.31                    14.1982765               
39.32                    14.198124                
39.33                    14.197971                
39.34                    14.197819                
39.35                    14.197667                
39.36                    14.1975155               
39.37                    14.197363                
39.38                    14.197211                
39.39                    14.19706                 
39.4                     14.196907                
39.41                    14.196755                
39.42                    14.196604                
39.43                    14.196451                
39.44                    14.1963                  
39.45                    14.196148                
39.46                    14.195996                
39.47                    14.195845                
39.48                    14.195693                
39.49                    14.195542                
39.5                     14.195391                
39.51                    14.195239                
39.52                    14.195088                
39.53                    14.194938                
39.54                    14.194786                
39.55                    14.194635                
39.56                    14.194485                
39.57                    14.194334                
39.58                    14.194183                
39.59                    14.194034                
39.6                     14.193883                
39.61                    14.193732                
39.62                    14.193583                
39.63                    14.193432                
39.64                    14.193282                
39.65                    14.193132                
39.66                    14.192983                
39.67                    14.192833                
39.68                    14.192683                
39.69                    14.1925335               
39.7                     14.192384                
39.71                    14.192234                
39.72                    14.192085                
39.73                    14.191936                
39.74                    14.191787                
39.75                    14.191637                
39.76                    14.191488                
39.77                    14.1913395               
39.78                    14.191191                
39.79                    14.191042                
39.8                     14.190893                
39.81                    14.190744                
39.82                    14.190597                
39.83                    14.190448                
39.84                    14.1903                  
39.85                    14.190151                
39.86                    14.190003                
39.87                    14.189856                
39.88                    14.189707                
39.89                    14.189559                
39.9                     14.189411                
39.91                    14.189264                
39.92                    14.1891165               
39.93                    14.188969                
39.94                    14.188821                
39.95                    14.188674                
39.96                    14.188527                
39.97                    14.188379                
39.98                    14.188232                
39.99                    14.188086                
40.0                     14.187939                
40.01                    14.187792                
40.02                    14.187645                
40.03                    14.187498                
40.04                    14.187351                
40.05                    14.187205                
40.06                    14.187058                
40.07                    14.186913                
40.08                    14.186766                
40.09                    14.18662                 
40.1                     14.186474                
40.11                    14.186328                
40.12                    14.186182                
40.13                    14.186036                
40.14                    14.18589                 
40.15                    14.185744                
40.16                    14.185599                
40.17                    14.185453                
40.18                    14.185308                
40.19                    14.185163                
40.2                     14.185018                
40.21                    14.184873                
40.22                    14.184728                
40.23                    14.184583                
40.24                    14.184438                
40.25                    14.184293                
40.26                    14.184148                
40.27                    14.184004                
40.28                    14.183859                
40.29                    14.183715                
40.3                     14.18357                 
40.31                    14.183426                
40.32                    14.183282                
40.33                    14.183137                
40.34                    14.182993                
40.35                    14.182849                
40.36                    14.182706                
40.37                    14.182562                
40.38                    14.182418                
40.39                    14.182274                
40.4                     14.182131                
40.41                    14.181987                
40.42                    14.181844                
40.43                    14.181701                
40.44                    14.181558                
40.45                    14.181415                
40.46                    14.181272                
40.47                    14.1811285               
40.48                    14.180985                
40.49                    14.180842                
40.5                     14.180699                
40.51                    14.180557                
40.52                    14.180414                
40.53                    14.180272                
40.54                    14.18013                 
40.55                    14.179987                
40.56                    14.179845                
40.57                    14.179703                
40.58                    14.179561                
40.59                    14.179419                
40.6                     14.179277                
40.61                    14.179135                
40.62                    14.178993                
40.63                    14.178852                
40.64                    14.17871                 
40.65                    14.178569                
40.66                    14.178428                
40.67                    14.178286                
40.68                    14.178144                
40.69                    14.178003                
40.7                     14.177862                
40.71                    14.177721                
40.72                    14.177581                
40.73                    14.17744                 
40.74                    14.177299                
40.75                    14.177158                
40.76                    14.177017                
40.77                    14.176877                
40.78                    14.176737                
40.79                    14.176597                
40.8                     14.176456                
40.81                    14.176316                
40.82                    14.176176                
40.83                    14.176036                
40.84                    14.175896                
40.85                    14.1757555               
40.86                    14.175616                
40.87                    14.175476                
40.88                    14.175337                
40.89                    14.175198                
40.9                     14.175057                
40.91                    14.174918                
40.92                    14.174779                
40.93                    14.17464                 
40.94                    14.1745                  
40.95                    14.174361                
40.96                    14.174223                
40.97                    14.174084                
40.98                    14.173944                
40.99                    14.173806                
41.0                     14.173667                
41.01                    14.173529                
41.02                    14.17339                 
41.03                    14.173252                
41.04                    14.173114                
41.05                    14.172976                
41.06                    14.172837                
41.07                    14.172699                
41.08                    14.172561                
41.09                    14.172423                
41.1                     14.172285                
41.11                    14.172148                
41.12                    14.172009                
41.13                    14.171872                
41.14                    14.171735                
41.15                    14.171597                
41.16                    14.171459                
41.17                    14.171322                
41.18                    14.171185                
41.19                    14.171048                
41.2                     14.170911                
41.21                    14.1707735               
41.22                    14.170637                
41.23                    14.1705                  
41.24                    14.170363                
41.25                    14.170226                
41.26                    14.17009                 
41.27                    14.169953                
41.28                    14.169817                
41.29                    14.169681                
41.3                     14.169544                
41.31                    14.169408                
41.32                    14.169271                
41.33                    14.169136                
41.34                    14.169                   
41.35                    14.168864                
41.36                    14.168728                
41.37                    14.168592                
41.38                    14.168457                
41.39                    14.168321                
41.4                     14.168185                
41.41                    14.16805                 
41.42                    14.167914                
41.43                    14.16778                 
41.44                    14.1676445               
41.45                    14.167509                
41.46                    14.167374                
41.47                    14.167239                
41.48                    14.167104                
41.49                    14.166969                
41.5                     14.166835                
41.51                    14.1667                  
41.52                    14.166566                
41.53                    14.16643                 
41.54                    14.166297                
41.55                    14.1661625               
41.56                    14.166028                
41.57                    14.165894                
41.58                    14.165759                
41.59                    14.165626                
41.6                     14.165491                
41.61                    14.165358                
41.62                    14.165224                
41.63                    14.16509                 
41.64                    14.164956                
41.65                    14.164823                
41.66                    14.164689                
41.67                    14.164556                
41.68                    14.164423                
41.69                    14.164289                
41.7                     14.164156                
41.71                    14.164022                
41.72                    14.16389                 
41.73                    14.163757                
41.74                    14.163624                
41.75                    14.163491                
41.76                    14.163359                
41.77                    14.163226                
41.78                    14.163094                
41.79                    14.162961                
41.8                     14.162828                
41.81                    14.162696                
41.82                    14.162563                
41.83                    14.162432                
41.84                    14.162299                
41.85                    14.162168                
41.86                    14.162035                
41.87                    14.161903                
41.88                    14.161772                
41.89                    14.161639                
41.9                     14.161508                
41.91                    14.161376                
41.92                    14.161244                
41.93                    14.161114                
41.94                    14.160982                
41.95                    14.160851                
41.96                    14.160719                
41.97                    14.160588                
41.98                    14.160457                
41.99                    14.160326                
42.0                     14.160195                
42.01                    14.160065                
42.02                    14.159933                
42.03                    14.159802                
42.04                    14.159672                
42.05                    14.159542                
42.06                    14.159411                
42.07                    14.159281                
42.08                    14.15915                 
42.09                    14.15902                 
42.1                     14.15889                 
42.11                    14.15876                 
42.12                    14.158629                
42.13                    14.1585                  
42.14                    14.15837                 
42.15                    14.15824                 
42.16                    14.158111                
42.17                    14.157981                
42.18                    14.157851                
42.19                    14.1577215               
42.2                     14.157592                
42.21                    14.157463                
42.22                    14.157333                
42.23                    14.157205                
42.24                    14.157075                
42.25                    14.156946                
42.26                    14.156817                
42.27                    14.156688                
42.28                    14.156559                
42.29                    14.15643                 
42.3                     14.1563015               
42.31                    14.156173                
42.32                    14.156045                
42.33                    14.155916                
42.34                    14.155787                
42.35                    14.15566                 
42.36                    14.155531                
42.37                    14.155403                
42.38                    14.155274                
42.39                    14.155147                
42.4                     14.155019                
42.41                    14.154891                
42.42                    14.154763                
42.43                    14.154635                
42.44                    14.154508                
42.45                    14.15438                 
42.46                    14.154252                
42.47                    14.154125                
42.48                    14.153997                
42.49                    14.15387                 
42.5                     14.153743                
42.51                    14.153616                
42.52                    14.153488                
42.53                    14.153361                
42.54                    14.1532345               
42.55                    14.153108                
42.56                    14.152981                
42.57                    14.152853                
42.58                    14.152727                
42.59                    14.1526                  
42.6                     14.152473                
42.61                    14.152347                
42.62                    14.15222                 
42.63                    14.152094                
42.64                    14.151967                
42.65                    14.151841                
42.66                    14.151715                
42.67                    14.151588                
42.68                    14.151463                
42.69                    14.151337                
42.7                     14.151211                
42.71                    14.151085                
42.72                    14.150959                
42.73                    14.150833                
42.74                    14.150707                
42.75                    14.150582                
42.76                    14.150456                
42.77                    14.150331                
42.78                    14.150206                
42.79                    14.15008                 
42.8                     14.149955                
42.81                    14.14983                 
42.82                    14.149705                
42.83                    14.14958                 
42.84                    14.149454                
42.85                    14.149329                
42.86                    14.149205                
42.87                    14.14908                 
42.88                    14.148955                
42.89                    14.14883                 
42.9                     14.148706                
42.91                    14.1485815               
42.92                    14.148458                
42.93                    14.148333                
42.94                    14.148209                
42.95                    14.148085                
42.96                    14.147961                
42.97                    14.147836                
42.98                    14.147712                
42.99                    14.147588                
43.0                     14.147465                
43.01                    14.147341                
43.02                    14.147217                
43.03                    14.147093                
43.04                    14.14697                 
43.05                    14.146846                
43.06                    14.146723                
43.07                    14.146599                
43.08                    14.146476                
43.09                    14.146353                
43.1                     14.14623                 
43.11                    14.146107                
43.12                    14.145984                
43.13                    14.145861                
43.14                    14.145738                
43.15                    14.145615                
43.16                    14.145492                
43.17                    14.145369                
43.18                    14.1452465               
43.19                    14.1451235               
43.2                     14.145001                
43.21                    14.144879                
43.22                    14.144756                
43.23                    14.144634                
43.24                    14.144512                
43.25                    14.14439                 
43.26                    14.144268                
43.27                    14.144146                
43.28                    14.144024                
43.29                    14.143902                
43.3                     14.14378                 
43.31                    14.143659                
43.32                    14.143537                
43.33                    14.1434145               
43.34                    14.143293                
43.35                    14.143172                
43.36                    14.14305                 
43.37                    14.142929                
43.38                    14.142808                
43.39                    14.142687                
43.4                     14.142566                
43.41                    14.142445                
43.42                    14.1423235               
43.43                    14.142202                
43.44                    14.142081                
43.45                    14.14196                 
43.46                    14.14184                 
43.47                    14.141719                
43.48                    14.141599                
43.49                    14.141478                
43.5                     14.141357                
43.51                    14.141237                
43.52                    14.141116                
43.53                    14.140996                
43.54                    14.140876                
43.55                    14.140756                
43.56                    14.1406355               
43.57                    14.140515                
43.58                    14.140396                
43.59                    14.140276                
43.6                     14.140156                
43.61                    14.140037                
43.62                    14.139916                
43.63                    14.139797                
43.64                    14.139677                
43.65                    14.139558                
43.66                    14.139439                
43.67                    14.139319                
43.68                    14.1392                  
43.69                    14.13908                 
43.7                     14.138961                
43.71                    14.138843                
43.72                    14.138723                
43.73                    14.138604                
43.74                    14.138485                
43.75                    14.138367                
43.76                    14.1382475               
43.77                    14.138129                
43.78                    14.13801                 
43.79                    14.137892                
43.8                     14.1377735               
43.81                    14.137654                
43.82                    14.137536                
43.83                    14.137418                
43.84                    14.1373                  
43.85                    14.137181                
43.86                    14.137063                
43.87                    14.136945                
43.88                    14.136827                
43.89                    14.136709                
43.9                     14.136591                
43.91                    14.136474                
43.92                    14.136355                
43.93                    14.136238                
43.94                    14.136121                
43.95                    14.136003                
43.96                    14.135885                
43.97                    14.135768                
43.98                    14.135651                
43.99                    14.135533                
44.0                     14.135416                
44.01                    14.135299                
44.02                    14.135181                
44.03                    14.135065                
44.04                    14.134948                
44.05                    14.13483                 
44.06                    14.134714                
44.07                    14.134597                
44.08                    14.13448                 
44.09                    14.134364                
44.1                     14.134247                
44.11                    14.1341305               
44.12                    14.134014                
44.13                    14.133898                
44.14                    14.133781                
44.15                    14.133665                
44.16                    14.133549                
44.17                    14.133432                
44.18                    14.133317                
44.19                    14.133201                
44.2                     14.133084                
44.21                    14.132969                
44.22                    14.132853                
44.23                    14.132737                
44.24                    14.132622                
44.25                    14.132505                
44.26                    14.13239                 
44.27                    14.132275                
44.28                    14.132159                
44.29                    14.132044                
44.3                     14.131928                
44.31                    14.131813                
44.32                    14.131698                
44.33                    14.131583                
44.34                    14.131468                
44.35                    14.131352                
44.36                    14.131238                
44.37                    14.131123                
44.38                    14.131008                
44.39                    14.130894                
44.4                     14.130778                
44.41                    14.130664                
44.42                    14.130549                
44.43                    14.130435                
44.44                    14.130321                
44.45                    14.130206                
44.46                    14.130092                
44.47                    14.129977                
44.48                    14.129863                
44.49                    14.129749                
44.5                     14.129635                
44.51                    14.12952                 
44.52                    14.129407                
44.53                    14.1292925               
44.54                    14.129179                
44.55                    14.1290655               
44.56                    14.128951                
44.57                    14.128838                
44.58                    14.128724                
44.59                    14.128611                
44.6                     14.128497                
44.61                    14.128384                
44.62                    14.12827                 
44.63                    14.128158                
44.64                    14.128044                
44.65                    14.127931                
44.66                    14.127818                
44.67                    14.127705                
44.68                    14.127592                
44.69                    14.127479                
44.7                     14.127366                
44.71                    14.127254                
44.72                    14.12714                 
44.73                    14.1270275               
44.74                    14.126915                
44.75                    14.126802                
44.76                    14.12669                 
44.77                    14.126577                
44.78                    14.126465                
44.79                    14.126353                
44.8                     14.126241                
44.81                    14.126128                
44.82                    14.126017                
44.83                    14.125904                
44.84                    14.1257925               
44.85                    14.12568                 
44.86                    14.125568                
44.87                    14.125457                
44.88                    14.125344                
44.89                    14.125233                
44.9                     14.125121                
44.91                    14.12501                 
44.92                    14.124898                
44.93                    14.124786                
44.94                    14.124675                
44.95                    14.124564                
44.96                    14.124453                
44.97                    14.124341                
44.98                    14.12423                 
44.99                    14.124119                
45.0                     14.124008                
45.01                    14.123897                
45.02                    14.123786                
45.03                    14.123675                
45.04                    14.123565                
45.05                    14.123454                
45.06                    14.1233425               
45.07                    14.123232                
45.08                    14.123122                
45.09                    14.123012                
45.1                     14.122901                
45.11                    14.12279                 
45.12                    14.12268                 
45.13                    14.12257                 
45.14                    14.122459                
45.15                    14.12235                 
45.16                    14.122239                
45.17                    14.122129                
45.18                    14.122019                
45.19                    14.121909                
45.2                     14.121799                
45.21                    14.12169                 
45.22                    14.12158                 
45.23                    14.12147                 
45.24                    14.121361                
45.25                    14.121251                
45.26                    14.121141                
45.27                    14.121032                
45.28                    14.120923                
45.29                    14.120813                
45.3                     14.120704                
45.31                    14.120595                
45.32                    14.120485                
45.33                    14.120377                
45.34                    14.120268                
45.35                    14.120158                
45.36                    14.120049                
45.37                    14.119941                
45.38                    14.119832                
45.39                    14.119723                
45.4                     14.119615                
45.41                    14.119506                
45.42                    14.119397                
45.43                    14.119288                
45.44                    14.11918                 
45.45                    14.119072                
45.46                    14.118963                
45.47                    14.118855                
45.48                    14.118747                
45.49                    14.118639                
45.5                     14.11853                 
45.51                    14.1184225               
45.52                    14.118315                
45.53                    14.118207                
45.54                    14.118098                
45.55                    14.1179905               
45.56                    14.117883                
45.57                    14.117775                
45.58                    14.117668                
45.59                    14.11756                 
45.6                     14.117453                
45.61                    14.117345                
45.62                    14.117238                
45.63                    14.11713                 
45.64                    14.117023                
45.65                    14.116916                
45.66                    14.116809                
45.67                    14.116701                
45.68                    14.116594                
45.69                    14.1164875               
45.7                     14.116381                
45.71                    14.116273                
45.72                    14.116166                
45.73                    14.116059                
45.74                    14.1159525               
45.75                    14.115846                
45.76                    14.11574                 
45.77                    14.115633                
45.78                    14.115526                
45.79                    14.11542                 
45.8                     14.115314                
45.81                    14.115207                
45.82                    14.115101                
45.83                    14.114994                
45.84                    14.114888                
45.85                    14.114782                
45.86                    14.114676                
45.87                    14.11457                 
45.88                    14.114464                
45.89                    14.114358                
45.9                     14.114252                
45.91                    14.114146                
45.92                    14.11404                 
45.93                    14.113935                
45.94                    14.11383                 
45.95                    14.113724                
45.96                    14.113618                
45.97                    14.113513                
45.98                    14.113407                
45.99                    14.113302                
46.0                     14.113196                
46.01                    14.113091                
46.02                    14.112987                
46.03                    14.112882                
46.04                    14.112776                
46.05                    14.112671                
46.06                    14.112566                
46.07                    14.112461                
46.08                    14.112356                
46.09                    14.112251                
46.1                     14.112146                
46.11                    14.112042                
46.12                    14.1119375               
46.13                    14.111833                
46.14                    14.111729                
46.15                    14.111624                
46.16                    14.11152                 
46.17                    14.111415                
46.18                    14.111311                
46.19                    14.111207                
46.2                     14.111102                
46.21                    14.110998                
46.22                    14.110894                
46.23                    14.11079                 
46.24                    14.110686                
46.25                    14.110582                
46.26                    14.110478                
46.27                    14.110374                
46.28                    14.1102705               
46.29                    14.1101675               
46.3                     14.110064                
46.31                    14.10996                 
46.32                    14.109857                
46.33                    14.109753                
46.34                    14.10965                 
46.35                    14.109546                
46.36                    14.109443                
46.37                    14.10934                 
46.38                    14.109236                
46.39                    14.109133                
46.4                     14.10903                 
46.41                    14.108927                
46.42                    14.108824                
46.43                    14.108721                
46.44                    14.108618                
46.45                    14.108515                
46.46                    14.108413                
46.47                    14.10831                 
46.48                    14.108207                
46.49                    14.108105                
46.5                     14.108002                
46.51                    14.1079                  
46.52                    14.107797                
46.53                    14.107695                
46.54                    14.107592                
46.55                    14.10749                 
46.56                    14.107388                
46.57                    14.1072855               
46.58                    14.107183                
46.59                    14.107081                
46.6                     14.106979                
46.61                    14.106877                
46.62                    14.106775                
46.63                    14.106673                
46.64                    14.106571                
46.65                    14.10647                 
46.66                    14.106368                
46.67                    14.106266                
46.68                    14.106165                
46.69                    14.106063                
46.7                     14.105962                
46.71                    14.105861                
46.72                    14.105759                
46.73                    14.105658                
46.74                    14.1055565               
46.75                    14.105455                
46.76                    14.105354                
46.77                    14.105253                
46.78                    14.105152                
46.79                    14.105051                
46.8                     14.10495                 
46.81                    14.104849                
46.82                    14.104748                
46.83                    14.104647                
46.84                    14.104547                
46.85                    14.104445                
46.86                    14.104345                
46.87                    14.104244                
46.88                    14.104144                
46.89                    14.104043                
46.9                     14.103943                
46.91                    14.103843                
46.92                    14.103743                
46.93                    14.1036415               
46.94                    14.103541                
46.95                    14.103441                
46.96                    14.103341                
46.97                    14.103241                
46.98                    14.103142                
46.99                    14.103042                
47.0                     14.1029415               
47.01                    14.102841                
47.02                    14.102742                
47.03                    14.102642                
47.04                    14.102542                
47.05                    14.102443                
47.06                    14.102343                
47.07                    14.102243                
47.08                    14.102144                
47.09                    14.102044                
47.1                     14.101945                
47.11                    14.101846                
47.12                    14.101747                
47.13                    14.101647                
47.14                    14.101548                
47.15                    14.101449                
47.16                    14.10135                 
47.17                    14.101251                
47.18                    14.101151                
47.19                    14.101053                
47.2                     14.100954                
47.21                    14.100855                
47.22                    14.100757                
47.23                    14.100657                
47.24                    14.100559                
47.25                    14.10046                 
47.26                    14.100362                
47.27                    14.100264                
47.28                    14.100164                
47.29                    14.100066                
47.3                     14.099968                
47.31                    14.09987                 
47.32                    14.0997715               
47.33                    14.099673                
47.34                    14.099575                
47.35                    14.099477                
47.36                    14.099379                
47.37                    14.099281                
47.38                    14.099183                
47.39                    14.099085                
47.4                     14.098988                
47.41                    14.098889                
47.42                    14.098791                
47.43                    14.098694                
47.44                    14.098597                
47.45                    14.098498                
47.46                    14.098401                
47.47                    14.098304                
47.48                    14.0982065               
47.49                    14.098108                
47.5                     14.098011                
47.51                    14.097914                
47.52                    14.097816                
47.53                    14.097719                
47.54                    14.097623                
47.55                    14.097526                
47.56                    14.097428                
47.57                    14.097331                
47.58                    14.097235                
47.59                    14.097137                
47.6                     14.09704                 
47.61                    14.096944                
47.62                    14.096847                
47.63                    14.09675                 
47.64                    14.096654                
47.65                    14.096557                
47.66                    14.09646                 
47.67                    14.096364                
47.68                    14.096268                
47.69                    14.096171                
47.7                     14.096075                
47.71                    14.095979                
47.72                    14.095882                
47.73                    14.095786                
47.74                    14.09569                 
47.75                    14.095593                
47.76                    14.095498                
47.77                    14.095402                
47.78                    14.095305                
47.79                    14.09521                 
47.8                     14.095114                
47.81                    14.095018                
47.82                    14.094923                
47.83                    14.094827                
47.84                    14.094731                
47.85                    14.094636                
47.86                    14.09454                 
47.87                    14.094444                
47.88                    14.094349                
47.89                    14.094254                
47.9                     14.094158                
47.91                    14.094063                
47.92                    14.093967                
47.93                    14.093873                
47.94                    14.093778                
47.95                    14.093682                
47.96                    14.093587                
47.97                    14.0934925               
47.98                    14.093397                
47.99                    14.093303                
48.0                     14.093207                
48.01                    14.093113                
48.02                    14.093018                
48.03                    14.092923                
48.04                    14.092829                
48.05                    14.092734                
48.06                    14.092639                
48.07                    14.092545                
48.08                    14.09245                 
48.09                    14.092356                
48.1                     14.092261                
48.11                    14.092167                
48.12                    14.0920725               
48.13                    14.091979                
48.14                    14.091885                
48.15                    14.09179                 
48.16                    14.091697                
48.17                    14.091602                
48.18                    14.091508                
48.19                    14.091414                
48.2                     14.09132                 
48.21                    14.091227                
48.22                    14.091133                
48.23                    14.091039                
48.24                    14.090945                
48.25                    14.090852                
48.26                    14.090758                
48.27                    14.090665                
48.28                    14.090571                
48.29                    14.090478                
48.3                     14.0903845               
48.31                    14.090291                
48.32                    14.090198                
48.33                    14.090104                
48.34                    14.090011                
48.35                    14.089918                
48.36                    14.089825                
48.37                    14.089732                
48.38                    14.089639                
48.39                    14.089545                
48.4                     14.089453                
48.41                    14.08936                 
48.42                    14.089267                
48.43                    14.089174                
48.44                    14.089082                
48.45                    14.088989                
48.46                    14.088896                
48.47                    14.088803                
48.48                    14.088711                
48.49                    14.088618                
48.5                     14.088526                
48.51                    14.088434                
48.52                    14.088342                
48.53                    14.088249                
48.54                    14.088157                
48.55                    14.088064                
48.56                    14.087973                
48.57                    14.08788                 
48.58                    14.087789                
48.59                    14.087696                
48.6                     14.0876045               
48.61                    14.087512                
48.62                    14.08742                 
48.63                    14.087329                
48.64                    14.087236                
48.65                    14.087145                
48.66                    14.087053                
48.67                    14.086962                
48.68                    14.08687                 
48.69                    14.086779                
48.7                     14.086687                
48.71                    14.086596                
48.72                    14.086504                
48.73                    14.086412                
48.74                    14.086322                
48.75                    14.08623                 
48.76                    14.086139                
48.77                    14.086048                
48.78                    14.085957                
48.79                    14.085866                
48.8                     14.085774                
48.81                    14.085684                
48.82                    14.085592                
48.83                    14.085502                
48.84                    14.08541                 
48.85                    14.0853195               
48.86                    14.085229                
48.87                    14.085138                
48.88                    14.085047                
48.89                    14.084956                
48.9                     14.084866                
48.91                    14.084775                
48.92                    14.084684                
48.93                    14.084594                
48.94                    14.084503                
48.95                    14.084414                
48.96                    14.084323                
48.97                    14.084232                
48.98                    14.084142                
48.99                    14.084052                
49.0                     14.0839615               
49.01                    14.083872                
49.02                    14.083781                
49.03                    14.083692                
49.04                    14.083601                
49.05                    14.083511                
49.06                    14.083422                
49.07                    14.083331                
49.08                    14.083241                
49.09                    14.083152                
49.1                     14.083062                
49.11                    14.082973                
49.12                    14.082883                
49.13                    14.082793                
49.14                    14.082704                
49.15                    14.082614                
49.16                    14.082524                
49.17                    14.082435                
49.18                    14.082346                
49.19                    14.082256                
49.2                     14.082167                
49.21                    14.082078                
49.22                    14.081988                
49.23                    14.081899                
49.24                    14.08181                 
49.25                    14.081721                
49.26                    14.081632                
49.27                    14.081543                
49.28                    14.081454                
49.29                    14.081365                
49.3                     14.081276                
49.31                    14.081187                
49.32                    14.081099                
49.33                    14.08101                 
49.34                    14.080921                
49.35                    14.0808325               
49.36                    14.080744                
49.37                    14.080655                
49.38                    14.080566                
49.39                    14.080479                
49.4                     14.08039                 
49.41                    14.080301                
49.42                    14.080214                
49.43                    14.080125                
49.44                    14.080036                
49.45                    14.079948                
49.46                    14.079861                
49.47                    14.079772                
49.48                    14.079684                
49.49                    14.079596                
49.5                     14.079508                
49.51                    14.07942                 
49.52                    14.079332                
49.53                    14.079245                
49.54                    14.079157                
49.55                    14.079069                
49.56                    14.078981                
49.57                    14.078894                
49.58                    14.078806                
49.59                    14.078718                
49.6                     14.07863                 
49.61                    14.078543                
49.62                    14.078456                
49.63                    14.078368                
49.64                    14.07828                 
49.65                    14.078194                
49.66                    14.078106                
49.67                    14.078019                
49.68                    14.077931                
49.69                    14.077845                
49.7                     14.077758                
49.71                    14.07767                 
49.72                    14.077583                
49.73                    14.077497                
49.74                    14.07741                 
49.75                    14.077322                
49.76                    14.077235                
49.77                    14.077148                
49.78                    14.077062                
49.79                    14.076975                
49.8                     14.076888                
49.81                    14.076802                
49.82                    14.076715                
49.83                    14.076629                
49.84                    14.076542                
49.85                    14.076456                
49.86                    14.076369                
49.87                    14.0762825               
49.88                    14.076197                
49.89                    14.07611                 
49.9                     14.076024                
49.91                    14.075937                
49.92                    14.075851                
49.93                    14.075766                
49.94                    14.07568                 
49.95                    14.075593                
49.96                    14.075507                
49.97                    14.075421                
49.98                    14.0753355               
49.99                    14.07525                 
50.0                     14.075164                
50.01                    14.075078                
50.02                    14.074992                
50.03                    14.074906                
50.04                    14.0748205               
50.05                    14.074735                
50.06                    14.07465                 
50.07                    14.074564                
50.08                    14.074478                
50.09                    14.074393                
50.1                     14.074307                
50.11                    14.074223                
50.12                    14.074137                
50.13                    14.074052                
50.14                    14.073966                
50.15                    14.073881                
50.16                    14.073796                
50.17                    14.07371                 
50.18                    14.073626                
50.19                    14.073541                
50.2                     14.073456                
50.21                    14.073371                
50.22                    14.073286                
50.23                    14.073201                
50.24                    14.073116                
50.25                    14.073031                
50.26                    14.072947                
50.27                    14.072862                
50.28                    14.072777                
50.29                    14.072693                
50.3                     14.072608                
50.31                    14.072523                
50.32                    14.072439                
50.33                    14.072354                
50.34                    14.07227                 
50.35                    14.0721855               
50.36                    14.072102                
50.37                    14.072017                
50.38                    14.071933                
50.39                    14.071849                
50.4                     14.071764                
50.41                    14.07168                 
50.42                    14.071596                
50.43                    14.071512                
50.44                    14.071428                
50.45                    14.071344                
50.46                    14.07126                 
50.47                    14.071177                
50.48                    14.071093                
50.49                    14.071009                
50.5                     14.070925                
50.51                    14.070841                
50.52                    14.070758                
50.53                    14.070674                
50.54                    14.07059                 
50.55                    14.070507                
50.56                    14.070423                
50.57                    14.07034                 
50.58                    14.070256                
50.59                    14.070173                
50.6                     14.070089                
50.61                    14.070006                
50.62                    14.069923                
50.63                    14.0698395               
50.64                    14.0697565               
50.65                    14.069674                
50.66                    14.069591                
50.67                    14.069508                
50.68                    14.069425                
50.69                    14.069342                
50.7                     14.069259                
50.71                    14.069176                
50.72                    14.069093                
50.73                    14.06901                 
50.74                    14.068927                
50.75                    14.068844                
50.76                    14.068762                
50.77                    14.068679                
50.78                    14.068596                
50.79                    14.068514                
50.8                     14.068431                
50.81                    14.068349                
50.82                    14.068266                
50.83                    14.068184                
50.84                    14.068101                
50.85                    14.068019                
50.86                    14.067937                
50.87                    14.067854                
50.88                    14.067772                
50.89                    14.06769                 
50.9                     14.067608                
50.91                    14.067526                
50.92                    14.067444                
50.93                    14.067362                
50.94                    14.06728                 
50.95                    14.067198                
50.96                    14.067116                
50.97                    14.067034                
50.98                    14.066952                
50.99                    14.066871                
51.0                     14.066789                
51.01                    14.066707                
51.02                    14.066625                
51.03                    14.066544                
51.04                    14.066462                
51.05                    14.0663805               
51.06                    14.0662985               
51.07                    14.066217                
51.08                    14.066136                
51.09                    14.066054                
51.1                     14.065973                
51.11                    14.065892                
51.12                    14.06581                 
51.13                    14.065729                
51.14                    14.065648                
51.15                    14.065567                
51.16                    14.065486                
51.17                    14.065405                
51.18                    14.065324                
51.19                    14.065243                
51.2                     14.065162                
51.21                    14.065081                
51.22                    14.065001                
51.23                    14.064919                
51.24                    14.064838                
51.25                    14.064757                
51.26                    14.064677                
51.27                    14.064596                
51.28                    14.064516                
51.29                    14.064435                
51.3                     14.064355                
51.31                    14.064274                
51.32                    14.064194                
51.33                    14.064113                
51.34                    14.064033                
51.35                    14.063952                
51.36                    14.063871                
51.37                    14.063791                
51.38                    14.063711                
51.39                    14.063631                
51.4                     14.063551                
51.41                    14.063471                
51.42                    14.063391                
51.43                    14.063311                
51.44                    14.0632305               
51.45                    14.06315                 
51.46                    14.06307                 
51.47                    14.062991                
51.48                    14.062911                
51.49                    14.062831                
51.5                     14.062751                
51.51                    14.062672                
51.52                    14.062592                
51.53                    14.062512                
51.54                    14.062432                
51.55                    14.062353                
51.56                    14.062273                
51.57                    14.062194                
51.58                    14.062115                
51.59                    14.062035                
51.6                     14.061955                
51.61                    14.061876                
51.62                    14.061797                
51.63                    14.061717                
51.64                    14.061638                
51.65                    14.061559                
51.66                    14.06148                 
51.67                    14.0614                  
51.68                    14.061321                
51.69                    14.061242                
51.7                     14.061163                
51.71                    14.061085                
51.72                    14.061006                
51.73                    14.060926                
51.74                    14.060847                
51.75                    14.060769                
51.76                    14.06069                 
51.77                    14.060612                
51.78                    14.060533                
51.79                    14.060453                
51.8                     14.060375                
51.81                    14.060297                
51.82                    14.060218                
51.83                    14.06014                 
51.84                    14.060061                
51.85                    14.059982                
51.86                    14.059904                
51.87                    14.059826                
51.88                    14.059748                
51.89                    14.0596695               
51.9                     14.05959                 
51.91                    14.059512                
51.92                    14.059434                
51.93                    14.059356                
51.94                    14.0592785               
51.95                    14.0592                  
51.96                    14.059122                
51.97                    14.059044                
51.98                    14.058966                
51.99                    14.058888                
52.0                     14.05881                 
52.01                    14.058732                
52.02                    14.058655                
52.03                    14.058577                
52.04                    14.058499                
52.05                    14.058421                
52.06                    14.058344                
52.07                    14.058266                
52.08                    14.058188                
52.09                    14.058111                
52.1                     14.058033                
52.11                    14.057956                
52.12                    14.0578785               
52.13                    14.057801                
52.14                    14.057723                
52.15                    14.057646                
52.16                    14.057569                
52.17                    14.057491                
52.18                    14.057414                
52.19                    14.057337                
52.2                     14.05726                 
52.21                    14.057183                
52.22                    14.057106                
52.23                    14.057029                
52.24                    14.0569515               
52.25                    14.056875                
52.26                    14.056798                
52.27                    14.056721                
52.28                    14.056644                
52.29                    14.056567                
52.3                     14.056491                
52.31                    14.056414                
52.32                    14.056337                
52.33                    14.05626                 
52.34                    14.056184                
52.35                    14.0561075               
52.36                    14.05603                 
52.37                    14.055954                
52.38                    14.055878                
52.39                    14.055801                
52.4                     14.055724                
52.41                    14.055648                
52.42                    14.055572                
52.43                    14.055495                
52.44                    14.055419                
52.45                    14.055343                
52.46                    14.055266                
52.47                    14.055191                
52.48                    14.055115                
52.49                    14.055038                
52.5                     14.054962                
52.51                    14.054887                
52.52                    14.054811                
52.53                    14.054734                
52.54                    14.054659                
52.55                    14.054583                
52.56                    14.054507                
52.57                    14.054431                
52.58                    14.054356                
52.59                    14.054279                
52.6                     14.054204                
52.61                    14.054129                
52.62                    14.054052                
52.63                    14.053977                
52.64                    14.053902                
52.65                    14.053826                
52.66                    14.05375                 
52.67                    14.053675                
52.68                    14.053599                
52.69                    14.053524                
52.7                     14.053449                
52.71                    14.053373                
52.72                    14.053298                
52.73                    14.053223                
52.74                    14.053148                
52.75                    14.053073                
52.76                    14.052998                
52.77                    14.052922                
52.78                    14.052848                
52.79                    14.0527725               
52.8                     14.052697                
52.81                    14.052623                
52.82                    14.052547                
52.83                    14.052473                
52.84                    14.052398                
52.85                    14.052323                
52.86                    14.052248                
52.87                    14.052174                
52.88                    14.052099                
52.89                    14.052024                
52.9                     14.0519495               
52.91                    14.051875                
52.92                    14.051801                
52.93                    14.051726                
52.94                    14.051652                
52.95                    14.051578                
52.96                    14.051503                
52.97                    14.051429                
52.98                    14.051354                
52.99                    14.05128                 
53.0                     14.051206                
53.01                    14.051131                
53.02                    14.051057                
53.03                    14.050982                
53.04                    14.050909                
53.05                    14.050835                
53.06                    14.05076                 
53.07                    14.050687                
53.08                    14.050612                
53.09                    14.050539                
53.1                     14.050465                
53.11                    14.050391                
53.12                    14.050317                
53.13                    14.050243                
53.14                    14.050169                
53.15                    14.050096                
53.16                    14.050022                
53.17                    14.049949                
53.18                    14.049874                
53.19                    14.049801                
53.2                     14.049727                
53.21                    14.049654                
53.22                    14.049581                
53.23                    14.049507                
53.24                    14.049434                
53.25                    14.04936                 
53.26                    14.049287                
53.27                    14.049213                
53.28                    14.04914                 
53.29                    14.0490675               
53.3                     14.048994                
53.31                    14.048921                
53.32                    14.048847                
53.33                    14.048775                
53.34                    14.048701                
53.35                    14.048628                
53.36                    14.048555                
53.37                    14.048482                
53.38                    14.048409                
53.39                    14.048336                
53.4                     14.048264                
53.41                    14.048191                
53.42                    14.048118                
53.43                    14.048045                
53.44                    14.047973                
53.45                    14.0479                  
53.46                    14.047827                
53.47                    14.047754                
53.48                    14.047682                
53.49                    14.047609                
53.5                     14.047537                
53.51                    14.047464                
53.52                    14.047392                
53.53                    14.047319                
53.54                    14.047247                
53.55                    14.047174                
53.56                    14.047103                
53.57                    14.04703                 
53.58                    14.046958                
53.59                    14.0468855               
53.6                     14.046814                
53.61                    14.0467415               
53.62                    14.046669                
53.63                    14.0465975               
53.64                    14.046525                
53.65                    14.046453                
53.66                    14.046381                
53.67                    14.046309                
53.68                    14.046237                
53.69                    14.046165                
53.7                     14.046094                
53.71                    14.046021                
53.72                    14.04595                 
53.73                    14.045878                
53.74                    14.045807                
53.75                    14.045735                
53.76                    14.045664                
53.77                    14.045591                
53.78                    14.04552                 
53.79                    14.045448                
53.8                     14.045377                
53.81                    14.045305                
53.82                    14.045235                
53.83                    14.045163                
53.84                    14.045092                
53.85                    14.04502                 
53.86                    14.044949                
53.87                    14.044878                
53.88                    14.0448065               
53.89                    14.044735                
53.9                     14.044664                
53.91                    14.044593                
53.92                    14.044522                
53.93                    14.044451                
53.94                    14.04438                 
53.95                    14.044309                
53.96                    14.044238                
53.97                    14.044167                
53.98                    14.044096                
53.99                    14.044025                
54.0                     14.043955                
54.01                    14.043883                
54.02                    14.043813                
54.03                    14.043742                
54.04                    14.043672                
54.05                    14.043601                
54.06                    14.04353                 
54.07                    14.04346                 
54.08                    14.043389                
54.09                    14.043319                
54.1                     14.043248                
54.11                    14.043178                
54.12                    14.043107                
54.13                    14.043036                
54.14                    14.042967                
54.15                    14.042896                
54.16                    14.042826                
54.17                    14.042755                
54.18                    14.0426855               
54.19                    14.042615                
54.2                     14.042545                
54.21                    14.042475                
54.22                    14.042405                
54.23                    14.042335                
54.24                    14.042265                
54.25                    14.042194                
54.26                    14.042125                
54.27                    14.042055                
54.28                    14.041985                
54.29                    14.041915                
54.3                     14.041845                
54.31                    14.041776                
54.32                    14.041706                
54.33                    14.041636                
54.34                    14.041567                
54.35                    14.041497                
54.36                    14.041428                
54.37                    14.041358                
54.38                    14.041288                
54.39                    14.041219                
54.4                     14.041149                
54.41                    14.0410795               
54.42                    14.04101                 
54.43                    14.04094                 
54.44                    14.040872                
54.45                    14.040802                
54.46                    14.040732                
54.47                    14.040664                
54.48                    14.040594                
54.49                    14.040525                
54.5                     14.040456                
54.51                    14.040387                
54.52                    14.040318                
54.53                    14.040249                
54.54                    14.040179                
54.55                    14.040111                
54.56                    14.040042                
54.57                    14.039973                
54.58                    14.039904                
54.59                    14.039835                
54.6                     14.039766                
54.61                    14.039698                
54.62                    14.039629                
54.63                    14.03956                 
54.64                    14.039492                
54.65                    14.039423                
54.66                    14.039354                
54.67                    14.039286                
54.68                    14.039217                
54.69                    14.039148                
54.7                     14.03908                 
54.71                    14.039011                
54.72                    14.038942                
54.73                    14.038875                
54.74                    14.038806                
54.75                    14.038737                
54.76                    14.03867                 
54.77                    14.038601                
54.78                    14.038533                
54.79                    14.038465                
54.8                     14.038397                
54.81                    14.038328                
54.82                    14.03826                 
54.83                    14.038192                
54.84                    14.038124                
54.85                    14.038056                
54.86                    14.037988                
54.87                    14.03792                 
54.88                    14.037852                
54.89                    14.037785                
54.9                     14.037717                
54.91                    14.037649                
54.92                    14.0375805               
54.93                    14.037513                
54.94                    14.037445                
54.95                    14.037377                
54.96                    14.03731                 
54.97                    14.037243                
54.98                    14.037175                
54.99                    14.037107                
55.0                     14.03704                 
55.01                    14.036972                
55.02                    14.036904                
55.03                    14.036838                
55.04                    14.03677                 
55.05                    14.036702                
55.06                    14.036634                
55.07                    14.036567                
55.08                    14.0365                  
55.09                    14.036432                
55.1                     14.036365                
55.11                    14.036298                
55.12                    14.03623                 
55.13                    14.036162                
55.14                    14.036096                
55.15                    14.036028                
55.16                    14.035961                
55.17                    14.035893                
55.18                    14.035827                
55.19                    14.03576                 
55.2                     14.035692                
55.21                    14.035625                
55.22                    14.035559                
55.23                    14.035491                
55.24                    14.035424                
55.25                    14.035357                
55.26                    14.035291                
55.27                    14.035224                
55.28                    14.035156                
55.29                    14.0350895               
55.3                     14.035023                
55.31                    14.034956                
55.32                    14.034889                
55.33                    14.034822                
55.34                    14.034756                
55.35                    14.03469                 
55.36                    14.034623                
55.37                    14.034556                
55.38                    14.03449                 
55.39                    14.034423                
55.4                     14.034357                
55.41                    14.03429                 
55.42                    14.034224                
55.43                    14.034158                
55.44                    14.034091                
55.45                    14.034024                
55.46                    14.033958                
55.47                    14.033892                
55.48                    14.033826                
55.49                    14.033759                
55.5                     14.033693                
55.51                    14.0336275               
55.52                    14.033561                
55.53                    14.033495                
55.54                    14.033429                
55.55                    14.033362                
55.56                    14.033297                
55.57                    14.033231                
55.58                    14.033165                
55.59                    14.033099                
55.6                     14.033033                
55.61                    14.032968                
55.62                    14.032902                
55.63                    14.032836                
55.64                    14.03277                 
55.65                    14.032704                
55.66                    14.032639                
55.67                    14.032573                
55.68                    14.032507                
55.69                    14.032441                
55.7                     14.032375                
55.71                    14.0323105               
55.72                    14.032245                
55.73                    14.032179                
55.74                    14.032114                
55.75                    14.032048                
55.76                    14.031982                
55.77                    14.031918                
55.78                    14.031852                
55.79                    14.031787                
55.8                     14.031721                
55.81                    14.031656                
55.82                    14.03159                 
55.83                    14.031526                
55.84                    14.031461                
55.85                    14.031395                
55.86                    14.03133                 
55.87                    14.031265                
55.88                    14.031199                
55.89                    14.031135                
55.9                     14.03107                 
55.91                    14.031005                
55.92                    14.03094                 
55.93                    14.030875                
55.94                    14.03081                 
55.95                    14.0307455               
55.96                    14.030681                
55.97                    14.030616                
55.98                    14.030551                
55.99                    14.030486                
56.0                     14.030421                
56.01                    14.030356                
56.02                    14.0302925               
56.03                    14.030228                
56.04                    14.030163                
56.05                    14.030098                
56.06                    14.030034                
56.07                    14.029969                
56.08                    14.029904                
56.09                    14.02984                 
56.1                     14.029776                
56.11                    14.029712                
56.12                    14.029647                
56.13                    14.029583                
56.14                    14.029518                
56.15                    14.029454                
56.16                    14.02939                 
56.17                    14.0293255               
56.18                    14.029262                
56.19                    14.029198                
56.2                     14.029133                
56.21                    14.029069                
56.22                    14.029005                
56.23                    14.028941                
56.24                    14.028877                
56.25                    14.028813                
56.26                    14.028749                
56.27                    14.028686                
56.28                    14.028622                
56.29                    14.028558                
56.3                     14.028494                
56.31                    14.02843                 
56.32                    14.028366                
56.33                    14.028302                
56.34                    14.028238                
56.35                    14.028174                
56.36                    14.028111                
56.37                    14.028048                
56.38                    14.027984                
56.39                    14.02792                 
56.4                     14.027857                
56.41                    14.027793                
56.42                    14.02773                 
56.43                    14.027666                
56.44                    14.027603                
56.45                    14.027539                
56.46                    14.027476                
56.47                    14.027412                
56.48                    14.027349                
56.49                    14.027286                
56.5                     14.027223                
56.51                    14.02716                 
56.52                    14.027096                
56.53                    14.027033                
56.54                    14.02697                 
56.55                    14.026907                
56.56                    14.026844                
56.57                    14.02678                 
56.58                    14.026717                
56.59                    14.026654                
56.6                     14.026591                
56.61                    14.026528                
56.62                    14.026465                
56.63                    14.026402                
56.64                    14.02634                 
56.65                    14.026277                
56.66                    14.026215                
56.67                    14.026152                
56.68                    14.026089                
56.69                    14.026026                
56.7                     14.025963                
56.71                    14.025901                
56.72                    14.025838                
56.73                    14.025775                
56.74                    14.025713                
56.75                    14.02565                 
56.76                    14.025588                
56.77                    14.025525                
56.78                    14.025463                
56.79                    14.0254                  
56.8                     14.025338                
56.81                    14.025275                
56.82                    14.025213                
56.83                    14.02515                 
56.84                    14.025088                
56.85                    14.025026                
56.86                    14.024964                
56.87                    14.024901                
56.88                    14.024839                
56.89                    14.024777                
56.9                     14.024715                
56.91                    14.024653                
56.92                    14.0245905               
56.93                    14.0245285               
56.94                    14.0244665               
56.95                    14.024405                
56.96                    14.024343                
56.97                    14.024281                
56.98                    14.0242195               
56.99                    14.024158                
57.0                     14.024096                
57.01                    14.024034                
57.02                    14.023972                
57.03                    14.02391                 
57.04                    14.023849                
57.05                    14.023787                
57.06                    14.023725                
57.07                    14.0236635               
57.08                    14.023602                
57.09                    14.02354                 
57.1                     14.0234785               
57.11                    14.0234165               
57.12                    14.0233555               
57.13                    14.0232935               
57.14                    14.023232                
57.15                    14.02317                 
57.16                    14.023109                
57.17                    14.023048                
57.18                    14.022986                
57.19                    14.022925                
57.2                     14.022864                
57.21                    14.022802                
57.22                    14.022741                
57.23                    14.02268                 
57.24                    14.022619                
57.25                    14.022558                
57.26                    14.022497                
57.27                    14.022435                
57.28                    14.022374                
57.29                    14.022313                
57.3                     14.022252                
57.31                    14.022191                
57.32                    14.022131                
57.33                    14.02207                 
57.34                    14.022009                
57.35                    14.021948                
57.36                    14.021887                
57.37                    14.021826                
57.38                    14.021766                
57.39                    14.021705                
57.4                     14.021644                
57.41                    14.021583                
57.42                    14.0215225               
57.43                    14.0214615               
57.44                    14.021401                
57.45                    14.02134                 
57.46                    14.021279                
57.47                    14.021219                
57.48                    14.021159                
57.49                    14.021098                
57.5                     14.021038                
57.51                    14.020977                
57.52                    14.020917                
57.53                    14.020857                
57.54                    14.020796                
57.55                    14.020736                
57.56                    14.020676                
57.57                    14.020616                
57.58                    14.020555                
57.59                    14.020494                
57.6                     14.020434                
57.61                    14.020374                
57.62                    14.020314                
57.63                    14.020254                
57.64                    14.020194                
57.65                    14.020134                
57.66                    14.020074                
57.67                    14.020014                
57.68                    14.019954                
57.69                    14.019894                
57.7                     14.019834                
57.71                    14.019774                
57.72                    14.019714                
57.73                    14.019654                
57.74                    14.019594                
57.75                    14.019535                
57.76                    14.019475                
57.77                    14.019415                
57.78                    14.019356                
57.79                    14.019296                
57.8                     14.019236                
57.81                    14.0191765               
57.82                    14.019116                
57.83                    14.019057                
57.84                    14.018997                
57.85                    14.018938                
57.86                    14.018879                
57.87                    14.018819                
57.88                    14.01876                 
57.89                    14.018701                
57.9                     14.0186405               
57.91                    14.018581                
57.92                    14.018522                
57.93                    14.018463                
57.94                    14.018404                
57.95                    14.018344                
57.96                    14.018285                
57.97                    14.018226                
57.98                    14.018167                
57.99                    14.018107                
58.0                     14.018048                
58.01                    14.017989                
58.02                    14.01793                 
58.03                    14.017871                
58.04                    14.017812                
58.05                    14.017754                
58.06                    14.017694                
58.07                    14.017635                
58.08                    14.017576                
58.09                    14.017517                
58.1                     14.017459                
58.11                    14.0174                  
58.12                    14.017341                
58.13                    14.0172825               
58.14                    14.017223                
58.15                    14.017165                
58.16                    14.017106                
58.17                    14.017047                
58.18                    14.016989                
58.19                    14.01693                 
58.2                     14.016871                
58.21                    14.016813                
58.22                    14.016754                
58.23                    14.016696                
58.24                    14.016638                
58.25                    14.016579                
58.26                    14.0165205               
58.27                    14.016462                
58.28                    14.016404                
58.29                    14.016345                
58.3                     14.016287                
58.31                    14.016229                
58.32                    14.0161705               
58.33                    14.016112                
58.34                    14.016054                
58.35                    14.015996                
58.36                    14.015938                
58.37                    14.01588                 
58.38                    14.015821                
58.39                    14.015763                
58.4                     14.015705                
58.41                    14.015647                
58.42                    14.015589                
58.43                    14.015532                
58.44                    14.015473                
58.45                    14.015415                
58.46                    14.015357                
58.47                    14.0153                  
58.48                    14.015242                
58.49                    14.015183                
58.5                     14.015126                
58.51                    14.015068                
58.52                    14.015011                
58.53                    14.014953                
58.54                    14.014895                
58.55                    14.014837                
58.56                    14.01478                 
58.57                    14.014722                
58.58                    14.014665                
58.59                    14.014607                
58.6                     14.014549                
58.61                    14.014492                
58.62                    14.014435                
58.63                    14.014377                
58.64                    14.014319                
58.65                    14.014262                
58.66                    14.014205                
58.67                    14.014148                
58.68                    14.014091                
58.69                    14.014033                
58.7                     14.013975                
58.71                    14.013918                
58.72                    14.013861                
58.73                    14.0138035               
58.74                    14.013746                
58.75                    14.01369                 
58.76                    14.013633                
58.77                    14.013576                
58.78                    14.013518                
58.79                    14.013461                
58.8                     14.013404                
58.81                    14.013348                
58.82                    14.01329                 
58.83                    14.013233                
58.84                    14.013177                
58.85                    14.01312                 
58.86                    14.0130625               
58.87                    14.013006                
58.88                    14.012949                
58.89                    14.012893                
58.9                     14.0128355               
58.91                    14.012779                
58.92                    14.012722                
58.93                    14.012666                
58.94                    14.012609                
58.95                    14.012552                
58.96                    14.012496                
58.97                    14.012439                
58.98                    14.0123825               
58.99                    14.012326                
59.0                     14.012269                
59.01                    14.012213                
59.02                    14.0121565               
59.03                    14.0121                  
59.04                    14.012044                
59.05                    14.011988                
59.06                    14.011931                
59.07                    14.011875                
59.08                    14.011818                
59.09                    14.011762                
59.1                     14.011706                
59.11                    14.01165                 
59.12                    14.011594                
59.13                    14.011538                
59.14                    14.011481                
59.15                    14.011425                
59.16                    14.011369                
59.17                    14.011313                
59.18                    14.011257                
59.19                    14.011201                
59.2                     14.011145                
59.21                    14.011089                
59.22                    14.011033                
59.23                    14.010977                
59.24                    14.0109215               
59.25                    14.010865                
59.26                    14.01081                 
59.27                    14.010754                
59.28                    14.010698                
59.29                    14.010642                
59.3                     14.010587                
59.31                    14.01053                 
59.32                    14.010475                
59.33                    14.01042                 
59.34                    14.010364                
59.35                    14.010308                
59.36                    14.010253                
59.37                    14.010198                
59.38                    14.010141                
59.39                    14.010086                
59.4                     14.010031                
59.41                    14.009975                
59.42                    14.00992                 
59.43                    14.009865                
59.44                    14.0098095               
59.45                    14.009754                
59.46                    14.009699                
59.47                    14.009644                
59.48                    14.009588                
59.49                    14.009533                
59.5                     14.009478                
59.51                    14.009422                
59.52                    14.009367                
59.53                    14.009312                
59.54                    14.009257                
59.55                    14.009202                
59.56                    14.009147                
59.57                    14.009091                
59.58                    14.009037                
59.59                    14.008982                
59.6                     14.008926                
59.61                    14.008872                
59.62                    14.008817                
59.63                    14.008762                
59.64                    14.008707                
59.65                    14.008653                
59.66                    14.008597                
59.67                    14.008543                
59.68                    14.008488                
59.69                    14.008433                
59.7                     14.008379                
59.71                    14.008324                
59.72                    14.008269                
59.73                    14.008215                
59.74                    14.00816                 
59.75                    14.008105                
59.76                    14.008051                
59.77                    14.007997                
59.78                    14.007942                
59.79                    14.007888                
59.8                     14.0078335               
59.81                    14.007778                
59.82                    14.007724                
59.83                    14.007669                
59.84                    14.007615                
59.85                    14.007561                
59.86                    14.007507                
59.87                    14.007453                
59.88                    14.007399                
59.89                    14.007344                
59.9                     14.00729                 
59.91                    14.007236                
59.92                    14.007181                
59.93                    14.007128                
59.94                    14.007073                
59.95                    14.007019                
59.96                    14.006966                
59.97                    14.006911                
59.98                    14.006857                
59.99                    14.0068035               
60.0                     14.006749                
60.01                    14.006696                
60.02                    14.006641                
60.03                    14.006588                
60.04                    14.006534                
60.05                    14.00648                 
60.06                    14.006426                
60.07                    14.006372                
60.08                    14.006319                
60.09                    14.006265                
60.1                     14.006211                
60.11                    14.006158                
60.12                    14.006104                
60.13                    14.00605                 
60.14                    14.005997                
60.15                    14.005943                
60.16                    14.00589                 
60.17                    14.0058365               
60.18                    14.005783                
60.19                    14.00573                 
60.2                     14.005676                
60.21                    14.005623                
60.22                    14.005569                
60.23                    14.005516                
60.24                    14.005463                
60.25                    14.005409                
60.26                    14.005356                
60.27                    14.005302                
60.28                    14.005249                
60.29                    14.005196                
60.3                     14.005143                
60.31                    14.00509                 
60.32                    14.005036                
60.33                    14.004983                
60.34                    14.0049305               
60.35                    14.004877                
60.36                    14.004825                
60.37                    14.004771                
60.38                    14.004718                
60.39                    14.004665                
60.4                     14.004612                
60.41                    14.0045595               
60.42                    14.004506                
60.43                    14.004454                
60.44                    14.004401                
60.45                    14.004348                
60.46                    14.004295                
60.47                    14.004243                
60.48                    14.0041895               
60.49                    14.004137                
60.5                     14.004085                
60.51                    14.004031                
60.52                    14.003979                
60.53                    14.003926                
60.54                    14.003874                
60.55                    14.003821                
60.56                    14.003769                
60.57                    14.003716                
60.58                    14.003664                
60.59                    14.003612                
60.6                     14.003559                
60.61                    14.003507                
60.62                    14.003454                
60.63                    14.003402                
60.64                    14.003349                
60.65                    14.003297                
60.66                    14.003244                
60.67                    14.003193                
60.68                    14.00314                 
60.69                    14.003088                
60.7                     14.003036                
60.71                    14.002984                
60.72                    14.002932                
60.73                    14.002879                
60.74                    14.002828                
60.75                    14.002775                
60.76                    14.002723                
60.77                    14.002671                
60.78                    14.002619                
60.79                    14.002567                
60.8                     14.002515                
60.81                    14.002463                
60.82                    14.002412                
60.83                    14.002359                
60.84                    14.002308                
60.85                    14.002256                
60.86                    14.002204                
60.87                    14.002152                
60.88                    14.002101                
60.89                    14.0020485               
60.9                     14.001997                
60.91                    14.0019455               
60.92                    14.001894                
60.93                    14.0018425               
60.94                    14.001791                
60.95                    14.0017395               
60.96                    14.001688                
60.97                    14.0016365               
60.98                    14.001585                
60.99                    14.0015335               
61.0                     14.001482                
61.01                    14.0014305               
61.02                    14.001379                
61.03                    14.0013275               
61.04                    14.001276                
61.05                    14.0012245               
61.06                    14.001174                
61.07                    14.001122                
61.08                    14.001071                
61.09                    14.0010195               
61.1                     14.000969                
61.11                    14.000917                
61.12                    14.000866                
61.13                    14.000815                
61.14                    14.000764                
61.15                    14.000713                
61.16                    14.000662                
61.17                    14.000611                
61.18                    14.00056                 
61.19                    14.000509                
61.2                     14.000458                
61.21                    14.000407                
61.22                    14.000356                
61.23                    14.000305                
61.24                    14.000255                
61.25                    14.000203                
61.26                    14.000153                
61.27                    14.000102                
61.28                    14.0000515               
61.29                    14.0                     
61.3                     13.999949                
61.31                    13.999898                
61.32                    13.999846                
61.33                    13.999796                
61.34                    13.999744                
61.35                    13.999694                
61.36                    13.999642                
61.37                    13.999591                
61.38                    13.99954                 
61.39                    13.999489                
61.4                     13.999438                
61.41                    13.999387                
61.42                    13.999336                
61.43                    13.999286                
61.44                    13.999234                
61.45                    13.999184                
61.46                    13.999132                
61.47                    13.999082                
61.48                    13.999031                
61.49                    13.99898                 
61.5                     13.998929                
61.51                    13.9988785               
61.52                    13.998828                
61.53                    13.998777                
61.54                    13.998726                
61.55                    13.998675                
61.56                    13.998625                
61.57                    13.998574                
61.58                    13.998524                
61.59                    13.998473                
61.6                     13.998423                
61.61                    13.998372                
61.62                    13.998322                
61.63                    13.998271                
61.64                    13.99822                 
61.65                    13.99817                 
61.66                    13.998119                
61.67                    13.998069                
61.68                    13.998018                
61.69                    13.997968                
61.7                     13.997918                
61.71                    13.997868                
61.72                    13.997817                
61.73                    13.9977665               
61.74                    13.997716                
61.75                    13.997666                
61.76                    13.997616                
61.77                    13.997565                
61.78                    13.997516                
61.79                    13.997465                
61.8                     13.997416                
61.81                    13.997365                
61.82                    13.997314                
61.83                    13.997265                
61.84                    13.997214                
61.85                    13.997165                
61.86                    13.997114                
61.87                    13.997065                
61.88                    13.997015                
61.89                    13.996964                
61.9                     13.996915                
61.91                    13.996864                
61.92                    13.996815                
61.93                    13.996765                
61.94                    13.996715                
61.95                    13.996665                
61.96                    13.996615                
61.97                    13.996566                
61.98                    13.996515                
61.99                    13.996466                
62.0                     13.996416                
62.01                    13.9963665               
62.02                    13.996317                
62.03                    13.996267                
62.04                    13.996218                
62.05                    13.996168                
62.06                    13.996119                
62.07                    13.996069                
62.08                    13.996019                
62.09                    13.99597                 
62.1                     13.99592                 
62.11                    13.995871                
62.12                    13.995821                
62.13                    13.995771                
62.14                    13.995722                
62.15                    13.995672                
62.16                    13.995623                
62.17                    13.995574                
62.18                    13.995524                
62.19                    13.995475                
62.2                     13.995425                
62.21                    13.995377                
62.22                    13.995327                
62.23                    13.995277                
62.24                    13.995229                
62.25                    13.995179                
62.26                    13.99513                 
62.27                    13.995081                
62.28                    13.995031                
62.29                    13.994983                
62.3                     13.994933                
62.31                    13.9948845               
62.32                    13.994835                
62.33                    13.994786                
62.34                    13.994737                
62.35                    13.994688                
62.36                    13.994639                
62.37                    13.99459                 
62.38                    13.994541                
62.39                    13.994493                
62.4                     13.994443                
62.41                    13.994394                
62.42                    13.994346                
62.43                    13.994297                
62.44                    13.994247                
62.45                    13.994199                
62.46                    13.99415                 
62.47                    13.994102                
62.48                    13.994053                
62.49                    13.994004                
62.5                     13.993955                
62.51                    13.993906                
62.52                    13.993857                
62.53                    13.993809                
62.54                    13.99376                 
62.55                    13.993711                
62.56                    13.993663                
62.57                    13.993614                
62.58                    13.9935665               
62.59                    13.993518                
62.6                     13.993469                
62.61                    13.993421                
62.62                    13.993372                
62.63                    13.993323                
62.64                    13.993275                
62.65                    13.993227                
62.66                    13.993178                
62.67                    13.99313                 
62.68                    13.993082                
62.69                    13.993033                
62.7                     13.992985                
62.71                    13.992937                
62.72                    13.992888                
62.73                    13.99284                 
62.74                    13.992792                
62.75                    13.9927435               
62.76                    13.992696                
62.77                    13.992647                
62.78                    13.9925995               
62.79                    13.992551                
62.8                     13.992503                
62.81                    13.992455                
62.82                    13.992407                
62.83                    13.992358                
62.84                    13.992311                
62.85                    13.992263                
62.86                    13.992214                
62.87                    13.9921665               
62.88                    13.992119                
62.89                    13.992071                
62.9                     13.9920225               
62.91                    13.991975                
62.92                    13.991927                
62.93                    13.991879                
62.94                    13.991832                
62.95                    13.991783                
62.96                    13.991735                
62.97                    13.991688                
62.98                    13.99164                 
62.99                    13.991592                
63.0                     13.991545                
63.01                    13.991497                
63.02                    13.991449                
63.03                    13.991402                
63.04                    13.991354                
63.05                    13.991306                
63.06                    13.991259                
63.07                    13.991211                
63.08                    13.991163                
63.09                    13.991117                
63.1                     13.991069                
63.11                    13.991021                
63.12                    13.990973                
63.13                    13.990926                
63.14                    13.990879                
63.15                    13.990831                
63.16                    13.990784                
63.17                    13.990736                
63.18                    13.990689                
63.19                    13.990642                
63.2                     13.990595                
63.21                    13.990547                
63.22                    13.9904995               
63.23                    13.990453                
63.24                    13.990405                
63.25                    13.990358                
63.26                    13.990311                
63.27                    13.990264                
63.28                    13.990216                
63.29                    13.99017                 
63.3                     13.990122                
63.31                    13.990075                
63.32                    13.990028                
63.33                    13.989981                
63.34                    13.989934                
63.35                    13.989887                
63.36                    13.98984                 
63.37                    13.989793                
63.38                    13.989746                
63.39                    13.989699                
63.4                     13.989652                
63.41                    13.989605                
63.42                    13.989558                
63.43                    13.9895115               
63.44                    13.989465                
63.45                    13.989418                
63.46                    13.989371                
63.47                    13.989324                
63.48                    13.989277                
63.49                    13.98923                 
63.5                     13.989183                
63.51                    13.989137                
63.52                    13.98909                 
63.53                    13.989043                
63.54                    13.988997                
63.55                    13.988951                
63.56                    13.988904                
63.57                    13.988857                
63.58                    13.988811                
63.59                    13.988764                
63.6                     13.988717                
63.61                    13.988671                
63.62                    13.988625                
63.63                    13.988578                
63.64                    13.988531                
63.65                    13.988485                
63.66                    13.988439                
63.67                    13.988392                
63.68                    13.988346                
63.69                    13.988299                
63.7                     13.988253                
63.71                    13.988207                
63.72                    13.98816                 
63.73                    13.988114                
63.74                    13.988068                
63.75                    13.988022                
63.76                    13.987975                
63.77                    13.987929                
63.78                    13.987883                
63.79                    13.987837                
63.8                     13.98779                 
63.81                    13.987744                
63.82                    13.987699                
63.83                    13.987652                
63.84                    13.987606                
63.85                    13.98756                 
63.86                    13.987514                
63.87                    13.987468                
63.88                    13.987422                
63.89                    13.987376                
63.9                     13.9873295               
63.91                    13.987284                
63.92                    13.987238                
63.93                    13.987192                
63.94                    13.987146                
63.95                    13.987101                
63.96                    13.987055                
63.97                    13.987009                
63.98                    13.986963                
63.99                    13.986917                
64.0                     13.986871                
64.01                    13.986826                
64.02                    13.98678                 
64.03                    13.986734                
64.04                    13.986689                
64.05                    13.986643                
64.06                    13.986597                
64.07                    13.986551                
64.08                    13.9865055               
64.09                    13.98646                 
64.1                     13.986415                
64.11                    13.986369                
64.12                    13.986323                
64.13                    13.986278                
64.14                    13.986232                
64.15                    13.986187                
64.16                    13.986141                
64.17                    13.986095                
64.18                    13.986051                
64.19                    13.986005                
64.2                     13.98596                 
64.21                    13.985914                
64.22                    13.985868                
64.23                    13.985824                
64.24                    13.985778                
64.25                    13.985733                
64.26                    13.985687                
64.27                    13.985642                
64.28                    13.985597                
64.29                    13.985552                
64.3                     13.985506                
64.31                    13.985461                
64.32                    13.985416                
64.33                    13.985371                
64.34                    13.985326                
64.35                    13.985281                
64.36                    13.985235                
64.37                    13.98519                 
64.38                    13.985146                
64.39                    13.985101                
64.4                     13.985055                
64.41                    13.98501                 
64.42                    13.984965                
64.43                    13.9849205               
64.44                    13.984876                
64.45                    13.984831                
64.46                    13.984786                
64.47                    13.98474                 
64.48                    13.984695                
64.49                    13.984651                
64.5                     13.984606                
64.51                    13.984561                
64.52                    13.984516                
64.53                    13.984471                
64.54                    13.9844265               
64.55                    13.984383                
64.56                    13.984338                
64.57                    13.984293                
64.58                    13.984248                
64.59                    13.984203                
64.6                     13.9841585               
64.61                    13.984114                
64.62                    13.98407                 
64.63                    13.984025                
64.64                    13.98398                 
64.65                    13.983935                
64.66                    13.9838915               
64.67                    13.983847                
64.68                    13.983802                
64.69                    13.983758                
64.7                     13.983713                
64.71                    13.983668                
64.72                    13.983624                
64.73                    13.98358                 
64.74                    13.983536                
64.75                    13.983491                
64.76                    13.983447                
64.77                    13.983402                
64.78                    13.983358                
64.79                    13.983314                
64.8                     13.98327                 
64.81                    13.983225                
64.82                    13.983181                
64.83                    13.983136                
64.84                    13.983092                
64.85                    13.983048                
64.86                    13.983004                
64.87                    13.98296                 
64.88                    13.982916                
64.89                    13.982872                
64.9                     13.982827                
64.91                    13.982783                
64.92                    13.982739                
64.93                    13.982696                
64.94                    13.982652                
64.95                    13.982607                
64.96                    13.982563                
64.97                    13.982519                
64.98                    13.982475                
64.99                    13.982431                
65.0                     13.982388                
65.01                    13.982344                
65.02                    13.9823                  
65.03                    13.982256                
65.04                    13.982212                
65.05                    13.982168                
65.06                    13.982124                
65.07                    13.98208                 
65.08                    13.982037                
65.09                    13.981993                
65.1                     13.981949                
65.11                    13.981906                
65.12                    13.981862                
65.13                    13.981818                
65.14                    13.981774                
65.15                    13.98173                 
65.16                    13.981688                
65.17                    13.981644                
65.18                    13.9816                  
65.19                    13.981556                
65.2                     13.981513                
65.21                    13.981469                
65.22                    13.981426                
65.23                    13.981382                
65.24                    13.9813385               
65.25                    13.981296                
65.26                    13.981252                
65.27                    13.981209                
65.28                    13.981165                
65.29                    13.981122                
65.3                     13.981078                
65.31                    13.981035                
65.32                    13.980991                
65.33                    13.980948                
65.34                    13.980905                
65.35                    13.980862                
65.36                    13.980819                
65.37                    13.980775                
65.38                    13.980732                
65.39                    13.980689                
65.4                     13.980645                
65.41                    13.980602                
65.42                    13.980559                
65.43                    13.980516                
65.44                    13.980473                
65.45                    13.98043                 
65.46                    13.980387                
65.47                    13.980344                
65.48                    13.980301                
65.49                    13.980257                
65.5                     13.980214                
65.51                    13.980171                
65.52                    13.980128                
65.53                    13.980085                
65.54                    13.980042                
65.55                    13.98                    
65.56                    13.979957                
65.57                    13.979914                
65.58                    13.979871                
65.59                    13.979828                
65.6                     13.979785                
65.61                    13.979742                
65.62                    13.9797                  
65.63                    13.979657                
65.64                    13.979614                
65.65                    13.979571                
65.66                    13.979528                
65.67                    13.9794855               
65.68                    13.979444                
65.69                    13.979401                
65.7                     13.979358                
65.71                    13.979315                
65.72                    13.979273                
65.73                    13.97923                 
65.74                    13.979187                
65.75                    13.979145                
65.76                    13.979102                
65.77                    13.97906                 
65.78                    13.979017                
65.79                    13.978974                
65.8                     13.978932                
65.81                    13.978889                
65.82                    13.9788475               
65.83                    13.978805                
65.84                    13.978763                
65.85                    13.97872                 
65.86                    13.978678                
65.87                    13.978636                
65.88                    13.978593                
65.89                    13.978551                
65.9                     13.978508                
65.91                    13.978466                
65.92                    13.978424                
65.93                    13.978381                
65.94                    13.978339                
65.95                    13.978297                
65.96                    13.978255                
65.97                    13.978212                
65.98                    13.97817                 
65.99                    13.978128                
66.0                     13.978086                
66.01                    13.9780445               
66.02                    13.978003                
66.03                    13.97796                 
66.04                    13.977918                
66.05                    13.977876                
66.06                    13.977834                
66.07                    13.977792                
66.08                    13.97775                 
66.09                    13.977708                
66.1                     13.977666                
66.11                    13.977624                
66.12                    13.977582                
66.13                    13.97754                 
66.14                    13.977498                
66.15                    13.977457                
66.16                    13.977415                
66.17                    13.977373                
66.18                    13.977331                
66.19                    13.977289                
66.2                     13.977247                
66.21                    13.977206                
66.22                    13.977164                
66.23                    13.977122                
66.24                    13.97708                 
66.25                    13.977039                
66.26                    13.976997                
66.27                    13.976955                
66.28                    13.976914                
66.29                    13.976872                
66.3                     13.9768305               
66.31                    13.976789                
66.32                    13.9767475               
66.33                    13.9767065               
66.34                    13.976665                
66.35                    13.976623                
66.36                    13.976582                
66.37                    13.97654                 
66.38                    13.976499                
66.39                    13.976458                
66.4                     13.976416                
66.41                    13.976375                
66.42                    13.976333                
66.43                    13.976292                
66.44                    13.976251                
66.45                    13.976209                
66.46                    13.976168                
66.47                    13.976127                
66.48                    13.976085                
66.49                    13.976044                
66.5                     13.976003                
66.51                    13.975962                
66.52                    13.97592                 
66.53                    13.975879                
66.54                    13.975838                
66.55                    13.975797                
66.56                    13.975756                
66.57                    13.975715                
66.58                    13.975673                
66.59                    13.975632                
66.6                     13.975591                
66.61                    13.97555                 
66.62                    13.975509                
66.63                    13.975468                
66.64                    13.975427                
66.65                    13.975386                
66.66                    13.975345                
66.67                    13.975304                
66.68                    13.975263                
66.69                    13.975222                
66.7                     13.975182                
66.71                    13.975141                
66.72                    13.9751                  
66.73                    13.975059                
66.74                    13.975018                
66.75                    13.974977                
66.76                    13.9749365               
66.77                    13.9748955               
66.78                    13.974854                
66.79                    13.974813                
66.8                     13.974773                
66.81                    13.974732                
66.82                    13.974691                
66.83                    13.974651                
66.84                    13.97461                 
66.85                    13.974569                
66.86                    13.974529                
66.87                    13.974488                
66.88                    13.974448                
66.89                    13.974407                
66.9                     13.974367                
66.91                    13.974326                
66.92                    13.974286                
66.93                    13.974245                
66.94                    13.974205                
66.95                    13.974164                
66.96                    13.974124                
66.97                    13.974083                
66.98                    13.974043                
66.99                    13.974003                
67.0                     13.973962                
67.01                    13.973922                
67.02                    13.973882                
67.03                    13.973841                
67.04                    13.973801                
67.05                    13.973761                
67.06                    13.973721                
67.07                    13.9736805               
67.08                    13.9736395               
67.09                    13.973599                
67.1                     13.973559                
67.11                    13.973519                
67.12                    13.973479                
67.13                    13.973439                
67.14                    13.973398                
67.15                    13.973358                
67.16                    13.973318                
67.17                    13.973278                
67.18                    13.973238                
67.19                    13.973198                
67.2                     13.973158                
67.21                    13.973118                
67.22                    13.973078                
67.23                    13.973038                
67.24                    13.972999                
67.25                    13.972959                
67.26                    13.9729185               
67.27                    13.972878                
67.28                    13.972838                
67.29                    13.972798                
67.3                     13.972759                
67.31                    13.972719                
67.32                    13.972679                
67.33                    13.972639                
67.34                    13.972599                
67.35                    13.97256                 
67.36                    13.97252                 
67.37                    13.97248                 
67.38                    13.972441                
67.39                    13.972401                
67.4                     13.972361                
67.41                    13.9723215               
67.42                    13.972281                
67.43                    13.972242                
67.44                    13.972202                
67.45                    13.972163                
67.46                    13.972123                
67.47                    13.972084                
67.48                    13.972044                
67.49                    13.972005                
67.5                     13.971965                
67.51                    13.971926                
67.52                    13.971886                
67.53                    13.971847                
67.54                    13.9718075               
67.55                    13.971767                
67.56                    13.971727                
67.57                    13.971688                
67.58                    13.971648                
67.59                    13.971608                
67.6                     13.971569                
67.61                    13.971529                
67.62                    13.97149                 
67.63                    13.97145                 
67.64                    13.971411                
67.65                    13.971371                
67.66                    13.971331                
67.67                    13.971292                
67.68                    13.9712515               
67.69                    13.971212                
67.7                     13.971172                
67.71                    13.971133                
67.72                    13.971094                
67.73                    13.971054                
67.74                    13.971015                
67.75                    13.970975                
67.76                    13.970936                
67.77                    13.970897                
67.78                    13.970857                
67.79                    13.970818                
67.8                     13.970778                
67.81                    13.970738                
67.82                    13.970699                
67.83                    13.97066                 
67.84                    13.970621                
67.85                    13.970581                
67.86                    13.970542                
67.87                    13.970503                
67.88                    13.970464                
67.89                    13.970425                
67.9                     13.970385                
67.91                    13.9703455               
67.92                    13.970306                
67.93                    13.970267                
67.94                    13.970228                
67.95                    13.970189                
67.96                    13.97015                 
67.97                    13.970111                
67.98                    13.970072                
67.99                    13.970033                
68.0                     13.969994                
68.01                    13.9699545               
68.02                    13.969915                
68.03                    13.969876                
68.04                    13.969837                
68.05                    13.969798                
68.06                    13.969759                
68.07                    13.96972                 
68.08                    13.969681                
68.09                    13.969642                
68.1                     13.969604                
68.11                    13.969564                
68.12                    13.969525                
68.13                    13.969486                
68.14                    13.969447                
68.15                    13.969409                
68.16                    13.96937                 
68.17                    13.969331                
68.18                    13.969292                
68.19                    13.969254                
68.2                     13.969214                
68.21                    13.969175                
68.22                    13.969137                
68.23                    13.969098                
68.24                    13.969059                
68.25                    13.969021                
68.26                    13.968982                
68.27                    13.968943                
68.28                    13.9689045               
68.29                    13.968865                
68.3                     13.968827                
68.31                    13.968788                
68.32                    13.96875                 
68.33                    13.968711                
68.34                    13.968673                
68.35                    13.968634                
68.36                    13.9685955               
68.37                    13.968556                
68.38                    13.968518                
68.39                    13.96848                 
68.4                     13.968441                
68.41                    13.968403                
68.42                    13.968365                
68.43                    13.968326                
68.44                    13.968287                
68.45                    13.968249                
68.46                    13.96821                 
68.47                    13.968172                
68.48                    13.968134                
68.49                    13.968095                
68.5                     13.968057                
68.51                    13.968019                
68.52                    13.96798                 
68.53                    13.967942                
68.54                    13.967903                
68.55                    13.967865                
68.56                    13.967827                
68.57                    13.967789                
68.58                    13.967751                
68.59                    13.967712                
68.6                     13.967674                
68.61                    13.967636                
68.62                    13.967598                
68.63                    13.967559                
68.64                    13.967521                
68.65                    13.967483                
68.66                    13.967444                
68.67                    13.967406                
68.68                    13.967368                
68.69                    13.967331                
68.7                     13.967293                
68.71                    13.967255                
68.72                    13.9672165               
68.73                    13.967178                
68.74                    13.96714                 
68.75                    13.967102                
68.76                    13.967064                
68.77                    13.967026                
68.78                    13.966989                
68.79                    13.96695                 
68.8                     13.966912                
68.81                    13.966874                
68.82                    13.966837                
68.83                    13.966799                
68.84                    13.966761                
68.85                    13.9667225               
68.86                    13.966685                
68.87                    13.966647                
68.88                    13.966609                
68.89                    13.966572                
68.9                     13.966534                
68.91                    13.9664955               
68.92                    13.966458                
68.93                    13.96642                 
68.94                    13.966383                
68.95                    13.966345                
68.96                    13.966307                
68.97                    13.9662695               
68.98                    13.966231                
68.99                    13.966194                
69.0                     13.966156                
69.01                    13.966119                
69.02                    13.966081                
69.03                    13.966043                
69.04                    13.966006                
69.05                    13.965968                
69.06                    13.965931                
69.07                    13.965893                
69.08                    13.965856                
69.09                    13.965818                
69.1                     13.96578                 
69.11                    13.965743                
69.12                    13.965706                
69.13                    13.965668                
69.14                    13.965631                
69.15                    13.965593                
69.16                    13.965555                
69.17                    13.965518                
69.18                    13.965481                
69.19                    13.965444                
69.2                     13.965406                
69.21                    13.965368                
69.22                    13.965331                
69.23                    13.965294                
69.24                    13.965257                
69.25                    13.9652195               
69.26                    13.965182                
69.27                    13.965145                
69.28                    13.965107                
69.29                    13.96507                 
69.3                     13.965033                
69.31                    13.964995                
69.32                    13.964958                
69.33                    13.964921                
69.34                    13.964884                
69.35                    13.964847                
69.36                    13.964809                
69.37                    13.964772                
69.38                    13.964735                
69.39                    13.964698                
69.4                     13.964662                
69.41                    13.964624                
69.42                    13.964587                
69.43                    13.96455                 
69.44                    13.964513                
69.45                    13.964476                
69.46                    13.964438                
69.47                    13.964402                
69.48                    13.964365                
69.49                    13.964328                
69.5                     13.964291                
69.51                    13.964253                
69.52                    13.964217                
69.53                    13.96418                 
69.54                    13.964143                
69.55                    13.964107                
69.56                    13.964069                
69.57                    13.964032                
69.58                    13.963996                
69.59                    13.963959                
69.6                     13.963922                
69.61                    13.963885                
69.62                    13.963848                
69.63                    13.963811                
69.64                    13.963775                
69.65                    13.9637375               
69.66                    13.963701                
69.67                    13.963664                
69.68                    13.963628                
69.69                    13.963591                
69.7                     13.963554                
69.71                    13.963517                
69.72                    13.963481                
69.73                    13.963444                
69.74                    13.9634075               
69.75                    13.963371                
69.76                    13.963334                
69.77                    13.963298                
69.78                    13.963261                
69.79                    13.963224                
69.8                     13.963188                
69.81                    13.963151                
69.82                    13.963115                
69.83                    13.9630785               
69.84                    13.963041                
69.85                    13.963005                
69.86                    13.962969                
69.87                    13.962933                
69.88                    13.962895                
69.89                    13.962859                
69.9                     13.962823                
69.91                    13.962787                
69.92                    13.96275                 
69.93                    13.962714                
69.94                    13.962677                
69.95                    13.962641                
69.96                    13.9626045               
69.97                    13.962568                
69.98                    13.962532                
69.99                    13.962496                
70.0                     13.96246                 
70.01                    13.962423                
70.02                    13.962387                
70.03                    13.962351                
70.04                    13.962315                
70.05                    13.962278                
70.06                    13.962242                
70.07                    13.962206                
70.08                    13.96217                 
70.09                    13.962133                
70.1                     13.962097                
70.11                    13.962061                
70.12                    13.962025                
70.13                    13.961988                
70.14                    13.961952                
70.15                    13.961917                
70.16                    13.961881                
70.17                    13.961844                
70.18                    13.961808                
70.19                    13.961772                
70.2                     13.961736                
70.21                    13.9617                  
70.22                    13.961664                
70.23                    13.961628                
70.24                    13.961592                
70.25                    13.961556                
70.26                    13.96152                 
70.27                    13.961484                
70.28                    13.961449                
70.29                    13.961412                
70.3                     13.961376                
70.31                    13.961341                
70.32                    13.961305                
70.33                    13.961269                
70.34                    13.961233                
70.35                    13.961197                
70.36                    13.961162                
70.37                    13.961125                
70.38                    13.96109                 
70.39                    13.961054                
70.4                     13.961019                
70.41                    13.960982                
70.42                    13.960947                
70.43                    13.960911                
70.44                    13.9608755               
70.45                    13.960839                
70.46                    13.960804                
70.47                    13.960768                
70.48                    13.960732                
70.49                    13.960697                
70.5                     13.960661                
70.51                    13.960626                
70.52                    13.96059                 
70.53                    13.960554                
70.54                    13.960519                
70.55                    13.960484                
70.56                    13.960447                
70.57                    13.960412                
70.58                    13.960377                
70.59                    13.960341                
70.6                     13.960305                
70.61                    13.96027                 
70.62                    13.960235                
70.63                    13.960199                
70.64                    13.960164                
70.65                    13.960128                
70.66                    13.960093                
70.67                    13.960057                
70.68                    13.960022                
70.69                    13.959987                
70.7                     13.959951                
70.71                    13.959916                
70.72                    13.959881                
70.73                    13.959846                
70.74                    13.959809                
70.75                    13.959774                
70.76                    13.959739                
70.77                    13.959703                
70.78                    13.959668                
70.79                    13.959633                
70.8                     13.959599                
70.81                    13.959563                
70.82                    13.959528                
70.83                    13.959493                
70.84                    13.959457                
70.85                    13.959422                
70.86                    13.959387                
70.87                    13.959352                
70.88                    13.959316                
70.89                    13.959281                
70.9                     13.959247                
70.91                    13.959211                
70.92                    13.959176                
70.93                    13.959141                
70.94                    13.9591055               
70.95                    13.959071                
70.96                    13.959036                
70.97                    13.959001                
70.98                    13.958965                
70.99                    13.958931                
71.0                     13.958896                
71.01                    13.95886                 
71.02                    13.958826                
71.03                    13.958791                
71.04                    13.9587555               
71.05                    13.958721                
71.06                    13.958686                
71.07                    13.958652                
71.08                    13.958616                
71.09                    13.958581                
71.1                     13.958547                
71.11                    13.958511                
71.12                    13.958477                
71.13                    13.958442                
71.14                    13.958407                
71.15                    13.958372                
71.16                    13.958338                
71.17                    13.9583025               
71.18                    13.958268                
71.19                    13.958233                
71.2                     13.958199                
71.21                    13.958163                
71.22                    13.958129                
71.23                    13.958095                
71.24                    13.958059                
71.25                    13.958025                
71.26                    13.957991                
71.27                    13.957955                
71.28                    13.957921                
71.29                    13.957887                
71.3                     13.957851                
71.31                    13.957817                
71.32                    13.957783                
71.33                    13.957748                
71.34                    13.957713                
71.35                    13.957679                
71.36                    13.957644                
71.37                    13.95761                 
71.38                    13.957575                
71.39                    13.9575405               
71.4                     13.957506                
71.41                    13.957472                
71.42                    13.9574375               
71.43                    13.957403                
71.44                    13.957369                
71.45                    13.957334                
71.46                    13.957299                
71.47                    13.957265                
71.48                    13.957231                
71.49                    13.957196                
71.5                     13.957162                
71.51                    13.957128                
71.52                    13.957093                
71.53                    13.957059                
71.54                    13.957025                
71.55                    13.95699                 
71.56                    13.956956                
71.57                    13.956922                
71.58                    13.956887                
71.59                    13.956853                
71.6                     13.956819                
71.61                    13.956785                
71.62                    13.956751                
71.63                    13.956717                
71.64                    13.956682                
71.65                    13.956648                
71.66                    13.956614                
71.67                    13.95658                 
71.68                    13.956546                
71.69                    13.9565115               
71.7                     13.956477                
71.71                    13.956443                
71.72                    13.956409                
71.73                    13.956375                
71.74                    13.956341                
71.75                    13.956306                
71.76                    13.956273                
71.77                    13.956239                
71.78                    13.956204                
71.79                    13.956171                
71.8                     13.956137                
71.81                    13.956102                
71.82                    13.956069                
71.83                    13.956035                
71.84                    13.956001                
71.85                    13.955967                
71.86                    13.955934                
71.87                    13.955899                
71.88                    13.955865                
71.89                    13.955832                
71.9                     13.955797                
71.91                    13.955764                
71.92                    13.9557295               
71.93                    13.955696                
71.94                    13.955662                
71.95                    13.955628                
71.96                    13.955595                
71.97                    13.955561                
71.98                    13.955527                
71.99                    13.955493                
72.0                     13.95546                 
72.01                    13.955426                
72.02                    13.955392                
72.03                    13.9553585               
72.04                    13.955324                
72.05                    13.955291                
72.06                    13.955257                
72.07                    13.955224                
72.08                    13.95519                 
72.09                    13.955156                
72.1                     13.955123                
72.11                    13.955089                
72.12                    13.955055                
72.13                    13.955022                
72.14                    13.9549885               
72.15                    13.954955                
72.16                    13.954921                
72.17                    13.954887                
72.18                    13.954854                
72.19                    13.954821                
72.2                     13.954787                
72.21                    13.954754                
72.22                    13.9547205               
72.23                    13.954686                
72.24                    13.954653                
72.25                    13.954619                
72.26                    13.954586                
72.27                    13.954553                
72.28                    13.954519                
72.29                    13.954486                
72.3                     13.9544525               
72.31                    13.954419                
72.32                    13.954386                
72.33                    13.954352                
72.34                    13.954319                
72.35                    13.954286                
72.36                    13.954252                
72.37                    13.95422                 
72.38                    13.954186                
72.39                    13.954153                
72.4                     13.95412                 
72.41                    13.954086                
72.42                    13.954053                
72.43                    13.95402                 
72.44                    13.953986                
72.45                    13.953954                
72.46                    13.95392                 
72.47                    13.953887                
72.48                    13.953854                
72.49                    13.95382                 
72.5                     13.953788                
72.51                    13.953754                
72.52                    13.953721                
72.53                    13.953689                
72.54                    13.953655                
72.55                    13.953622                
72.56                    13.9535885               
72.57                    13.953556                
72.58                    13.953523                
72.59                    13.95349                 
72.6                     13.953457                
72.61                    13.9534235               
72.62                    13.953391                
72.63                    13.953358                
72.64                    13.953325                
72.65                    13.953292                
72.66                    13.9532585               
72.67                    13.953226                
72.68                    13.953193                
72.69                    13.95316                 
72.7                     13.953127                
72.71                    13.9530945               
72.72                    13.953061                
72.73                    13.953029                
72.74                    13.952995                
72.75                    13.952963                
72.76                    13.95293                 
72.77                    13.952897                
72.78                    13.952865                
72.79                    13.952831                
72.8                     13.952799                
72.81                    13.952766                
72.82                    13.952733                
72.83                    13.952701                
72.84                    13.952668                
72.85                    13.952635                
72.86                    13.952602                
72.87                    13.95257                 
72.88                    13.952537                
72.89                    13.952504                
72.9                     13.952472                
72.91                    13.952439                
72.92                    13.952406                
72.93                    13.9523735               
72.94                    13.952341                
72.95                    13.952309                
72.96                    13.952276                
72.97                    13.952243                
72.98                    13.95221                 
72.99                    13.952178                
73.0                     13.952146                
73.01                    13.952113                
73.02                    13.952081                
73.03                    13.952048                
73.04                    13.952016                
73.05                    13.951983                
73.06                    13.95195                 
73.07                    13.951918                
73.08                    13.951885                
73.09                    13.951853                
73.1                     13.95182                 
73.11                    13.951788                
73.12                    13.951756                
73.13                    13.951723                
73.14                    13.951691                
73.15                    13.951659                
73.16                    13.951627                
73.17                    13.951594                
73.18                    13.951562                
73.19                    13.9515295               
73.2                     13.951497                
73.21                    13.951465                
73.22                    13.951432                
73.23                    13.9514                  
73.24                    13.951368                
73.25                    13.951336                
73.26                    13.9513035               
73.27                    13.951271                
73.28                    13.951239                
73.29                    13.951207                
73.3                     13.951175                
73.31                    13.951142                
73.32                    13.95111                 
73.33                    13.951078                
73.34                    13.951046                
73.35                    13.951014                
73.36                    13.950982                
73.37                    13.95095                 
73.38                    13.950917                
73.39                    13.950886                
73.4                     13.950853                
73.41                    13.950821                
73.42                    13.950789                
73.43                    13.950757                
73.44                    13.950725                
73.45                    13.950693                
73.46                    13.950661                
73.47                    13.950629                
73.48                    13.950597                
73.49                    13.950565                
73.5                     13.950533                
73.51                    13.950501                
73.52                    13.950469                
73.53                    13.950438                
73.54                    13.950405                
73.55                    13.950374                
73.56                    13.950341                
73.57                    13.95031                 
73.58                    13.950278                
73.59                    13.950246                
73.6                     13.950214                
73.61                    13.950182                
73.62                    13.9501505               
73.63                    13.950119                
73.64                    13.950087                
73.65                    13.950055                
73.66                    13.950024                
73.67                    13.949991                
73.68                    13.94996                 
73.69                    13.949928                
73.7                     13.949896                
73.71                    13.949864                
73.72                    13.949833                
73.73                    13.949801                
73.74                    13.949769                
73.75                    13.949738                
73.76                    13.949706                
73.77                    13.949675                
73.78                    13.949643                
73.79                    13.949612                
73.8                     13.949579                
73.81                    13.949548                
73.82                    13.949516                
73.83                    13.949485                
73.84                    13.949452                
73.85                    13.949421                
73.86                    13.949389                
73.87                    13.949357                
73.88                    13.949326                
73.89                    13.949294                
73.9                     13.949263                
73.91                    13.949231                
73.92                    13.949199                
73.93                    13.949167                
73.94                    13.949136                
73.95                    13.949104                
73.96                    13.949073                
73.97                    13.949041                
73.98                    13.94901                 
73.99                    13.948977                
74.0                     13.948946                
74.01                    13.948915                
74.02                    13.948883                
74.03                    13.948852                
74.04                    13.94882                 
74.05                    13.948789                
74.06                    13.948757                
74.07                    13.948726                
74.08                    13.948694                
74.09                    13.948663                
74.1                     13.948631                
74.11                    13.9486                  
74.12                    13.948568                
74.13                    13.948537                
74.14                    13.948505                
74.15                    13.948474                
74.16                    13.948442                
74.17                    13.948411                
74.18                    13.9483795               
74.19                    13.948349                
74.2                     13.948318                
74.21                    13.948286                
74.22                    13.948255                
74.23                    13.948223                
74.24                    13.948192                
74.25                    13.94816                 
74.26                    13.94813                 
74.27                    13.948098                
74.28                    13.948067                
74.29                    13.948035                
74.3                     13.948005                
74.31                    13.947973                
74.32                    13.947942                
74.33                    13.94791                 
74.34                    13.94788                 
74.35                    13.947848                
74.36                    13.947817                
74.37                    13.947785                
74.38                    13.947755                
74.39                    13.947723                
74.4                     13.947692                
74.41                    13.947661                
74.42                    13.94763                 
74.43                    13.947598                
74.44                    13.947568                
74.45                    13.947536                
74.46                    13.947506                
74.47                    13.9474745               
74.48                    13.947443                
74.49                    13.9474125               
74.5                     13.947381                
74.51                    13.9473505               
74.52                    13.947319                
74.53                    13.9472885               
74.54                    13.947257                
74.55                    13.947227                
74.56                    13.947195                
74.57                    13.947165                
74.58                    13.947133                
74.59                    13.947103                
74.6                     13.947071                
74.61                    13.947041                
74.62                    13.94701                 
74.63                    13.946979                
74.64                    13.946948                
74.65                    13.946917                
74.66                    13.946886                
74.67                    13.946856                
74.68                    13.946824                
74.69                    13.946794                
74.7                     13.946762                
74.71                    13.946732                
74.72                    13.946701                
74.73                    13.946671                
74.74                    13.946639                
74.75                    13.946609                
74.76                    13.946578                
74.77                    13.946547                
74.78                    13.946516                
74.79                    13.9464855               
74.8                     13.946455                
74.81                    13.946424                
74.82                    13.946393                
74.83                    13.9463625               
74.84                    13.946332                
74.85                    13.946301                
74.86                    13.94627                 
74.87                    13.946239                
74.88                    13.946209                
74.89                    13.946178                
74.9                     13.946148                
74.91                    13.946117                
74.92                    13.946087                
74.93                    13.946055                
74.94                    13.946025                
74.95                    13.945994                
74.96                    13.945964                
74.97                    13.945933                
74.98                    13.945903                
74.99                    13.945872                
75.0                     13.945842                
75.01                    13.945811                
75.02                    13.945781                
75.03                    13.94575                 
75.04                    13.94572                 
75.05                    13.945689                
75.06                    13.945659                
75.07                    13.945628                
75.08                    13.945598                
75.09                    13.945567                
75.1                     13.945537                
75.11                    13.945506                
75.12                    13.945477                
75.13                    13.945446                
75.14                    13.9454155               
75.15                    13.945385                
75.16                    13.945354                
75.17                    13.945324                
75.18                    13.945293                
75.19                    13.945263                
75.2                     13.945233                
75.21                    13.945203                
75.22                    13.945172                
75.23                    13.945142                
75.24                    13.945111                
75.25                    13.945082                
75.26                    13.945051                
75.27                    13.945021                
75.28                    13.94499                 
75.29                    13.944961                
75.3                     13.94493                 
75.31                    13.9449                  
75.32                    13.94487                 
75.33                    13.9448395               
75.34                    13.944809                
75.35                    13.944779                
75.36                    13.944749                
75.37                    13.944718                
75.38                    13.944689                
75.39                    13.944658                
75.4                     13.944628                
75.41                    13.944598                
75.42                    13.944568                
75.43                    13.944538                
75.44                    13.944508                
75.45                    13.944477                
75.46                    13.9444475               
75.47                    13.944417                
75.48                    13.944387                
75.49                    13.944357                
75.5                     13.944327                
75.51                    13.944297                
75.52                    13.944267                
75.53                    13.944237                
75.54                    13.944207                
75.55                    13.944177                
75.56                    13.944147                
75.57                    13.944117                
75.58                    13.944087                
75.59                    13.944057                
75.6                     13.944027                
75.61                    13.943997                
75.62                    13.943967                
75.63                    13.943937                
75.64                    13.943908                
75.65                    13.943877                
75.66                    13.943848                
75.67                    13.943818                
75.68                    13.943788                
75.69                    13.943758                
75.7                     13.943728                
75.71                    13.943698                
75.72                    13.943668                
75.73                    13.943639                
75.74                    13.943608                
75.75                    13.943579                
75.76                    13.943549                
75.77                    13.94352                 
75.78                    13.943489                
75.79                    13.9434595               
75.8                     13.94343                 
75.81                    13.9434                  
75.82                    13.943371                
75.83                    13.94334                 
75.84                    13.943311                
75.85                    13.943281                
75.86                    13.943252                
75.87                    13.943222                
75.88                    13.9431925               
75.89                    13.943163                
75.9                     13.943132                
75.91                    13.943103                
75.92                    13.943073                
75.93                    13.943044                
75.94                    13.943014                
75.95                    13.942985                
75.96                    13.942955                
75.97                    13.942925                
75.98                    13.942896                
75.99                    13.942866                
76.0                     13.942837                
76.01                    13.942807                
76.02                    13.942778                
76.03                    13.942748                
76.04                    13.9427185               
76.05                    13.942689                
76.06                    13.942659                
76.07                    13.94263                 
76.08                    13.9426                  
76.09                    13.942571                
76.1                     13.942541                
76.11                    13.942512                
76.12                    13.942482                
76.13                    13.942452                
76.14                    13.942424                
76.15                    13.942394                
76.16                    13.942365                
76.17                    13.942335                
76.18                    13.942306                
76.19                    13.942276                
76.2                     13.942247                
76.21                    13.942218                
76.22                    13.942188                
76.23                    13.942159                
76.24                    13.942129                
76.25                    13.942101                
76.26                    13.942071                
76.27                    13.942041                
76.28                    13.942012                
76.29                    13.941983                
76.3                     13.941954                
76.31                    13.941924                
76.32                    13.941895                
76.33                    13.941866                
76.34                    13.941836                
76.35                    13.941807                
76.36                    13.941778                
76.37                    13.941749                
76.38                    13.941719                
76.39                    13.94169                 
76.4                     13.941661                
76.41                    13.941632                
76.42                    13.941603                
76.43                    13.941573                
76.44                    13.941545                
76.45                    13.941515                
76.46                    13.941486                
76.47                    13.941457                
76.48                    13.941428                
76.49                    13.941399                
76.5                     13.94137                 
76.51                    13.94134                 
76.52                    13.941312                
76.53                    13.941282                
76.54                    13.941254                
76.55                    13.941224                
76.56                    13.9411955               
76.57                    13.941166                
76.58                    13.941137                
76.59                    13.941108                
76.6                     13.941079                
76.61                    13.94105                 
76.62                    13.941021                
76.63                    13.940992                
76.64                    13.940963                
76.65                    13.940934                
76.66                    13.940905                
76.67                    13.940876                
76.68                    13.940847                
76.69                    13.940818                
76.7                     13.940789                
76.71                    13.940761                
76.72                    13.940731                
76.73                    13.940702                
76.74                    13.940674                
76.75                    13.940644                
76.76                    13.940616                
76.77                    13.940587                
76.78                    13.940558                
76.79                    13.940529                
76.8                     13.9405                  
76.81                    13.940472                
76.82                    13.940443                
76.83                    13.940414                
76.84                    13.940385                
76.85                    13.940356                
76.86                    13.940328                
76.87                    13.940299                
76.88                    13.94027                 
76.89                    13.940241                
76.9                     13.940212                
76.91                    13.940184                
76.92                    13.940155                
76.93                    13.940126                
76.94                    13.940098                
76.95                    13.940069                
76.96                    13.940041                
76.97                    13.940012                
76.98                    13.939983                
76.99                    13.939954                
77.0                     13.939925                
77.01                    13.939897                
77.02                    13.939868                
77.03                    13.939839                
77.04                    13.939811                
77.05                    13.939782                
77.06                    13.939754                
77.07                    13.939725                
77.08                    13.939696                
77.09                    13.939668                
77.1                     13.939639                
77.11                    13.9396105               
77.12                    13.939583                
77.13                    13.939554                
77.14                    13.939526                
77.15                    13.939497                
77.16                    13.939468                
77.17                    13.93944                 
77.18                    13.939411                
77.19                    13.939383                
77.2                     13.939354                
77.21                    13.939326                
77.22                    13.939298                
77.23                    13.939269                
77.24                    13.93924                 
77.25                    13.939212                
77.26                    13.939183                
77.27                    13.939156                
77.28                    13.939127                
77.29                    13.939098                
77.3                     13.93907                 
77.31                    13.939042                
77.32                    13.9390135               
77.33                    13.938985                
77.34                    13.938956                
77.35                    13.938929                
77.36                    13.9389                  
77.37                    13.938871                
77.38                    13.938843                
77.39                    13.938815                
77.4                     13.9387865               
77.41                    13.938758                
77.42                    13.93873                 
77.43                    13.938702                
77.44                    13.938673                
77.45                    13.938645                
77.46                    13.938617                
77.47                    13.938589                
77.48                    13.9385605               
77.49                    13.938532                
77.5                     13.938504                
77.51                    13.938476                
77.52                    13.938448                
77.53                    13.938419                
77.54                    13.938392                
77.55                    13.938363                
77.56                    13.938335                
77.57                    13.938307                
77.58                    13.938278                
77.59                    13.938251                
77.6                     13.938222                
77.61                    13.938194                
77.62                    13.938167                
77.63                    13.938138                
77.64                    13.93811                 
77.65                    13.938082                
77.66                    13.938054                
77.67                    13.938025                
77.68                    13.937998                
77.69                    13.937969                
77.7                     13.937942                
77.71                    13.937914                
77.72                    13.937885                
77.73                    13.937858                
77.74                    13.93783                 
77.75                    13.937801                
77.76                    13.937774                
77.77                    13.937746                
77.78                    13.937717                
77.79                    13.93769                 
77.8                     13.937662                
77.81                    13.9376335               
77.82                    13.937606                
77.83                    13.937578                
77.84                    13.93755                 
77.85                    13.937522                
77.86                    13.937494                
77.87                    13.937467                
77.88                    13.937438                
77.89                    13.93741                 
77.9                     13.937383                
77.91                    13.937355                
77.92                    13.937327                
77.93                    13.937299                
77.94                    13.937271                
77.95                    13.937243                
77.96                    13.937216                
77.97                    13.937188                
77.98                    13.9371605               
77.99                    13.937132                
78.0                     13.937104                
78.01                    13.937077                
78.02                    13.937049                
78.03                    13.937021                
78.04                    13.936994                
78.05                    13.936966                
78.06                    13.936938                
78.07                    13.936911                
78.08                    13.936883                
78.09                    13.936855                
78.1                     13.936828                
78.11                    13.936799                
78.12                    13.936771                
78.13                    13.936744                
78.14                    13.936716                
78.15                    13.936688                
78.16                    13.936661                
78.17                    13.936633                
78.18                    13.936606                
78.19                    13.936579                
78.2                     13.936551                
78.21                    13.936523                
78.22                    13.936496                
78.23                    13.936468                
78.24                    13.93644                 
78.25                    13.936413                
78.26                    13.936385                
78.27                    13.9363575               
78.28                    13.93633                 
78.29                    13.936302                
78.3                     13.9362755               
78.31                    13.936248                
78.32                    13.93622                 
78.33                    13.9361925               
78.34                    13.936165                
78.35                    13.936137                
78.36                    13.9361105               
78.37                    13.936083                
78.38                    13.936055                
78.39                    13.936028                
78.4                     13.936001                
78.41                    13.935973                
78.42                    13.9359455               
78.43                    13.935918                
78.44                    13.935891                
78.45                    13.9358635               
78.46                    13.935836                
78.47                    13.935808                
78.48                    13.9357815               
78.49                    13.935754                
78.5                     13.935726                
78.51                    13.935699                
78.52                    13.935672                
78.53                    13.935644                
78.54                    13.935617                
78.55                    13.93559                 
78.56                    13.935562                
78.57                    13.935535                
78.58                    13.935508                
78.59                    13.935481                
78.6                     13.935453                
78.61                    13.935426                
78.62                    13.935399                
78.63                    13.935371                
78.64                    13.935345                
78.65                    13.935317                
78.66                    13.93529                 
78.67                    13.935263                
78.68                    13.935236                
78.69                    13.935208                
78.7                     13.935182                
78.71                    13.935154                
78.72                    13.935127                
78.73                    13.9351                  
78.74                    13.935073                
78.75                    13.935045                
78.76                    13.935019                
78.77                    13.934991                
78.78                    13.934964                
78.79                    13.934937                
78.8                     13.93491                 
78.81                    13.934883                
78.82                    13.934855                
78.83                    13.934829                
78.84                    13.934801                
78.85                    13.934774                
78.86                    13.934748                
78.87                    13.93472                 
78.88                    13.934693                
78.89                    13.934667                
78.9                     13.934639                
78.91                    13.934612                
78.92                    13.934586                
78.93                    13.934558                
78.94                    13.934531                
78.95                    13.9345045               
78.96                    13.934477                
78.97                    13.93445                 
78.98                    13.934423                
78.99                    13.934397                
79.0                     13.934369                
79.01                    13.934342                
79.02                    13.934316                
79.03                    13.934289                
79.04                    13.934261                
79.05                    13.934235                
79.06                    13.934208                
79.07                    13.934181                
79.08                    13.9341545               
79.09                    13.934128                
79.1                     13.9341                  
79.11                    13.934073                
79.12                    13.934047                
79.13                    13.93402                 
79.14                    13.933993                
79.15                    13.933967                
79.16                    13.93394                 
79.17                    13.933913                
79.18                    13.933886                
79.19                    13.933859                
79.2                     13.933832                
79.21                    13.933805                
79.22                    13.933779                
79.23                    13.933752                
79.24                    13.933725                
79.25                    13.933699                
79.26                    13.933672                
79.27                    13.933645                
79.28                    13.933619                
79.29                    13.933592                
79.3                     13.933565                
79.31                    13.933538                
79.32                    13.933512                
79.33                    13.933485                
79.34                    13.933458                
79.35                    13.933432                
79.36                    13.933405                
79.37                    13.933378                
79.38                    13.9333515               
79.39                    13.933326                
79.4                     13.933299                
79.41                    13.933272                
79.42                    13.933246                
79.43                    13.933219                
79.44                    13.933192                
79.45                    13.933166                
79.46                    13.933139                
79.47                    13.933113                
79.48                    13.933086                
79.49                    13.93306                 
79.5                     13.933033                
79.51                    13.933006                
79.52                    13.932981                
79.53                    13.932954                
79.54                    13.932927                
79.55                    13.9329                  
79.56                    13.932874                
79.57                    13.932848                
79.58                    13.932821                
79.59                    13.932795                
79.6                     13.932768                
79.61                    13.932742                
79.62                    13.932715                
79.63                    13.932689                
79.64                    13.932663                
79.65                    13.932636                
79.66                    13.93261                 
79.67                    13.932584                
79.68                    13.932557                
79.69                    13.93253                 
79.7                     13.932505                
79.71                    13.932478                
79.72                    13.932451                
79.73                    13.9324255               
79.74                    13.932399                
79.75                    13.932372                
79.76                    13.932346                
79.77                    13.93232                 
79.78                    13.932294                
79.79                    13.932267                
79.8                     13.932241                
79.81                    13.932215                
79.82                    13.932189                
79.83                    13.932162                
79.84                    13.932136                
79.85                    13.93211                 
79.86                    13.932083                
79.87                    13.932057                
79.88                    13.932031                
79.89                    13.932005                
79.9                     13.931978                
79.91                    13.931952                
79.92                    13.931927                
79.93                    13.9319                  
79.94                    13.931874                
79.95                    13.931848                
79.96                    13.931822                
79.97                    13.931795                
79.98                    13.931769                
79.99                    13.931744                
80.0                     13.931717                
80.01                    13.931691                
80.02                    13.931664                
80.03                    13.931639                
80.04                    13.931613                
80.05                    13.931586                
80.06                    13.9315605               
80.07                    13.931535                
80.08                    13.931508                
80.09                    13.931482                
80.1                     13.931456                
80.11                    13.93143                 
80.12                    13.931404                
80.13                    13.931377                
80.14                    13.931352                
80.15                    13.931326                
80.16                    13.931299                
80.17                    13.931273                
80.18                    13.931248                
80.19                    13.931221                
80.2                     13.931195                
80.21                    13.9311695               
80.22                    13.931143                
80.23                    13.931117                
80.24                    13.931091                
80.25                    13.931066                
80.26                    13.931039                
80.27                    13.931013                
80.28                    13.930987                
80.29                    13.930962                
80.3                     13.930935                
80.31                    13.930909                
80.32                    13.930883                
80.33                    13.930858                
80.34                    13.930831                
80.35                    13.930805                
80.36                    13.930779                
80.37                    13.930754                
80.38                    13.930728                
80.39                    13.930702                
80.4                     13.9306755               
80.41                    13.93065                 
80.42                    13.930624                
80.43                    13.930598                
80.44                    13.9305725               
80.45                    13.930547                
80.46                    13.930521                
80.47                    13.930495                
80.48                    13.9304695               
80.49                    13.930443                
80.5                     13.930417                
80.51                    13.930391                
80.52                    13.930366                
80.53                    13.93034                 
80.54                    13.930314                
80.55                    13.930288                
80.56                    13.930263                
80.57                    13.930237                
80.58                    13.930211                
80.59                    13.930185                
80.6                     13.93016                 
80.61                    13.930134                
80.62                    13.930108                
80.63                    13.930082                
80.64                    13.930057                
80.65                    13.930031                
80.66                    13.930005                
80.67                    13.929979                
80.68                    13.929954                
80.69                    13.929928                
80.7                     13.929903                
80.71                    13.929877                
80.72                    13.929852                
80.73                    13.929826                
80.74                    13.9298                  
80.75                    13.929774                
80.76                    13.929749                
80.77                    13.929723                
80.78                    13.929697                
80.79                    13.929672                
80.8                     13.9296465               
80.81                    13.929621                
80.82                    13.929595                
80.83                    13.929569                
80.84                    13.929544                
80.85                    13.929519                
80.86                    13.929493                
80.87                    13.929467                
80.88                    13.929441                
80.89                    13.929417                
80.9                     13.929391                
80.91                    13.929365                
80.92                    13.929339                
80.93                    13.929315                
80.94                    13.929289                
80.95                    13.929263                
80.96                    13.929237                
80.97                    13.929213                
80.98                    13.929187                
80.99                    13.929161                
81.0                     13.929136                
81.01                    13.929111                
81.02                    13.929085                
81.03                    13.92906                 
81.04                    13.929034                
81.05                    13.9290085               
81.06                    13.928984                
81.07                    13.928958                
81.08                    13.928932                
81.09                    13.928907                
81.1                     13.928882                
81.11                    13.928856                
81.12                    13.928831                
81.13                    13.928805                
81.14                    13.928781                
81.15                    13.928755                
81.16                    13.92873                 
81.17                    13.928704                
81.18                    13.9286785               
81.19                    13.928654                
81.2                     13.928628                
81.21                    13.928603                
81.22                    13.928577                
81.23                    13.928553                
81.24                    13.928527                
81.25                    13.928502                
81.26                    13.928476                
81.27                    13.928452                
81.28                    13.928426                
81.29                    13.928401                
81.3                     13.928375                
81.31                    13.92835                 
81.32                    13.928325                
81.33                    13.9283                  
81.34                    13.928275                
81.35                    13.928249                
81.36                    13.928225                
81.37                    13.928199                
81.38                    13.928174                
81.39                    13.928149                
81.4                     13.928123                
81.41                    13.928099                
81.42                    13.928073                
81.43                    13.928048                
81.44                    13.928023                
81.45                    13.927998                
81.46                    13.927973                
81.47                    13.927948                
81.48                    13.927922                
81.49                    13.927897                
81.5                     13.927873                
81.51                    13.927847                
81.52                    13.927822                
81.53                    13.927797                
81.54                    13.9277725               
81.55                    13.927747                
81.56                    13.927722                
81.57                    13.927697                
81.58                    13.927671                
81.59                    13.927647                
81.6                     13.927622                
81.61                    13.927597                
81.62                    13.927571                
81.63                    13.9275465               
81.64                    13.927522                
81.65                    13.927497                
81.66                    13.927472                
81.67                    13.927446                
81.68                    13.927422                
81.69                    13.927397                
81.7                     13.927372                
81.71                    13.927347                
81.72                    13.927322                
81.73                    13.927297                
81.74                    13.927272                
81.75                    13.927247                
81.76                    13.927222                
81.77                    13.927197                
81.78                    13.927173                
81.79                    13.927148                
81.8                     13.927123                
81.81                    13.927098                
81.82                    13.9270735               
81.83                    13.927048                
81.84                    13.927023                
81.85                    13.926998                
81.86                    13.926973                
81.87                    13.926949                
81.88                    13.926924                
81.89                    13.926899                
81.9                     13.926874                
81.91                    13.926849                
81.92                    13.926825                
81.93                    13.9268                  
81.94                    13.926775                
81.95                    13.92675                 
81.96                    13.926725                
81.97                    13.926701                
81.98                    13.926676                
81.99                    13.926651                
82.0                     13.926626                
82.01                    13.926601                
82.02                    13.926577                
82.03                    13.926553                
82.04                    13.926528                
82.05                    13.926503                
82.06                    13.926478                
82.07                    13.926454                
82.08                    13.926429                
82.09                    13.926404                
82.1                     13.926379                
82.11                    13.926354                
82.12                    13.926331                
82.13                    13.926306                
82.14                    13.926281                
82.15                    13.926256                
82.16                    13.926231                
82.17                    13.926207                
82.18                    13.926182                
82.19                    13.926158                
82.2                     13.926133                
82.21                    13.926108                
82.22                    13.926084                
82.23                    13.92606                 
82.24                    13.926035                
82.25                    13.92601                 
82.26                    13.925985                
82.27                    13.925961                
82.28                    13.925937                
82.29                    13.925912                
82.3                     13.925887                
82.31                    13.925863                
82.32                    13.925838                
82.33                    13.925814                
82.34                    13.925789                
82.35                    13.925765                
82.36                    13.92574                 
82.37                    13.925715                
82.38                    13.925692                
82.39                    13.925667                
82.4                     13.925642                
82.41                    13.925618                
82.42                    13.925593                
82.43                    13.925569                
82.44                    13.925545                
82.45                    13.92552                 
82.46                    13.925495                
82.47                    13.925471                
82.48                    13.9254465               
82.49                    13.925423                
82.5                     13.925398                
82.51                    13.925374                
82.52                    13.925349                
82.53                    13.925324                
82.54                    13.925301                
82.55                    13.925276                
82.56                    13.925252                
82.57                    13.925227                
82.58                    13.925203                
82.59                    13.925179                
82.6                     13.925155                
82.61                    13.92513                 
82.62                    13.925106                
82.63                    13.925081                
82.64                    13.925057                
82.65                    13.925033                
82.66                    13.925009                
82.67                    13.924984                
82.68                    13.92496                 
82.69                    13.924935                
82.7                     13.9249115               
82.71                    13.924887                
82.72                    13.924863                
82.73                    13.924838                
82.74                    13.924814                
82.75                    13.92479                 
82.76                    13.924766                
82.77                    13.924742                
82.78                    13.924717                
82.79                    13.924693                
82.8                     13.924669                
82.81                    13.924644                
82.82                    13.924621                
82.83                    13.924597                
82.84                    13.924572                
82.85                    13.924548                
82.86                    13.924524                
82.87                    13.9244995               
82.88                    13.924476                
82.89                    13.924452                
82.9                     13.924427                
82.91                    13.924403                
82.92                    13.924379                
82.93                    13.924355                
82.94                    13.924331                
82.95                    13.924307                
82.96                    13.924283                
82.97                    13.924258                
82.98                    13.924234                
82.99                    13.924211                
83.0                     13.924187                
83.01                    13.924162                
83.02                    13.924138                
83.03                    13.924114                
83.04                    13.92409                 
83.05                    13.924067                
83.06                    13.924042                
83.07                    13.924018                
83.08                    13.923994                
83.09                    13.92397                 
83.1                     13.923946                
83.11                    13.923922                
83.12                    13.923898                
83.13                    13.923874                
83.14                    13.92385                 
83.15                    13.923826                
83.16                    13.923802                
83.17                    13.923779                
83.18                    13.923755                
83.19                    13.92373                 
83.2                     13.923706                
83.21                    13.923682                
83.22                    13.923658                
83.23                    13.923635                
83.24                    13.923611                
83.25                    13.923587                
83.26                    13.923563                
83.27                    13.923539                
83.28                    13.923515                
83.29                    13.9234915               
83.3                     13.923468                
83.31                    13.923444                
83.32                    13.92342                 
83.33                    13.923396                
83.34                    13.923372                
83.35                    13.923348                
83.36                    13.923325                
83.37                    13.923301                
83.38                    13.923277                
83.39                    13.923253                
83.4                     13.923229                
83.41                    13.923205                
83.42                    13.923182                
83.43                    13.923158                
83.44                    13.923134                
83.45                    13.92311                 
83.46                    13.923086                
83.47                    13.923062                
83.48                    13.9230385               
83.49                    13.923015                
83.5                     13.922992                
83.51                    13.922968                
83.52                    13.922944                
83.53                    13.92292                 
83.54                    13.922896                
83.55                    13.922873                
83.56                    13.922849                
83.57                    13.922825                
83.58                    13.922802                
83.59                    13.922778                
83.6                     13.922754                
83.61                    13.92273                 
83.62                    13.922707                
83.63                    13.922684                
83.64                    13.92266                 
83.65                    13.922636                
83.66                    13.922612                
83.67                    13.922588                
83.68                    13.922565                
83.69                    13.922542                
83.7                     13.922518                
83.71                    13.922494                
83.72                    13.922471                
83.73                    13.922447                
83.74                    13.922423                
83.75                    13.9223995               
83.76                    13.922377                
83.77                    13.922353                
83.78                    13.922329                
83.79                    13.922306                
83.8                     13.922282                
83.81                    13.922258                
83.82                    13.9222355               
83.83                    13.922212                
83.84                    13.922188                
83.85                    13.922165                
83.86                    13.922141                
83.87                    13.922117                
83.88                    13.922094                
83.89                    13.9220705               
83.9                     13.922047                
83.91                    13.922024                
83.92                    13.922                   
83.93                    13.921977                
83.94                    13.921953                
83.95                    13.921929                
83.96                    13.921906                
83.97                    13.921883                
83.98                    13.92186                 
83.99                    13.921836                
84.0                     13.921813                
84.01                    13.921789                
84.02                    13.921766                
84.03                    13.921742                
84.04                    13.921719                
84.05                    13.921696                
84.06                    13.921672                
84.07                    13.921649                
84.08                    13.921625                
84.09                    13.921602                
84.1                     13.921578                
84.11                    13.9215555               
84.12                    13.921532                
84.13                    13.921509                
84.14                    13.921486                
84.15                    13.921462                
84.16                    13.921439                
84.17                    13.921415                
84.18                    13.921392                
84.19                    13.921369                
84.2                     13.921346                
84.21                    13.921323                
84.22                    13.921299                
84.23                    13.921276                
84.24                    13.921252                
84.25                    13.921229                
84.26                    13.921206                
84.27                    13.921183                
84.28                    13.92116                 
84.29                    13.921136                
84.3                     13.921113                
84.31                    13.92109                 
84.32                    13.921066                
84.33                    13.921043                
84.34                    13.9210205               
84.35                    13.920997                
84.36                    13.920974                
84.37                    13.920951                
84.38                    13.920928                
84.39                    13.920904                
84.4                     13.920881                
84.41                    13.920858                
84.42                    13.920835                
84.43                    13.920812                
84.44                    13.920789                
84.45                    13.920766                
84.46                    13.920742                
84.47                    13.920719                
84.48                    13.920696                
84.49                    13.920673                
84.5                     13.92065                 
84.51                    13.920627                
84.52                    13.920604                
84.53                    13.920581                
84.54                    13.920558                
84.55                    13.920534                
84.56                    13.920511                
84.57                    13.920488                
84.58                    13.920465                
84.59                    13.920443                
84.6                     13.92042                 
84.61                    13.920396                
84.62                    13.920373                
84.63                    13.92035                 
84.64                    13.920327                
84.65                    13.920304                
84.66                    13.920281                
84.67                    13.9202585               
84.68                    13.920236                
84.69                    13.920213                
84.7                     13.920189                
84.71                    13.920166                
84.72                    13.920143                
84.73                    13.92012                 
84.74                    13.920097                
84.75                    13.920074                
84.76                    13.920052                
84.77                    13.920029                
84.78                    13.920006                
84.79                    13.919983                
84.8                     13.91996                 
84.81                    13.919937                
84.82                    13.919914                
84.83                    13.919891                
84.84                    13.919868                
84.85                    13.919846                
84.86                    13.919823                
84.87                    13.9198                  
84.88                    13.919777                
84.89                    13.919754                
84.9                     13.919731                
84.91                    13.919708                
84.92                    13.919685                
84.93                    13.919662                
84.94                    13.91964                 
84.95                    13.919617                
84.96                    13.919594                
84.97                    13.919572                
84.98                    13.919549                
84.99                    13.919526                
85.0                     13.919503                
85.01                    13.91948                 
85.02                    13.919457                
85.03                    13.919435                
85.04                    13.919412                
85.05                    13.91939                 
85.06                    13.919367                
85.07                    13.919344                
85.08                    13.919321                
85.09                    13.919298                
85.1                     13.919275                
85.11                    13.919253                
85.12                    13.91923                 
85.13                    13.919208                
85.14                    13.919185                
85.15                    13.919162                
85.16                    13.91914                 
85.17                    13.919117                
85.18                    13.919094                
85.19                    13.919071                
85.2                     13.919048                
85.21                    13.919026                
85.22                    13.9190035               
85.23                    13.918981                
85.24                    13.918958                
85.25                    13.918936                
85.26                    13.918913                
85.27                    13.91889                 
85.28                    13.918868                
85.29                    13.918845                
85.3                     13.918822                
85.31                    13.918799                
85.32                    13.918777                
85.33                    13.918755                
85.34                    13.918732                
85.35                    13.91871                 
85.36                    13.918687                
85.37                    13.918664                
85.38                    13.918642                
85.39                    13.918619                
85.4                     13.918597                
85.41                    13.918574                
85.42                    13.918551                
85.43                    13.9185295               
85.44                    13.918507                
85.45                    13.918485                
85.46                    13.918462                
85.47                    13.918439                
85.48                    13.918417                
85.49                    13.918394                
85.5                     13.918372                
85.51                    13.918349                
85.52                    13.918327                
85.53                    13.918304                
85.54                    13.918282                
85.55                    13.91826                 
85.56                    13.918237                
85.57                    13.918215                
85.58                    13.918192                
85.59                    13.91817                 
85.6                     13.918147                
85.61                    13.918125                
85.62                    13.918102                
85.63                    13.91808                 
85.64                    13.918057                
85.65                    13.9180355               
85.66                    13.918013                
85.67                    13.917991                
85.68                    13.917969                
85.69                    13.917946                
85.7                     13.917924                
85.71                    13.917901                
85.72                    13.917879                
85.73                    13.917856                
85.74                    13.917834                
85.75                    13.917812                
85.76                    13.917789                
85.77                    13.917768                
85.78                    13.917745                
85.79                    13.917723                
85.8                     13.917701                
85.81                    13.917678                
85.82                    13.917656                
85.83                    13.917634                
85.84                    13.917611                
85.85                    13.917589                
85.86                    13.917567                
85.87                    13.917544                
85.88                    13.917522                
85.89                    13.9175005               
85.9                     13.917478                
85.91                    13.917456                
85.92                    13.917434                
85.93                    13.917411                
85.94                    13.917389                
85.95                    13.917367                
85.96                    13.917344                
85.97                    13.917322                
85.98                    13.9173                  
85.99                    13.917278                
86.0                     13.917255                
86.01                    13.917233                
86.02                    13.917212                
86.03                    13.91719                 
86.04                    13.917168                
86.05                    13.917145                
86.06                    13.917123                
86.07                    13.917101                
86.08                    13.917079                
86.09                    13.917057                
86.1                     13.917034                
86.11                    13.917012                
86.12                    13.91699                 
86.13                    13.916968                
86.14                    13.916946                
86.15                    13.916924                
86.16                    13.916902                
86.17                    13.91688                 
86.18                    13.916858                
86.19                    13.916836                
86.2                     13.916814                
86.21                    13.916792                
86.22                    13.91677                 
86.23                    13.916748                
86.24                    13.916725                
86.25                    13.916703                
86.26                    13.916681                
86.27                    13.916659                
86.28                    13.916637                
86.29                    13.9166155               
86.3                     13.916594                
86.31                    13.916572                
86.32                    13.91655                 
86.33                    13.916528                
86.34                    13.916506                
86.35                    13.916484                
86.36                    13.916462                
86.37                    13.91644                 
86.38                    13.916417                
86.39                    13.916395                
86.4                     13.916373                
86.41                    13.916351                
86.42                    13.916329                
86.43                    13.916307                
86.44                    13.9162855               
86.45                    13.916264                
86.46                    13.916242                
86.47                    13.91622                 
86.48                    13.916198                
86.49                    13.916176                
86.5                     13.916154                
86.51                    13.916132                
86.52                    13.91611                 
86.53                    13.916088                
86.54                    13.916066                
86.55                    13.916044                
86.56                    13.916022                
86.57                    13.916001                
86.58                    13.915979                
86.59                    13.915957                
86.6                     13.9159355               
86.61                    13.915914                
86.62                    13.915892                
86.63                    13.91587                 
86.64                    13.915848                
86.65                    13.915826                
86.66                    13.915804                
86.67                    13.915782                
86.68                    13.91576                 
86.69                    13.915739                
86.7                     13.915717                
86.71                    13.915695                
86.72                    13.915673                
86.73                    13.915651                
86.74                    13.915629                
86.75                    13.915607                
86.76                    13.915586                
86.77                    13.915565                
86.78                    13.915543                
86.79                    13.915521                
86.8                     13.915499                
86.81                    13.915478                
86.82                    13.915456                
86.83                    13.915434                
86.84                    13.915412                
86.85                    13.91539                 
86.86                    13.915369                
86.87                    13.915347                
86.88                    13.915325                
86.89                    13.915303                
86.9                     13.915282                
86.91                    13.91526                 
86.92                    13.915238                
86.93                    13.915216                
86.94                    13.915195                
86.95                    13.915174                
86.96                    13.915152                
86.97                    13.91513                 
86.98                    13.915109                
86.99                    13.915087                
87.0                     13.915065                
87.01                    13.915044                
87.02                    13.915022                
87.03                    13.915                   
87.04                    13.914979                
87.05                    13.914957                
87.06                    13.914935                
87.07                    13.914914                
87.08                    13.914892                
87.09                    13.91487                 
87.1                     13.914849                
87.11                    13.914827                
87.12                    13.914806                
87.13                    13.914784                
87.14                    13.9147625               
87.15                    13.9147415               
87.16                    13.91472                 
87.17                    13.914698                
87.18                    13.914677                
87.19                    13.914655                
87.2                     13.914634                
87.21                    13.914612                
87.22                    13.914591                
87.23                    13.914569                
87.24                    13.914547                
87.25                    13.914526                
87.26                    13.914504                
87.27                    13.914483                
87.28                    13.914461                
87.29                    13.91444                 
87.3                     13.914418                
87.31                    13.914397                
87.32                    13.914375                
87.33                    13.914354                
87.34                    13.914332                
87.35                    13.914311                
87.36                    13.914289                
87.37                    13.9142685               
87.38                    13.914247                
87.39                    13.914226                
87.4                     13.914204                
87.41                    13.914183                
87.42                    13.914162                
87.43                    13.91414                 
87.44                    13.914119                
87.45                    13.914097                
87.46                    13.914076                
87.47                    13.914054                
87.48                    13.914033                
87.49                    13.914012                
87.5                     13.91399                 
87.51                    13.913969                
87.52                    13.913947                
87.53                    13.913926                
87.54                    13.913905                
87.55                    13.913883                
87.56                    13.913862                
87.57                    13.91384                 
87.58                    13.913819                
87.59                    13.913798                
87.6                     13.913776                
87.61                    13.913755                
87.62                    13.913734                
87.63                    13.9137125               
87.64                    13.9136915               
87.65                    13.913671                
87.66                    13.913649                
87.67                    13.913628                
87.68                    13.913607                
87.69                    13.913585                
87.7                     13.913564                
87.71                    13.913543                
87.72                    13.913522                
87.73                    13.9135                  
87.74                    13.913479                
87.75                    13.913458                
87.76                    13.913437                
87.77                    13.913415                
87.78                    13.913394                
87.79                    13.913373                
87.8                     13.913352                
87.81                    13.91333                 
87.82                    13.913309                
87.83                    13.913288                
87.84                    13.913267                
87.85                    13.913246                
87.86                    13.913224                
87.87                    13.913203                
87.88                    13.913182                
87.89                    13.913161                
87.9                     13.91314                 
87.91                    13.913118                
87.92                    13.913097                
87.93                    13.913076                
87.94                    13.913055                
87.95                    13.913034                
87.96                    13.913013                
87.97                    13.912992                
87.98                    13.912971                
87.99                    13.91295                 
88.0                     13.912929                
88.01                    13.912908                
88.02                    13.912887                
88.03                    13.912866                
88.04                    13.912845                
88.05                    13.912824                
88.06                    13.912802                
88.07                    13.912781                
88.08                    13.91276                 
88.09                    13.912739                
88.1                     13.912718                
88.11                    13.912697                
88.12                    13.912676                
88.13                    13.912655                
88.14                    13.912634                
88.15                    13.912613                
88.16                    13.912592                
88.17                    13.912571                
88.18                    13.91255                 
88.19                    13.912529                
88.2                     13.912508                
88.21                    13.912487                
88.22                    13.912466                
88.23                    13.912445                
88.24                    13.912424                
88.25                    13.912403                
88.26                    13.912382                
88.27                    13.912361                
88.28                    13.91234                 
88.29                    13.912319                
88.3                     13.912298                
88.31                    13.912277                
88.32                    13.912256                
88.33                    13.912235                
88.34                    13.912214                
88.35                    13.912193                
88.36                    13.912172                
88.37                    13.912152                
88.38                    13.912131                
88.39                    13.91211                 
88.4                     13.912089                
88.41                    13.912068                
88.42                    13.912047                
88.43                    13.912026                
88.44                    13.912005                
88.45                    13.911984                
88.46                    13.911964                
88.47                    13.911943                
88.48                    13.911922                
88.49                    13.911901                
88.5                     13.9118805               
88.51                    13.9118595               
88.52                    13.911839                
88.53                    13.9118185               
88.54                    13.911798                
88.55                    13.911777                
88.56                    13.911756                
88.57                    13.911735                
88.58                    13.911715                
88.59                    13.911694                
88.6                     13.911673                
88.61                    13.911652                
88.62                    13.911631                
88.63                    13.911611                
88.64                    13.91159                 
88.65                    13.911569                
88.66                    13.911548                
88.67                    13.911528                
88.68                    13.911507                
88.69                    13.911486                
88.7                     13.911465                
88.71                    13.911445                
88.72                    13.911424                
88.73                    13.911403                
88.74                    13.911383                
88.75                    13.911362                
88.76                    13.911341                
88.77                    13.91132                 
88.78                    13.9113                  
88.79                    13.911279                
88.8                     13.911258                
88.81                    13.911238                
88.82                    13.911217                
88.83                    13.911196                
88.84                    13.911176                
88.85                    13.911155                
88.86                    13.911134                
88.87                    13.911114                
88.88                    13.911093                
88.89                    13.911072                
88.9                     13.911052                
88.91                    13.911031                
88.92                    13.911011                
88.93                    13.91099                 
88.94                    13.910969                
88.95                    13.910949                
88.96                    13.910928                
88.97                    13.910908                
88.98                    13.910887                
88.99                    13.910866                
89.0                     13.910846                
89.01                    13.910825                
89.02                    13.910805                
89.03                    13.910784                
89.04                    13.910764                
89.05                    13.910743                
89.06                    13.910723                
89.07                    13.910702                
89.08                    13.910682                
89.09                    13.910661                
89.1                     13.91064                 
89.11                    13.91062                 
89.12                    13.910599                
89.13                    13.910579                
89.14                    13.910558                
89.15                    13.910538                
89.16                    13.910517                
89.17                    13.910497                
89.18                    13.910477                
89.19                    13.910456                
89.2                     13.910436                
89.21                    13.910415                
89.22                    13.910395                
89.23                    13.910374                
89.24                    13.910354                
89.25                    13.910333                
89.26                    13.910313                
89.27                    13.910293                
89.28                    13.910272                
89.29                    13.910252                
89.3                     13.910231                
89.31                    13.910211                
89.32                    13.91019                 
89.33                    13.91017                 
89.34                    13.91015                 
89.35                    13.910129                
89.36                    13.910109                
89.37                    13.910089                
89.38                    13.910068                
89.39                    13.910048                
89.4                     13.910027                
89.41                    13.9100065               
89.42                    13.9099865               
89.43                    13.9099655               
89.44                    13.9099455               
89.45                    13.909925                
89.46                    13.9099045               
89.47                    13.909884                
89.48                    13.909864                
89.49                    13.909844                
89.5                     13.909823                
89.51                    13.909803                
89.52                    13.909783                
89.53                    13.909762                
89.54                    13.909742                
89.55                    13.909722                
89.56                    13.909701                
89.57                    13.909681                
89.58                    13.909661                
89.59                    13.909641                
89.6                     13.90962                 
89.61                    13.9096                  
89.62                    13.90958                 
89.63                    13.90956                 
89.64                    13.90954                 
89.65                    13.909519                
89.66                    13.909499                
89.67                    13.909479                
89.68                    13.909459                
89.69                    13.909438                
89.7                     13.909418                
89.71                    13.909398                
89.72                    13.909378                
89.73                    13.909358                
89.74                    13.909338                
89.75                    13.909317                
89.76                    13.909297                
89.77                    13.909277                
89.78                    13.909257                
89.79                    13.909237                
89.8                     13.909217                
89.81                    13.909196                
89.82                    13.909176                
89.83                    13.909156                
89.84                    13.909136                
89.85                    13.909116                
89.86                    13.909096                
89.87                    13.909076                
89.88                    13.909056                
89.89                    13.909036                
89.9                     13.909015                
89.91                    13.908995                
89.92                    13.908975                
89.93                    13.908955                
89.94                    13.908935                
89.95                    13.908915                
89.96                    13.908895                
89.97                    13.9088745               
89.98                    13.9088545               
89.99                    13.908834                
90.0                     13.908814                
