% x                      
0.0                      0.005062086              
0.01                     0.00506183               
0.02                     8.029705E-6              
0.03                     -8.299812E-8             
0.04                     -1.4361496E-8            
0.05                     -3.1109784E-9            
0.06                     -3.1109784E-9            
0.07                     -2.653734E-9             
0.08                     -2.3715916E-9            
0.09                     -2.3715763E-9            
0.1                      -2.3715607E-9            
0.11                     -2.3715763E-9            
0.12                     -2.3553384E-9            
0.13                     -2.348419E-9             
0.14                     -2.34845E-9              
0.15                     -2.348419E-9             
0.16                     -2.3484346E-9            
0.17                     -2.348419E-9             
0.18                     -2.348419E-9             
0.19                     -2.3484346E-9            
0.2                      -2.34845E-9              
0.21                     -2.348419E-9             
0.22                     -2.3474749E-9            
0.23                     -2.3473354E-9            
0.24                     -2.3473354E-9            
0.25                     -2.3473354E-9            
0.26                     -2.347351E-9             
0.27                     -2.3473354E-9            
0.28                     -2.3473354E-9            
0.29                     -2.347351E-9             
0.3                      -2.3473354E-9            
0.31                     -2.3473354E-9            
0.32                     -2.3473354E-9            
0.33                     -2.3473354E-9            
0.34                     -2.3473354E-9            
0.35                     -2.347351E-9             
0.36                     -2.3473354E-9            
0.37                     -2.3473354E-9            
0.38                     -2.347351E-9             
0.39                     -2.3473354E-9            
0.4                      -2.3473354E-9            
0.41                     -2.3470415E-9            
0.42                     -2.345896E-9             
0.43                     -2.3459115E-9            
0.44                     -2.3459115E-9            
0.45                     -2.345896E-9             
0.46                     -2.3459268E-9            
0.47                     -2.3458804E-9            
0.48                     -2.3459268E-9            
0.49                     -2.3459115E-9            
0.5                      -2.345896E-9             
0.51                     -2.3459115E-9            
0.52                     -2.345896E-9             
0.53                     -2.3459115E-9            
0.54                     -2.345896E-9             
0.55                     -2.3459115E-9            
0.56                     -2.3459268E-9            
0.57                     -2.3458804E-9            
0.58                     -2.3459268E-9            
0.59                     -2.3458804E-9            
0.6                      -2.3459268E-9            
0.61                     -2.3459115E-9            
0.62                     -2.345896E-9             
0.63                     -2.3459115E-9            
0.64                     -2.345896E-9             
0.65                     -2.3459115E-9            
0.66                     -2.345896E-9             
0.67                     -2.3459115E-9            
0.68                     -2.3459268E-9            
0.69                     -2.3458804E-9            
0.7                      -2.3459268E-9            
0.71                     -2.345896E-9             
0.72                     -2.3459115E-9            
0.73                     -2.3459115E-9            
0.74                     -2.345896E-9             
0.75                     -2.3459115E-9            
0.76                     -2.345896E-9             
0.77                     -2.3459115E-9            
0.78                     -2.345896E-9             
0.79                     -2.3459115E-9            
0.8                      -2.3459268E-9            
0.81                     -2.3434965E-9            
0.82                     -2.3431717E-9            
0.83                     -2.343218E-9             
0.84                     -2.3431717E-9            
0.85                     -2.343187E-9             
0.86                     -2.343187E-9             
0.87                     -2.343187E-9             
0.88                     -2.343187E-9             
0.89                     -2.343187E-9             
0.9                      -2.343187E-9             
0.91                     -2.3431717E-9            
0.92                     -2.343187E-9             
0.93                     -2.343187E-9             
0.94                     -2.343187E-9             
0.95                     -2.343187E-9             
0.96                     -2.343187E-9             
0.97                     -2.3431717E-9            
0.98                     -2.343187E-9             
0.99                     -2.343187E-9             
1.0                      -2.343187E-9             
1.01                     -2.343187E-9             
1.02                     -2.343187E-9             
1.03                     -2.3431717E-9            
1.04                     -2.343187E-9             
1.05                     -2.343187E-9             
1.06                     -2.343187E-9             
1.07                     -2.343187E-9             
1.08                     -2.343187E-9             
1.09                     -2.3431717E-9            
1.1                      -2.343187E-9             
1.11                     -2.343187E-9             
1.12                     -2.343187E-9             
1.13                     -2.343187E-9             
1.14                     -2.343187E-9             
1.15                     -2.3431717E-9            
1.16                     -2.343187E-9             
1.17                     -2.343187E-9             
1.18                     -2.343187E-9             
1.19                     -2.343187E-9             
1.2                      -2.343187E-9             
1.21                     -2.343187E-9             
1.22                     -2.3431717E-9            
1.23                     -2.343187E-9             
1.24                     -2.343187E-9             
1.25                     -2.343187E-9             
1.26                     -2.343187E-9             
1.27                     -2.343187E-9             
1.28                     -2.3431717E-9            
1.29                     -2.343187E-9             
1.3                      -2.343187E-9             
1.31                     -2.343187E-9             
1.32                     -2.343187E-9             
1.33                     -2.343187E-9             
1.34                     -2.3431717E-9            
1.35                     -2.343187E-9             
1.36                     -2.343187E-9             
1.37                     -2.343187E-9             
1.38                     -2.343187E-9             
1.39                     -2.343187E-9             
1.4                      -2.3431717E-9            
1.41                     -2.343187E-9             
1.42                     -2.343187E-9             
1.43                     -2.343187E-9             
1.44                     -2.343187E-9             
1.45                     -2.343187E-9             
1.46                     -2.3431717E-9            
1.47                     -2.343187E-9             
1.48                     -2.343187E-9             
1.49                     -2.343187E-9             
1.5                      -2.343187E-9             
1.51                     -2.343187E-9             
1.52                     -2.343187E-9             
1.53                     -2.3431717E-9            
1.54                     -2.343187E-9             
1.55                     -2.343187E-9             
1.56                     -2.343187E-9             
1.57                     -2.343187E-9             
1.58                     -2.343187E-9             
1.59                     -2.3421345E-9            
1.6                      -2.338342E-9             
1.61                     -2.338373E-9             
1.62                     -2.338342E-9             
1.63                     -2.338342E-9             
1.64                     -2.338373E-9             
1.65                     -2.338342E-9             
1.66                     -2.338342E-9             
1.67                     -2.3383575E-9            
1.68                     -2.3383575E-9            
1.69                     -2.338342E-9             
1.7                      -2.3383575E-9            
1.71                     -2.338342E-9             
1.72                     -2.3383575E-9            
1.73                     -2.3383575E-9            
1.74                     -2.338342E-9             
1.75                     -2.338373E-9             
1.76                     -2.338342E-9             
1.77                     -2.338342E-9             
1.78                     -2.338373E-9             
1.79                     -2.338342E-9             
1.8                      -2.338342E-9             
1.81                     -2.338373E-9             
1.82                     -2.338342E-9             
1.83                     -2.338342E-9             
1.84                     -2.3383575E-9            
1.85                     -2.3383575E-9            
1.86                     -2.338342E-9             
1.87                     -2.3383575E-9            
1.88                     -2.338342E-9             
1.89                     -2.3383575E-9            
1.9                      -2.3383575E-9            
1.91                     -2.338342E-9             
1.92                     -2.338342E-9             
1.93                     -2.338373E-9             
1.94                     -2.338342E-9             
1.95                     -2.338342E-9             
1.96                     -2.338373E-9             
1.97                     -2.338342E-9             
1.98                     -2.338342E-9             
1.99                     -2.338373E-9             
2.0                      -2.338342E-9             
2.01                     -2.3383575E-9            
2.02                     -2.3383575E-9            
2.03                     -2.338342E-9             
2.04                     -2.3383575E-9            
2.05                     -2.338342E-9             
2.06                     -2.3383575E-9            
2.07                     -2.3383575E-9            
2.08                     -2.338342E-9             
2.09                     -2.3383575E-9            
2.1                      -2.3383575E-9            
2.11                     -2.338342E-9             
2.12                     -2.338342E-9             
2.13                     -2.338373E-9             
2.14                     -2.338342E-9             
2.15                     -2.338342E-9             
2.16                     -2.338373E-9             
2.17                     -2.338342E-9             
2.18                     -2.338342E-9             
2.19                     -2.338373E-9             
2.2                      -2.338342E-9             
2.21                     -2.338342E-9             
2.22                     -2.338373E-9             
2.23                     -2.338342E-9             
2.24                     -2.3383575E-9            
2.25                     -2.338342E-9             
2.26                     -2.3383575E-9            
2.27                     -2.3383575E-9            
2.28                     -2.338342E-9             
2.29                     -2.338342E-9             
2.3                      -2.338373E-9             
2.31                     -2.338342E-9             
2.32                     -2.338342E-9             
2.33                     -2.338373E-9             
2.34                     -2.338342E-9             
2.35                     -2.338342E-9             
2.36                     -2.338373E-9             
2.37                     -2.338342E-9             
2.38                     -2.338342E-9             
2.39                     -2.338373E-9             
2.4                      -2.338342E-9             
2.41                     -2.338342E-9             
2.42                     -2.3383575E-9            
2.43                     -2.3383575E-9            
2.44                     -2.338342E-9             
2.45                     -2.3383575E-9            
2.46                     -2.338342E-9             
2.47                     -2.3383575E-9            
2.48                     -2.3383575E-9            
2.49                     -2.338342E-9             
2.5                      -2.338373E-9             
2.51                     -2.338342E-9             
2.52                     -2.338342E-9             
2.53                     -2.338373E-9             
2.54                     -2.338342E-9             
2.55                     -2.338342E-9             
2.56                     -2.338373E-9             
2.57                     -2.338342E-9             
2.58                     -2.338342E-9             
2.59                     -2.3383575E-9            
2.6                      -2.3383575E-9            
2.61                     -2.338342E-9             
2.62                     -2.3383575E-9            
2.63                     -2.338342E-9             
2.64                     -2.3383575E-9            
2.65                     -2.3383575E-9            
2.66                     -2.338342E-9             
2.67                     -2.338342E-9             
2.68                     -2.338373E-9             
2.69                     -2.338342E-9             
2.7                      -2.338342E-9             
2.71                     -2.338373E-9             
2.72                     -2.338342E-9             
2.73                     -2.338373E-9             
2.74                     -2.338342E-9             
2.75                     -2.338342E-9             
2.76                     -2.338373E-9             
2.77                     -2.338342E-9             
2.78                     -2.338342E-9             
2.79                     -2.3383575E-9            
2.8                      -2.3383575E-9            
2.81                     -2.338342E-9             
2.82                     -2.3383575E-9            
2.83                     -2.338342E-9             
2.84                     -2.3383575E-9            
2.85                     -2.3383575E-9            
2.86                     -2.338342E-9             
2.87                     -2.338342E-9             
2.88                     -2.338373E-9             
2.89                     -2.338342E-9             
2.9                      -2.338342E-9             
2.91                     -2.338373E-9             
2.92                     -2.338342E-9             
2.93                     -2.338342E-9             
2.94                     -2.338373E-9             
2.95                     -2.338342E-9             
2.96                     -2.338342E-9             
2.97                     -2.338373E-9             
2.98                     -2.338342E-9             
2.99                     -2.3383575E-9            
3.0                      -2.338342E-9             
3.01                     -2.3383575E-9            
3.02                     -2.3383575E-9            
3.03                     -2.338342E-9             
3.04                     -2.338342E-9             
3.05                     -2.338373E-9             
3.06                     -2.338342E-9             
3.07                     -2.338342E-9             
3.08                     -2.338373E-9             
3.09                     -2.338342E-9             
3.1                      -2.338342E-9             
3.11                     -2.338373E-9             
3.12                     -2.338342E-9             
3.13                     -2.338342E-9             
3.14                     -2.338373E-9             
3.15                     -2.338342E-9             
3.16                     -2.338342E-9             
3.17                     -2.3312214E-9            
3.18                     -2.3304785E-9            
3.19                     -2.3304785E-9            
3.2                      -2.330494E-9             
3.21                     -2.3304785E-9            
3.22                     -2.3304785E-9            
3.23                     -2.330463E-9             
3.24                     -2.330494E-9             
3.25                     -2.3304785E-9            
3.26                     -2.3304785E-9            
3.27                     -2.330494E-9             
3.28                     -2.3304785E-9            
3.29                     -2.330463E-9             
3.3                      -2.330494E-9             
3.31                     -2.3304785E-9            
3.32                     -2.3304785E-9            
3.33                     -2.330494E-9             
3.34                     -2.3304785E-9            
3.35                     -2.3304785E-9            
3.36                     -2.330463E-9             
3.37                     -2.330494E-9             
3.38                     -2.3304785E-9            
3.39                     -2.3304785E-9            
3.4                      -2.330494E-9             
3.41                     -2.3304785E-9            
3.42                     -2.330494E-9             
3.43                     -2.3304476E-9            
3.44                     -2.330494E-9             
3.45                     -2.3304785E-9            
3.46                     -2.330494E-9             
3.47                     -2.3304785E-9            
3.48                     -2.3304785E-9            
3.49                     -2.330494E-9             
3.5                      -2.330463E-9             
3.51                     -2.3304785E-9            
3.52                     -2.3304785E-9            
3.53                     -2.330494E-9             
3.54                     -2.3304785E-9            
3.55                     -2.3304785E-9            
3.56                     -2.330494E-9             
3.57                     -2.330463E-9             
3.58                     -2.3304785E-9            
3.59                     -2.330494E-9             
3.6                      -2.3304785E-9            
3.61                     -2.3304785E-9            
3.62                     -2.330494E-9             
3.63                     -2.330463E-9             
3.64                     -2.3304785E-9            
3.65                     -2.3304785E-9            
3.66                     -2.330494E-9             
3.67                     -2.3304785E-9            
3.68                     -2.3304785E-9            
3.69                     -2.330494E-9             
3.7                      -2.330463E-9             
3.71                     -2.3304785E-9            
3.72                     -2.330494E-9             
3.73                     -2.3304785E-9            
3.74                     -2.3304785E-9            
3.75                     -2.330494E-9             
3.76                     -2.3304785E-9            
3.77                     -2.330463E-9             
3.78                     -2.3304785E-9            
3.79                     -2.330494E-9             
3.8                      -2.3304785E-9            
3.81                     -2.3304785E-9            
3.82                     -2.330494E-9             
3.83                     -2.3304785E-9            
3.84                     -2.330463E-9             
3.85                     -2.3304785E-9            
3.86                     -2.330494E-9             
3.87                     -2.3304785E-9            
3.88                     -2.330494E-9             
3.89                     -2.3304785E-9            
3.9                      -2.3304785E-9            
3.91                     -2.330463E-9             
3.92                     -2.330494E-9             
3.93                     -2.3304785E-9            
3.94                     -2.3304785E-9            
3.95                     -2.330494E-9             
3.96                     -2.3304785E-9            
3.97                     -2.3304785E-9            
3.98                     -2.330463E-9             
3.99                     -2.330494E-9             
4.0                      -2.3304785E-9            
4.01                     -2.330494E-9             
4.02                     -2.3304785E-9            
4.03                     -2.3304785E-9            
4.04                     -2.330463E-9             
4.05                     -2.330494E-9             
4.06                     -2.3304785E-9            
4.07                     -2.3304785E-9            
4.08                     -2.330494E-9             
4.09                     -2.3304785E-9            
4.1                      -2.3304785E-9            
4.11                     -2.330463E-9             
4.12                     -2.330494E-9             
4.13                     -2.3304785E-9            
4.14                     -2.3304785E-9            
4.15                     -2.330494E-9             
4.16                     -2.3304785E-9            
4.17                     -2.330494E-9             
4.18                     -2.330463E-9             
4.19                     -2.3304785E-9            
4.2                      -2.3304785E-9            
4.21                     -2.330494E-9             
4.22                     -2.3304785E-9            
4.23                     -2.3304785E-9            
4.24                     -2.330494E-9             
4.25                     -2.330463E-9             
4.26                     -2.3304785E-9            
4.27                     -2.3304785E-9            
4.28                     -2.330494E-9             
4.29                     -2.3304785E-9            
4.3                      -2.330494E-9             
4.31                     -2.3304785E-9            
4.32                     -2.330463E-9             
4.33                     -2.3304785E-9            
4.34                     -2.330494E-9             
4.35                     -2.3304785E-9            
4.36                     -2.3304785E-9            
4.37                     -2.330494E-9             
4.38                     -2.330463E-9             
4.39                     -2.3304785E-9            
4.4                      -2.3304785E-9            
4.41                     -2.330494E-9             
4.42                     -2.3304785E-9            
4.43                     -2.330494E-9             
4.44                     -2.3304785E-9            
4.45                     -2.330463E-9             
4.46                     -2.3304785E-9            
4.47                     -2.330494E-9             
4.48                     -2.3304785E-9            
4.49                     -2.3304785E-9            
4.5                      -2.330494E-9             
4.51                     -2.3304785E-9            
4.52                     -2.330463E-9             
4.53                     -2.3304785E-9            
4.54                     -2.330494E-9             
4.55                     -2.3304785E-9            
4.56                     -2.3304785E-9            
4.57                     -2.330494E-9             
4.58                     -2.3304785E-9            
4.59                     -2.330463E-9             
4.6                      -2.330494E-9             
4.61                     -2.3304785E-9            
4.62                     -2.3304785E-9            
4.63                     -2.330494E-9             
4.64                     -2.3304785E-9            
4.65                     -2.3304785E-9            
4.66                     -2.330463E-9             
4.67                     -2.330494E-9             
4.68                     -2.3304785E-9            
4.69                     -2.3304785E-9            
4.7                      -2.330494E-9             
4.71                     -2.3304785E-9            
4.72                     -2.330463E-9             
4.73                     -2.3304785E-9            
4.74                     -2.330494E-9             
4.75                     -2.3304785E-9            
4.76                     -2.330494E-9             
4.77                     -2.3304785E-9            
4.78                     -2.3304785E-9            
4.79                     -2.330463E-9             
4.8                      -2.330494E-9             
4.81                     -2.3304785E-9            
4.82                     -2.3304785E-9            
4.83                     -2.330494E-9             
4.84                     -2.3304785E-9            
4.85                     -2.3304785E-9            
4.86                     -2.330463E-9             
4.87                     -2.330494E-9             
4.88                     -2.3304785E-9            
4.89                     -2.330494E-9             
4.9                      -2.3304785E-9            
4.91                     -2.3304785E-9            
4.92                     -2.330494E-9             
4.93                     -2.330463E-9             
4.94                     -2.3304785E-9            
4.95                     -2.3304785E-9            
4.96                     -2.330494E-9             
4.97                     -2.3304785E-9            
4.98                     -2.3304785E-9            
4.99                     -2.330494E-9             
5.0                      -2.330463E-9             
5.01                     -2.3304785E-9            
5.02                     -2.3304785E-9            
5.03                     -2.330494E-9             
5.04                     -2.3304785E-9            
5.05                     -2.330494E-9             
5.06                     -2.330463E-9             
5.07                     -2.3304785E-9            
5.08                     -2.3304785E-9            
5.09                     -2.330494E-9             
5.1                      -2.3304785E-9            
5.11                     -2.3304785E-9            
5.12                     -2.330494E-9             
5.13                     -2.330463E-9             
5.14                     -2.3304785E-9            
5.15                     -2.3304785E-9            
5.16                     -2.330494E-9             
5.17                     -2.3304785E-9            
5.18                     -2.330494E-9             
5.19                     -2.3304785E-9            
5.2                      -2.330463E-9             
5.21                     -2.3304785E-9            
5.22                     -2.330494E-9             
5.23                     -2.3304785E-9            
5.24                     -2.3304785E-9            
5.25                     -2.330494E-9             
5.26                     -2.3304785E-9            
5.27                     -2.330463E-9             
5.28                     -2.3304785E-9            
5.29                     -2.330494E-9             
5.3                      -2.3304785E-9            
5.31                     -2.330494E-9             
5.32                     -2.3304785E-9            
5.33                     -2.3304785E-9            
5.34                     -2.330463E-9             
5.35                     -2.330494E-9             
5.36                     -2.3304785E-9            
5.37                     -2.3304785E-9            
5.38                     -2.330494E-9             
5.39                     -2.3304785E-9            
5.4                      -2.330463E-9             
5.41                     -2.3304785E-9            
5.42                     -2.330494E-9             
5.43                     -2.3304785E-9            
5.44                     -2.3304785E-9            
5.45                     -2.330494E-9             
5.46                     -2.3304785E-9            
5.47                     -2.330463E-9             
5.48                     -2.330494E-9             
5.49                     -2.3304785E-9            
5.5                      -2.3304785E-9            
5.51                     -2.330494E-9             
5.52                     -2.3304785E-9            
5.53                     -2.3304785E-9            
5.54                     -2.330463E-9             
5.55                     -2.330494E-9             
5.56                     -2.3304785E-9            
5.57                     -2.3304785E-9            
5.58                     -2.330494E-9             
5.59                     -2.3304785E-9            
5.6                      -2.330494E-9             
5.61                     -2.3304476E-9            
5.62                     -2.330494E-9             
5.63                     -2.3304785E-9            
5.64                     -2.330494E-9             
5.65                     -2.3304785E-9            
5.66                     -2.3304785E-9            
5.67                     -2.330494E-9             
5.68                     -2.330463E-9             
5.69                     -2.3304785E-9            
5.7                      -2.3304785E-9            
5.71                     -2.330494E-9             
5.72                     -2.3304785E-9            
5.73                     -2.3304785E-9            
5.74                     -2.330494E-9             
5.75                     -2.330463E-9             
5.76                     -2.3304785E-9            
5.77                     -2.330494E-9             
5.78                     -2.3304785E-9            
5.79                     -2.3304785E-9            
5.8                      -2.330494E-9             
5.81                     -2.330463E-9             
5.82                     -2.3304785E-9            
5.83                     -2.3304785E-9            
5.84                     -2.330494E-9             
5.85                     -2.3304785E-9            
5.86                     -2.3304785E-9            
5.87                     -2.330494E-9             
5.88                     -2.330463E-9             
5.89                     -2.3304785E-9            
5.9                      -2.3304785E-9            
5.91                     -2.330494E-9             
5.92                     -2.3304785E-9            
5.93                     -2.330494E-9             
5.94                     -2.3304785E-9            
5.95                     -2.330463E-9             
5.96                     -2.3304785E-9            
5.97                     -2.330494E-9             
5.98                     -2.3304785E-9            
5.99                     -2.3304785E-9            
6.0                      -2.330494E-9             
6.01                     -2.3304785E-9            
6.02                     -2.330463E-9             
6.03                     -2.3304785E-9            
6.04                     -2.330494E-9             
6.05                     -2.3304785E-9            
6.06                     -2.330494E-9             
6.07                     -2.3304785E-9            
6.08                     -2.3304785E-9            
6.09                     -2.330463E-9             
6.1                      -2.330494E-9             
6.11                     -2.3304785E-9            
6.12                     -2.3304785E-9            
6.13                     -2.330494E-9             
6.14                     -2.3304785E-9            
6.15                     -2.330463E-9             
6.16                     -2.3304785E-9            
6.17                     -2.330494E-9             
6.18                     -2.3304785E-9            
6.19                     -2.330494E-9             
6.2                      -2.3304785E-9            
6.21                     -2.3304785E-9            
6.22                     -2.330463E-9             
6.23                     -2.330494E-9             
6.24                     -2.3304785E-9            
6.25                     -2.3304785E-9            
6.26                     -2.330494E-9             
6.27                     -2.3304785E-9            
6.28                     -2.3304785E-9            
6.29                     -2.330463E-9             
6.3                      -2.330494E-9             
6.31                     -2.327522E-9             
6.32                     -2.3198752E-9            
6.33                     -2.3198752E-9            
6.34                     -2.3198752E-9            
6.35                     -2.3198596E-9            
6.36                     -2.3198752E-9            
6.37                     -2.3198752E-9            
6.38                     -2.3198596E-9            
6.39                     -2.3198752E-9            
6.4                      -2.3198752E-9            
6.41                     -2.3198752E-9            
6.42                     -2.3198596E-9            
6.43                     -2.3198752E-9            
6.44                     -2.3198752E-9            
6.45                     -2.3198752E-9            
6.46                     -2.3198596E-9            
6.47                     -2.3198752E-9            
6.48                     -2.3198752E-9            
6.49                     -2.3198752E-9            
6.5                      -2.3198596E-9            
6.51                     -2.3198752E-9            
6.52                     -2.3198752E-9            
6.53                     -2.3198752E-9            
6.54                     -2.319844E-9             
6.55                     -2.3198752E-9            
6.56                     -2.3198596E-9            
6.57                     -2.3198752E-9            
6.58                     -2.3198752E-9            
6.59                     -2.3198596E-9            
6.6                      -2.3198752E-9            
6.61                     -2.3198752E-9            
6.62                     -2.3198752E-9            
6.63                     -2.3198596E-9            
6.64                     -2.3198752E-9            
6.65                     -2.3198752E-9            
6.66                     -2.3198752E-9            
6.67                     -2.3198596E-9            
6.68                     -2.3198752E-9            
6.69                     -2.3198752E-9            
6.7                      -2.3198752E-9            
6.71                     -2.3198596E-9            
6.72                     -2.3198752E-9            
6.73                     -2.3198752E-9            
6.74                     -2.3198752E-9            
6.75                     -2.3198596E-9            
6.76                     -2.3198752E-9            
6.77                     -2.3198752E-9            
6.78                     -2.3198596E-9            
6.79                     -2.3198752E-9            
6.8                      -2.3198752E-9            
6.81                     -2.3198752E-9            
6.82                     -2.3198596E-9            
6.83                     -2.3198752E-9            
6.84                     -2.3198752E-9            
6.85                     -2.3198752E-9            
6.86                     -2.319844E-9             
6.87                     -2.3198752E-9            
6.88                     -2.3198596E-9            
6.89                     -2.3198752E-9            
6.9                      -2.3198752E-9            
6.91                     -2.3198752E-9            
6.92                     -2.3198596E-9            
6.93                     -2.3198752E-9            
6.94                     -2.3198752E-9            
6.95                     -2.3198752E-9            
6.96                     -2.3198596E-9            
6.97                     -2.3198752E-9            
6.98                     -2.3198752E-9            
6.99                     -2.3198596E-9            
7.0                      -2.3198752E-9            
7.01                     -2.3198752E-9            
7.02                     -2.3198752E-9            
7.03                     -2.3198596E-9            
7.04                     -2.3198752E-9            
7.05                     -2.3198752E-9            
7.06                     -2.3198752E-9            
7.07                     -2.3198596E-9            
7.08                     -2.3198752E-9            
7.09                     -2.3198752E-9            
7.1                      -2.3198752E-9            
7.11                     -2.3198596E-9            
7.12                     -2.3198752E-9            
7.13                     -2.3198752E-9            
7.14                     -2.3198596E-9            
7.15                     -2.3198752E-9            
7.16                     -2.3198752E-9            
7.17                     -2.319844E-9             
7.18                     -2.3198752E-9            
7.19                     -2.3198752E-9            
7.2                      -2.3198596E-9            
7.21                     -2.3198752E-9            
7.22                     -2.3198752E-9            
7.23                     -2.3198752E-9            
7.24                     -2.3198596E-9            
7.25                     -2.3198752E-9            
7.26                     -2.3198752E-9            
7.27                     -2.3198752E-9            
7.28                     -2.3198596E-9            
7.29                     -2.3198752E-9            
7.3                      -2.3198752E-9            
7.31                     -2.3198752E-9            
7.32                     -2.3198596E-9            
7.33                     -2.3198752E-9            
7.34                     -2.3198752E-9            
7.35                     -2.3198752E-9            
7.36                     -2.3198596E-9            
7.37                     -2.3198752E-9            
7.38                     -2.3198752E-9            
7.39                     -2.3198596E-9            
7.4                      -2.3198752E-9            
7.41                     -2.3198752E-9            
7.42                     -2.3198752E-9            
7.43                     -2.3198596E-9            
7.44                     -2.3198752E-9            
7.45                     -2.3198752E-9            
7.46                     -2.3198752E-9            
7.47                     -2.3198596E-9            
7.48                     -2.3198596E-9            
7.49                     -2.3198596E-9            
7.5                      -2.3198752E-9            
7.51                     -2.3198752E-9            
7.52                     -2.3198752E-9            
7.53                     -2.3198596E-9            
7.54                     -2.3198752E-9            
7.55                     -2.3198752E-9            
7.56                     -2.3198752E-9            
7.57                     -2.3198596E-9            
7.58                     -2.3198752E-9            
7.59                     -2.3198752E-9            
7.6                      -2.3198596E-9            
7.61                     -2.3198752E-9            
7.62                     -2.3198752E-9            
7.63                     -2.3198752E-9            
7.64                     -2.3198596E-9            
7.65                     -2.3198752E-9            
7.66                     -2.3198752E-9            
7.67                     -2.3198752E-9            
7.68                     -2.3198596E-9            
7.69                     -2.3198752E-9            
7.7                      -2.3198752E-9            
7.71                     -2.3198752E-9            
7.72                     -2.3198596E-9            
7.73                     -2.3198752E-9            
7.74                     -2.3198752E-9            
7.75                     -2.3198596E-9            
7.76                     -2.3198752E-9            
7.77                     -2.3198752E-9            
7.78                     -2.3198752E-9            
7.79                     -2.319844E-9             
7.8                      -2.3198752E-9            
7.81                     -2.3198596E-9            
7.82                     -2.3198752E-9            
7.83                     -2.3198752E-9            
7.84                     -2.3198752E-9            
7.85                     -2.3198596E-9            
7.86                     -2.3198752E-9            
7.87                     -2.3198752E-9            
7.88                     -2.3198752E-9            
7.89                     -2.3198596E-9            
7.9                      -2.3198752E-9            
7.91                     -2.3198752E-9            
7.92                     -2.3198752E-9            
7.93                     -2.3198596E-9            
7.94                     -2.3198752E-9            
7.95                     -2.3198752E-9            
7.96                     -2.3198752E-9            
7.97                     -2.3198596E-9            
7.98                     -2.3198752E-9            
7.99                     -2.3198752E-9            
8.0                      -2.3198596E-9            
8.01                     -2.3198752E-9            
8.02                     -2.3198752E-9            
8.03                     -2.3198752E-9            
8.04                     -2.3198596E-9            
8.05                     -2.3198752E-9            
8.06                     -2.3198752E-9            
8.07                     -2.3198752E-9            
8.08                     -2.3198596E-9            
8.09                     -2.3198752E-9            
8.1                      -2.3198443E-9            
8.11                     -2.3198752E-9            
8.12                     -2.3198752E-9            
8.13                     -2.3198752E-9            
8.14                     -2.3198596E-9            
8.15                     -2.3198752E-9            
8.16                     -2.3198752E-9            
8.17                     -2.3198752E-9            
8.18                     -2.3198596E-9            
8.19                     -2.3198752E-9            
8.2                      -2.3198752E-9            
8.21                     -2.3198596E-9            
8.22                     -2.3198752E-9            
8.23                     -2.3198752E-9            
8.24                     -2.3198752E-9            
8.25                     -2.3198596E-9            
8.26                     -2.3198752E-9            
8.27                     -2.3198752E-9            
8.28                     -2.3198752E-9            
8.29                     -2.3198596E-9            
8.3                      -2.3198752E-9            
8.31                     -2.3198752E-9            
8.32                     -2.3198752E-9            
8.33                     -2.3198596E-9            
8.34                     -2.3198752E-9            
8.35                     -2.3198752E-9            
8.36                     -2.3198596E-9            
8.37                     -2.3198752E-9            
8.38                     -2.3198752E-9            
8.39                     -2.3198752E-9            
8.4                      -2.3198596E-9            
8.41                     -2.3198596E-9            
8.42                     -2.3198596E-9            
8.43                     -2.3198752E-9            
8.44                     -2.3198752E-9            
8.45                     -2.3198752E-9            
8.46                     -2.3198596E-9            
8.47                     -2.3198752E-9            
8.48                     -2.3198752E-9            
8.49                     -2.3198752E-9            
8.5                      -2.3198596E-9            
8.51                     -2.3198752E-9            
8.52                     -2.3198752E-9            
8.53                     -2.3198752E-9            
8.54                     -2.3198596E-9            
8.55                     -2.3198752E-9            
8.56                     -2.3198752E-9            
8.57                     -2.3198752E-9            
8.58                     -2.3198596E-9            
8.59                     -2.3198752E-9            
8.6                      -2.3198752E-9            
8.61                     -2.3198596E-9            
8.62                     -2.3198752E-9            
8.63                     -2.3198752E-9            
8.64                     -2.3198752E-9            
8.65                     -2.3198596E-9            
8.66                     -2.3198752E-9            
8.67                     -2.3198752E-9            
8.68                     -2.3198752E-9            
8.69                     -2.3198596E-9            
8.7                      -2.3198752E-9            
8.71                     -2.3198752E-9            
8.72                     -2.3198443E-9            
8.73                     -2.3198752E-9            
8.74                     -2.3198752E-9            
8.75                     -2.3198596E-9            
8.76                     -2.3198752E-9            
8.77                     -2.3198752E-9            
8.78                     -2.3198752E-9            
8.79                     -2.3198596E-9            
8.8                      -2.3198752E-9            
8.81                     -2.3198752E-9            
8.82                     -2.3198596E-9            
8.83                     -2.3198752E-9            
8.84                     -2.3198752E-9            
8.85                     -2.3198752E-9            
8.86                     -2.3198596E-9            
8.87                     -2.3198752E-9            
8.88                     -2.3198752E-9            
8.89                     -2.3198752E-9            
8.9                      -2.3198596E-9            
8.91                     -2.3198752E-9            
8.92                     -2.3198752E-9            
8.93                     -2.3198752E-9            
8.94                     -2.3198596E-9            
8.95                     -2.3198752E-9            
8.96                     -2.3198752E-9            
8.97                     -2.3198596E-9            
8.98                     -2.3198752E-9            
8.99                     -2.3198752E-9            
9.0                      -2.3198752E-9            
9.01                     -2.3198596E-9            
9.02                     -2.3198752E-9            
9.03                     -2.3198752E-9            
9.04                     -2.3198443E-9            
9.05                     -2.3198752E-9            
9.06                     -2.3198752E-9            
9.07                     -2.3198596E-9            
9.08                     -2.3198752E-9            
9.09                     -2.3198752E-9            
9.1                      -2.3198752E-9            
9.11                     -2.3198596E-9            
9.12                     -2.3198752E-9            
9.13                     -2.3198752E-9            
9.14                     -2.3198752E-9            
9.15                     -2.3198596E-9            
9.16                     -2.3198752E-9            
9.17                     -2.3198752E-9            
9.18                     -2.3198752E-9            
9.19                     -2.3198596E-9            
9.2                      -2.3198752E-9            
9.21                     -2.3198752E-9            
9.22                     -2.3198596E-9            
9.23                     -2.3198752E-9            
9.24                     -2.3198752E-9            
9.25                     -2.3198752E-9            
9.26                     -2.3198596E-9            
9.27                     -2.3198752E-9            
9.28                     -2.3198752E-9            
9.29                     -2.3198752E-9            
9.3                      -2.3198596E-9            
9.31                     -2.3198752E-9            
9.32                     -2.3198752E-9            
9.33                     -2.3198752E-9            
9.34                     -2.3198596E-9            
9.35                     -2.3198596E-9            
9.36                     -2.3198596E-9            
9.37                     -2.3198752E-9            
9.38                     -2.3198752E-9            
9.39                     -2.3198752E-9            
9.4                      -2.3198596E-9            
9.41                     -2.3198752E-9            
9.42                     -2.3198752E-9            
9.43                     -2.3198596E-9            
9.44                     -2.3198752E-9            
9.45                     -2.3198752E-9            
9.46                     -2.3198752E-9            
9.47                     -2.3198596E-9            
9.48                     -2.3198752E-9            
9.49                     -2.3198752E-9            
9.5                      -2.3198752E-9            
9.51                     -2.3198596E-9            
9.52                     -2.3198752E-9            
9.53                     -2.3198752E-9            
9.54                     -2.3198752E-9            
9.55                     -2.3198596E-9            
9.56                     -2.3198752E-9            
9.57                     -2.3198752E-9            
9.58                     -2.3198596E-9            
9.59                     -2.3198752E-9            
9.6                      -2.3198752E-9            
9.61                     -2.3198752E-9            
9.62                     -2.3198596E-9            
9.63                     -2.3198752E-9            
9.64                     -2.3198752E-9            
9.65                     -2.3198752E-9            
9.66                     -2.3198443E-9            
9.67                     -2.3198752E-9            
9.68                     -2.3198596E-9            
9.69                     -2.3198752E-9            
9.7                      -2.3198752E-9            
9.71                     -2.3198752E-9            
9.72                     -2.3198596E-9            
9.73                     -2.3198752E-9            
9.74                     -2.3198752E-9            
9.75                     -2.3198752E-9            
9.76                     -2.3198596E-9            
9.77                     -2.3198752E-9            
9.78                     -2.3198752E-9            
9.79                     -2.3198596E-9            
9.8                      -2.3198752E-9            
9.81                     -2.3198752E-9            
9.82                     -2.3198752E-9            
9.83                     -2.3198596E-9            
9.84                     -2.3198752E-9            
9.85                     -2.3198752E-9            
9.86                     -2.3198752E-9            
9.87                     -2.3198596E-9            
9.88                     -2.3198752E-9            
9.89                     -2.3198752E-9            
9.9                      -2.3198752E-9            
9.91                     -2.3198596E-9            
9.92                     -2.3198752E-9            
9.93                     -2.3198752E-9            
9.94                     -2.3198752E-9            
9.95                     -2.3198596E-9            
9.96                     -2.3198752E-9            
9.97                     -2.3198443E-9            
9.98                     -2.3198752E-9            
9.99                     -2.3198752E-9            
10.0                     -2.3198752E-9            
10.01                    -2.3198596E-9            
10.02                    -2.3198752E-9            
10.03                    -2.3198752E-9            
10.04                    -2.3198596E-9            
10.05                    -2.3198752E-9            
10.06                    -2.3198752E-9            
10.07                    -2.3198752E-9            
10.08                    -2.3198596E-9            
10.09                    -2.3198752E-9            
10.1                     -2.3198752E-9            
10.11                    -2.3198752E-9            
10.12                    -2.3198596E-9            
10.13                    -2.3198752E-9            
10.14                    -2.3198752E-9            
10.15                    -2.3198752E-9            
10.16                    -2.3198596E-9            
10.17                    -2.3198752E-9            
10.18                    -2.3198752E-9            
10.19                    -2.3198596E-9            
10.2                     -2.3198752E-9            
10.21                    -2.3198752E-9            
10.22                    -2.3198752E-9            
10.23                    -2.3198596E-9            
10.24                    -2.3198752E-9            
10.25                    -2.3198752E-9            
10.26                    -2.3198752E-9            
10.27                    -2.3198596E-9            
10.28                    -2.3198596E-9            
10.29                    -2.3198596E-9            
10.3                     -2.3198752E-9            
10.31                    -2.3198752E-9            
10.32                    -2.3198752E-9            
10.33                    -2.3198596E-9            
10.34                    -2.3198752E-9            
10.35                    -2.3198752E-9            
10.36                    -2.3198752E-9            
10.37                    -2.3198596E-9            
10.38                    -2.3198752E-9            
10.39                    -2.3198752E-9            
10.4                     -2.3198596E-9            
10.41                    -2.3198752E-9            
10.42                    -2.3198752E-9            
10.43                    -2.3198752E-9            
10.44                    -2.3198596E-9            
10.45                    -2.3198752E-9            
10.46                    -2.3198752E-9            
10.47                    -2.3198752E-9            
10.48                    -2.3198596E-9            
10.49                    -2.3198752E-9            
10.5                     -2.3198752E-9            
10.51                    -2.3198752E-9            
10.52                    -2.3198596E-9            
10.53                    -2.3198752E-9            
10.54                    -2.3198752E-9            
10.55                    -2.3198752E-9            
10.56                    -2.3198596E-9            
10.57                    -2.3198752E-9            
10.58                    -2.3198752E-9            
10.59                    -2.3198443E-9            
10.6                     -2.3198752E-9            
10.61                    -2.3198752E-9            
10.62                    -2.3198596E-9            
10.63                    -2.3198752E-9            
10.64                    -2.3198752E-9            
10.65                    -2.3198596E-9            
10.66                    -2.3198752E-9            
10.67                    -2.3198752E-9            
10.68                    -2.3198752E-9            
10.69                    -2.3198596E-9            
10.7                     -2.3198752E-9            
10.71                    -2.3198752E-9            
10.72                    -2.3198752E-9            
10.73                    -2.3198596E-9            
10.74                    -2.3198752E-9            
10.75                    -2.3198752E-9            
10.76                    -2.3198752E-9            
10.77                    -2.3198596E-9            
10.78                    -2.3198752E-9            
10.79                    -2.3198752E-9            
10.8                     -2.3198596E-9            
10.81                    -2.3198752E-9            
10.82                    -2.3198752E-9            
10.83                    -2.3198752E-9            
10.84                    -2.3198596E-9            
10.85                    -2.3198752E-9            
10.86                    -2.3198752E-9            
10.87                    -2.3198752E-9            
10.88                    -2.3198596E-9            
10.89                    -2.3198752E-9            
10.9                     -2.3198752E-9            
10.91                    -2.3198443E-9            
10.92                    -2.3198752E-9            
10.93                    -2.3198752E-9            
10.94                    -2.3198596E-9            
10.95                    -2.3198752E-9            
10.96                    -2.3198752E-9            
10.97                    -2.3198752E-9            
10.98                    -2.3198596E-9            
10.99                    -2.3198752E-9            
11.0                     -2.3198752E-9            
11.01                    -2.3198596E-9            
11.02                    -2.3198752E-9            
11.03                    -2.3198752E-9            
11.04                    -2.3198752E-9            
11.05                    -2.3198596E-9            
11.06                    -2.3198752E-9            
11.07                    -2.3198752E-9            
11.08                    -2.3198752E-9            
11.09                    -2.3198596E-9            
11.1                     -2.3198752E-9            
11.11                    -2.3198752E-9            
11.12                    -2.3198752E-9            
11.13                    -2.3198596E-9            
11.14                    -2.3198752E-9            
11.15                    -2.3198752E-9            
11.16                    -2.3198752E-9            
11.17                    -2.3198596E-9            
11.18                    -2.3198752E-9            
11.19                    -2.3198752E-9            
11.2                     -2.3198596E-9            
11.21                    -2.3198752E-9            
11.22                    -2.3198596E-9            
11.23                    -2.3198596E-9            
11.24                    -2.3198752E-9            
11.25                    -2.3198752E-9            
11.26                    -2.3198596E-9            
11.27                    -2.3198752E-9            
11.28                    -2.3198752E-9            
11.29                    -2.3198752E-9            
11.3                     -2.3198596E-9            
11.31                    -2.3198752E-9            
11.32                    -2.3198752E-9            
11.33                    -2.3198752E-9            
11.34                    -2.3198596E-9            
11.35                    -2.3198752E-9            
11.36                    -2.3198752E-9            
11.37                    -2.3198752E-9            
11.38                    -2.3198596E-9            
11.39                    -2.3198752E-9            
11.4                     -2.3198752E-9            
11.41                    -2.3198596E-9            
11.42                    -2.3198752E-9            
11.43                    -2.3198752E-9            
11.44                    -2.3198752E-9            
11.45                    -2.3198596E-9            
11.46                    -2.3198752E-9            
11.47                    -2.3198752E-9            
11.48                    -2.3198752E-9            
11.49                    -2.3198596E-9            
11.5                     -2.3198752E-9            
11.51                    -2.3198752E-9            
11.52                    -2.3198752E-9            
11.53                    -2.3198443E-9            
11.54                    -2.3198752E-9            
11.55                    -2.3198596E-9            
11.56                    -2.3198752E-9            
11.57                    -2.3198752E-9            
11.58                    -2.3198752E-9            
11.59                    -2.3198596E-9            
11.6                     -2.3198752E-9            
11.61                    -2.3198752E-9            
11.62                    -2.3198596E-9            
11.63                    -2.3198752E-9            
11.64                    -2.3198752E-9            
11.65                    -2.3198752E-9            
11.66                    -2.3198596E-9            
11.67                    -2.3198752E-9            
11.68                    -2.3198752E-9            
11.69                    -2.3198752E-9            
11.7                     -2.3198596E-9            
11.71                    -2.3198752E-9            
11.72                    -2.3198752E-9            
11.73                    -2.3198752E-9            
11.74                    -2.3198596E-9            
11.75                    -2.3198752E-9            
11.76                    -2.3198752E-9            
11.77                    -2.3198752E-9            
11.78                    -2.3198596E-9            
11.79                    -2.3198752E-9            
11.8                     -2.3198752E-9            
11.81                    -2.3198596E-9            
11.82                    -2.3198752E-9            
11.83                    -2.3198752E-9            
11.84                    -2.3198443E-9            
11.85                    -2.3198752E-9            
11.86                    -2.3198752E-9            
11.87                    -2.3198596E-9            
11.88                    -2.3198752E-9            
11.89                    -2.3198752E-9            
11.9                     -2.3198752E-9            
11.91                    -2.3198596E-9            
11.92                    -2.3198752E-9            
11.93                    -2.3198752E-9            
11.94                    -2.3198752E-9            
11.95                    -2.3198596E-9            
11.96                    -2.3198752E-9            
11.97                    -2.3198752E-9            
11.98                    -2.3198752E-9            
11.99                    -2.3198596E-9            
12.0                     -2.3198752E-9            
12.01                    -2.3198752E-9            
12.02                    -2.3198596E-9            
12.03                    -2.3198752E-9            
12.04                    -2.3198752E-9            
12.05                    -2.3198752E-9            
12.06                    -2.3198596E-9            
12.07                    -2.3198752E-9            
12.08                    -2.3198752E-9            
12.09                    -2.3198752E-9            
12.1                     -2.3198596E-9            
12.11                    -2.3198752E-9            
12.12                    -2.3198752E-9            
12.13                    -2.3198752E-9            
12.14                    -2.3198596E-9            
12.15                    -2.3198596E-9            
12.16                    -2.3198596E-9            
12.17                    -2.3198752E-9            
12.18                    -2.3198752E-9            
12.19                    -2.3198752E-9            
12.2                     -2.3198596E-9            
12.21                    -2.3198752E-9            
12.22                    -2.3198752E-9            
12.23                    -2.3198596E-9            
12.24                    -2.3198752E-9            
12.25                    -2.3198752E-9            
12.26                    -2.3198752E-9            
12.27                    -2.3198596E-9            
12.28                    -2.3198752E-9            
12.29                    -2.3198752E-9            
12.3                     -2.3198752E-9            
12.31                    -2.3198596E-9            
12.32                    -2.3198752E-9            
12.33                    -2.3198752E-9            
12.34                    -2.3198752E-9            
12.35                    -2.3198596E-9            
12.36                    -2.3198752E-9            
12.37                    -2.3198752E-9            
12.38                    -2.3198752E-9            
12.39                    -2.3198596E-9            
12.4                     -2.3198752E-9            
12.41                    -2.3198752E-9            
12.42                    -2.3198596E-9            
12.43                    -2.3198752E-9            
12.44                    -2.3198752E-9            
12.45                    -2.3198752E-9            
12.46                    -2.3198443E-9            
12.47                    -2.3198752E-9            
12.48                    -2.3198596E-9            
12.49                    -2.3198752E-9            
12.5                     -2.3198752E-9            
12.51                    -2.3198752E-9            
12.52                    -2.3198596E-9            
12.53                    -2.3198752E-9            
12.54                    -2.3198752E-9            
12.55                    -2.3198752E-9            
12.56                    -2.3198596E-9            
12.57                    -2.3198752E-9            
12.58                    -2.3198752E-9            
12.59                    -2.3198752E-9            
12.6                     -2.3196893E-9            
12.61                    -2.3113615E-9            
12.62                    -2.311377E-9             
12.63                    -2.3113615E-9            
12.64                    -2.3113615E-9            
12.65                    -2.311377E-9             
12.66                    -2.3113615E-9            
12.67                    -2.3113924E-9            
12.68                    -2.3113615E-9            
12.69                    -2.311377E-9             
12.7                     -2.3113615E-9            
12.71                    -2.3113615E-9            
12.72                    -2.311377E-9             
12.73                    -2.3113615E-9            
12.74                    -2.3113615E-9            
12.75                    -2.3113924E-9            
12.76                    -2.311377E-9             
12.77                    -2.3113615E-9            
12.78                    -2.3113615E-9            
12.79                    -2.311377E-9             
12.8                     -2.3113615E-9            
12.81                    -2.3113615E-9            
12.82                    -2.311377E-9             
12.83                    -2.3113924E-9            
12.84                    -2.3113615E-9            
12.85                    -2.3113615E-9            
12.86                    -2.311377E-9             
12.87                    -2.3113615E-9            
12.88                    -2.3113615E-9            
12.89                    -2.311377E-9             
12.9                     -2.3113615E-9            
12.91                    -2.3113924E-9            
12.92                    -2.3113615E-9            
12.93                    -2.311377E-9             
12.94                    -2.3113615E-9            
12.95                    -2.3113615E-9            
12.96                    -2.311377E-9             
12.97                    -2.3113615E-9            
12.98                    -2.3113615E-9            
12.99                    -2.311377E-9             
13.0                     -2.3113924E-9            
13.01                    -2.3113615E-9            
13.02                    -2.3113615E-9            
13.03                    -2.311377E-9             
13.04                    -2.3113615E-9            
13.05                    -2.3113615E-9            
13.06                    -2.311377E-9             
13.07                    -2.3113615E-9            
13.08                    -2.3113924E-9            
13.09                    -2.3113615E-9            
13.1                     -2.311377E-9             
13.11                    -2.3113615E-9            
13.12                    -2.3113615E-9            
13.13                    -2.311377E-9             
13.14                    -2.3113615E-9            
13.15                    -2.311377E-9             
13.16                    -2.311377E-9             
13.17                    -2.311377E-9             
13.18                    -2.3113615E-9            
13.19                    -2.3113615E-9            
13.2                     -2.311377E-9             
13.21                    -2.3113615E-9            
13.22                    -2.311377E-9             
13.23                    -2.3113615E-9            
13.24                    -2.3113615E-9            
13.25                    -2.3113924E-9            
13.26                    -2.3113615E-9            
13.27                    -2.311377E-9             
13.28                    -2.3113615E-9            
13.29                    -2.311377E-9             
13.3                     -2.3113615E-9            
13.31                    -2.3113615E-9            
13.32                    -2.311377E-9             
13.33                    -2.311377E-9             
13.34                    -2.311377E-9             
13.35                    -2.3113615E-9            
13.36                    -2.311377E-9             
13.37                    -2.3113615E-9            
13.38                    -2.3113615E-9            
13.39                    -2.311377E-9             
13.4                     -2.3113615E-9            
13.41                    -2.3113924E-9            
13.42                    -2.3113615E-9            
13.43                    -2.311377E-9             
13.44                    -2.3113615E-9            
13.45                    -2.3113615E-9            
13.46                    -2.311377E-9             
13.47                    -2.3113615E-9            
13.48                    -2.3113615E-9            
13.49                    -2.311377E-9             
13.5                     -2.3113924E-9            
13.51                    -2.3113615E-9            
13.52                    -2.3113615E-9            
13.53                    -2.311377E-9             
13.54                    -2.3113615E-9            
13.55                    -2.3113615E-9            
13.56                    -2.311377E-9             
13.57                    -2.3113615E-9            
13.58                    -2.3113924E-9            
13.59                    -2.3113615E-9            
13.6                     -2.311377E-9             
13.61                    -2.3113615E-9            
13.62                    -2.3113615E-9            
13.63                    -2.311377E-9             
13.64                    -2.3113615E-9            
13.65                    -2.3113615E-9            
13.66                    -2.3113924E-9            
13.67                    -2.311377E-9             
13.68                    -2.3113615E-9            
13.69                    -2.3113615E-9            
13.7                     -2.311377E-9             
13.71                    -2.3113615E-9            
13.72                    -2.3113615E-9            
13.73                    -2.311377E-9             
13.74                    -2.3113615E-9            
13.75                    -2.3113924E-9            
13.76                    -2.3113615E-9            
13.77                    -2.311377E-9             
13.78                    -2.3113615E-9            
13.79                    -2.3113615E-9            
13.8                     -2.311377E-9             
13.81                    -2.3113615E-9            
13.82                    -2.311377E-9             
13.83                    -2.311377E-9             
13.84                    -2.311377E-9             
13.85                    -2.3113615E-9            
13.86                    -2.3113615E-9            
13.87                    -2.311377E-9             
13.88                    -2.3113615E-9            
13.89                    -2.311377E-9             
13.9                     -2.3113615E-9            
13.91                    -2.3113924E-9            
13.92                    -2.3113615E-9            
13.93                    -2.3113615E-9            
13.94                    -2.311377E-9             
13.95                    -2.3113615E-9            
13.96                    -2.311377E-9             
13.97                    -2.3113615E-9            
13.98                    -2.3113615E-9            
13.99                    -2.311377E-9             
14.0                     -2.311377E-9             
14.01                    -2.311377E-9             
14.02                    -2.3113615E-9            
14.03                    -2.311377E-9             
14.04                    -2.3113615E-9            
14.05                    -2.3113615E-9            
14.06                    -2.311377E-9             
14.07                    -2.3113615E-9            
14.08                    -2.3113924E-9            
14.09                    -2.3113615E-9            
14.1                     -2.311377E-9             
14.11                    -2.3113615E-9            
14.12                    -2.3113615E-9            
14.13                    -2.311377E-9             
14.14                    -2.3113615E-9            
14.15                    -2.3113615E-9            
14.16                    -2.3113924E-9            
14.17                    -2.311377E-9             
14.18                    -2.3113615E-9            
14.19                    -2.3113615E-9            
14.2                     -2.311377E-9             
14.21                    -2.3113615E-9            
14.22                    -2.3113615E-9            
14.23                    -2.311377E-9             
14.24                    -2.3113615E-9            
14.25                    -2.3113924E-9            
14.26                    -2.3113615E-9            
14.27                    -2.311377E-9             
14.28                    -2.3113615E-9            
14.29                    -2.3113615E-9            
14.3                     -2.311377E-9             
14.31                    -2.3113615E-9            
14.32                    -2.311377E-9             
14.33                    -2.311377E-9             
14.34                    -2.311377E-9             
14.35                    -2.3113615E-9            
14.36                    -2.3113615E-9            
14.37                    -2.311377E-9             
14.38                    -2.3113615E-9            
14.39                    -2.311377E-9             
14.4                     -2.3113615E-9            
14.41                    -2.3113924E-9            
14.42                    -2.3113615E-9            
14.43                    -2.3113615E-9            
14.44                    -2.311377E-9             
14.45                    -2.3113615E-9            
14.46                    -2.311377E-9             
14.47                    -2.3113615E-9            
14.48                    -2.3113615E-9            
14.49                    -2.311377E-9             
14.5                     -2.311377E-9             
14.51                    -2.311377E-9             
14.52                    -2.3113615E-9            
14.53                    -2.311377E-9             
14.54                    -2.3113615E-9            
14.55                    -2.3113615E-9            
14.56                    -2.311377E-9             
14.57                    -2.3113615E-9            
14.58                    -2.3113924E-9            
14.59                    -2.3113615E-9            
14.6                     -2.311377E-9             
14.61                    -2.3113615E-9            
14.62                    -2.3113615E-9            
14.63                    -2.311377E-9             
14.64                    -2.3113615E-9            
14.65                    -2.3113615E-9            
14.66                    -2.3113924E-9            
14.67                    -2.311377E-9             
14.68                    -2.3113615E-9            
14.69                    -2.3113615E-9            
14.7                     -2.311377E-9             
14.71                    -2.3113615E-9            
14.72                    -2.3113615E-9            
14.73                    -2.311377E-9             
14.74                    -2.3113924E-9            
14.75                    -2.3113615E-9            
14.76                    -2.3113615E-9            
14.77                    -2.311377E-9             
14.78                    -2.3113615E-9            
14.79                    -2.3113615E-9            
14.8                     -2.311377E-9             
14.81                    -2.3113615E-9            
14.82                    -2.3113615E-9            
14.83                    -2.3113924E-9            
14.84                    -2.311377E-9             
14.85                    -2.3113615E-9            
14.86                    -2.3113615E-9            
14.87                    -2.311377E-9             
14.88                    -2.3113615E-9            
14.89                    -2.3113615E-9            
14.9                     -2.311377E-9             
14.91                    -2.3113924E-9            
14.92                    -2.3113615E-9            
14.93                    -2.3113615E-9            
14.94                    -2.311377E-9             
14.95                    -2.3113615E-9            
14.96                    -2.3113615E-9            
14.97                    -2.311377E-9             
14.98                    -2.3113615E-9            
14.99                    -2.3113924E-9            
15.0                     -2.3113615E-9            
15.01                    -2.311377E-9             
15.02                    -2.3113615E-9            
15.03                    -2.3113615E-9            
15.04                    -2.311377E-9             
15.05                    -2.3113615E-9            
15.06                    -2.311377E-9             
15.07                    -2.3113615E-9            
15.08                    -2.3113924E-9            
15.09                    -2.3113615E-9            
15.1                     -2.3113615E-9            
15.11                    -2.311377E-9             
15.12                    -2.3113615E-9            
15.13                    -2.311377E-9             
15.14                    -2.3113615E-9            
15.15                    -2.3113615E-9            
15.16                    -2.3113924E-9            
15.17                    -2.3113615E-9            
15.18                    -2.311377E-9             
15.19                    -2.3113615E-9            
15.2                     -2.311377E-9             
15.21                    -2.3113615E-9            
15.22                    -2.3113615E-9            
15.23                    -2.311377E-9             
15.24                    -2.311377E-9             
15.25                    -2.311377E-9             
15.26                    -2.3113615E-9            
15.27                    -2.311377E-9             
15.28                    -2.3113615E-9            
15.29                    -2.3113615E-9            
15.3                     -2.311377E-9             
15.31                    -2.3113615E-9            
15.32                    -2.3113615E-9            
15.33                    -2.3113924E-9            
15.34                    -2.311377E-9             
15.35                    -2.3113615E-9            
15.36                    -2.3113615E-9            
15.37                    -2.311377E-9             
15.38                    -2.3113615E-9            
15.39                    -2.3113615E-9            
15.4                     -2.311377E-9             
15.41                    -2.3113924E-9            
15.42                    -2.3113615E-9            
15.43                    -2.3113615E-9            
15.44                    -2.311377E-9             
15.45                    -2.3113615E-9            
15.46                    -2.3113615E-9            
15.47                    -2.311377E-9             
15.48                    -2.3113615E-9            
15.49                    -2.3113924E-9            
15.5                     -2.3113615E-9            
15.51                    -2.311377E-9             
15.52                    -2.3113615E-9            
15.53                    -2.3113615E-9            
15.54                    -2.311377E-9             
15.55                    -2.3113615E-9            
15.56                    -2.3113615E-9            
15.57                    -2.311377E-9             
15.58                    -2.3113924E-9            
15.59                    -2.3113615E-9            
15.6                     -2.3113615E-9            
15.61                    -2.311377E-9             
15.62                    -2.3113615E-9            
15.63                    -2.3113615E-9            
15.64                    -2.311377E-9             
15.65                    -2.3113615E-9            
15.66                    -2.3113924E-9            
15.67                    -2.3113615E-9            
15.68                    -2.311377E-9             
15.69                    -2.3113615E-9            
15.7                     -2.3113615E-9            
15.71                    -2.311377E-9             
15.72                    -2.3113615E-9            
15.73                    -2.311377E-9             
15.74                    -2.311377E-9             
15.75                    -2.311377E-9             
15.76                    -2.3113615E-9            
15.77                    -2.3113615E-9            
15.78                    -2.311377E-9             
15.79                    -2.3113615E-9            
15.8                     -2.311377E-9             
15.81                    -2.3113615E-9            
15.82                    -2.3113615E-9            
15.83                    -2.3113924E-9            
15.84                    -2.3113615E-9            
15.85                    -2.311377E-9             
15.86                    -2.3113615E-9            
15.87                    -2.311377E-9             
15.88                    -2.3113615E-9            
15.89                    -2.3113615E-9            
15.9                     -2.311377E-9             
15.91                    -2.311377E-9             
15.92                    -2.311377E-9             
15.93                    -2.3113615E-9            
15.94                    -2.311377E-9             
15.95                    -2.3113615E-9            
15.96                    -2.3113615E-9            
15.97                    -2.311377E-9             
15.98                    -2.3113615E-9            
15.99                    -2.3113926E-9            
16.0                     -2.3113615E-9            
16.01                    -2.311377E-9             
16.02                    -2.3113615E-9            
16.03                    -2.3113615E-9            
16.04                    -2.311377E-9             
16.05                    -2.3113615E-9            
16.06                    -2.3113615E-9            
16.07                    -2.311377E-9             
16.08                    -2.3113926E-9            
16.09                    -2.3113615E-9            
16.1                     -2.3113615E-9            
16.11                    -2.311377E-9             
16.12                    -2.3113615E-9            
16.13                    -2.3113615E-9            
16.14                    -2.311377E-9             
16.15                    -2.3113615E-9            
16.16                    -2.3113926E-9            
16.17                    -2.3113615E-9            
16.18                    -2.311377E-9             
16.19                    -2.3113615E-9            
16.2                     -2.3113615E-9            
16.21                    -2.311377E-9             
16.22                    -2.3113615E-9            
16.23                    -2.311377E-9             
16.24                    -2.311377E-9             
16.25                    -2.311377E-9             
16.26                    -2.3113615E-9            
16.27                    -2.3113615E-9            
16.28                    -2.311377E-9             
16.29                    -2.3113615E-9            
16.3                     -2.311377E-9             
16.31                    -2.3113615E-9            
16.32                    -2.3113615E-9            
16.33                    -2.3113926E-9            
16.34                    -2.3113615E-9            
16.35                    -2.311377E-9             
16.36                    -2.3113615E-9            
16.37                    -2.311377E-9             
16.38                    -2.3113615E-9            
16.39                    -2.3113615E-9            
16.4                     -2.311377E-9             
16.41                    -2.311377E-9             
16.42                    -2.311377E-9             
16.43                    -2.3113615E-9            
16.44                    -2.3113615E-9            
16.45                    -2.311377E-9             
16.46                    -2.3113615E-9            
16.47                    -2.311377E-9             
16.48                    -2.3113615E-9            
16.49                    -2.3113926E-9            
16.5                     -2.3113615E-9            
16.51                    -2.3113615E-9            
16.52                    -2.311377E-9             
16.53                    -2.3113615E-9            
16.54                    -2.311377E-9             
16.55                    -2.3113615E-9            
16.56                    -2.3113615E-9            
16.57                    -2.3113926E-9            
16.58                    -2.3113615E-9            
16.59                    -2.311377E-9             
16.6                     -2.3113615E-9            
16.61                    -2.311377E-9             
16.62                    -2.3113615E-9            
16.63                    -2.3113615E-9            
16.64                    -2.311377E-9             
16.65                    -2.3113615E-9            
16.66                    -2.3113926E-9            
16.67                    -2.3113615E-9            
16.68                    -2.311377E-9             
16.69                    -2.3113615E-9            
16.7                     -2.3113615E-9            
16.71                    -2.311377E-9             
16.72                    -2.3113615E-9            
16.73                    -2.3113615E-9            
16.74                    -2.3113926E-9            
16.75                    -2.311377E-9             
16.76                    -2.3113615E-9            
16.77                    -2.3113615E-9            
16.78                    -2.311377E-9             
16.79                    -2.3113615E-9            
16.8                     -2.3113615E-9            
16.81                    -2.311377E-9             
16.82                    -2.3113926E-9            
16.83                    -2.3113615E-9            
16.84                    -2.3113615E-9            
16.85                    -2.311377E-9             
16.86                    -2.3113615E-9            
16.87                    -2.3113615E-9            
16.88                    -2.311377E-9             
16.89                    -2.3113615E-9            
16.9                     -2.311377E-9             
16.91                    -2.311377E-9             
16.92                    -2.311377E-9             
16.93                    -2.3113615E-9            
16.94                    -2.3113615E-9            
16.95                    -2.311377E-9             
16.96                    -2.3113615E-9            
16.97                    -2.311377E-9             
16.98                    -2.3113615E-9            
16.99                    -2.3113926E-9            
17.0                     -2.3113615E-9            
17.01                    -2.3113615E-9            
17.02                    -2.311377E-9             
17.03                    -2.3113615E-9            
17.04                    -2.311377E-9             
17.05                    -2.3113615E-9            
17.06                    -2.3113615E-9            
17.07                    -2.3113926E-9            
17.08                    -2.3113615E-9            
17.09                    -2.311377E-9             
17.1                     -2.3113615E-9            
17.11                    -2.311377E-9             
17.12                    -2.3113615E-9            
17.13                    -2.3113615E-9            
17.14                    -2.311377E-9             
17.15                    -2.3113615E-9            
17.16                    -2.3113926E-9            
17.17                    -2.3113615E-9            
17.18                    -2.311377E-9             
17.19                    -2.3113615E-9            
17.2                     -2.3113615E-9            
17.21                    -2.311377E-9             
17.22                    -2.3113615E-9            
17.23                    -2.3113615E-9            
17.24                    -2.3113926E-9            
17.25                    -2.311377E-9             
17.26                    -2.3113615E-9            
17.27                    -2.3113615E-9            
17.28                    -2.311377E-9             
17.29                    -2.3113615E-9            
17.3                     -2.3113615E-9            
17.31                    -2.311377E-9             
17.32                    -2.3113926E-9            
17.33                    -2.3113615E-9            
17.34                    -2.3113615E-9            
17.35                    -2.311377E-9             
17.36                    -2.3113615E-9            
17.37                    -2.3113615E-9            
17.38                    -2.311377E-9             
17.39                    -2.3113615E-9            
17.4                     -2.3113615E-9            
17.41                    -2.3113926E-9            
17.42                    -2.311377E-9             
17.43                    -2.3113615E-9            
17.44                    -2.3113615E-9            
17.45                    -2.311377E-9             
17.46                    -2.3113615E-9            
17.47                    -2.3113615E-9            
17.48                    -2.311377E-9             
17.49                    -2.3113926E-9            
17.5                     -2.3113615E-9            
17.51                    -2.3113615E-9            
17.52                    -2.311377E-9             
17.53                    -2.3113615E-9            
17.54                    -2.3113615E-9            
17.55                    -2.311377E-9             
17.56                    -2.3113615E-9            
17.57                    -2.3113926E-9            
17.58                    -2.3113615E-9            
17.59                    -2.311377E-9             
17.6                     -2.3113615E-9            
17.61                    -2.3113615E-9            
17.62                    -2.311377E-9             
17.63                    -2.3113615E-9            
17.64                    -2.311377E-9             
17.65                    -2.3113615E-9            
17.66                    -2.3113926E-9            
17.67                    -2.3113615E-9            
17.68                    -2.3113615E-9            
17.69                    -2.311377E-9             
17.7                     -2.3113615E-9            
17.71                    -2.311377E-9             
17.72                    -2.3113615E-9            
17.73                    -2.3113615E-9            
17.74                    -2.3113926E-9            
17.75                    -2.3113615E-9            
17.76                    -2.311377E-9             
17.77                    -2.3113615E-9            
17.78                    -2.311377E-9             
17.79                    -2.3113615E-9            
17.8                     -2.3113615E-9            
17.81                    -2.311377E-9             
17.82                    -2.311377E-9             
17.83                    -2.311377E-9             
17.84                    -2.3113615E-9            
17.85                    -2.311377E-9             
17.86                    -2.3113615E-9            
17.87                    -2.3113615E-9            
17.88                    -2.311377E-9             
17.89                    -2.3113615E-9            
17.9                     -2.3113615E-9            
17.91                    -2.3113926E-9            
17.92                    -2.311377E-9             
17.93                    -2.3113615E-9            
17.94                    -2.3113615E-9            
17.95                    -2.311377E-9             
17.96                    -2.3113615E-9            
17.97                    -2.3113615E-9            
17.98                    -2.311377E-9             
17.99                    -2.3113926E-9            
18.0                     -2.3113615E-9            
18.01                    -2.3113615E-9            
18.02                    -2.311377E-9             
18.03                    -2.3113615E-9            
18.04                    -2.3113615E-9            
18.05                    -2.311377E-9             
18.06                    -2.3113615E-9            
18.07                    -2.3113926E-9            
18.08                    -2.3113615E-9            
18.09                    -2.311377E-9             
18.1                     -2.3113615E-9            
18.11                    -2.3113615E-9            
18.12                    -2.311377E-9             
18.13                    -2.3113615E-9            
18.14                    -2.3113615E-9            
18.15                    -2.311377E-9             
18.16                    -2.3113926E-9            
18.17                    -2.3113615E-9            
18.18                    -2.3113615E-9            
18.19                    -2.311377E-9             
18.2                     -2.3113615E-9            
18.21                    -2.3113615E-9            
18.22                    -2.311377E-9             
18.23                    -2.3113615E-9            
18.24                    -2.3113926E-9            
18.25                    -2.3113615E-9            
18.26                    -2.311377E-9             
18.27                    -2.3113615E-9            
18.28                    -2.3113615E-9            
18.29                    -2.311377E-9             
18.3                     -2.3113615E-9            
18.31                    -2.311377E-9             
18.32                    -2.311377E-9             
18.33                    -2.311377E-9             
18.34                    -2.3113615E-9            
18.35                    -2.3113615E-9            
18.36                    -2.311377E-9             
18.37                    -2.3113615E-9            
18.38                    -2.311377E-9             
18.39                    -2.3113615E-9            
18.4                     -2.3113926E-9            
18.41                    -2.3113615E-9            
18.42                    -2.3113615E-9            
18.43                    -2.311377E-9             
18.44                    -2.3113615E-9            
18.45                    -2.311377E-9             
18.46                    -2.3113615E-9            
18.47                    -2.3113615E-9            
18.48                    -2.311377E-9             
18.49                    -2.311377E-9             
18.5                     -2.311377E-9             
18.51                    -2.3113615E-9            
18.52                    -2.311377E-9             
18.53                    -2.3113615E-9            
18.54                    -2.3113615E-9            
18.55                    -2.311377E-9             
18.56                    -2.3113615E-9            
18.57                    -2.3113926E-9            
18.58                    -2.3113615E-9            
18.59                    -2.311377E-9             
18.6                     -2.3113615E-9            
18.61                    -2.3113615E-9            
18.62                    -2.311377E-9             
18.63                    -2.3113615E-9            
18.64                    -2.3113615E-9            
18.65                    -2.3113926E-9            
18.66                    -2.311377E-9             
18.67                    -2.3113615E-9            
18.68                    -2.3113615E-9            
18.69                    -2.311377E-9             
18.7                     -2.3113615E-9            
18.71                    -2.3113615E-9            
18.72                    -2.311377E-9             
18.73                    -2.3113615E-9            
18.74                    -2.3113926E-9            
18.75                    -2.3113615E-9            
18.76                    -2.311377E-9             
18.77                    -2.3113615E-9            
18.78                    -2.3113615E-9            
18.79                    -2.311377E-9             
18.8                     -2.3113615E-9            
18.81                    -2.311377E-9             
18.82                    -2.311377E-9             
18.83                    -2.311377E-9             
18.84                    -2.3113615E-9            
18.85                    -2.3113615E-9            
18.86                    -2.311377E-9             
18.87                    -2.3113615E-9            
18.88                    -2.311377E-9             
18.89                    -2.3113615E-9            
18.9                     -2.3113926E-9            
18.91                    -2.3113615E-9            
18.92                    -2.3113615E-9            
18.93                    -2.311377E-9             
18.94                    -2.3113615E-9            
18.95                    -2.311377E-9             
18.96                    -2.3113615E-9            
18.97                    -2.3113615E-9            
18.98                    -2.311377E-9             
18.99                    -2.311377E-9             
19.0                     -2.311377E-9             
19.01                    -2.3113615E-9            
19.02                    -2.311377E-9             
19.03                    -2.3113615E-9            
19.04                    -2.3113615E-9            
19.05                    -2.311377E-9             
19.06                    -2.3113615E-9            
19.07                    -2.3113926E-9            
19.08                    -2.3113615E-9            
19.09                    -2.311377E-9             
19.1                     -2.3113615E-9            
19.11                    -2.3113615E-9            
19.12                    -2.311377E-9             
19.13                    -2.3113615E-9            
19.14                    -2.3113615E-9            
19.15                    -2.3113926E-9            
19.16                    -2.311377E-9             
19.17                    -2.3113615E-9            
19.18                    -2.3113615E-9            
19.19                    -2.311377E-9             
19.2                     -2.3113615E-9            
19.21                    -2.3113615E-9            
19.22                    -2.311377E-9             
19.23                    -2.3113615E-9            
19.24                    -2.3113926E-9            
19.25                    -2.3113615E-9            
19.26                    -2.311377E-9             
19.27                    -2.3113615E-9            
19.28                    -2.3113615E-9            
19.29                    -2.311377E-9             
19.3                     -2.3113615E-9            
19.31                    -2.3113615E-9            
19.32                    -2.3113926E-9            
19.33                    -2.311377E-9             
19.34                    -2.3113615E-9            
19.35                    -2.3113615E-9            
19.36                    -2.311377E-9             
19.37                    -2.3113615E-9            
19.38                    -2.3113615E-9            
19.39                    -2.311377E-9             
19.4                     -2.3113926E-9            
19.41                    -2.3113615E-9            
19.42                    -2.3113615E-9            
19.43                    -2.311377E-9             
19.44                    -2.3113615E-9            
19.45                    -2.3113615E-9            
19.46                    -2.311377E-9             
19.47                    -2.3113615E-9            
19.48                    -2.311377E-9             
19.49                    -2.311377E-9             
19.5                     -2.311377E-9             
19.51                    -2.3113615E-9            
19.52                    -2.3113615E-9            
19.53                    -2.311377E-9             
19.54                    -2.3113615E-9            
19.55                    -2.311377E-9             
19.56                    -2.3113615E-9            
19.57                    -2.3113926E-9            
19.58                    -2.3113615E-9            
19.59                    -2.3113615E-9            
19.6                     -2.311377E-9             
19.61                    -2.3113615E-9            
19.62                    -2.311377E-9             
19.63                    -2.3113615E-9            
19.64                    -2.3113615E-9            
19.65                    -2.3113926E-9            
19.66                    -2.3113615E-9            
19.67                    -2.311377E-9             
19.68                    -2.3113615E-9            
19.69                    -2.311377E-9             
19.7                     -2.3113615E-9            
19.71                    -2.3113615E-9            
19.72                    -2.311377E-9             
19.73                    -2.3113615E-9            
19.74                    -2.3113926E-9            
19.75                    -2.3113615E-9            
19.76                    -2.311377E-9             
19.77                    -2.3113615E-9            
19.78                    -2.3113615E-9            
19.79                    -2.311377E-9             
19.8                     -2.3113615E-9            
19.81                    -2.3113615E-9            
19.82                    -2.3113926E-9            
19.83                    -2.311377E-9             
19.84                    -2.3113615E-9            
19.85                    -2.3113615E-9            
19.86                    -2.311377E-9             
19.87                    -2.3113615E-9            
19.88                    -2.3113615E-9            
19.89                    -2.311377E-9             
19.9                     -2.3113926E-9            
19.91                    -2.3113615E-9            
19.92                    -2.3113615E-9            
19.93                    -2.311377E-9             
19.94                    -2.3113615E-9            
19.95                    -2.3113615E-9            
19.96                    -2.311377E-9             
19.97                    -2.3113615E-9            
19.98                    -2.3113615E-9            
19.99                    -2.3113926E-9            
20.0                     -2.311377E-9             
20.01                    -2.3113615E-9            
20.02                    -2.3113615E-9            
20.03                    -2.311377E-9             
20.04                    -2.3113615E-9            
20.05                    -2.3113615E-9            
20.06                    -2.311377E-9             
20.07                    -2.3113926E-9            
20.08                    -2.3113615E-9            
20.09                    -2.3113615E-9            
20.1                     -2.311377E-9             
20.11                    -2.3113615E-9            
20.12                    -2.3113615E-9            
20.13                    -2.311377E-9             
20.14                    -2.3113615E-9            
20.15                    -2.3113926E-9            
20.16                    -2.3113615E-9            
20.17                    -2.311377E-9             
20.18                    -2.3113615E-9            
20.19                    -2.3113615E-9            
20.2                     -2.311377E-9             
20.21                    -2.3113615E-9            
20.22                    -2.311377E-9             
20.23                    -2.311377E-9             
20.24                    -2.311377E-9             
20.25                    -2.3113615E-9            
20.26                    -2.3113615E-9            
20.27                    -2.311377E-9             
20.28                    -2.3113615E-9            
20.29                    -2.311377E-9             
20.3                     -2.3113615E-9            
20.31                    -2.3113615E-9            
20.32                    -2.3113926E-9            
20.33                    -2.3113615E-9            
20.34                    -2.311377E-9             
20.35                    -2.3113615E-9            
20.36                    -2.311377E-9             
20.37                    -2.3113615E-9            
20.38                    -2.3113615E-9            
20.39                    -2.311377E-9             
20.4                     -2.311377E-9             
20.41                    -2.311377E-9             
20.42                    -2.3113615E-9            
20.43                    -2.311377E-9             
20.44                    -2.3113615E-9            
20.45                    -2.3113615E-9            
20.46                    -2.311377E-9             
20.47                    -2.3113615E-9            
20.48                    -2.3113926E-9            
20.49                    -2.3113615E-9            
20.5                     -2.311377E-9             
20.51                    -2.3113615E-9            
20.52                    -2.3113615E-9            
20.53                    -2.311377E-9             
20.54                    -2.3113615E-9            
20.55                    -2.3113615E-9            
20.56                    -2.311377E-9             
20.57                    -2.3113926E-9            
20.58                    -2.3113615E-9            
20.59                    -2.3113615E-9            
20.6                     -2.311377E-9             
20.61                    -2.3113615E-9            
20.62                    -2.3113615E-9            
20.63                    -2.311377E-9             
20.64                    -2.3113615E-9            
20.65                    -2.3113926E-9            
20.66                    -2.3113615E-9            
20.67                    -2.311377E-9             
20.68                    -2.3113615E-9            
20.69                    -2.3113615E-9            
20.7                     -2.311377E-9             
20.71                    -2.3113615E-9            
20.72                    -2.311377E-9             
20.73                    -2.311377E-9             
20.74                    -2.311377E-9             
20.75                    -2.3113615E-9            
20.76                    -2.3113615E-9            
20.77                    -2.311377E-9             
20.78                    -2.3113615E-9            
20.79                    -2.311377E-9             
20.8                     -2.3113615E-9            
20.81                    -2.3113615E-9            
20.82                    -2.3113926E-9            
20.83                    -2.3113615E-9            
20.84                    -2.311377E-9             
20.85                    -2.3113615E-9            
20.86                    -2.311377E-9             
20.87                    -2.3113615E-9            
20.88                    -2.3113615E-9            
20.89                    -2.311377E-9             
20.9                     -2.311377E-9             
20.91                    -2.311377E-9             
20.92                    -2.3113615E-9            
20.93                    -2.311377E-9             
20.94                    -2.3113615E-9            
20.95                    -2.3113615E-9            
20.96                    -2.311377E-9             
20.97                    -2.3113615E-9            
20.98                    -2.3113926E-9            
20.99                    -2.3113615E-9            
21.0                     -2.311377E-9             
21.01                    -2.3113615E-9            
21.02                    -2.3113615E-9            
21.03                    -2.311377E-9             
21.04                    -2.3113615E-9            
21.05                    -2.3113615E-9            
21.06                    -2.311377E-9             
21.07                    -2.3113926E-9            
21.08                    -2.3113615E-9            
21.09                    -2.3113615E-9            
21.1                     -2.311377E-9             
21.11                    -2.3113615E-9            
21.12                    -2.3113615E-9            
21.13                    -2.311377E-9             
21.14                    -2.3113615E-9            
21.15                    -2.3113926E-9            
21.16                    -2.3113615E-9            
21.17                    -2.311377E-9             
21.18                    -2.3113615E-9            
21.19                    -2.3113615E-9            
21.2                     -2.311377E-9             
21.21                    -2.3113615E-9            
21.22                    -2.3113615E-9            
21.23                    -2.3113926E-9            
21.24                    -2.311377E-9             
21.25                    -2.3113615E-9            
21.26                    -2.3113615E-9            
21.27                    -2.311377E-9             
21.28                    -2.3113615E-9            
21.29                    -2.3113615E-9            
21.3                     -2.311377E-9             
21.31                    -2.3113615E-9            
21.32                    -2.3113926E-9            
21.33                    -2.3113615E-9            
21.34                    -2.311377E-9             
21.35                    -2.3113615E-9            
21.36                    -2.3113615E-9            
21.37                    -2.311377E-9             
21.38                    -2.3113615E-9            
21.39                    -2.311377E-9             
21.4                     -2.311377E-9             
21.41                    -2.311377E-9             
21.42                    -2.3113615E-9            
21.43                    -2.3113615E-9            
21.44                    -2.311377E-9             
21.45                    -2.3113615E-9            
21.46                    -2.311377E-9             
21.47                    -2.3113615E-9            
21.48                    -2.3113926E-9            
21.49                    -2.3113615E-9            
21.5                     -2.3113615E-9            
21.51                    -2.311377E-9             
21.52                    -2.3113615E-9            
21.53                    -2.311377E-9             
21.54                    -2.3113615E-9            
21.55                    -2.3113615E-9            
21.56                    -2.311377E-9             
21.57                    -2.311377E-9             
21.58                    -2.311377E-9             
21.59                    -2.3113615E-9            
21.6                     -2.3112532E-9            
21.61                    -2.3055569E-9            
21.62                    -2.3055724E-9            
21.63                    -2.3055413E-9            
21.64                    -2.3055724E-9            
21.65                    -2.3055569E-9            
21.66                    -2.3055724E-9            
21.67                    -2.3055569E-9            
21.68                    -2.3055724E-9            
21.69                    -2.3055413E-9            
21.7                     -2.3055724E-9            
21.71                    -2.3055569E-9            
21.72                    -2.3055724E-9            
21.73                    -2.3055413E-9            
21.74                    -2.3055724E-9            
21.75                    -2.3055569E-9            
21.76                    -2.3055724E-9            
21.77                    -2.3055413E-9            
21.78                    -2.3055724E-9            
21.79                    -2.3055724E-9            
21.8                     -2.3055569E-9            
21.81                    -2.3055724E-9            
21.82                    -2.3055413E-9            
21.83                    -2.3055724E-9            
21.84                    -2.3055569E-9            
21.85                    -2.3055724E-9            
21.86                    -2.3055569E-9            
21.87                    -2.3055724E-9            
21.88                    -2.3055413E-9            
21.89                    -2.3055724E-9            
21.9                     -2.3055569E-9            
21.91                    -2.3055724E-9            
21.92                    -2.3055413E-9            
21.93                    -2.3055724E-9            
21.94                    -2.3055569E-9            
21.95                    -2.3055724E-9            
21.96                    -2.3055413E-9            
21.97                    -2.3055724E-9            
21.98                    -2.3055569E-9            
21.99                    -2.3055724E-9            
22.0                     -2.3055413E-9            
22.01                    -2.3055724E-9            
22.02                    -2.3055569E-9            
22.03                    -2.3055724E-9            
22.04                    -2.3055413E-9            
22.05                    -2.3055724E-9            
22.06                    -2.3055724E-9            
22.07                    -2.3055569E-9            
22.08                    -2.3055724E-9            
22.09                    -2.3055569E-9            
22.1                     -2.3055724E-9            
22.11                    -2.3055413E-9            
22.12                    -2.3055724E-9            
22.13                    -2.3055569E-9            
22.14                    -2.3055724E-9            
22.15                    -2.3055413E-9            
22.16                    -2.3055724E-9            
22.17                    -2.3055569E-9            
22.18                    -2.3055724E-9            
22.19                    -2.3055413E-9            
22.2                     -2.3055724E-9            
22.21                    -2.3055569E-9            
22.22                    -2.3055724E-9            
22.23                    -2.3055413E-9            
22.24                    -2.3055724E-9            
22.25                    -2.3055569E-9            
22.26                    -2.3055724E-9            
22.27                    -2.3055569E-9            
22.28                    -2.3055569E-9            
22.29                    -2.3055569E-9            
22.3                     -2.3055724E-9            
22.31                    -2.3055569E-9            
22.32                    -2.3055724E-9            
22.33                    -2.3055724E-9            
22.34                    -2.3055413E-9            
22.35                    -2.3055724E-9            
22.36                    -2.3055569E-9            
22.37                    -2.3055724E-9            
22.38                    -2.3055413E-9            
22.39                    -2.3055724E-9            
22.4                     -2.3055569E-9            
22.41                    -2.3055724E-9            
22.42                    -2.3055413E-9            
22.43                    -2.3055724E-9            
22.44                    -2.3055569E-9            
22.45                    -2.3055724E-9            
22.46                    -2.3055413E-9            
22.47                    -2.3055724E-9            
22.48                    -2.3055569E-9            
22.49                    -2.3055724E-9            
22.5                     -2.3055569E-9            
22.51                    -2.3055724E-9            
22.52                    -2.3055413E-9            
22.53                    -2.3055724E-9            
22.54                    -2.3055569E-9            
22.55                    -2.3055724E-9            
22.56                    -2.3055413E-9            
22.57                    -2.3055724E-9            
22.58                    -2.3055569E-9            
22.59                    -2.3055724E-9            
22.6                     -2.3055724E-9            
22.61                    -2.3055413E-9            
22.62                    -2.3055724E-9            
22.63                    -2.3055569E-9            
22.64                    -2.3055724E-9            
22.65                    -2.3055413E-9            
22.66                    -2.3055724E-9            
22.67                    -2.3055569E-9            
22.68                    -2.3055724E-9            
22.69                    -2.3055413E-9            
22.7                     -2.3055724E-9            
22.71                    -2.3055569E-9            
22.72                    -2.3055724E-9            
22.73                    -2.3055569E-9            
22.74                    -2.3055724E-9            
22.75                    -2.3055413E-9            
22.76                    -2.3055724E-9            
22.77                    -2.3055569E-9            
22.78                    -2.3055724E-9            
22.79                    -2.3055413E-9            
22.8                     -2.3055724E-9            
22.81                    -2.3055569E-9            
22.82                    -2.3055724E-9            
22.83                    -2.3055413E-9            
22.84                    -2.3055724E-9            
22.85                    -2.3055569E-9            
22.86                    -2.3055724E-9            
22.87                    -2.3055724E-9            
22.88                    -2.3055413E-9            
22.89                    -2.3055724E-9            
22.9                     -2.3055569E-9            
22.91                    -2.3055724E-9            
22.92                    -2.3055569E-9            
22.93                    -2.3055724E-9            
22.94                    -2.3055413E-9            
22.95                    -2.3055724E-9            
22.96                    -2.3055569E-9            
22.97                    -2.3055724E-9            
22.98                    -2.3055413E-9            
22.99                    -2.3055724E-9            
23.0                     -2.3055569E-9            
23.01                    -2.3055724E-9            
23.02                    -2.3055413E-9            
23.03                    -2.3055724E-9            
23.04                    -2.3055569E-9            
23.05                    -2.3055724E-9            
23.06                    -2.3055413E-9            
23.07                    -2.3055724E-9            
23.08                    -2.3055569E-9            
23.09                    -2.3055724E-9            
23.1                     -2.3055413E-9            
23.11                    -2.3055724E-9            
23.12                    -2.3055724E-9            
23.13                    -2.3055569E-9            
23.14                    -2.3055724E-9            
23.15                    -2.3055569E-9            
23.16                    -2.3055724E-9            
23.17                    -2.3055413E-9            
23.18                    -2.3055724E-9            
23.19                    -2.3055569E-9            
23.2                     -2.3055724E-9            
23.21                    -2.3055413E-9            
23.22                    -2.3055724E-9            
23.23                    -2.3055569E-9            
23.24                    -2.3055724E-9            
23.25                    -2.3055413E-9            
23.26                    -2.3055724E-9            
23.27                    -2.3055569E-9            
23.28                    -2.3055724E-9            
23.29                    -2.3055413E-9            
23.3                     -2.3055724E-9            
23.31                    -2.3055569E-9            
23.32                    -2.3055724E-9            
23.33                    -2.3055569E-9            
23.34                    -2.3055724E-9            
23.35                    -2.3055413E-9            
23.36                    -2.3055724E-9            
23.37                    -2.3055569E-9            
23.38                    -2.3055724E-9            
23.39                    -2.3055724E-9            
23.4                     -2.3055413E-9            
23.41                    -2.3055724E-9            
23.42                    -2.3055569E-9            
23.43                    -2.3055724E-9            
23.44                    -2.3055413E-9            
23.45                    -2.3055724E-9            
23.46                    -2.3055569E-9            
23.47                    -2.3055724E-9            
23.48                    -2.3055413E-9            
23.49                    -2.3055724E-9            
23.5                     -2.3055569E-9            
23.51                    -2.3055724E-9            
23.52                    -2.3055413E-9            
23.53                    -2.3055724E-9            
23.54                    -2.3055569E-9            
23.55                    -2.3055724E-9            
23.56                    -2.3055569E-9            
23.57                    -2.3055724E-9            
23.58                    -2.3055413E-9            
23.59                    -2.3055724E-9            
23.6                     -2.3055569E-9            
23.61                    -2.3055724E-9            
23.62                    -2.3055413E-9            
23.63                    -2.3055724E-9            
23.64                    -2.3055569E-9            
23.65                    -2.3055724E-9            
23.66                    -2.3055724E-9            
23.67                    -2.3055413E-9            
23.68                    -2.3055724E-9            
23.69                    -2.3055569E-9            
23.7                     -2.3055724E-9            
23.71                    -2.3055413E-9            
23.72                    -2.3055724E-9            
23.73                    -2.3055569E-9            
23.74                    -2.3055724E-9            
23.75                    -2.3055569E-9            
23.76                    -2.3055724E-9            
23.77                    -2.3055413E-9            
23.78                    -2.3055724E-9            
23.79                    -2.3055569E-9            
23.8                     -2.3055724E-9            
23.81                    -2.3055413E-9            
23.82                    -2.3055724E-9            
23.83                    -2.3055569E-9            
23.84                    -2.3055724E-9            
23.85                    -2.3055413E-9            
23.86                    -2.3055724E-9            
23.87                    -2.3055569E-9            
23.88                    -2.3055724E-9            
23.89                    -2.3055413E-9            
23.9                     -2.3055724E-9            
23.91                    -2.3055569E-9            
23.92                    -2.3055724E-9            
23.93                    -2.3055724E-9            
23.94                    -2.3055413E-9            
23.95                    -2.3055724E-9            
23.96                    -2.3055569E-9            
23.97                    -2.3055724E-9            
23.98                    -2.3055569E-9            
23.99                    -2.3055724E-9            
24.0                     -2.3055413E-9            
24.01                    -2.3055724E-9            
24.02                    -2.3055569E-9            
24.03                    -2.3055724E-9            
24.04                    -2.3055413E-9            
24.05                    -2.3055724E-9            
24.06                    -2.3055569E-9            
24.07                    -2.3055724E-9            
24.08                    -2.3055413E-9            
24.09                    -2.3055724E-9            
24.1                     -2.3055569E-9            
24.11                    -2.3055724E-9            
24.12                    -2.3055413E-9            
24.13                    -2.3055724E-9            
24.14                    -2.3055569E-9            
24.15                    -2.3055724E-9            
24.16                    -2.3055569E-9            
24.17                    -2.3055724E-9            
24.18                    -2.3055413E-9            
24.19                    -2.3055724E-9            
24.2                     -2.3055724E-9            
24.21                    -2.3055569E-9            
24.22                    -2.3055724E-9            
24.23                    -2.3055413E-9            
24.24                    -2.3055724E-9            
24.25                    -2.3055569E-9            
24.26                    -2.3055724E-9            
24.27                    -2.3055413E-9            
24.28                    -2.3055724E-9            
24.29                    -2.3055569E-9            
24.3                     -2.3055724E-9            
24.31                    -2.3055413E-9            
24.32                    -2.3055724E-9            
24.33                    -2.3055569E-9            
24.34                    -2.3055724E-9            
24.35                    -2.3055413E-9            
24.36                    -2.3055724E-9            
24.37                    -2.3055569E-9            
24.38                    -2.3055724E-9            
24.39                    -2.3055569E-9            
24.4                     -2.3055724E-9            
24.41                    -2.3055413E-9            
24.42                    -2.3055724E-9            
24.43                    -2.3055569E-9            
24.44                    -2.3055724E-9            
24.45                    -2.3055413E-9            
24.46                    -2.3055724E-9            
24.47                    -2.3055724E-9            
24.48                    -2.3055569E-9            
24.49                    -2.3055724E-9            
24.5                     -2.3055413E-9            
24.51                    -2.3055724E-9            
24.52                    -2.3055569E-9            
24.53                    -2.3055724E-9            
24.54                    -2.3055413E-9            
24.55                    -2.3055724E-9            
24.56                    -2.3055569E-9            
24.57                    -2.3055724E-9            
24.58                    -2.3055569E-9            
24.59                    -2.3055569E-9            
24.6                     -2.3055569E-9            
24.61                    -2.3055724E-9            
24.62                    -2.3055569E-9            
24.63                    -2.3055724E-9            
24.64                    -2.3055413E-9            
24.65                    -2.3055724E-9            
24.66                    -2.3055569E-9            
24.67                    -2.3055724E-9            
24.68                    -2.3055413E-9            
24.69                    -2.3055724E-9            
24.7                     -2.3055569E-9            
24.71                    -2.3055724E-9            
24.72                    -2.3055413E-9            
24.73                    -2.3055724E-9            
24.74                    -2.3055724E-9            
24.75                    -2.3055569E-9            
24.76                    -2.3055724E-9            
24.77                    -2.3055413E-9            
24.78                    -2.3055724E-9            
24.79                    -2.3055569E-9            
24.8                     -2.3055724E-9            
24.81                    -2.3055569E-9            
24.82                    -2.3055724E-9            
24.83                    -2.3055413E-9            
24.84                    -2.3055724E-9            
24.85                    -2.3055569E-9            
24.86                    -2.3055724E-9            
24.87                    -2.3055413E-9            
24.88                    -2.3055724E-9            
24.89                    -2.3055569E-9            
24.9                     -2.3055724E-9            
24.91                    -2.3055413E-9            
24.92                    -2.3055724E-9            
24.93                    -2.3055569E-9            
24.94                    -2.3055724E-9            
24.95                    -2.3055413E-9            
24.96                    -2.3055724E-9            
24.97                    -2.3055569E-9            
24.98                    -2.3055724E-9            
24.99                    -2.3055413E-9            
25.0                     -2.3055724E-9            
25.01                    -2.3055724E-9            
25.02                    -2.3055569E-9            
25.03                    -2.3055724E-9            
25.04                    -2.3055569E-9            
25.05                    -2.3055724E-9            
25.06                    -2.3055413E-9            
25.07                    -2.3055724E-9            
25.08                    -2.3055569E-9            
25.09                    -2.3055724E-9            
25.1                     -2.3055413E-9            
25.11                    -2.3055724E-9            
25.12                    -2.3055569E-9            
25.13                    -2.3055724E-9            
25.14                    -2.3055413E-9            
25.15                    -2.3055724E-9            
25.16                    -2.3055569E-9            
25.17                    -2.3055724E-9            
25.18                    -2.3055413E-9            
25.19                    -2.3055724E-9            
25.2                     -2.3055569E-9            
25.21                    -2.3055724E-9            
25.22                    -2.3055569E-9            
25.23                    -2.3055724E-9            
25.24                    -2.3055413E-9            
25.25                    -2.3055724E-9            
25.26                    -2.3055569E-9            
25.27                    -2.3055724E-9            
25.28                    -2.3055724E-9            
25.29                    -2.3055413E-9            
25.3                     -2.3055724E-9            
25.31                    -2.3055569E-9            
25.32                    -2.3055724E-9            
25.33                    -2.3055413E-9            
25.34                    -2.3055724E-9            
25.35                    -2.3055569E-9            
25.36                    -2.3055724E-9            
25.37                    -2.3055413E-9            
25.38                    -2.3055724E-9            
25.39                    -2.3055569E-9            
25.4                     -2.3055724E-9            
25.41                    -2.3055413E-9            
25.42                    -2.3055724E-9            
25.43                    -2.3055569E-9            
25.44                    -2.3055724E-9            
25.45                    -2.3055569E-9            
25.46                    -2.3055724E-9            
25.47                    -2.3055413E-9            
25.48                    -2.3055724E-9            
25.49                    -2.3055569E-9            
25.5                     -2.3055724E-9            
25.51                    -2.3055413E-9            
25.52                    -2.3055724E-9            
25.53                    -2.3055569E-9            
25.54                    -2.3055724E-9            
25.55                    -2.3055724E-9            
25.56                    -2.3055413E-9            
25.57                    -2.3055724E-9            
25.58                    -2.3055569E-9            
25.59                    -2.3055724E-9            
25.6                     -2.3055413E-9            
25.61                    -2.3055724E-9            
25.62                    -2.3055569E-9            
25.63                    -2.3055724E-9            
25.64                    -2.3055569E-9            
25.65                    -2.3055724E-9            
25.66                    -2.3055413E-9            
25.67                    -2.3055724E-9            
25.68                    -2.3055569E-9            
25.69                    -2.3055724E-9            
25.7                     -2.3055413E-9            
25.71                    -2.3055724E-9            
25.72                    -2.3055569E-9            
25.73                    -2.3055724E-9            
25.74                    -2.3055413E-9            
25.75                    -2.3055724E-9            
25.76                    -2.3055569E-9            
25.77                    -2.3055724E-9            
25.78                    -2.3055413E-9            
25.79                    -2.3055724E-9            
25.8                     -2.3055569E-9            
25.81                    -2.3055724E-9            
25.82                    -2.3055724E-9            
25.83                    -2.3055413E-9            
25.84                    -2.3055724E-9            
25.85                    -2.3055569E-9            
25.86                    -2.3055724E-9            
25.87                    -2.3055569E-9            
25.88                    -2.3055724E-9            
25.89                    -2.3055413E-9            
25.9                     -2.3055724E-9            
25.91                    -2.3055569E-9            
25.92                    -2.3055724E-9            
25.93                    -2.3055413E-9            
25.94                    -2.3055724E-9            
25.95                    -2.3055569E-9            
25.96                    -2.3055724E-9            
25.97                    -2.3055413E-9            
25.98                    -2.3055724E-9            
25.99                    -2.3055569E-9            
26.0                     -2.3055724E-9            
26.01                    -2.3055413E-9            
26.02                    -2.3055724E-9            
26.03                    -2.3055569E-9            
26.04                    -2.3055724E-9            
26.05                    -2.3055569E-9            
26.06                    -2.3055724E-9            
26.07                    -2.3055724E-9            
26.08                    -2.3055413E-9            
26.09                    -2.3055724E-9            
26.1                     -2.3055569E-9            
26.11                    -2.3055724E-9            
26.12                    -2.3055413E-9            
26.13                    -2.3055724E-9            
26.14                    -2.3055569E-9            
26.15                    -2.3055724E-9            
26.16                    -2.3055413E-9            
26.17                    -2.3055724E-9            
26.18                    -2.3055569E-9            
26.19                    -2.3055724E-9            
26.2                     -2.3055413E-9            
26.21                    -2.3055724E-9            
26.22                    -2.3055569E-9            
26.23                    -2.3055724E-9            
26.24                    -2.3055413E-9            
26.25                    -2.3055724E-9            
26.26                    -2.3055569E-9            
26.27                    -2.3055724E-9            
26.28                    -2.3055569E-9            
26.29                    -2.3055724E-9            
26.3                     -2.3055413E-9            
26.31                    -2.3055724E-9            
26.32                    -2.3055569E-9            
26.33                    -2.3055724E-9            
26.34                    -2.3055724E-9            
26.35                    -2.3055413E-9            
26.36                    -2.3055724E-9            
26.37                    -2.3055569E-9            
26.38                    -2.3055724E-9            
26.39                    -2.3055413E-9            
26.4                     -2.3055724E-9            
26.41                    -2.3055569E-9            
26.42                    -2.3055724E-9            
26.43                    -2.3055413E-9            
26.44                    -2.3055724E-9            
26.45                    -2.3055569E-9            
26.46                    -2.3055724E-9            
26.47                    -2.3055569E-9            
26.48                    -2.3055724E-9            
26.49                    -2.3055413E-9            
26.5                     -2.3055724E-9            
26.51                    -2.3055569E-9            
26.52                    -2.3055724E-9            
26.53                    -2.3055413E-9            
26.54                    -2.3055724E-9            
26.55                    -2.3055569E-9            
26.56                    -2.3055724E-9            
26.57                    -2.3055413E-9            
26.58                    -2.3055724E-9            
26.59                    -2.3055569E-9            
26.6                     -2.3055724E-9            
26.61                    -2.3055724E-9            
26.62                    -2.3055413E-9            
26.63                    -2.3055724E-9            
26.64                    -2.3055569E-9            
26.65                    -2.3055724E-9            
26.66                    -2.3055413E-9            
26.67                    -2.3055724E-9            
26.68                    -2.3055569E-9            
26.69                    -2.3055724E-9            
26.7                     -2.3055569E-9            
26.71                    -2.3055724E-9            
26.72                    -2.3055413E-9            
26.73                    -2.3055724E-9            
26.74                    -2.3055569E-9            
26.75                    -2.3055724E-9            
26.76                    -2.3055413E-9            
26.77                    -2.3055724E-9            
26.78                    -2.3055569E-9            
26.79                    -2.3055724E-9            
26.8                     -2.3055413E-9            
26.81                    -2.3055724E-9            
26.82                    -2.3055569E-9            
26.83                    -2.3055724E-9            
26.84                    -2.3055413E-9            
26.85                    -2.3055724E-9            
26.86                    -2.3055569E-9            
26.87                    -2.3055724E-9            
26.88                    -2.3055724E-9            
26.89                    -2.3055413E-9            
26.9                     -2.3055724E-9            
26.91                    -2.3055569E-9            
26.92                    -2.3055724E-9            
26.93                    -2.3055569E-9            
26.94                    -2.3055724E-9            
26.95                    -2.3055413E-9            
26.96                    -2.3055724E-9            
26.97                    -2.3055569E-9            
26.98                    -2.3055724E-9            
26.99                    -2.3055413E-9            
27.0                     -2.3055724E-9            
27.01                    -2.3055569E-9            
27.02                    -2.3055724E-9            
27.03                    -2.3055413E-9            
27.04                    -2.3055724E-9            
27.05                    -2.3055569E-9            
27.06                    -2.3055724E-9            
27.07                    -2.3055413E-9            
27.08                    -2.3055724E-9            
27.09                    -2.3055569E-9            
27.1                     -2.3055724E-9            
27.11                    -2.3055569E-9            
27.12                    -2.3055724E-9            
27.13                    -2.3055413E-9            
27.14                    -2.3055724E-9            
27.15                    -2.3055724E-9            
27.16                    -2.3055569E-9            
27.17                    -2.3055724E-9            
27.18                    -2.3055413E-9            
27.19                    -2.3055724E-9            
27.2                     -2.3055569E-9            
27.21                    -2.3055724E-9            
27.22                    -2.3055413E-9            
27.23                    -2.3055724E-9            
27.24                    -2.3055569E-9            
27.25                    -2.3055724E-9            
27.26                    -2.3055413E-9            
27.27                    -2.3055724E-9            
27.28                    -2.3055569E-9            
27.29                    -2.3055724E-9            
27.3                     -2.3055413E-9            
27.31                    -2.3055724E-9            
27.32                    -2.3055569E-9            
27.33                    -2.3055724E-9            
27.34                    -2.3055569E-9            
27.35                    -2.3055724E-9            
27.36                    -2.3055413E-9            
27.37                    -2.3055724E-9            
27.38                    -2.3055569E-9            
27.39                    -2.3055724E-9            
27.4                     -2.3055413E-9            
27.41                    -2.3055724E-9            
27.42                    -2.3055724E-9            
27.43                    -2.3055569E-9            
27.44                    -2.3055724E-9            
27.45                    -2.3055413E-9            
27.46                    -2.3055724E-9            
27.47                    -2.3055569E-9            
27.48                    -2.3055724E-9            
27.49                    -2.3055413E-9            
27.5                     -2.3055724E-9            
27.51                    -2.3055569E-9            
27.52                    -2.3055724E-9            
27.53                    -2.3055569E-9            
27.54                    -2.3055724E-9            
27.55                    -2.3055413E-9            
27.56                    -2.3055724E-9            
27.57                    -2.3055569E-9            
27.58                    -2.3055724E-9            
27.59                    -2.3055413E-9            
27.6                     -2.3055724E-9            
27.61                    -2.3055569E-9            
27.62                    -2.3055724E-9            
27.63                    -2.3055413E-9            
27.64                    -2.3055724E-9            
27.65                    -2.3055569E-9            
27.66                    -2.3055724E-9            
27.67                    -2.3055413E-9            
27.68                    -2.3055724E-9            
27.69                    -2.3055724E-9            
27.7                     -2.3055569E-9            
27.71                    -2.3055724E-9            
27.72                    -2.3055413E-9            
27.73                    -2.3055724E-9            
27.74                    -2.3055569E-9            
27.75                    -2.3055724E-9            
27.76                    -2.3055569E-9            
27.77                    -2.3055724E-9            
27.78                    -2.3055413E-9            
27.79                    -2.3055724E-9            
27.8                     -2.3055569E-9            
27.81                    -2.3055724E-9            
27.82                    -2.3055413E-9            
27.83                    -2.3055724E-9            
27.84                    -2.3055569E-9            
27.85                    -2.3055724E-9            
27.86                    -2.3055413E-9            
27.87                    -2.3055724E-9            
27.88                    -2.3055569E-9            
27.89                    -2.3055724E-9            
27.9                     -2.3055413E-9            
27.91                    -2.3055724E-9            
27.92                    -2.3055569E-9            
27.93                    -2.3055724E-9            
27.94                    -2.3055569E-9            
27.95                    -2.3055724E-9            
27.96                    -2.3055724E-9            
27.97                    -2.3055413E-9            
27.98                    -2.3055724E-9            
27.99                    -2.3055569E-9            
28.0                     -2.3055724E-9            
28.01                    -2.3055413E-9            
28.02                    -2.3055724E-9            
28.03                    -2.3055569E-9            
28.04                    -2.3055724E-9            
28.05                    -2.3055413E-9            
28.06                    -2.3055724E-9            
28.07                    -2.3055569E-9            
28.08                    -2.3055724E-9            
28.09                    -2.3055413E-9            
28.1                     -2.3055724E-9            
28.11                    -2.3055569E-9            
28.12                    -2.3055724E-9            
28.13                    -2.3055413E-9            
28.14                    -2.3055724E-9            
28.15                    -2.3055569E-9            
28.16                    -2.3055724E-9            
28.17                    -2.3055569E-9            
28.18                    -2.3055724E-9            
28.19                    -2.3055413E-9            
28.2                     -2.3055724E-9            
28.21                    -2.3055569E-9            
28.22                    -2.3055724E-9            
28.23                    -2.3055724E-9            
28.24                    -2.3055413E-9            
28.25                    -2.3055724E-9            
28.26                    -2.3055569E-9            
28.27                    -2.3055724E-9            
28.28                    -2.3055413E-9            
28.29                    -2.3055724E-9            
28.3                     -2.3055569E-9            
28.31                    -2.3055724E-9            
28.32                    -2.3055413E-9            
28.33                    -2.3055724E-9            
28.34                    -2.3055569E-9            
28.35                    -2.3055724E-9            
28.36                    -2.3055569E-9            
28.37                    -2.3055724E-9            
28.38                    -2.3055413E-9            
28.39                    -2.3055724E-9            
28.4                     -2.3055569E-9            
28.41                    -2.3055724E-9            
28.42                    -2.3055413E-9            
28.43                    -2.3055724E-9            
28.44                    -2.3055569E-9            
28.45                    -2.3055724E-9            
28.46                    -2.3055413E-9            
28.47                    -2.3055724E-9            
28.48                    -2.3055569E-9            
28.49                    -2.3055724E-9            
28.5                     -2.3055724E-9            
28.51                    -2.3055413E-9            
28.52                    -2.3055724E-9            
28.53                    -2.3055569E-9            
28.54                    -2.3055724E-9            
28.55                    -2.3055413E-9            
28.56                    -2.3055724E-9            
28.57                    -2.3055569E-9            
28.58                    -2.3055724E-9            
28.59                    -2.3055569E-9            
28.6                     -2.3055724E-9            
28.61                    -2.3055413E-9            
28.62                    -2.3055724E-9            
28.63                    -2.3055569E-9            
28.64                    -2.3055724E-9            
28.65                    -2.3055413E-9            
28.66                    -2.3055724E-9            
28.67                    -2.3055569E-9            
28.68                    -2.3055724E-9            
28.69                    -2.3055413E-9            
28.7                     -2.3055724E-9            
28.71                    -2.3055569E-9            
28.72                    -2.3055724E-9            
28.73                    -2.3055413E-9            
28.74                    -2.3055724E-9            
28.75                    -2.3055569E-9            
28.76                    -2.3055724E-9            
28.77                    -2.3055724E-9            
28.78                    -2.3055569E-9            
28.79                    -2.3055569E-9            
28.8                     -2.3055569E-9            
28.81                    -2.3055724E-9            
28.82                    -2.3055569E-9            
28.83                    -2.3055724E-9            
28.84                    -2.3055413E-9            
28.85                    -2.3055724E-9            
28.86                    -2.3055569E-9            
28.87                    -2.3055724E-9            
28.88                    -2.3055413E-9            
28.89                    -2.3055724E-9            
28.9                     -2.3055569E-9            
28.91                    -2.3055724E-9            
28.92                    -2.3055413E-9            
28.93                    -2.3055724E-9            
28.94                    -2.3055569E-9            
28.95                    -2.3055724E-9            
28.96                    -2.3055413E-9            
28.97                    -2.3055724E-9            
28.98                    -2.3055569E-9            
28.99                    -2.3055724E-9            
29.0                     -2.3055569E-9            
29.01                    -2.3055724E-9            
29.02                    -2.3055724E-9            
29.03                    -2.3055413E-9            
29.04                    -2.3055724E-9            
29.05                    -2.3055569E-9            
29.06                    -2.3055724E-9            
29.07                    -2.3055413E-9            
29.08                    -2.3055724E-9            
29.09                    -2.3055569E-9            
29.1                     -2.3055724E-9            
29.11                    -2.3055413E-9            
29.12                    -2.3055724E-9            
29.13                    -2.3055569E-9            
29.14                    -2.3055724E-9            
29.15                    -2.3055413E-9            
29.16                    -2.3055724E-9            
29.17                    -2.3055569E-9            
29.18                    -2.3055724E-9            
29.19                    -2.3055569E-9            
29.2                     -2.3055569E-9            
29.21                    -2.3055569E-9            
29.22                    -2.3055724E-9            
29.23                    -2.3055569E-9            
29.24                    -2.3055724E-9            
29.25                    -2.3055413E-9            
29.26                    -2.3055724E-9            
29.27                    -2.3055569E-9            
29.28                    -2.3055724E-9            
29.29                    -2.3055724E-9            
29.3                     -2.3055413E-9            
29.31                    -2.3055724E-9            
29.32                    -2.3055569E-9            
29.33                    -2.3055724E-9            
29.34                    -2.3055413E-9            
29.35                    -2.3055724E-9            
29.36                    -2.3055569E-9            
29.37                    -2.3055724E-9            
29.38                    -2.3055413E-9            
29.39                    -2.3055724E-9            
29.4                     -2.3055569E-9            
29.41                    -2.3055724E-9            
29.42                    -2.3055569E-9            
29.43                    -2.3055724E-9            
29.44                    -2.3055413E-9            
29.45                    -2.3055724E-9            
29.46                    -2.3055569E-9            
29.47                    -2.3055724E-9            
29.48                    -2.3055413E-9            
29.49                    -2.3055724E-9            
29.5                     -2.3055569E-9            
29.51                    -2.3055724E-9            
29.52                    -2.3055413E-9            
29.53                    -2.3055724E-9            
29.54                    -2.3055569E-9            
29.55                    -2.3055724E-9            
29.56                    -2.3055724E-9            
29.57                    -2.3055413E-9            
29.58                    -2.3055724E-9            
29.59                    -2.3055569E-9            
29.6                     -2.3055724E-9            
29.61                    -2.3055413E-9            
29.62                    -2.3055724E-9            
29.63                    -2.3055569E-9            
29.64                    -2.3055724E-9            
29.65                    -2.3055569E-9            
29.66                    -2.3055724E-9            
29.67                    -2.3055413E-9            
29.68                    -2.3055724E-9            
29.69                    -2.3055569E-9            
29.7                     -2.3055724E-9            
29.71                    -2.3055413E-9            
29.72                    -2.3055724E-9            
29.73                    -2.3055569E-9            
29.74                    -2.3055724E-9            
29.75                    -2.3055413E-9            
29.76                    -2.3055724E-9            
29.77                    -2.3055569E-9            
29.78                    -2.3055724E-9            
29.79                    -2.3055413E-9            
29.8                     -2.3055724E-9            
29.81                    -2.3055569E-9            
29.82                    -2.3055724E-9            
29.83                    -2.3055724E-9            
29.84                    -2.3055569E-9            
29.85                    -2.3055724E-9            
29.86                    -2.3055413E-9            
29.87                    -2.3055724E-9            
29.88                    -2.3055569E-9            
29.89                    -2.3055724E-9            
29.9                     -2.3055413E-9            
29.91                    -2.3055724E-9            
29.92                    -2.3055569E-9            
29.93                    -2.3055724E-9            
29.94                    -2.3055413E-9            
29.95                    -2.3055724E-9            
29.96                    -2.3055569E-9            
29.97                    -2.3055724E-9            
29.98                    -2.3055413E-9            
29.99                    -2.3055724E-9            
30.0                     -2.3055569E-9            
30.01                    -2.3055724E-9            
30.02                    -2.3055413E-9            
30.03                    -2.3055724E-9            
30.04                    -2.3055569E-9            
30.05                    -2.3055724E-9            
30.06                    -2.3055569E-9            
30.07                    -2.3055724E-9            
30.08                    -2.3055413E-9            
30.09                    -2.3055724E-9            
30.1                     -2.3055724E-9            
30.11                    -2.3055569E-9            
30.12                    -2.3055724E-9            
30.13                    -2.3055413E-9            
30.14                    -2.3055724E-9            
30.15                    -2.3055569E-9            
30.16                    -2.3055724E-9            
30.17                    -2.3055413E-9            
30.18                    -2.3055724E-9            
30.19                    -2.3055569E-9            
30.2                     -2.3055724E-9            
30.21                    -2.3055413E-9            
30.22                    -2.3055724E-9            
30.23                    -2.3055569E-9            
30.24                    -2.3055724E-9            
30.25                    -2.3055569E-9            
30.26                    -2.3055724E-9            
30.27                    -2.3055413E-9            
30.28                    -2.3055724E-9            
30.29                    -2.3055569E-9            
30.3                     -2.3055724E-9            
30.31                    -2.3055413E-9            
30.32                    -2.3055724E-9            
30.33                    -2.3055569E-9            
30.34                    -2.3055724E-9            
30.35                    -2.3055413E-9            
30.36                    -2.3055724E-9            
30.37                    -2.3055724E-9            
30.38                    -2.3055569E-9            
30.39                    -2.3055724E-9            
30.4                     -2.3055413E-9            
30.41                    -2.3055724E-9            
30.42                    -2.3055569E-9            
30.43                    -2.3055724E-9            
30.44                    -2.3055413E-9            
30.45                    -2.3055724E-9            
30.46                    -2.3055569E-9            
30.47                    -2.3055724E-9            
30.48                    -2.3055569E-9            
30.49                    -2.3055724E-9            
30.5                     -2.3055413E-9            
30.51                    -2.3055724E-9            
30.52                    -2.3055569E-9            
30.53                    -2.3055724E-9            
30.54                    -2.3055413E-9            
30.55                    -2.3055724E-9            
30.56                    -2.3055569E-9            
30.57                    -2.3055724E-9            
30.58                    -2.3055413E-9            
30.59                    -2.3055724E-9            
30.6                     -2.305495E-9             
30.61                    -2.3021205E-9            
30.62                    -2.302105E-9             
30.63                    -2.302136E-9             
30.64                    -2.302136E-9             
30.65                    -2.302105E-9             
30.66                    -2.302136E-9             
30.67                    -2.302105E-9             
30.68                    -2.302136E-9             
30.69                    -2.3021205E-9            
30.7                     -2.302105E-9             
30.71                    -2.302136E-9             
30.72                    -2.302136E-9             
30.73                    -2.302105E-9             
30.74                    -2.302136E-9             
30.75                    -2.3021205E-9            
30.76                    -2.3021205E-9            
30.77                    -2.3021205E-9            
30.78                    -2.302136E-9             
30.79                    -2.302105E-9             
30.8                     -2.302136E-9             
30.81                    -2.3021205E-9            
30.82                    -2.3021205E-9            
30.83                    -2.3021205E-9            
30.84                    -2.302136E-9             
30.85                    -2.302105E-9             
30.86                    -2.302136E-9             
30.87                    -2.302136E-9             
30.88                    -2.302105E-9             
30.89                    -2.3021205E-9            
30.9                     -2.302136E-9             
30.91                    -2.302105E-9             
30.92                    -2.302136E-9             
30.93                    -2.302105E-9             
30.94                    -2.302136E-9             
30.95                    -2.302136E-9             
30.96                    -2.302105E-9             
30.97                    -2.3021205E-9            
30.98                    -2.302136E-9             
30.99                    -2.302105E-9             
31.0                     -2.302136E-9             
31.01                    -2.302136E-9             
31.02                    -2.302105E-9             
31.03                    -2.302136E-9             
31.04                    -2.3021205E-9            
31.05                    -2.302105E-9             
31.06                    -2.302136E-9             
31.07                    -2.302136E-9             
31.08                    -2.302105E-9             
31.09                    -2.302136E-9             
31.1                     -2.3021205E-9            
31.11                    -2.3021205E-9            
31.12                    -2.3021205E-9            
31.13                    -2.302136E-9             
31.14                    -2.302105E-9             
31.15                    -2.302136E-9             
31.16                    -2.3021205E-9            
31.17                    -2.3021205E-9            
31.18                    -2.3021205E-9            
31.19                    -2.302136E-9             
31.2                     -2.302105E-9             
31.21                    -2.302136E-9             
31.22                    -2.302105E-9             
31.23                    -2.302136E-9             
31.24                    -2.3021205E-9            
31.25                    -2.3021205E-9            
31.26                    -2.3021205E-9            
31.27                    -2.302136E-9             
31.28                    -2.302105E-9             
31.29                    -2.302136E-9             
31.3                     -2.302136E-9             
31.31                    -2.302105E-9             
31.32                    -2.3021205E-9            
31.33                    -2.302136E-9             
31.34                    -2.302105E-9             
31.35                    -2.302136E-9             
31.36                    -2.302136E-9             
31.37                    -2.302105E-9             
31.38                    -2.302136E-9             
31.39                    -2.3021205E-9            
31.4                     -2.302105E-9             
31.41                    -2.302136E-9             
31.42                    -2.302136E-9             
31.43                    -2.302105E-9             
31.44                    -2.302136E-9             
31.45                    -2.3021205E-9            
31.46                    -2.3021205E-9            
31.47                    -2.3021205E-9            
31.48                    -2.302136E-9             
31.49                    -2.302105E-9             
31.5                     -2.302136E-9             
31.51                    -2.302105E-9             
31.52                    -2.302136E-9             
31.53                    -2.3021205E-9            
31.54                    -2.3021205E-9            
31.55                    -2.3021205E-9            
31.56                    -2.302136E-9             
31.57                    -2.302105E-9             
31.58                    -2.302136E-9             
31.59                    -2.3021205E-9            
31.6                     -2.3021205E-9            
31.61                    -2.3021205E-9            
31.62                    -2.302136E-9             
31.63                    -2.302105E-9             
31.64                    -2.302136E-9             
31.65                    -2.302136E-9             
31.66                    -2.302105E-9             
31.67                    -2.3021205E-9            
31.68                    -2.302136E-9             
31.69                    -2.302105E-9             
31.7                     -2.302136E-9             
31.71                    -2.302136E-9             
31.72                    -2.302105E-9             
31.73                    -2.302136E-9             
31.74                    -2.3021205E-9            
31.75                    -2.302105E-9             
31.76                    -2.302136E-9             
31.77                    -2.302136E-9             
31.78                    -2.302105E-9             
31.79                    -2.302136E-9             
31.8                     -2.302105E-9             
31.81                    -2.302136E-9             
31.82                    -2.3021205E-9            
31.83                    -2.302105E-9             
31.84                    -2.302136E-9             
31.85                    -2.302136E-9             
31.86                    -2.302105E-9             
31.87                    -2.302136E-9             
31.88                    -2.3021205E-9            
31.89                    -2.3021205E-9            
31.9                     -2.3021205E-9            
31.91                    -2.302136E-9             
31.92                    -2.302105E-9             
31.93                    -2.302136E-9             
31.94                    -2.3021205E-9            
31.95                    -2.3021205E-9            
31.96                    -2.3021205E-9            
31.97                    -2.302136E-9             
31.98                    -2.302105E-9             
31.99                    -2.302136E-9             
32.0                     -2.302136E-9             
32.01                    -2.302105E-9             
32.02                    -2.3021205E-9            
32.03                    -2.302136E-9             
32.04                    -2.302105E-9             
32.05                    -2.302136E-9             
32.06                    -2.302105E-9             
32.07                    -2.302136E-9             
32.08                    -2.302136E-9             
32.09                    -2.302105E-9             
32.1                     -2.3021205E-9            
32.11                    -2.302136E-9             
32.12                    -2.302105E-9             
32.13                    -2.302136E-9             
32.14                    -2.302136E-9             
32.15                    -2.302105E-9             
32.16                    -2.302136E-9             
32.17                    -2.3021205E-9            
32.18                    -2.302105E-9             
32.19                    -2.302136E-9             
32.2                     -2.302136E-9             
32.21                    -2.302105E-9             
32.22                    -2.302136E-9             
32.23                    -2.3021205E-9            
32.24                    -2.3021205E-9            
32.25                    -2.3021205E-9            
32.26                    -2.302136E-9             
32.27                    -2.302105E-9             
32.28                    -2.302136E-9             
32.29                    -2.3021205E-9            
32.3                     -2.3021205E-9            
32.31                    -2.3021205E-9            
32.32                    -2.302136E-9             
32.33                    -2.302105E-9             
32.34                    -2.302136E-9             
32.35                    -2.302105E-9             
32.36                    -2.302136E-9             
32.37                    -2.3021205E-9            
32.38                    -2.3021205E-9            
32.39                    -2.3021205E-9            
32.4                     -2.302136E-9             
32.41                    -2.302105E-9             
32.42                    -2.302136E-9             
32.43                    -2.3021205E-9            
32.44                    -2.3021205E-9            
32.45                    -2.3021205E-9            
32.46                    -2.302136E-9             
32.47                    -2.302105E-9             
32.48                    -2.302136E-9             
32.49                    -2.302136E-9             
32.5                     -2.302105E-9             
32.51                    -2.3021205E-9            
32.52                    -2.302136E-9             
32.53                    -2.302105E-9             
32.54                    -2.302136E-9             
32.55                    -2.302136E-9             
32.56                    -2.302105E-9             
32.57                    -2.302136E-9             
32.58                    -2.3021205E-9            
32.59                    -2.302105E-9             
32.6                     -2.302136E-9             
32.61                    -2.302136E-9             
32.62                    -2.302105E-9             
32.63                    -2.302136E-9             
32.64                    -2.302105E-9             
32.65                    -2.302136E-9             
32.66                    -2.3021205E-9            
32.67                    -2.302105E-9             
32.68                    -2.302136E-9             
32.69                    -2.302136E-9             
32.7                     -2.302105E-9             
32.71                    -2.302136E-9             
32.72                    -2.3021205E-9            
32.73                    -2.3021205E-9            
32.74                    -2.3021205E-9            
32.75                    -2.302136E-9             
32.76                    -2.302105E-9             
32.77                    -2.302136E-9             
32.78                    -2.3021205E-9            
32.79                    -2.3021205E-9            
32.8                     -2.3021205E-9            
32.81                    -2.302136E-9             
32.82                    -2.302105E-9             
32.83                    -2.302136E-9             
32.84                    -2.302136E-9             
32.85                    -2.302105E-9             
32.86                    -2.3021205E-9            
32.87                    -2.302136E-9             
32.88                    -2.302105E-9             
32.89                    -2.302136E-9             
32.9                     -2.302105E-9             
32.91                    -2.302136E-9             
32.92                    -2.302136E-9             
32.93                    -2.302105E-9             
32.94                    -2.3021205E-9            
32.95                    -2.302136E-9             
32.96                    -2.302105E-9             
32.97                    -2.302136E-9             
32.98                    -2.302136E-9             
32.99                    -2.302105E-9             
33.0                     -2.302136E-9             
33.01                    -2.3021205E-9            
33.02                    -2.302105E-9             
33.03                    -2.302136E-9             
33.04                    -2.302136E-9             
33.05                    -2.302105E-9             
33.06                    -2.302136E-9             
33.07                    -2.3021205E-9            
33.08                    -2.3021205E-9            
33.09                    -2.3021205E-9            
33.1                     -2.302136E-9             
33.11                    -2.302105E-9             
33.12                    -2.302136E-9             
33.13                    -2.3021205E-9            
33.14                    -2.3021205E-9            
33.15                    -2.3021205E-9            
33.16                    -2.302136E-9             
33.17                    -2.302105E-9             
33.18                    -2.302136E-9             
33.19                    -2.302105E-9             
33.2                     -2.302136E-9             
33.21                    -2.3021205E-9            
33.22                    -2.3021205E-9            
33.23                    -2.3021205E-9            
33.24                    -2.302136E-9             
33.25                    -2.302105E-9             
33.26                    -2.302136E-9             
33.27                    -2.302136E-9             
33.28                    -2.302105E-9             
33.29                    -2.3021205E-9            
33.3                     -2.302136E-9             
33.31                    -2.302105E-9             
33.32                    -2.302136E-9             
33.33                    -2.302136E-9             
33.34                    -2.302105E-9             
33.35                    -2.302136E-9             
33.36                    -2.3021205E-9            
33.37                    -2.302105E-9             
33.38                    -2.302136E-9             
33.39                    -2.302136E-9             
33.4                     -2.302105E-9             
33.41                    -2.302136E-9             
33.42                    -2.3021205E-9            
33.43                    -2.3021205E-9            
33.44                    -2.3021205E-9            
33.45                    -2.302136E-9             
33.46                    -2.302105E-9             
33.47                    -2.302136E-9             
33.48                    -2.302105E-9             
33.49                    -2.302136E-9             
33.5                     -2.3021205E-9            
33.51                    -2.3021205E-9            
33.52                    -2.3021205E-9            
33.53                    -2.302136E-9             
33.54                    -2.302105E-9             
33.55                    -2.302136E-9             
33.56                    -2.3021205E-9            
33.57                    -2.3021205E-9            
33.58                    -2.3021205E-9            
33.59                    -2.302136E-9             
33.6                     -2.302105E-9             
33.61                    -2.302136E-9             
33.62                    -2.302136E-9             
33.63                    -2.302105E-9             
33.64                    -2.3021205E-9            
33.65                    -2.302136E-9             
33.66                    -2.302105E-9             
33.67                    -2.302136E-9             
33.68                    -2.302136E-9             
33.69                    -2.302105E-9             
33.7                     -2.302136E-9             
33.71                    -2.3021205E-9            
33.72                    -2.302105E-9             
33.73                    -2.302136E-9             
33.74                    -2.302105E-9             
33.75                    -2.302136E-9             
33.76                    -2.302136E-9             
33.77                    -2.302105E-9             
33.78                    -2.302136E-9             
33.79                    -2.3021205E-9            
33.8                     -2.302105E-9             
33.81                    -2.302136E-9             
33.82                    -2.302136E-9             
33.83                    -2.302105E-9             
33.84                    -2.302136E-9             
33.85                    -2.3021205E-9            
33.86                    -2.3021205E-9            
33.87                    -2.3021205E-9            
33.88                    -2.302136E-9             
33.89                    -2.302105E-9             
33.9                     -2.302136E-9             
33.91                    -2.3021205E-9            
33.92                    -2.3021205E-9            
33.93                    -2.3021205E-9            
33.94                    -2.302136E-9             
33.95                    -2.302105E-9             
33.96                    -2.302136E-9             
33.97                    -2.302136E-9             
33.98                    -2.302105E-9             
33.99                    -2.3021205E-9            
34.0                     -2.302136E-9             
34.01                    -2.302105E-9             
34.02                    -2.302136E-9             
34.03                    -2.302105E-9             
34.04                    -2.302136E-9             
34.05                    -2.302136E-9             
34.06                    -2.302105E-9             
34.07                    -2.3021205E-9            
34.08                    -2.302136E-9             
34.09                    -2.302105E-9             
34.1                     -2.302136E-9             
34.11                    -2.302136E-9             
34.12                    -2.302105E-9             
34.13                    -2.302136E-9             
34.14                    -2.3021205E-9            
34.15                    -2.302105E-9             
34.16                    -2.302136E-9             
34.17                    -2.302136E-9             
34.18                    -2.302105E-9             
34.19                    -2.302136E-9             
34.2                     -2.3021205E-9            
34.21                    -2.3021205E-9            
34.22                    -2.3021205E-9            
34.23                    -2.302136E-9             
34.24                    -2.302105E-9             
34.25                    -2.302136E-9             
34.26                    -2.3021205E-9            
34.27                    -2.3021205E-9            
34.28                    -2.3021205E-9            
34.29                    -2.302136E-9             
34.3                     -2.302105E-9             
34.31                    -2.302136E-9             
34.32                    -2.302105E-9             
34.33                    -2.302136E-9             
34.34                    -2.3021205E-9            
34.35                    -2.3021205E-9            
34.36                    -2.3021205E-9            
34.37                    -2.302136E-9             
34.38                    -2.302105E-9             
34.39                    -2.302136E-9             
34.4                     -2.302136E-9             
34.41                    -2.302105E-9             
34.42                    -2.3021205E-9            
34.43                    -2.302136E-9             
34.44                    -2.302105E-9             
34.45                    -2.302136E-9             
34.46                    -2.302136E-9             
34.47                    -2.302105E-9             
34.48                    -2.302136E-9             
34.49                    -2.3021205E-9            
34.5                     -2.302105E-9             
34.51                    -2.302136E-9             
34.52                    -2.302136E-9             
34.53                    -2.302105E-9             
34.54                    -2.302136E-9             
34.55                    -2.3021205E-9            
34.56                    -2.3021205E-9            
34.57                    -2.3021205E-9            
34.58                    -2.302105E-9             
34.59                    -2.302136E-9             
34.6                     -2.302136E-9             
34.61                    -2.302105E-9             
34.62                    -2.302136E-9             
34.63                    -2.3021205E-9            
34.64                    -2.3021205E-9            
34.65                    -2.3021205E-9            
34.66                    -2.302136E-9             
34.67                    -2.302105E-9             
34.68                    -2.302136E-9             
34.69                    -2.3021205E-9            
34.7                     -2.3021205E-9            
34.71                    -2.3021205E-9            
34.72                    -2.302136E-9             
34.73                    -2.302105E-9             
34.74                    -2.302136E-9             
34.75                    -2.3021205E-9            
34.76                    -2.3021205E-9            
34.77                    -2.3021205E-9            
34.78                    -2.302136E-9             
34.79                    -2.302105E-9             
34.8                     -2.302136E-9             
34.81                    -2.302136E-9             
34.82                    -2.302105E-9             
34.83                    -2.3021205E-9            
34.84                    -2.302136E-9             
34.85                    -2.302105E-9             
34.86                    -2.302136E-9             
34.87                    -2.302105E-9             
34.88                    -2.302136E-9             
34.89                    -2.302136E-9             
34.9                     -2.302105E-9             
34.91                    -2.3021205E-9            
34.92                    -2.302136E-9             
34.93                    -2.302105E-9             
34.94                    -2.302136E-9             
34.95                    -2.302136E-9             
34.96                    -2.302105E-9             
34.97                    -2.302136E-9             
34.98                    -2.3021205E-9            
34.99                    -2.302105E-9             
35.0                     -2.302136E-9             
35.01                    -2.302136E-9             
35.02                    -2.302105E-9             
35.03                    -2.302136E-9             
35.04                    -2.3021205E-9            
35.05                    -2.3021205E-9            
35.06                    -2.3021205E-9            
35.07                    -2.302136E-9             
35.08                    -2.302105E-9             
35.09                    -2.302136E-9             
35.1                     -2.3021205E-9            
35.11                    -2.3021205E-9            
35.12                    -2.3021205E-9            
35.13                    -2.302136E-9             
35.14                    -2.302105E-9             
35.15                    -2.302136E-9             
35.16                    -2.302105E-9             
35.17                    -2.302136E-9             
35.18                    -2.3021205E-9            
35.19                    -2.3021205E-9            
35.2                     -2.3021205E-9            
35.21                    -2.302136E-9             
35.22                    -2.302105E-9             
35.23                    -2.302136E-9             
35.24                    -2.302136E-9             
35.25                    -2.302105E-9             
35.26                    -2.3021205E-9            
35.27                    -2.302136E-9             
35.28                    -2.302105E-9             
35.29                    -2.302136E-9             
35.3                     -2.302136E-9             
35.31                    -2.302105E-9             
35.32                    -2.302136E-9             
35.33                    -2.3021205E-9            
35.34                    -2.302105E-9             
35.35                    -2.302136E-9             
35.36                    -2.302136E-9             
35.37                    -2.302105E-9             
35.38                    -2.302136E-9             
35.39                    -2.3021205E-9            
35.4                     -2.3021205E-9            
35.41                    -2.3021205E-9            
35.42                    -2.302105E-9             
35.43                    -2.302136E-9             
35.44                    -2.302136E-9             
35.45                    -2.302105E-9             
35.46                    -2.302136E-9             
35.47                    -2.3021205E-9            
35.48                    -2.3021205E-9            
35.49                    -2.3021205E-9            
35.5                     -2.302136E-9             
35.51                    -2.302105E-9             
35.52                    -2.302136E-9             
35.53                    -2.3021205E-9            
35.54                    -2.3021205E-9            
35.55                    -2.3021205E-9            
35.56                    -2.302136E-9             
35.57                    -2.302105E-9             
35.58                    -2.302136E-9             
35.59                    -2.302136E-9             
35.6                     -2.302105E-9             
35.61                    -2.3021205E-9            
35.62                    -2.302136E-9             
35.63                    -2.302105E-9             
35.64                    -2.302136E-9             
35.65                    -2.302136E-9             
35.66                    -2.302105E-9             
35.67                    -2.302136E-9             
35.68                    -2.3021205E-9            
35.69                    -2.302105E-9             
35.7                     -2.302136E-9             
35.71                    -2.302105E-9             
35.72                    -2.302136E-9             
35.73                    -2.302136E-9             
35.74                    -2.302105E-9             
35.75                    -2.302136E-9             
35.76                    -2.3021205E-9            
35.77                    -2.302105E-9             
35.78                    -2.302136E-9             
35.79                    -2.302136E-9             
35.8                     -2.302105E-9             
35.81                    -2.302136E-9             
35.82                    -2.3021205E-9            
35.83                    -2.3021205E-9            
35.84                    -2.3021205E-9            
35.85                    -2.302136E-9             
35.86                    -2.302105E-9             
35.87                    -2.302136E-9             
35.88                    -2.3021205E-9            
35.89                    -2.3021205E-9            
35.9                     -2.3021205E-9            
35.91                    -2.302136E-9             
35.92                    -2.302105E-9             
35.93                    -2.302136E-9             
35.94                    -2.302136E-9             
35.95                    -2.302105E-9             
35.96                    -2.3021205E-9            
35.97                    -2.302136E-9             
35.98                    -2.302105E-9             
35.99                    -2.302136E-9             
36.0                     -2.302105E-9             
36.01                    -2.302136E-9             
36.02                    -2.302136E-9             
36.03                    -2.302105E-9             
36.04                    -2.3021205E-9            
36.05                    -2.302136E-9             
36.06                    -2.302105E-9             
36.07                    -2.302136E-9             
36.08                    -2.302136E-9             
36.09                    -2.302105E-9             
36.1                     -2.302136E-9             
36.11                    -2.3021205E-9            
36.12                    -2.302105E-9             
36.13                    -2.302136E-9             
36.14                    -2.302136E-9             
36.15                    -2.302105E-9             
36.16                    -2.302136E-9             
36.17                    -2.3021205E-9            
36.18                    -2.3021205E-9            
36.19                    -2.3021205E-9            
36.2                     -2.302136E-9             
36.21                    -2.302105E-9             
36.22                    -2.302136E-9             
36.23                    -2.3021205E-9            
36.24                    -2.3021205E-9            
36.25                    -2.3021205E-9            
36.26                    -2.3021205E-9            
36.27                    -2.3021205E-9            
36.28                    -2.302136E-9             
36.29                    -2.302105E-9             
36.3                     -2.302136E-9             
36.31                    -2.3021205E-9            
36.32                    -2.3021205E-9            
36.33                    -2.3021205E-9            
36.34                    -2.302136E-9             
36.35                    -2.302105E-9             
36.36                    -2.302136E-9             
36.37                    -2.302136E-9             
36.38                    -2.302105E-9             
36.39                    -2.3021205E-9            
36.4                     -2.302136E-9             
36.41                    -2.302105E-9             
36.42                    -2.302136E-9             
36.43                    -2.302136E-9             
36.44                    -2.302105E-9             
36.45                    -2.302136E-9             
36.46                    -2.3021205E-9            
36.47                    -2.302105E-9             
36.48                    -2.302136E-9             
36.49                    -2.302136E-9             
36.5                     -2.302105E-9             
36.51                    -2.302136E-9             
36.52                    -2.3021205E-9            
36.53                    -2.3021205E-9            
36.54                    -2.3021205E-9            
36.55                    -2.302105E-9             
36.56                    -2.302136E-9             
36.57                    -2.302136E-9             
36.58                    -2.302105E-9             
36.59                    -2.302136E-9             
36.6                     -2.3021205E-9            
36.61                    -2.3021205E-9            
36.62                    -2.3021205E-9            
36.63                    -2.302136E-9             
36.64                    -2.302105E-9             
36.65                    -2.302136E-9             
36.66                    -2.3021205E-9            
36.67                    -2.3021205E-9            
36.68                    -2.3021205E-9            
36.69                    -2.302136E-9             
36.7                     -2.302105E-9             
36.71                    -2.302136E-9             
36.72                    -2.302136E-9             
36.73                    -2.302105E-9             
36.74                    -2.3021205E-9            
36.75                    -2.302136E-9             
36.76                    -2.302105E-9             
36.77                    -2.302136E-9             
36.78                    -2.302136E-9             
36.79                    -2.302105E-9             
36.8                     -2.302136E-9             
36.81                    -2.3021205E-9            
36.82                    -2.302105E-9             
36.83                    -2.302136E-9             
36.84                    -2.302105E-9             
36.85                    -2.302136E-9             
36.86                    -2.302136E-9             
36.87                    -2.302105E-9             
36.88                    -2.302136E-9             
36.89                    -2.3021205E-9            
36.9                     -2.302105E-9             
36.91                    -2.302136E-9             
36.92                    -2.302136E-9             
36.93                    -2.302105E-9             
36.94                    -2.302136E-9             
36.95                    -2.3021205E-9            
36.96                    -2.3021205E-9            
36.97                    -2.3021205E-9            
36.98                    -2.302136E-9             
36.99                    -2.302105E-9             
37.0                     -2.302136E-9             
37.01                    -2.3021205E-9            
37.02                    -2.3021205E-9            
37.03                    -2.3021205E-9            
37.04                    -2.302136E-9             
37.05                    -2.302105E-9             
37.06                    -2.302136E-9             
37.07                    -2.302136E-9             
37.08                    -2.302105E-9             
37.09                    -2.3021205E-9            
37.1                     -2.3021205E-9            
37.11                    -2.3021205E-9            
37.12                    -2.302136E-9             
37.13                    -2.302105E-9             
37.14                    -2.302136E-9             
37.15                    -2.302136E-9             
37.16                    -2.302105E-9             
37.17                    -2.3021205E-9            
37.18                    -2.302136E-9             
37.19                    -2.302105E-9             
37.2                     -2.302136E-9             
37.21                    -2.302136E-9             
37.22                    -2.302105E-9             
37.23                    -2.302136E-9             
37.24                    -2.3021205E-9            
37.25                    -2.302105E-9             
37.26                    -2.302136E-9             
37.27                    -2.302136E-9             
37.28                    -2.302105E-9             
37.29                    -2.302136E-9             
37.3                     -2.3021205E-9            
37.31                    -2.3021205E-9            
37.32                    -2.3021205E-9            
37.33                    -2.302136E-9             
37.34                    -2.302105E-9             
37.35                    -2.302136E-9             
37.36                    -2.3021205E-9            
37.37                    -2.3021205E-9            
37.38                    -2.3021205E-9            
37.39                    -2.3021205E-9            
37.4                     -2.3021205E-9            
37.41                    -2.302136E-9             
37.42                    -2.302105E-9             
37.43                    -2.302136E-9             
37.44                    -2.3021205E-9            
37.45                    -2.3021205E-9            
37.46                    -2.3021205E-9            
37.47                    -2.302136E-9             
37.48                    -2.302105E-9             
37.49                    -2.302136E-9             
37.5                     -2.3021205E-9            
37.51                    -2.3021205E-9            
37.52                    -2.3021205E-9            
37.53                    -2.302136E-9             
37.54                    -2.302105E-9             
37.55                    -2.302136E-9             
37.56                    -2.302136E-9             
37.57                    -2.302105E-9             
37.58                    -2.3021205E-9            
37.59                    -2.302136E-9             
37.6                     -2.302105E-9             
37.61                    -2.302136E-9             
37.62                    -2.302136E-9             
37.63                    -2.302105E-9             
37.64                    -2.302136E-9             
37.65                    -2.3021205E-9            
37.66                    -2.302105E-9             
37.67                    -2.302136E-9             
37.68                    -2.302105E-9             
37.69                    -2.302136E-9             
37.7                     -2.302136E-9             
37.71                    -2.302105E-9             
37.72                    -2.302136E-9             
37.73                    -2.3021205E-9            
37.74                    -2.302105E-9             
37.75                    -2.302136E-9             
37.76                    -2.302136E-9             
37.77                    -2.302105E-9             
37.78                    -2.302136E-9             
37.79                    -2.3021205E-9            
37.8                     -2.3021205E-9            
37.81                    -2.3021205E-9            
37.82                    -2.302136E-9             
37.83                    -2.302105E-9             
37.84                    -2.302136E-9             
37.85                    -2.3021205E-9            
37.86                    -2.3021205E-9            
37.87                    -2.3021205E-9            
37.88                    -2.302136E-9             
37.89                    -2.302105E-9             
37.9                     -2.302136E-9             
37.91                    -2.302136E-9             
37.92                    -2.302105E-9             
37.93                    -2.3021205E-9            
37.94                    -2.3021205E-9            
37.95                    -2.3021205E-9            
37.96                    -2.302136E-9             
37.97                    -2.302105E-9             
37.98                    -2.302136E-9             
37.99                    -2.302136E-9             
38.0                     -2.302105E-9             
38.01                    -2.3021205E-9            
38.02                    -2.302136E-9             
38.03                    -2.302105E-9             
38.04                    -2.302136E-9             
38.05                    -2.302136E-9             
38.06                    -2.302105E-9             
38.07                    -2.302136E-9             
38.08                    -2.3021205E-9            
38.09                    -2.302105E-9             
38.1                     -2.302136E-9             
38.11                    -2.302136E-9             
38.12                    -2.302105E-9             
38.13                    -2.302136E-9             
38.14                    -2.3021205E-9            
38.15                    -2.3021205E-9            
38.16                    -2.3021205E-9            
38.17                    -2.302136E-9             
38.18                    -2.302105E-9             
38.19                    -2.302136E-9             
38.2                     -2.3021205E-9            
38.21                    -2.3021205E-9            
38.22                    -2.3021205E-9            
38.23                    -2.3021205E-9            
38.24                    -2.3021205E-9            
38.25                    -2.302136E-9             
38.26                    -2.302105E-9             
38.27                    -2.302136E-9             
38.28                    -2.3021205E-9            
38.29                    -2.3021205E-9            
38.3                     -2.3021205E-9            
38.31                    -2.302136E-9             
38.32                    -2.302105E-9             
38.33                    -2.302136E-9             
38.34                    -2.302136E-9             
38.35                    -2.302105E-9             
38.36                    -2.3021205E-9            
38.37                    -2.302136E-9             
38.38                    -2.302105E-9             
38.39                    -2.302136E-9             
38.4                     -2.302136E-9             
38.41                    -2.302105E-9             
38.42                    -2.302136E-9             
38.43                    -2.3021205E-9            
38.44                    -2.302105E-9             
38.45                    -2.302136E-9             
38.46                    -2.302136E-9             
38.47                    -2.302105E-9             
38.48                    -2.302136E-9             
38.49                    -2.3021205E-9            
38.5                     -2.3021205E-9            
38.51                    -2.3021205E-9            
38.52                    -2.302105E-9             
38.53                    -2.302136E-9             
38.54                    -2.302136E-9             
38.55                    -2.302105E-9             
38.56                    -2.302136E-9             
38.57                    -2.3021205E-9            
38.58                    -2.3021205E-9            
38.59                    -2.3021205E-9            
38.6                     -2.302136E-9             
38.61                    -2.302105E-9             
38.62                    -2.302136E-9             
38.63                    -2.3021205E-9            
38.64                    -2.3021205E-9            
38.65                    -2.3021205E-9            
38.66                    -2.302136E-9             
38.67                    -2.302105E-9             
38.68                    -2.302136E-9             
38.69                    -2.302136E-9             
38.7                     -2.302105E-9             
38.71                    -2.3021205E-9            
38.72                    -2.302136E-9             
38.73                    -2.302105E-9             
38.74                    -2.302136E-9             
38.75                    -2.302136E-9             
38.76                    -2.302105E-9             
38.77                    -2.302136E-9             
38.78                    -2.302105E-9             
38.79                    -2.3021205E-9            
38.8                     -2.302136E-9             
38.81                    -2.302105E-9             
38.82                    -2.302136E-9             
38.83                    -2.302136E-9             
38.84                    -2.302105E-9             
38.85                    -2.302136E-9             
38.86                    -2.3021205E-9            
38.87                    -2.302105E-9             
38.88                    -2.302136E-9             
38.89                    -2.302136E-9             
38.9                     -2.302105E-9             
38.91                    -2.302136E-9             
38.92                    -2.3021205E-9            
38.93                    -2.3021205E-9            
38.94                    -2.3021205E-9            
38.95                    -2.302136E-9             
38.96                    -2.302105E-9             
38.97                    -2.302136E-9             
38.98                    -2.3021205E-9            
38.99                    -2.3021205E-9            
39.0                     -2.3021205E-9            
39.01                    -2.302136E-9             
39.02                    -2.302105E-9             
39.03                    -2.302136E-9             
39.04                    -2.302136E-9             
39.05                    -2.302105E-9             
39.06                    -2.3021205E-9            
39.07                    -2.3021205E-9            
39.08                    -2.3021205E-9            
39.09                    -2.302136E-9             
39.1                     -2.302105E-9             
39.11                    -2.302136E-9             
39.12                    -2.302136E-9             
39.13                    -2.302105E-9             
39.14                    -2.3021205E-9            
39.15                    -2.302136E-9             
39.16                    -2.302105E-9             
39.17                    -2.302136E-9             
39.18                    -2.302136E-9             
39.19                    -2.302105E-9             
39.2                     -2.302136E-9             
39.21                    -2.3021205E-9            
39.22                    -2.302105E-9             
39.23                    -2.302136E-9             
39.24                    -2.302136E-9             
39.25                    -2.302105E-9             
39.26                    -2.302136E-9             
39.27                    -2.3021205E-9            
39.28                    -2.3021205E-9            
39.29                    -2.3021205E-9            
39.3                     -2.302136E-9             
39.31                    -2.302105E-9             
39.32                    -2.302136E-9             
39.33                    -2.3021205E-9            
39.34                    -2.3021205E-9            
39.35                    -2.3021205E-9            
39.36                    -2.3021205E-9            
39.37                    -2.3021205E-9            
39.38                    -2.302136E-9             
39.39                    -2.302105E-9             
39.4                     -2.302136E-9             
39.41                    -2.3021205E-9            
39.42                    -2.3021205E-9            
39.43                    -2.3021205E-9            
39.44                    -2.302136E-9             
39.45                    -2.302105E-9             
39.46                    -2.302136E-9             
39.47                    -2.302136E-9             
39.48                    -2.302105E-9             
39.49                    -2.3021205E-9            
39.5                     -2.302136E-9             
39.51                    -2.302105E-9             
39.52                    -2.302136E-9             
39.53                    -2.302136E-9             
39.54                    -2.302105E-9             
39.55                    -2.302136E-9             
39.56                    -2.3021205E-9            
39.57                    -2.302105E-9             
39.58                    -2.302136E-9             
39.59                    -2.302136E-9             
39.6                     -2.3020585E-9            
39.61                    -2.3001392E-9            
39.62                    -2.3001547E-9            
39.63                    -2.3001236E-9            
39.64                    -2.3001392E-9            
39.65                    -2.3001547E-9            
39.66                    -2.3001236E-9            
39.67                    -2.3001392E-9            
39.68                    -2.3001547E-9            
39.69                    -2.3001392E-9            
39.7                     -2.3001236E-9            
39.71                    -2.3001547E-9            
39.72                    -2.3001392E-9            
39.73                    -2.3001236E-9            
39.74                    -2.3001547E-9            
39.75                    -2.3001392E-9            
39.76                    -2.3001236E-9            
39.77                    -2.3001547E-9            
39.78                    -2.3001392E-9            
39.79                    -2.3001547E-9            
39.8                     -2.3001236E-9            
39.81                    -2.3001392E-9            
39.82                    -2.3001547E-9            
39.83                    -2.3001392E-9            
39.84                    -2.3001236E-9            
39.85                    -2.3001547E-9            
39.86                    -2.3001392E-9            
39.87                    -2.3001236E-9            
39.88                    -2.3001547E-9            
39.89                    -2.3001392E-9            
39.9                     -2.3001236E-9            
39.91                    -2.3001547E-9            
39.92                    -2.3001392E-9            
39.93                    -2.3001392E-9            
39.94                    -2.3001547E-9            
39.95                    -2.3001236E-9            
39.96                    -2.3001547E-9            
39.97                    -2.3001392E-9            
39.98                    -2.3001236E-9            
39.99                    -2.3001547E-9            
40.0                     -2.3001392E-9            
40.01                    -2.3001236E-9            
40.02                    -2.3001547E-9            
40.03                    -2.3001392E-9            
40.04                    -2.3001392E-9            
40.05                    -2.3001547E-9            
40.06                    -2.3001236E-9            
40.07                    -2.3001392E-9            
40.08                    -2.3001547E-9            
40.09                    -2.3001236E-9            
40.1                     -2.3001392E-9            
40.11                    -2.3001547E-9            
40.12                    -2.3001236E-9            
40.13                    -2.3001392E-9            
40.14                    -2.3001547E-9            
40.15                    -2.3001392E-9            
40.16                    -2.3001547E-9            
40.17                    -2.3001236E-9            
40.18                    -2.3001392E-9            
40.19                    -2.3001547E-9            
40.2                     -2.3001236E-9            
40.21                    -2.3001392E-9            
40.22                    -2.3001547E-9            
40.23                    -2.3001236E-9            
40.24                    -2.3001392E-9            
40.25                    -2.3001547E-9            
40.26                    -2.3001392E-9            
40.27                    -2.3001236E-9            
40.28                    -2.3001547E-9            
40.29                    -2.3001392E-9            
40.3                     -2.3001236E-9            
40.31                    -2.3001547E-9            
40.32                    -2.3001392E-9            
40.33                    -2.3001236E-9            
40.34                    -2.3001547E-9            
40.35                    -2.3001392E-9            
40.36                    -2.3001547E-9            
40.37                    -2.3001392E-9            
40.38                    -2.3001236E-9            
40.39                    -2.3001547E-9            
40.4                     -2.3001392E-9            
40.41                    -2.3001236E-9            
40.42                    -2.3001547E-9            
40.43                    -2.3001392E-9            
40.44                    -2.3001236E-9            
40.45                    -2.3001547E-9            
40.46                    -2.3001392E-9            
40.47                    -2.3001392E-9            
40.48                    -2.3001547E-9            
40.49                    -2.3001236E-9            
40.5                     -2.3001392E-9            
40.51                    -2.3001547E-9            
40.52                    -2.3001236E-9            
40.53                    -2.3001392E-9            
40.54                    -2.3001547E-9            
40.55                    -2.3001236E-9            
40.56                    -2.3001547E-9            
40.57                    -2.3001392E-9            
40.58                    -2.3001392E-9            
40.59                    -2.3001547E-9            
40.6                     -2.3001236E-9            
40.61                    -2.3001392E-9            
40.62                    -2.3001547E-9            
40.63                    -2.3001236E-9            
40.64                    -2.3001392E-9            
40.65                    -2.3001547E-9            
40.66                    -2.3001236E-9            
40.67                    -2.3001392E-9            
40.68                    -2.3001547E-9            
40.69                    -2.3001392E-9            
40.7                     -2.3001236E-9            
40.71                    -2.3001547E-9            
40.72                    -2.3001392E-9            
40.73                    -2.3001236E-9            
40.74                    -2.3001547E-9            
40.75                    -2.3001392E-9            
40.76                    -2.3001547E-9            
40.77                    -2.3001236E-9            
40.78                    -2.3001392E-9            
40.79                    -2.3001547E-9            
40.8                     -2.3001392E-9            
40.81                    -2.3001236E-9            
40.82                    -2.3001547E-9            
40.83                    -2.3001392E-9            
40.84                    -2.3001236E-9            
40.85                    -2.3001547E-9            
40.86                    -2.3001392E-9            
40.87                    -2.3001236E-9            
40.88                    -2.3001547E-9            
40.89                    -2.3001392E-9            
40.9                     -2.3001392E-9            
40.91                    -2.3001547E-9            
40.92                    -2.3001236E-9            
40.93                    -2.3001392E-9            
40.94                    -2.3001547E-9            
40.95                    -2.3001236E-9            
40.96                    -2.3001547E-9            
40.97                    -2.3001392E-9            
40.98                    -2.3001236E-9            
40.99                    -2.3001547E-9            
41.0                     -2.3001392E-9            
41.01                    -2.3001236E-9            
41.02                    -2.3001547E-9            
41.03                    -2.3001392E-9            
41.04                    -2.3001392E-9            
41.05                    -2.3001547E-9            
41.06                    -2.3001236E-9            
41.07                    -2.3001392E-9            
41.08                    -2.3001547E-9            
41.09                    -2.3001236E-9            
41.1                     -2.3001392E-9            
41.11                    -2.3001547E-9            
41.12                    -2.3001236E-9            
41.13                    -2.3001547E-9            
41.14                    -2.3001392E-9            
41.15                    -2.3001392E-9            
41.16                    -2.3001547E-9            
41.17                    -2.3001236E-9            
41.18                    -2.3001392E-9            
41.19                    -2.3001547E-9            
41.2                     -2.3001236E-9            
41.21                    -2.3001392E-9            
41.22                    -2.3001547E-9            
41.23                    -2.3001236E-9            
41.24                    -2.3001392E-9            
41.25                    -2.3001547E-9            
41.26                    -2.3001392E-9            
41.27                    -2.3001236E-9            
41.28                    -2.3001547E-9            
41.29                    -2.3001392E-9            
41.3                     -2.3001236E-9            
41.31                    -2.3001547E-9            
41.32                    -2.3001392E-9            
41.33                    -2.3001547E-9            
41.34                    -2.3001236E-9            
41.35                    -2.3001392E-9            
41.36                    -2.3001547E-9            
41.37                    -2.3001392E-9            
41.38                    -2.3001236E-9            
41.39                    -2.3001547E-9            
41.4                     -2.3001392E-9            
41.41                    -2.3001236E-9            
41.42                    -2.3001547E-9            
41.43                    -2.3001392E-9            
41.44                    -2.3001236E-9            
41.45                    -2.3001547E-9            
41.46                    -2.3001392E-9            
41.47                    -2.3001392E-9            
41.48                    -2.3001547E-9            
41.49                    -2.3001236E-9            
41.5                     -2.3001392E-9            
41.51                    -2.3001547E-9            
41.52                    -2.3001236E-9            
41.53                    -2.3001547E-9            
41.54                    -2.3001392E-9            
41.55                    -2.3001236E-9            
41.56                    -2.3001547E-9            
41.57                    -2.3001392E-9            
41.58                    -2.3001392E-9            
41.59                    -2.3001547E-9            
41.6                     -2.3001236E-9            
41.61                    -2.3001392E-9            
41.62                    -2.3001547E-9            
41.63                    -2.3001236E-9            
41.64                    -2.3001392E-9            
41.65                    -2.3001547E-9            
41.66                    -2.3001236E-9            
41.67                    -2.3001392E-9            
41.68                    -2.3001547E-9            
41.69                    -2.3001392E-9            
41.7                     -2.3001236E-9            
41.71                    -2.3001547E-9            
41.72                    -2.3001392E-9            
41.73                    -2.3001547E-9            
41.74                    -2.3001236E-9            
41.75                    -2.3001392E-9            
41.76                    -2.3001547E-9            
41.77                    -2.3001236E-9            
41.78                    -2.3001392E-9            
41.79                    -2.3001547E-9            
41.8                     -2.3001392E-9            
41.81                    -2.3001236E-9            
41.82                    -2.3001547E-9            
41.83                    -2.3001392E-9            
41.84                    -2.3001236E-9            
41.85                    -2.3001547E-9            
41.86                    -2.3001392E-9            
41.87                    -2.3001236E-9            
41.88                    -2.3001547E-9            
41.89                    -2.3001392E-9            
41.9                     -2.3001392E-9            
41.91                    -2.3001547E-9            
41.92                    -2.3001236E-9            
41.93                    -2.3001547E-9            
41.94                    -2.3001392E-9            
41.95                    -2.3001236E-9            
41.96                    -2.3001547E-9            
41.97                    -2.3001392E-9            
41.98                    -2.3001236E-9            
41.99                    -2.3001547E-9            
42.0                     -2.3001392E-9            
42.01                    -2.3001392E-9            
42.02                    -2.3001547E-9            
42.03                    -2.3001236E-9            
42.04                    -2.3001392E-9            
42.05                    -2.3001547E-9            
42.06                    -2.3001236E-9            
42.07                    -2.3001392E-9            
42.08                    -2.3001547E-9            
42.09                    -2.3001236E-9            
42.1                     -2.3001392E-9            
42.11                    -2.3001547E-9            
42.12                    -2.3001392E-9            
42.13                    -2.3001547E-9            
42.14                    -2.3001236E-9            
42.15                    -2.3001392E-9            
42.16                    -2.3001547E-9            
42.17                    -2.3001236E-9            
42.18                    -2.3001392E-9            
42.19                    -2.3001547E-9            
42.2                     -2.3001236E-9            
42.21                    -2.3001392E-9            
42.22                    -2.3001547E-9            
42.23                    -2.3001236E-9            
42.24                    -2.3001392E-9            
42.25                    -2.3001547E-9            
42.26                    -2.3001392E-9            
42.27                    -2.3001236E-9            
42.28                    -2.3001547E-9            
42.29                    -2.3001392E-9            
42.3                     -2.3001547E-9            
42.31                    -2.3001236E-9            
42.32                    -2.3001392E-9            
42.33                    -2.3001547E-9            
42.34                    -2.3001236E-9            
42.35                    -2.3001392E-9            
42.36                    -2.3001547E-9            
42.37                    -2.3001392E-9            
42.38                    -2.3001236E-9            
42.39                    -2.3001547E-9            
42.4                     -2.3001392E-9            
42.41                    -2.3001236E-9            
42.42                    -2.3001547E-9            
42.43                    -2.3001392E-9            
42.44                    -2.3001236E-9            
42.45                    -2.3001547E-9            
42.46                    -2.3001392E-9            
42.47                    -2.3001392E-9            
42.48                    -2.3001547E-9            
42.49                    -2.3001236E-9            
42.5                     -2.3001547E-9            
42.51                    -2.3001392E-9            
42.52                    -2.3001236E-9            
42.53                    -2.3001547E-9            
42.54                    -2.3001392E-9            
42.55                    -2.3001236E-9            
42.56                    -2.3001547E-9            
42.57                    -2.3001392E-9            
42.58                    -2.3001392E-9            
42.59                    -2.3001547E-9            
42.6                     -2.3001236E-9            
42.61                    -2.3001392E-9            
42.62                    -2.3001547E-9            
42.63                    -2.3001236E-9            
42.64                    -2.3001392E-9            
42.65                    -2.3001547E-9            
42.66                    -2.3001236E-9            
42.67                    -2.3001392E-9            
42.68                    -2.3001547E-9            
42.69                    -2.3001392E-9            
42.7                     -2.3001547E-9            
42.71                    -2.3001236E-9            
42.72                    -2.3001392E-9            
42.73                    -2.3001547E-9            
42.74                    -2.3001236E-9            
42.75                    -2.3001392E-9            
42.76                    -2.3001547E-9            
42.77                    -2.3001236E-9            
42.78                    -2.3001392E-9            
42.79                    -2.3001547E-9            
42.8                     -2.3001392E-9            
42.81                    -2.3001236E-9            
42.82                    -2.3001547E-9            
42.83                    -2.3001392E-9            
42.84                    -2.3001236E-9            
42.85                    -2.3001547E-9            
42.86                    -2.3001392E-9            
42.87                    -2.3001236E-9            
42.88                    -2.3001547E-9            
42.89                    -2.3001392E-9            
42.9                     -2.3001547E-9            
42.91                    -2.3001392E-9            
42.92                    -2.3001236E-9            
42.93                    -2.3001547E-9            
42.94                    -2.3001392E-9            
42.95                    -2.3001236E-9            
42.96                    -2.3001547E-9            
42.97                    -2.3001392E-9            
42.98                    -2.3001236E-9            
42.99                    -2.3001547E-9            
43.0                     -2.3001392E-9            
43.01                    -2.3001392E-9            
43.02                    -2.3001547E-9            
43.03                    -2.3001236E-9            
43.04                    -2.3001392E-9            
43.05                    -2.3001547E-9            
43.06                    -2.3001236E-9            
43.07                    -2.3001392E-9            
43.08                    -2.3001547E-9            
43.09                    -2.3001236E-9            
43.1                     -2.3001547E-9            
43.11                    -2.3001392E-9            
43.12                    -2.3001392E-9            
43.13                    -2.3001547E-9            
43.14                    -2.3001236E-9            
43.15                    -2.3001392E-9            
43.16                    -2.3001547E-9            
43.17                    -2.3001236E-9            
43.18                    -2.3001392E-9            
43.19                    -2.3001547E-9            
43.2                     -2.3001236E-9            
43.21                    -2.3001392E-9            
43.22                    -2.3001547E-9            
43.23                    -2.3001392E-9            
43.24                    -2.3001236E-9            
43.25                    -2.3001547E-9            
43.26                    -2.3001392E-9            
43.27                    -2.3001547E-9            
43.28                    -2.3001236E-9            
43.29                    -2.3001392E-9            
43.3                     -2.3001547E-9            
43.31                    -2.3001236E-9            
43.32                    -2.3001392E-9            
43.33                    -2.3001547E-9            
43.34                    -2.3001392E-9            
43.35                    -2.3001236E-9            
43.36                    -2.3001547E-9            
43.37                    -2.3001392E-9            
43.38                    -2.3001236E-9            
43.39                    -2.3001547E-9            
43.4                     -2.3001392E-9            
43.41                    -2.3001236E-9            
43.42                    -2.3001547E-9            
43.43                    -2.3001392E-9            
43.44                    -2.3001236E-9            
43.45                    -2.3001547E-9            
43.46                    -2.3001392E-9            
43.47                    -2.3001547E-9            
43.48                    -2.3001392E-9            
43.49                    -2.3001236E-9            
43.5                     -2.3001547E-9            
43.51                    -2.3001392E-9            
43.52                    -2.3001236E-9            
43.53                    -2.3001547E-9            
43.54                    -2.3001392E-9            
43.55                    -2.3001236E-9            
43.56                    -2.3001547E-9            
43.57                    -2.3001392E-9            
43.58                    -2.3001392E-9            
43.59                    -2.3001547E-9            
43.6                     -2.3001236E-9            
43.61                    -2.3001392E-9            
43.62                    -2.3001547E-9            
43.63                    -2.3001236E-9            
43.64                    -2.3001392E-9            
43.65                    -2.3001547E-9            
43.66                    -2.3001236E-9            
43.67                    -2.3001547E-9            
43.68                    -2.3001392E-9            
43.69                    -2.3001392E-9            
43.7                     -2.3001547E-9            
43.71                    -2.3001236E-9            
43.72                    -2.3001392E-9            
43.73                    -2.3001547E-9            
43.74                    -2.3001236E-9            
43.75                    -2.3001392E-9            
43.76                    -2.3001547E-9            
43.77                    -2.3001236E-9            
43.78                    -2.3001392E-9            
43.79                    -2.3001547E-9            
43.8                     -2.3001392E-9            
43.81                    -2.3001236E-9            
43.82                    -2.3001547E-9            
43.83                    -2.3001392E-9            
43.84                    -2.3001236E-9            
43.85                    -2.3001547E-9            
43.86                    -2.3001392E-9            
43.87                    -2.3001547E-9            
43.88                    -2.3001236E-9            
43.89                    -2.3001392E-9            
43.9                     -2.3001547E-9            
43.91                    -2.3001392E-9            
43.92                    -2.3001236E-9            
43.93                    -2.3001547E-9            
43.94                    -2.3001392E-9            
43.95                    -2.3001236E-9            
43.96                    -2.3001547E-9            
43.97                    -2.3001392E-9            
43.98                    -2.3001236E-9            
43.99                    -2.3001547E-9            
44.0                     -2.3001392E-9            
44.01                    -2.3001392E-9            
44.02                    -2.3001547E-9            
44.03                    -2.3001236E-9            
44.04                    -2.3001392E-9            
44.05                    -2.3001547E-9            
44.06                    -2.3001236E-9            
44.07                    -2.3001547E-9            
44.08                    -2.3001392E-9            
44.09                    -2.3001236E-9            
44.1                     -2.3001547E-9            
44.11                    -2.3001392E-9            
44.12                    -2.3001392E-9            
44.13                    -2.3001547E-9            
44.14                    -2.3001236E-9            
44.15                    -2.3001392E-9            
44.16                    -2.3001547E-9            
44.17                    -2.3001236E-9            
44.18                    -2.3001392E-9            
44.19                    -2.3001547E-9            
44.2                     -2.3001236E-9            
44.21                    -2.3001392E-9            
44.22                    -2.3001547E-9            
44.23                    -2.3001392E-9            
44.24                    -2.3001236E-9            
44.25                    -2.3001547E-9            
44.26                    -2.3001392E-9            
44.27                    -2.3001547E-9            
44.28                    -2.3001236E-9            
44.29                    -2.3001392E-9            
44.3                     -2.3001547E-9            
44.31                    -2.3001236E-9            
44.32                    -2.3001392E-9            
44.33                    -2.3001547E-9            
44.34                    -2.3001392E-9            
44.35                    -2.3001236E-9            
44.36                    -2.3001547E-9            
44.37                    -2.3001392E-9            
44.38                    -2.3001236E-9            
44.39                    -2.3001547E-9            
44.4                     -2.3001392E-9            
44.41                    -2.3001236E-9            
44.42                    -2.3001547E-9            
44.43                    -2.3001392E-9            
44.44                    -2.3001547E-9            
44.45                    -2.3001392E-9            
44.46                    -2.3001236E-9            
44.47                    -2.3001547E-9            
44.48                    -2.3001392E-9            
44.49                    -2.3001236E-9            
44.5                     -2.3001547E-9            
44.51                    -2.3001392E-9            
44.52                    -2.3001236E-9            
44.53                    -2.3001547E-9            
44.54                    -2.3001392E-9            
44.55                    -2.3001236E-9            
44.56                    -2.30017E-9              
44.57                    -2.3001236E-9            
44.58                    -2.3001392E-9            
44.59                    -2.3001547E-9            
44.6                     -2.3001236E-9            
44.61                    -2.3001392E-9            
44.62                    -2.3001547E-9            
44.63                    -2.3001236E-9            
44.64                    -2.3001547E-9            
44.65                    -2.3001392E-9            
44.66                    -2.3001236E-9            
44.67                    -2.3001547E-9            
44.68                    -2.3001392E-9            
44.69                    -2.3001392E-9            
44.7                     -2.3001547E-9            
44.71                    -2.3001236E-9            
44.72                    -2.3001392E-9            
44.73                    -2.3001547E-9            
44.74                    -2.3001236E-9            
44.75                    -2.3001392E-9            
44.76                    -2.3001547E-9            
44.77                    -2.3001236E-9            
44.78                    -2.3001392E-9            
44.79                    -2.3001547E-9            
44.8                     -2.3001392E-9            
44.81                    -2.3001236E-9            
44.82                    -2.3001547E-9            
44.83                    -2.3001392E-9            
44.84                    -2.3001547E-9            
44.85                    -2.3001236E-9            
44.86                    -2.3001392E-9            
44.87                    -2.3001547E-9            
44.88                    -2.3001236E-9            
44.89                    -2.3001392E-9            
44.9                     -2.3001547E-9            
44.91                    -2.3001392E-9            
44.92                    -2.3001236E-9            
44.93                    -2.3001547E-9            
44.94                    -2.3001392E-9            
44.95                    -2.3001236E-9            
44.96                    -2.3001547E-9            
44.97                    -2.3001392E-9            
44.98                    -2.3001236E-9            
44.99                    -2.3001547E-9            
45.0                     -2.3001392E-9            
45.01                    -2.3001392E-9            
45.02                    -2.3001547E-9            
45.03                    -2.3001236E-9            
45.04                    -2.3001547E-9            
45.05                    -2.3001392E-9            
45.06                    -2.3001236E-9            
45.07                    -2.3001547E-9            
45.08                    -2.3001392E-9            
45.09                    -2.3001236E-9            
45.1                     -2.3001547E-9            
45.11                    -2.3001392E-9            
45.12                    -2.3001392E-9            
45.13                    -2.3001547E-9            
45.14                    -2.3001236E-9            
45.15                    -2.3001392E-9            
45.16                    -2.3001547E-9            
45.17                    -2.3001236E-9            
45.18                    -2.3001392E-9            
45.19                    -2.3001547E-9            
45.2                     -2.3001236E-9            
45.21                    -2.3001392E-9            
45.22                    -2.3001547E-9            
45.23                    -2.3001392E-9            
45.24                    -2.3001547E-9            
45.25                    -2.3001236E-9            
45.26                    -2.3001392E-9            
45.27                    -2.3001547E-9            
45.28                    -2.3001236E-9            
45.29                    -2.3001392E-9            
45.3                     -2.3001547E-9            
45.31                    -2.3001236E-9            
45.32                    -2.3001392E-9            
45.33                    -2.3001547E-9            
45.34                    -2.3001392E-9            
45.35                    -2.3001236E-9            
45.36                    -2.3001547E-9            
45.37                    -2.3001392E-9            
45.38                    -2.3001236E-9            
45.39                    -2.3001547E-9            
45.4                     -2.3001392E-9            
45.41                    -2.3001236E-9            
45.42                    -2.3001547E-9            
45.43                    -2.3001392E-9            
45.44                    -2.3001547E-9            
45.45                    -2.3001392E-9            
45.46                    -2.3001236E-9            
45.47                    -2.3001547E-9            
45.48                    -2.3001392E-9            
45.49                    -2.3001236E-9            
45.5                     -2.3001547E-9            
45.51                    -2.3001392E-9            
45.52                    -2.3001236E-9            
45.53                    -2.3001547E-9            
45.54                    -2.3001392E-9            
45.55                    -2.3001392E-9            
45.56                    -2.3001547E-9            
45.57                    -2.3001236E-9            
45.58                    -2.3001392E-9            
45.59                    -2.3001547E-9            
45.6                     -2.3001236E-9            
45.61                    -2.3001547E-9            
45.62                    -2.3001392E-9            
45.63                    -2.3001236E-9            
45.64                    -2.3001547E-9            
45.65                    -2.3001392E-9            
45.66                    -2.3001392E-9            
45.67                    -2.3001547E-9            
45.68                    -2.3001236E-9            
45.69                    -2.3001392E-9            
45.7                     -2.3001547E-9            
45.71                    -2.3001236E-9            
45.72                    -2.3001392E-9            
45.73                    -2.3001547E-9            
45.74                    -2.3001236E-9            
45.75                    -2.3001392E-9            
45.76                    -2.3001547E-9            
45.77                    -2.3001236E-9            
45.78                    -2.3001392E-9            
45.79                    -2.3001547E-9            
45.8                     -2.3001392E-9            
45.81                    -2.3001547E-9            
45.82                    -2.3001236E-9            
45.83                    -2.3001392E-9            
45.84                    -2.3001547E-9            
45.85                    -2.3001236E-9            
45.86                    -2.3001392E-9            
45.87                    -2.3001547E-9            
45.88                    -2.3001236E-9            
45.89                    -2.3001392E-9            
45.9                     -2.3001547E-9            
45.91                    -2.3001392E-9            
45.92                    -2.3001236E-9            
45.93                    -2.3001547E-9            
45.94                    -2.3001392E-9            
45.95                    -2.3001236E-9            
45.96                    -2.3001547E-9            
45.97                    -2.3001392E-9            
45.98                    -2.3001236E-9            
45.99                    -2.3001547E-9            
46.0                     -2.3001392E-9            
46.01                    -2.3001547E-9            
46.02                    -2.3001392E-9            
46.03                    -2.3001236E-9            
46.04                    -2.3001547E-9            
46.05                    -2.3001392E-9            
46.06                    -2.3001236E-9            
46.07                    -2.3001547E-9            
46.08                    -2.3001392E-9            
46.09                    -2.3001236E-9            
46.1                     -2.3001547E-9            
46.11                    -2.3001392E-9            
46.12                    -2.3001392E-9            
46.13                    -2.3001547E-9            
46.14                    -2.3001236E-9            
46.15                    -2.3001392E-9            
46.16                    -2.3001547E-9            
46.17                    -2.3001236E-9            
46.18                    -2.3001392E-9            
46.19                    -2.3001547E-9            
46.2                     -2.3001236E-9            
46.21                    -2.3001547E-9            
46.22                    -2.3001392E-9            
46.23                    -2.3001392E-9            
46.24                    -2.3001547E-9            
46.25                    -2.3001236E-9            
46.26                    -2.3001392E-9            
46.27                    -2.3001547E-9            
46.28                    -2.3001236E-9            
46.29                    -2.3001392E-9            
46.3                     -2.3001547E-9            
46.31                    -2.3001236E-9            
46.32                    -2.3001392E-9            
46.33                    -2.3001547E-9            
46.34                    -2.3001392E-9            
46.35                    -2.3001236E-9            
46.36                    -2.3001547E-9            
46.37                    -2.3001392E-9            
46.38                    -2.3001236E-9            
46.39                    -2.3001547E-9            
46.4                     -2.3001392E-9            
46.41                    -2.3001547E-9            
46.42                    -2.3001236E-9            
46.43                    -2.3001392E-9            
46.44                    -2.3001547E-9            
46.45                    -2.3001392E-9            
46.46                    -2.3001236E-9            
46.47                    -2.3001547E-9            
46.48                    -2.3001392E-9            
46.49                    -2.3001236E-9            
46.5                     -2.3001547E-9            
46.51                    -2.3001392E-9            
46.52                    -2.3001236E-9            
46.53                    -2.3001547E-9            
46.54                    -2.3001392E-9            
46.55                    -2.3001392E-9            
46.56                    -2.3001547E-9            
46.57                    -2.3001236E-9            
46.58                    -2.3001547E-9            
46.59                    -2.3001392E-9            
46.6                     -2.3001236E-9            
46.61                    -2.3001547E-9            
46.62                    -2.3001392E-9            
46.63                    -2.3001236E-9            
46.64                    -2.3001547E-9            
46.65                    -2.3001392E-9            
46.66                    -2.3001392E-9            
46.67                    -2.3001547E-9            
46.68                    -2.3001236E-9            
46.69                    -2.3001392E-9            
46.7                     -2.3001547E-9            
46.71                    -2.3001236E-9            
46.72                    -2.3001392E-9            
46.73                    -2.3001547E-9            
46.74                    -2.3001236E-9            
46.75                    -2.3001392E-9            
46.76                    -2.3001547E-9            
46.77                    -2.3001392E-9            
46.78                    -2.3001547E-9            
46.79                    -2.3001236E-9            
46.8                     -2.3001392E-9            
46.81                    -2.3001547E-9            
46.82                    -2.3001236E-9            
46.83                    -2.3001392E-9            
46.84                    -2.3001547E-9            
46.85                    -2.3001236E-9            
46.86                    -2.3001392E-9            
46.87                    -2.3001547E-9            
46.88                    -2.3001392E-9            
46.89                    -2.3001236E-9            
46.9                     -2.3001547E-9            
46.91                    -2.3001392E-9            
46.92                    -2.3001236E-9            
46.93                    -2.3001547E-9            
46.94                    -2.3001392E-9            
46.95                    -2.3001236E-9            
46.96                    -2.3001547E-9            
46.97                    -2.3001392E-9            
46.98                    -2.3001547E-9            
46.99                    -2.3001236E-9            
47.0                     -2.3001392E-9            
47.01                    -2.3001547E-9            
47.02                    -2.3001392E-9            
47.03                    -2.3001236E-9            
47.04                    -2.3001547E-9            
47.05                    -2.3001392E-9            
47.06                    -2.3001236E-9            
47.07                    -2.3001547E-9            
47.08                    -2.3001392E-9            
47.09                    -2.3001236E-9            
47.1                     -2.3001547E-9            
47.11                    -2.3001392E-9            
47.12                    -2.3001392E-9            
47.13                    -2.3001547E-9            
47.14                    -2.3001236E-9            
47.15                    -2.3001392E-9            
47.16                    -2.3001547E-9            
47.17                    -2.3001236E-9            
47.18                    -2.3001547E-9            
47.19                    -2.3001392E-9            
47.2                     -2.3001236E-9            
47.21                    -2.3001547E-9            
47.22                    -2.3001392E-9            
47.23                    -2.3001392E-9            
47.24                    -2.3001547E-9            
47.25                    -2.3001236E-9            
47.26                    -2.3001392E-9            
47.27                    -2.3001547E-9            
47.28                    -2.3001236E-9            
47.29                    -2.3001392E-9            
47.3                     -2.3001547E-9            
47.31                    -2.3001236E-9            
47.32                    -2.3001392E-9            
47.33                    -2.3001547E-9            
47.34                    -2.3001392E-9            
47.35                    -2.3001236E-9            
47.36                    -2.3001547E-9            
47.37                    -2.3001392E-9            
47.38                    -2.3001547E-9            
47.39                    -2.3001236E-9            
47.4                     -2.3001392E-9            
47.41                    -2.3001547E-9            
47.42                    -2.3001236E-9            
47.43                    -2.3001392E-9            
47.44                    -2.3001547E-9            
47.45                    -2.3001392E-9            
47.46                    -2.3001236E-9            
47.47                    -2.3001547E-9            
47.48                    -2.3001392E-9            
47.49                    -2.3001236E-9            
47.5                     -2.3001547E-9            
47.51                    -2.3001392E-9            
47.52                    -2.3001236E-9            
47.53                    -2.3001547E-9            
47.54                    -2.3001392E-9            
47.55                    -2.3001392E-9            
47.56                    -2.3001547E-9            
47.57                    -2.3001236E-9            
47.58                    -2.3001547E-9            
47.59                    -2.3001392E-9            
47.6                     -2.3001236E-9            
47.61                    -2.3001547E-9            
47.62                    -2.3001392E-9            
47.63                    -2.3001236E-9            
47.64                    -2.3001547E-9            
47.65                    -2.3001392E-9            
47.66                    -2.3001392E-9            
47.67                    -2.3001547E-9            
47.68                    -2.3001236E-9            
47.69                    -2.3001392E-9            
47.7                     -2.3001547E-9            
47.71                    -2.3001236E-9            
47.72                    -2.3001392E-9            
47.73                    -2.3001547E-9            
47.74                    -2.3001236E-9            
47.75                    -2.3001547E-9            
47.76                    -2.3001392E-9            
47.77                    -2.3001392E-9            
47.78                    -2.3001547E-9            
47.79                    -2.3001236E-9            
47.8                     -2.3001392E-9            
47.81                    -2.3001547E-9            
47.82                    -2.3001236E-9            
47.83                    -2.3001392E-9            
47.84                    -2.3001547E-9            
47.85                    -2.3001236E-9            
47.86                    -2.3001392E-9            
47.87                    -2.3001547E-9            
47.88                    -2.3001392E-9            
47.89                    -2.3001236E-9            
47.9                     -2.3001547E-9            
47.91                    -2.3001392E-9            
47.92                    -2.3001236E-9            
47.93                    -2.3001547E-9            
47.94                    -2.3001392E-9            
47.95                    -2.3001547E-9            
47.96                    -2.3001236E-9            
47.97                    -2.3001392E-9            
47.98                    -2.3001547E-9            
47.99                    -2.3001392E-9            
48.0                     -2.3001236E-9            
48.01                    -2.3001547E-9            
48.02                    -2.3001392E-9            
48.03                    -2.3001236E-9            
48.04                    -2.3001547E-9            
48.05                    -2.3001392E-9            
48.06                    -2.3001236E-9            
48.07                    -2.3001547E-9            
48.08                    -2.3001392E-9            
48.09                    -2.3001392E-9            
48.1                     -2.3001547E-9            
48.11                    -2.3001236E-9            
48.12                    -2.3001392E-9            
48.13                    -2.3001547E-9            
48.14                    -2.3001236E-9            
48.15                    -2.3001547E-9            
48.16                    -2.3001392E-9            
48.17                    -2.3001236E-9            
48.18                    -2.3001547E-9            
48.19                    -2.3001392E-9            
48.2                     -2.3001236E-9            
48.21                    -2.3001547E-9            
48.22                    -2.3001392E-9            
48.23                    -2.3001392E-9            
48.24                    -2.3001547E-9            
48.25                    -2.3001236E-9            
48.26                    -2.3001392E-9            
48.27                    -2.3001547E-9            
48.28                    -2.3001236E-9            
48.29                    -2.3001392E-9            
48.3                     -2.3001547E-9            
48.31                    -2.3001236E-9            
48.32                    -2.3001392E-9            
48.33                    -2.3001547E-9            
48.34                    -2.3001392E-9            
48.35                    -2.3001547E-9            
48.36                    -2.3001236E-9            
48.37                    -2.3001392E-9            
48.38                    -2.3001547E-9            
48.39                    -2.3001236E-9            
48.4                     -2.3001392E-9            
48.41                    -2.3001547E-9            
48.42                    -2.3001236E-9            
48.43                    -2.3001392E-9            
48.44                    -2.3001547E-9            
48.45                    -2.3001392E-9            
48.46                    -2.3001236E-9            
48.47                    -2.3001547E-9            
48.48                    -2.3001392E-9            
48.49                    -2.3001236E-9            
48.5                     -2.3001547E-9            
48.51                    -2.3001392E-9            
48.52                    -2.3001236E-9            
48.53                    -2.3001547E-9            
48.54                    -2.3001392E-9            
48.55                    -2.3001547E-9            
48.56                    -2.3001392E-9            
48.57                    -2.3001236E-9            
48.58                    -2.3001547E-9            
48.59                    -2.3001392E-9            
48.6                     -2.3001083E-9            
48.61                    -2.2989937E-9            
48.62                    -2.2989783E-9            
48.63                    -2.2990092E-9            
48.64                    -2.2989783E-9            
48.65                    -2.2989783E-9            
48.66                    -2.2989937E-9            
48.67                    -2.2989783E-9            
48.68                    -2.2989937E-9            
48.69                    -2.2989783E-9            
48.7                     -2.2990092E-9            
48.71                    -2.2989783E-9            
48.72                    -2.2989937E-9            
48.73                    -2.2989783E-9            
48.74                    -2.2990092E-9            
48.75                    -2.2989783E-9            
48.76                    -2.2989783E-9            
48.77                    -2.2989937E-9            
48.78                    -2.2989783E-9            
48.79                    -2.2989937E-9            
48.8                     -2.2989783E-9            
48.81                    -2.2990092E-9            
48.82                    -2.2989783E-9            
48.83                    -2.2989937E-9            
48.84                    -2.2989783E-9            
48.85                    -2.2990092E-9            
48.86                    -2.2989783E-9            
48.87                    -2.2989937E-9            
48.88                    -2.2989783E-9            
48.89                    -2.2989783E-9            
48.9                     -2.2989937E-9            
48.91                    -2.2989783E-9            
48.92                    -2.2990092E-9            
48.93                    -2.2989783E-9            
48.94                    -2.2989937E-9            
48.95                    -2.2989783E-9            
48.96                    -2.2990092E-9            
48.97                    -2.2989783E-9            
48.98                    -2.2989937E-9            
48.99                    -2.2989783E-9            
49.0                     -2.2989783E-9            
49.01                    -2.2989937E-9            
49.02                    -2.2989783E-9            
49.03                    -2.2990092E-9            
49.04                    -2.2989783E-9            
49.05                    -2.2989937E-9            
49.06                    -2.2989783E-9            
49.07                    -2.2989937E-9            
49.08                    -2.2989783E-9            
49.09                    -2.2990092E-9            
49.1                     -2.2989783E-9            
49.11                    -2.2989937E-9            
49.12                    -2.2989783E-9            
49.13                    -2.2989783E-9            
49.14                    -2.2990092E-9            
49.15                    -2.2989783E-9            
49.16                    -2.2989937E-9            
49.17                    -2.2989783E-9            
49.18                    -2.2989937E-9            
49.19                    -2.2989783E-9            
49.2                     -2.2990092E-9            
49.21                    -2.2989783E-9            
49.22                    -2.2989937E-9            
49.23                    -2.2989783E-9            
49.24                    -2.2989783E-9            
49.25                    -2.2990092E-9            
49.26                    -2.2989783E-9            
49.27                    -2.2989937E-9            
49.28                    -2.2989783E-9            
49.29                    -2.2989937E-9            
49.3                     -2.2989783E-9            
49.31                    -2.2990092E-9            
49.32                    -2.2989783E-9            
49.33                    -2.2989937E-9            
49.34                    -2.2989783E-9            
49.35                    -2.2989783E-9            
49.36                    -2.2990092E-9            
49.37                    -2.2989783E-9            
49.38                    -2.2989937E-9            
49.39                    -2.2989783E-9            
49.4                     -2.2989937E-9            
49.41                    -2.2989783E-9            
49.42                    -2.2990092E-9            
49.43                    -2.2989783E-9            
49.44                    -2.2989937E-9            
49.45                    -2.2989783E-9            
49.46                    -2.2990092E-9            
49.47                    -2.2989783E-9            
49.48                    -2.2989783E-9            
49.49                    -2.2989937E-9            
49.5                     -2.2989783E-9            
49.51                    -2.2989937E-9            
49.52                    -2.2989783E-9            
49.53                    -2.2990092E-9            
49.54                    -2.2989783E-9            
49.55                    -2.2989937E-9            
49.56                    -2.2989783E-9            
49.57                    -2.2989937E-9            
49.58                    -2.2989783E-9            
49.59                    -2.2989783E-9            
49.6                     -2.2990092E-9            
49.61                    -2.2989783E-9            
49.62                    -2.2989937E-9            
49.63                    -2.2989783E-9            
49.64                    -2.2990092E-9            
49.65                    -2.2989783E-9            
49.66                    -2.2989937E-9            
49.67                    -2.2989783E-9            
49.68                    -2.2989937E-9            
49.69                    -2.2989783E-9            
49.7                     -2.2990092E-9            
49.71                    -2.2989783E-9            
49.72                    -2.2989783E-9            
49.73                    -2.2989937E-9            
49.74                    -2.2989783E-9            
49.75                    -2.2990092E-9            
49.76                    -2.2989783E-9            
49.77                    -2.2989937E-9            
49.78                    -2.2989783E-9            
49.79                    -2.2989937E-9            
49.8                     -2.2989783E-9            
49.81                    -2.2990092E-9            
49.82                    -2.2989783E-9            
49.83                    -2.2989783E-9            
49.84                    -2.2989937E-9            
49.85                    -2.2989783E-9            
49.86                    -2.2990092E-9            
49.87                    -2.2989783E-9            
49.88                    -2.2989937E-9            
49.89                    -2.2989783E-9            
49.9                     -2.2989937E-9            
49.91                    -2.2989783E-9            
49.92                    -2.2990092E-9            
49.93                    -2.2989783E-9            
49.94                    -2.2989937E-9            
49.95                    -2.2989783E-9            
49.96                    -2.2989783E-9            
49.97                    -2.2990092E-9            
49.98                    -2.2989783E-9            
49.99                    -2.2989937E-9            
50.0                     -2.2989783E-9            
50.01                    -2.2989937E-9            
50.02                    -2.2989783E-9            
50.03                    -2.2990092E-9            
50.04                    -2.2989783E-9            
50.05                    -2.2989937E-9            
50.06                    -2.2989783E-9            
50.07                    -2.2989783E-9            
50.08                    -2.2989937E-9            
50.09                    -2.2989783E-9            
50.1                     -2.2990092E-9            
50.11                    -2.2989783E-9            
50.12                    -2.2989937E-9            
50.13                    -2.2989783E-9            
50.14                    -2.2990092E-9            
50.15                    -2.2989783E-9            
50.16                    -2.2989937E-9            
50.17                    -2.2989783E-9            
50.18                    -2.2989783E-9            
50.19                    -2.2989937E-9            
50.2                     -2.2989783E-9            
50.21                    -2.2990092E-9            
50.22                    -2.2989783E-9            
50.23                    -2.2989937E-9            
50.24                    -2.2989783E-9            
50.25                    -2.2990092E-9            
50.26                    -2.2989783E-9            
50.27                    -2.2989937E-9            
50.28                    -2.2989783E-9            
50.29                    -2.2989937E-9            
50.3                     -2.2989783E-9            
50.31                    -2.2989783E-9            
50.32                    -2.2990092E-9            
50.33                    -2.2989783E-9            
50.34                    -2.2989937E-9            
50.35                    -2.2989783E-9            
50.36                    -2.2990092E-9            
50.37                    -2.2989783E-9            
50.38                    -2.2989937E-9            
50.39                    -2.2989783E-9            
50.4                     -2.2989937E-9            
50.41                    -2.2989783E-9            
50.42                    -2.2989783E-9            
50.43                    -2.2990092E-9            
50.44                    -2.2989783E-9            
50.45                    -2.2989937E-9            
50.46                    -2.2989783E-9            
50.47                    -2.2990092E-9            
50.48                    -2.2989783E-9            
50.49                    -2.2989937E-9            
50.5                     -2.2989783E-9            
50.51                    -2.2989937E-9            
50.52                    -2.2989783E-9            
50.53                    -2.2990092E-9            
50.54                    -2.2989783E-9            
50.55                    -2.2989783E-9            
50.56                    -2.2989937E-9            
50.57                    -2.2989783E-9            
50.58                    -2.2989937E-9            
50.59                    -2.2989783E-9            
50.6                     -2.2990092E-9            
50.61                    -2.2989783E-9            
50.62                    -2.2989937E-9            
50.63                    -2.2989783E-9            
50.64                    -2.2990092E-9            
50.65                    -2.2989783E-9            
50.66                    -2.2989783E-9            
50.67                    -2.2989937E-9            
50.68                    -2.2989783E-9            
50.69                    -2.2989937E-9            
50.7                     -2.2989783E-9            
50.71                    -2.2990092E-9            
50.72                    -2.2989783E-9            
50.73                    -2.2989937E-9            
50.74                    -2.2989783E-9            
50.75                    -2.2990092E-9            
50.76                    -2.2989783E-9            
50.77                    -2.2989937E-9            
50.78                    -2.2989783E-9            
50.79                    -2.2989783E-9            
50.8                     -2.2989937E-9            
50.81                    -2.2989783E-9            
50.82                    -2.2990092E-9            
50.83                    -2.2989783E-9            
50.84                    -2.2989937E-9            
50.85                    -2.2989783E-9            
50.86                    -2.2990092E-9            
50.87                    -2.2989783E-9            
50.88                    -2.2989937E-9            
50.89                    -2.2989783E-9            
50.9                     -2.2989783E-9            
50.91                    -2.2989937E-9            
50.92                    -2.2989783E-9            
50.93                    -2.2990092E-9            
50.94                    -2.2989783E-9            
50.95                    -2.2989937E-9            
50.96                    -2.2989783E-9            
50.97                    -2.2990092E-9            
50.98                    -2.2989783E-9            
50.99                    -2.2989937E-9            
51.0                     -2.2989783E-9            
51.01                    -2.2989783E-9            
51.02                    -2.2989937E-9            
51.03                    -2.2989783E-9            
51.04                    -2.2990092E-9            
51.05                    -2.2989783E-9            
51.06                    -2.2989937E-9            
51.07                    -2.2989783E-9            
51.08                    -2.2989937E-9            
51.09                    -2.2989783E-9            
51.1                     -2.2990092E-9            
51.11                    -2.2989783E-9            
51.12                    -2.2989937E-9            
51.13                    -2.2989783E-9            
51.14                    -2.2989783E-9            
51.15                    -2.2990092E-9            
51.16                    -2.2989783E-9            
51.17                    -2.2989937E-9            
51.18                    -2.2989783E-9            
51.19                    -2.2989937E-9            
51.2                     -2.2989783E-9            
51.21                    -2.2990092E-9            
51.22                    -2.2989783E-9            
51.23                    -2.2989937E-9            
51.24                    -2.2989783E-9            
51.25                    -2.2989783E-9            
51.26                    -2.2990092E-9            
51.27                    -2.2989783E-9            
51.28                    -2.2989937E-9            
51.29                    -2.2989783E-9            
51.3                     -2.2989937E-9            
51.31                    -2.2989783E-9            
51.32                    -2.2990092E-9            
51.33                    -2.2989783E-9            
51.34                    -2.2989937E-9            
51.35                    -2.2989783E-9            
51.36                    -2.2990092E-9            
51.37                    -2.2989783E-9            
51.38                    -2.2989783E-9            
51.39                    -2.2989937E-9            
51.4                     -2.2989783E-9            
51.41                    -2.2989937E-9            
51.42                    -2.2989783E-9            
51.43                    -2.2990092E-9            
51.44                    -2.2989783E-9            
51.45                    -2.2989937E-9            
51.46                    -2.2989783E-9            
51.47                    -2.2990092E-9            
51.48                    -2.2989783E-9            
51.49                    -2.2989628E-9            
51.5                     -2.2990092E-9            
51.51                    -2.2989783E-9            
51.52                    -2.2989937E-9            
51.53                    -2.2989783E-9            
51.54                    -2.2990092E-9            
51.55                    -2.2989783E-9            
51.56                    -2.2989937E-9            
51.57                    -2.2989783E-9            
51.58                    -2.2989937E-9            
51.59                    -2.2989783E-9            
51.6                     -2.2990092E-9            
51.61                    -2.2989783E-9            
51.62                    -2.2989783E-9            
51.63                    -2.2989937E-9            
51.64                    -2.2989783E-9            
51.65                    -2.2990092E-9            
51.66                    -2.2989783E-9            
51.67                    -2.2989937E-9            
51.68                    -2.2989783E-9            
51.69                    -2.2989937E-9            
51.7                     -2.2989783E-9            
51.71                    -2.2990092E-9            
51.72                    -2.2989783E-9            
51.73                    -2.2989783E-9            
51.74                    -2.2989937E-9            
51.75                    -2.2989783E-9            
51.76                    -2.2990092E-9            
51.77                    -2.2989783E-9            
51.78                    -2.2989937E-9            
51.79                    -2.2989783E-9            
51.8                     -2.2989937E-9            
51.81                    -2.2989783E-9            
51.82                    -2.2990092E-9            
51.83                    -2.2989783E-9            
51.84                    -2.2989783E-9            
51.85                    -2.2989937E-9            
51.86                    -2.2989783E-9            
51.87                    -2.2990092E-9            
51.88                    -2.2989783E-9            
51.89                    -2.2989937E-9            
51.9                     -2.2989783E-9            
51.91                    -2.2989937E-9            
51.92                    -2.2989783E-9            
51.93                    -2.2990092E-9            
51.94                    -2.2989783E-9            
51.95                    -2.2989937E-9            
51.96                    -2.2989783E-9            
51.97                    -2.2989783E-9            
51.98                    -2.2990092E-9            
51.99                    -2.2989628E-9            
52.0                     -2.2990092E-9            
52.01                    -2.2989783E-9            
52.02                    -2.2989937E-9            
52.03                    -2.2989783E-9            
52.04                    -2.2990092E-9            
52.05                    -2.2989783E-9            
52.06                    -2.2989937E-9            
52.07                    -2.2989783E-9            
52.08                    -2.2989783E-9            
52.09                    -2.2989937E-9            
52.1                     -2.2989783E-9            
52.11                    -2.2990092E-9            
52.12                    -2.2989783E-9            
52.13                    -2.2989937E-9            
52.14                    -2.2989783E-9            
52.15                    -2.2990092E-9            
52.16                    -2.2989783E-9            
52.17                    -2.2989937E-9            
52.18                    -2.2989783E-9            
52.19                    -2.2989937E-9            
52.2                     -2.2989783E-9            
52.21                    -2.2989783E-9            
52.22                    -2.2990092E-9            
52.23                    -2.2989783E-9            
52.24                    -2.2989937E-9            
52.25                    -2.2989783E-9            
52.26                    -2.2990092E-9            
52.27                    -2.2989783E-9            
52.28                    -2.2989937E-9            
52.29                    -2.2989783E-9            
52.3                     -2.2989937E-9            
52.31                    -2.2989783E-9            
52.32                    -2.2989783E-9            
52.33                    -2.2990092E-9            
52.34                    -2.2989783E-9            
52.35                    -2.2989937E-9            
52.36                    -2.2989783E-9            
52.37                    -2.2990092E-9            
52.38                    -2.2989783E-9            
52.39                    -2.2989937E-9            
52.4                     -2.2989783E-9            
52.41                    -2.2989937E-9            
52.42                    -2.2989783E-9            
52.43                    -2.2990092E-9            
52.44                    -2.2989783E-9            
52.45                    -2.2989783E-9            
52.46                    -2.2989937E-9            
52.47                    -2.2989783E-9            
52.48                    -2.2990092E-9            
52.49                    -2.2989783E-9            
52.5                     -2.2989937E-9            
52.51                    -2.2989783E-9            
52.52                    -2.2989937E-9            
52.53                    -2.2989783E-9            
52.54                    -2.2990092E-9            
52.55                    -2.2989783E-9            
52.56                    -2.2989783E-9            
52.57                    -2.2989937E-9            
52.58                    -2.2989783E-9            
52.59                    -2.2989937E-9            
52.6                     -2.2989783E-9            
52.61                    -2.2990092E-9            
52.62                    -2.2989783E-9            
52.63                    -2.2989937E-9            
52.64                    -2.2989783E-9            
52.65                    -2.2990092E-9            
52.66                    -2.2989783E-9            
52.67                    -2.2989783E-9            
52.68                    -2.2989937E-9            
52.69                    -2.2989783E-9            
52.7                     -2.2989937E-9            
52.71                    -2.2989783E-9            
52.72                    -2.2990092E-9            
52.73                    -2.2989783E-9            
52.74                    -2.2989937E-9            
52.75                    -2.2989783E-9            
52.76                    -2.2990092E-9            
52.77                    -2.2989783E-9            
52.78                    -2.2989937E-9            
52.79                    -2.2989783E-9            
52.8                     -2.2989783E-9            
52.81                    -2.2989937E-9            
52.82                    -2.2989783E-9            
52.83                    -2.2990092E-9            
52.84                    -2.2989783E-9            
52.85                    -2.2989937E-9            
52.86                    -2.2989783E-9            
52.87                    -2.2990092E-9            
52.88                    -2.2989783E-9            
52.89                    -2.2989937E-9            
52.9                     -2.2989783E-9            
52.91                    -2.2989783E-9            
52.92                    -2.2989937E-9            
52.93                    -2.2989783E-9            
52.94                    -2.2990092E-9            
52.95                    -2.2989783E-9            
52.96                    -2.2989937E-9            
52.97                    -2.2989783E-9            
52.98                    -2.2990092E-9            
52.99                    -2.2989783E-9            
53.0                     -2.2989937E-9            
53.01                    -2.2989783E-9            
53.02                    -2.2989937E-9            
53.03                    -2.2989783E-9            
53.04                    -2.2989783E-9            
53.05                    -2.2990092E-9            
53.06                    -2.2989783E-9            
53.07                    -2.2989937E-9            
53.08                    -2.2989783E-9            
53.09                    -2.2989937E-9            
53.1                     -2.2989783E-9            
53.11                    -2.2990092E-9            
53.12                    -2.2989783E-9            
53.13                    -2.2989937E-9            
53.14                    -2.2989783E-9            
53.15                    -2.2989783E-9            
53.16                    -2.2990092E-9            
53.17                    -2.2989783E-9            
53.18                    -2.2989937E-9            
53.19                    -2.2989783E-9            
53.2                     -2.2989937E-9            
53.21                    -2.2989783E-9            
53.22                    -2.2990092E-9            
53.23                    -2.2989783E-9            
53.24                    -2.2989937E-9            
53.25                    -2.2989783E-9            
53.26                    -2.2990092E-9            
53.27                    -2.2989783E-9            
53.28                    -2.2989783E-9            
53.29                    -2.2989937E-9            
53.3                     -2.2989783E-9            
53.31                    -2.2989937E-9            
53.32                    -2.2989783E-9            
53.33                    -2.2990092E-9            
53.34                    -2.2989783E-9            
53.35                    -2.2989937E-9            
53.36                    -2.2989783E-9            
53.37                    -2.2990092E-9            
53.38                    -2.2989783E-9            
53.39                    -2.2989783E-9            
53.4                     -2.2989937E-9            
53.41                    -2.2989783E-9            
53.42                    -2.2989937E-9            
53.43                    -2.2989783E-9            
53.44                    -2.2990092E-9            
53.45                    -2.2989783E-9            
53.46                    -2.2989937E-9            
53.47                    -2.2989783E-9            
53.48                    -2.2990092E-9            
53.49                    -2.2989783E-9            
53.5                     -2.2989628E-9            
53.51                    -2.2990092E-9            
53.52                    -2.2989783E-9            
53.53                    -2.2989937E-9            
53.54                    -2.2989783E-9            
53.55                    -2.2990092E-9            
53.56                    -2.2989783E-9            
53.57                    -2.2989937E-9            
53.58                    -2.2989783E-9            
53.59                    -2.2989937E-9            
53.6                     -2.2989783E-9            
53.61                    -2.2990092E-9            
53.62                    -2.2989783E-9            
53.63                    -2.2989783E-9            
53.64                    -2.2989937E-9            
53.65                    -2.2989783E-9            
53.66                    -2.2990092E-9            
53.67                    -2.2989783E-9            
53.68                    -2.2989937E-9            
53.69                    -2.2989783E-9            
53.7                     -2.2989937E-9            
53.71                    -2.2989783E-9            
53.72                    -2.2990092E-9            
53.73                    -2.2989783E-9            
53.74                    -2.2989783E-9            
53.75                    -2.2989937E-9            
53.76                    -2.2989783E-9            
53.77                    -2.2990092E-9            
53.78                    -2.2989783E-9            
53.79                    -2.2989937E-9            
53.8                     -2.2989783E-9            
53.81                    -2.2989937E-9            
53.82                    -2.2989783E-9            
53.83                    -2.2990092E-9            
53.84                    -2.2989783E-9            
53.85                    -2.2989937E-9            
53.86                    -2.2989783E-9            
53.87                    -2.2989783E-9            
53.88                    -2.2990092E-9            
53.89                    -2.2989783E-9            
53.9                     -2.2989937E-9            
53.91                    -2.2989783E-9            
53.92                    -2.2989937E-9            
53.93                    -2.2989783E-9            
53.94                    -2.2990092E-9            
53.95                    -2.2989783E-9            
53.96                    -2.2989937E-9            
53.97                    -2.2989783E-9            
53.98                    -2.2989783E-9            
53.99                    -2.2990092E-9            
54.0                     -2.2989628E-9            
54.01                    -2.2990092E-9            
54.02                    -2.2989783E-9            
54.03                    -2.2989937E-9            
54.04                    -2.2989783E-9            
54.05                    -2.2990092E-9            
54.06                    -2.2989783E-9            
54.07                    -2.2989937E-9            
54.08                    -2.2989783E-9            
54.09                    -2.2989937E-9            
54.1                     -2.2989783E-9            
54.11                    -2.2989783E-9            
54.12                    -2.2990092E-9            
54.13                    -2.2989783E-9            
54.14                    -2.2989937E-9            
54.15                    -2.2989783E-9            
54.16                    -2.2990092E-9            
54.17                    -2.2989783E-9            
54.18                    -2.2989937E-9            
54.19                    -2.2989783E-9            
54.2                     -2.2989937E-9            
54.21                    -2.2989783E-9            
54.22                    -2.2989783E-9            
54.23                    -2.2990092E-9            
54.24                    -2.2989783E-9            
54.25                    -2.2989937E-9            
54.26                    -2.2989783E-9            
54.27                    -2.2990092E-9            
54.28                    -2.2989783E-9            
54.29                    -2.2989937E-9            
54.3                     -2.2989783E-9            
54.31                    -2.2989937E-9            
54.32                    -2.2989783E-9            
54.33                    -2.2989783E-9            
54.34                    -2.2990092E-9            
54.35                    -2.2989783E-9            
54.36                    -2.2989937E-9            
54.37                    -2.2989783E-9            
54.38                    -2.2990092E-9            
54.39                    -2.2989783E-9            
54.4                     -2.2989937E-9            
54.41                    -2.2989783E-9            
54.42                    -2.2989937E-9            
54.43                    -2.2989783E-9            
54.44                    -2.2990092E-9            
54.45                    -2.2989783E-9            
54.46                    -2.2989783E-9            
54.47                    -2.2989937E-9            
54.48                    -2.2989783E-9            
54.49                    -2.2990092E-9            
54.5                     -2.2989628E-9            
54.51                    -2.2990092E-9            
54.52                    -2.2989783E-9            
54.53                    -2.2989937E-9            
54.54                    -2.2989783E-9            
54.55                    -2.2990092E-9            
54.56                    -2.2989783E-9            
54.57                    -2.2989783E-9            
54.58                    -2.2989937E-9            
54.59                    -2.2989783E-9            
54.6                     -2.2989937E-9            
54.61                    -2.2989783E-9            
54.62                    -2.2990092E-9            
54.63                    -2.2989783E-9            
54.64                    -2.2989937E-9            
54.65                    -2.2989783E-9            
54.66                    -2.2990092E-9            
54.67                    -2.2989783E-9            
54.68                    -2.2989937E-9            
54.69                    -2.2989783E-9            
54.7                     -2.2989783E-9            
54.71                    -2.2989937E-9            
54.72                    -2.2989783E-9            
54.73                    -2.2990092E-9            
54.74                    -2.2989783E-9            
54.75                    -2.2989937E-9            
54.76                    -2.2989783E-9            
54.77                    -2.2990092E-9            
54.78                    -2.2989783E-9            
54.79                    -2.2989937E-9            
54.8                     -2.2989783E-9            
54.81                    -2.2989783E-9            
54.82                    -2.2989937E-9            
54.83                    -2.2989783E-9            
54.84                    -2.2990092E-9            
54.85                    -2.2989783E-9            
54.86                    -2.2989937E-9            
54.87                    -2.2989783E-9            
54.88                    -2.2990092E-9            
54.89                    -2.2989783E-9            
54.9                     -2.2989937E-9            
54.91                    -2.2989783E-9            
54.92                    -2.2989937E-9            
54.93                    -2.2989783E-9            
54.94                    -2.2989783E-9            
54.95                    -2.2990092E-9            
54.96                    -2.2989783E-9            
54.97                    -2.2989937E-9            
54.98                    -2.2989783E-9            
54.99                    -2.2990092E-9            
55.0                     -2.2989628E-9            
55.01                    -2.2990092E-9            
55.02                    -2.2989783E-9            
55.03                    -2.2989937E-9            
55.04                    -2.2989783E-9            
55.05                    -2.2989783E-9            
55.06                    -2.2990092E-9            
55.07                    -2.2989783E-9            
55.08                    -2.2989937E-9            
55.09                    -2.2989783E-9            
55.1                     -2.2989937E-9            
55.11                    -2.2989783E-9            
55.12                    -2.2990092E-9            
55.13                    -2.2989783E-9            
55.14                    -2.2989937E-9            
55.15                    -2.2989783E-9            
55.16                    -2.2989783E-9            
55.17                    -2.2990092E-9            
55.18                    -2.2989783E-9            
55.19                    -2.2989937E-9            
55.2                     -2.2989783E-9            
55.21                    -2.2989937E-9            
55.22                    -2.2989783E-9            
55.23                    -2.2990092E-9            
55.24                    -2.2989783E-9            
55.25                    -2.2989937E-9            
55.26                    -2.2989783E-9            
55.27                    -2.2990092E-9            
55.28                    -2.2989783E-9            
55.29                    -2.2989783E-9            
55.3                     -2.2989937E-9            
55.31                    -2.2989783E-9            
55.32                    -2.2989937E-9            
55.33                    -2.2989783E-9            
55.34                    -2.2990092E-9            
55.35                    -2.2989783E-9            
55.36                    -2.2989937E-9            
55.37                    -2.2989783E-9            
55.38                    -2.2990092E-9            
55.39                    -2.2989783E-9            
55.4                     -2.2989783E-9            
55.41                    -2.2989937E-9            
55.42                    -2.2989783E-9            
55.43                    -2.2989937E-9            
55.44                    -2.2989783E-9            
55.45                    -2.2990092E-9            
55.46                    -2.2989783E-9            
55.47                    -2.2989937E-9            
55.48                    -2.2989783E-9            
55.49                    -2.2990092E-9            
55.5                     -2.2989628E-9            
55.51                    -2.2990092E-9            
55.52                    -2.2989783E-9            
55.53                    -2.2989783E-9            
55.54                    -2.2989937E-9            
55.55                    -2.2989783E-9            
55.56                    -2.2990092E-9            
55.57                    -2.2989783E-9            
55.58                    -2.2989937E-9            
55.59                    -2.2989783E-9            
55.6                     -2.2989937E-9            
55.61                    -2.2989783E-9            
55.62                    -2.2990092E-9            
55.63                    -2.2989783E-9            
55.64                    -2.2989783E-9            
55.65                    -2.2989937E-9            
55.66                    -2.2989783E-9            
55.67                    -2.2990092E-9            
55.68                    -2.2989783E-9            
55.69                    -2.2989937E-9            
55.7                     -2.2989783E-9            
55.71                    -2.2989937E-9            
55.72                    -2.2989783E-9            
55.73                    -2.2990092E-9            
55.74                    -2.2989783E-9            
55.75                    -2.2989937E-9            
55.76                    -2.2989783E-9            
55.77                    -2.2989783E-9            
55.78                    -2.2990092E-9            
55.79                    -2.2989783E-9            
55.8                     -2.2989937E-9            
55.81                    -2.2989783E-9            
55.82                    -2.2989937E-9            
55.83                    -2.2989783E-9            
55.84                    -2.2990092E-9            
55.85                    -2.2989783E-9            
55.86                    -2.2989937E-9            
55.87                    -2.2989783E-9            
55.88                    -2.2989783E-9            
55.89                    -2.2990092E-9            
55.9                     -2.2989783E-9            
55.91                    -2.2989937E-9            
55.92                    -2.2989783E-9            
55.93                    -2.2989937E-9            
55.94                    -2.2989783E-9            
55.95                    -2.2990092E-9            
55.96                    -2.2989783E-9            
55.97                    -2.2989937E-9            
55.98                    -2.2989783E-9            
55.99                    -2.2989783E-9            
56.0                     -2.2990092E-9            
56.01                    -2.2989628E-9            
56.02                    -2.2990092E-9            
56.03                    -2.2989783E-9            
56.04                    -2.2989937E-9            
56.05                    -2.2989783E-9            
56.06                    -2.2990092E-9            
56.07                    -2.2989783E-9            
56.08                    -2.2989937E-9            
56.09                    -2.2989783E-9            
56.1                     -2.2989937E-9            
56.11                    -2.2989783E-9            
56.12                    -2.2989783E-9            
56.13                    -2.2990092E-9            
56.14                    -2.2989783E-9            
56.15                    -2.2989937E-9            
56.16                    -2.2989783E-9            
56.17                    -2.2990092E-9            
56.18                    -2.2989783E-9            
56.19                    -2.2989937E-9            
56.2                     -2.2989783E-9            
56.21                    -2.2989939E-9            
56.22                    -2.2989783E-9            
56.23                    -2.2989783E-9            
56.24                    -2.2990092E-9            
56.25                    -2.2989783E-9            
56.26                    -2.2989939E-9            
56.27                    -2.2989783E-9            
56.28                    -2.2990092E-9            
56.29                    -2.2989783E-9            
56.3                     -2.2989939E-9            
56.31                    -2.2989783E-9            
56.32                    -2.2989939E-9            
56.33                    -2.2989783E-9            
56.34                    -2.2990092E-9            
56.35                    -2.2989783E-9            
56.36                    -2.2989783E-9            
56.37                    -2.2989939E-9            
56.38                    -2.2989783E-9            
56.39                    -2.2990092E-9            
56.4                     -2.2989783E-9            
56.41                    -2.2989939E-9            
56.42                    -2.2989783E-9            
56.43                    -2.2989939E-9            
56.44                    -2.2989783E-9            
56.45                    -2.2990092E-9            
56.46                    -2.2989783E-9            
56.47                    -2.2989783E-9            
56.48                    -2.2989939E-9            
56.49                    -2.2989783E-9            
56.5                     -2.2990092E-9            
56.51                    -2.2989628E-9            
56.52                    -2.2990092E-9            
56.53                    -2.2989783E-9            
56.54                    -2.2989939E-9            
56.55                    -2.2989783E-9            
56.56                    -2.2990092E-9            
56.57                    -2.2989783E-9            
56.58                    -2.2989939E-9            
56.59                    -2.2989783E-9            
56.6                     -2.2989783E-9            
56.61                    -2.2989939E-9            
56.62                    -2.2989783E-9            
56.63                    -2.2990092E-9            
56.64                    -2.2989783E-9            
56.65                    -2.2989939E-9            
56.66                    -2.2989783E-9            
56.67                    -2.2990092E-9            
56.68                    -2.2989783E-9            
56.69                    -2.2989939E-9            
56.7                     -2.2989783E-9            
56.71                    -2.2989783E-9            
56.72                    -2.2989939E-9            
56.73                    -2.2989783E-9            
56.74                    -2.2990092E-9            
56.75                    -2.2989783E-9            
56.76                    -2.2989939E-9            
56.77                    -2.2989783E-9            
56.78                    -2.2990092E-9            
56.79                    -2.2989783E-9            
56.8                     -2.2989939E-9            
56.81                    -2.2989783E-9            
56.82                    -2.2989783E-9            
56.83                    -2.2989939E-9            
56.84                    -2.2989783E-9            
56.85                    -2.2990092E-9            
56.86                    -2.2989783E-9            
56.87                    -2.2989939E-9            
56.88                    -2.2989783E-9            
56.89                    -2.2990092E-9            
56.9                     -2.2989783E-9            
56.91                    -2.2989939E-9            
56.92                    -2.2989783E-9            
56.93                    -2.2989939E-9            
56.94                    -2.2989783E-9            
56.95                    -2.2989783E-9            
56.96                    -2.2990092E-9            
56.97                    -2.2989783E-9            
56.98                    -2.2989939E-9            
56.99                    -2.2989783E-9            
57.0                     -2.2990092E-9            
57.01                    -2.2989628E-9            
57.02                    -2.2990092E-9            
57.03                    -2.2989783E-9            
57.04                    -2.2989939E-9            
57.05                    -2.2989783E-9            
57.06                    -2.2989783E-9            
57.07                    -2.2990092E-9            
57.08                    -2.2989783E-9            
57.09                    -2.2989939E-9            
57.1                     -2.2989783E-9            
57.11                    -2.2989939E-9            
57.12                    -2.2989783E-9            
57.13                    -2.2990092E-9            
57.14                    -2.2989783E-9            
57.15                    -2.2989939E-9            
57.16                    -2.2989783E-9            
57.17                    -2.2990092E-9            
57.18                    -2.2989783E-9            
57.19                    -2.2989783E-9            
57.2                     -2.2989939E-9            
57.21                    -2.2989783E-9            
57.22                    -2.2989939E-9            
57.23                    -2.2989783E-9            
57.24                    -2.2990092E-9            
57.25                    -2.2989783E-9            
57.26                    -2.2989939E-9            
57.27                    -2.2989783E-9            
57.28                    -2.2990092E-9            
57.29                    -2.2989783E-9            
57.3                     -2.2989783E-9            
57.31                    -2.2989939E-9            
57.32                    -2.2989783E-9            
57.33                    -2.2989939E-9            
57.34                    -2.2989783E-9            
57.35                    -2.2990092E-9            
57.36                    -2.2989783E-9            
57.37                    -2.2989939E-9            
57.38                    -2.2989783E-9            
57.39                    -2.2990092E-9            
57.4                     -2.2989783E-9            
57.41                    -2.2989939E-9            
57.42                    -2.2989783E-9            
57.43                    -2.2989783E-9            
57.44                    -2.2989939E-9            
57.45                    -2.2989783E-9            
57.46                    -2.2990092E-9            
57.47                    -2.2989783E-9            
57.48                    -2.2989939E-9            
57.49                    -2.2989783E-9            
57.5                     -2.2990092E-9            
57.51                    -2.2989628E-9            
57.52                    -2.2990092E-9            
57.53                    -2.2989783E-9            
57.54                    -2.2989783E-9            
57.55                    -2.2989939E-9            
57.56                    -2.2989783E-9            
57.57                    -2.2990092E-9            
57.58                    -2.2989783E-9            
57.59                    -2.2989939E-9            
57.6                     -2.2989628E-9            
57.61                    -2.2983437E-9            
57.62                    -2.298359E-9             
57.63                    -2.298359E-9             
57.64                    -2.298359E-9             
57.65                    -2.298359E-9             
57.66                    -2.298359E-9             
57.67                    -2.2983746E-9            
57.68                    -2.298359E-9             
57.69                    -2.2983437E-9            
57.7                     -2.298359E-9             
57.71                    -2.298359E-9             
57.72                    -2.298359E-9             
57.73                    -2.298359E-9             
57.74                    -2.2983437E-9            
57.75                    -2.298359E-9             
57.76                    -2.298359E-9             
57.77                    -2.298359E-9             
57.78                    -2.298359E-9             
57.79                    -2.298359E-9             
57.8                     -2.2983437E-9            
57.81                    -2.298359E-9             
57.82                    -2.298359E-9             
57.83                    -2.298359E-9             
57.84                    -2.298359E-9             
57.85                    -2.2983746E-9            
57.86                    -2.298359E-9             
57.87                    -2.298359E-9             
57.88                    -2.2983437E-9            
57.89                    -2.298359E-9             
57.9                     -2.298359E-9             
57.91                    -2.298359E-9             
57.92                    -2.298359E-9             
57.93                    -2.2983437E-9            
57.94                    -2.298359E-9             
57.95                    -2.298359E-9             
57.96                    -2.298359E-9             
57.97                    -2.298359E-9             
57.98                    -2.298359E-9             
57.99                    -2.2983437E-9            
58.0                     -2.298359E-9             
58.01                    -2.298359E-9             
58.02                    -2.298359E-9             
58.03                    -2.2983746E-9            
58.04                    -2.298359E-9             
58.05                    -2.298359E-9             
58.06                    -2.298359E-9             
58.07                    -2.2983437E-9            
58.08                    -2.298359E-9             
58.09                    -2.298359E-9             
58.1                     -2.298359E-9             
58.11                    -2.298359E-9             
58.12                    -2.2983437E-9            
58.13                    -2.298359E-9             
58.14                    -2.298359E-9             
58.15                    -2.298359E-9             
58.16                    -2.298359E-9             
58.17                    -2.298359E-9             
58.18                    -2.2983437E-9            
58.19                    -2.298359E-9             
58.2                     -2.298359E-9             
58.21                    -2.2983746E-9            
58.22                    -2.298359E-9             
58.23                    -2.298359E-9             
58.24                    -2.298359E-9             
58.25                    -2.2983437E-9            
58.26                    -2.298359E-9             
58.27                    -2.298359E-9             
58.28                    -2.298359E-9             
58.29                    -2.298359E-9             
58.3                     -2.298359E-9             
58.31                    -2.2983437E-9            
58.32                    -2.298359E-9             
58.33                    -2.298359E-9             
58.34                    -2.298359E-9             
58.35                    -2.298359E-9             
58.36                    -2.2983437E-9            
58.37                    -2.298359E-9             
58.38                    -2.298359E-9             
58.39                    -2.298359E-9             
58.4                     -2.2983746E-9            
58.41                    -2.298359E-9             
58.42                    -2.298359E-9             
58.43                    -2.298359E-9             
58.44                    -2.2983437E-9            
58.45                    -2.298359E-9             
58.46                    -2.298359E-9             
58.47                    -2.298359E-9             
58.48                    -2.298359E-9             
58.49                    -2.298359E-9             
58.5                     -2.2983437E-9            
58.51                    -2.298359E-9             
58.52                    -2.298359E-9             
58.53                    -2.298359E-9             
58.54                    -2.298359E-9             
58.55                    -2.2983437E-9            
58.56                    -2.298359E-9             
58.57                    -2.298359E-9             
58.58                    -2.2983746E-9            
58.59                    -2.298359E-9             
58.6                     -2.298359E-9             
58.61                    -2.298359E-9             
58.62                    -2.298359E-9             
58.63                    -2.2983437E-9            
58.64                    -2.298359E-9             
58.65                    -2.298359E-9             
58.66                    -2.298359E-9             
58.67                    -2.298359E-9             
58.68                    -2.298359E-9             
58.69                    -2.2983437E-9            
58.7                     -2.298359E-9             
58.71                    -2.298359E-9             
58.72                    -2.298359E-9             
58.73                    -2.298359E-9             
58.74                    -2.2983437E-9            
58.75                    -2.298359E-9             
58.76                    -2.2983746E-9            
58.77                    -2.298359E-9             
58.78                    -2.298359E-9             
58.79                    -2.298359E-9             
58.8                     -2.298359E-9             
58.81                    -2.298359E-9             
58.82                    -2.2983437E-9            
58.83                    -2.298359E-9             
58.84                    -2.298359E-9             
58.85                    -2.298359E-9             
58.86                    -2.298359E-9             
58.87                    -2.2983437E-9            
58.88                    -2.298359E-9             
58.89                    -2.298359E-9             
58.9                     -2.298359E-9             
58.91                    -2.298359E-9             
58.92                    -2.298359E-9             
58.93                    -2.2983437E-9            
58.94                    -2.2983901E-9            
58.95                    -2.2983437E-9            
58.96                    -2.298359E-9             
58.97                    -2.298359E-9             
58.98                    -2.298359E-9             
58.99                    -2.298359E-9             
59.0                     -2.298359E-9             
59.01                    -2.2983437E-9            
59.02                    -2.298359E-9             
59.03                    -2.298359E-9             
59.04                    -2.298359E-9             
59.05                    -2.298359E-9             
59.06                    -2.2983437E-9            
59.07                    -2.298359E-9             
59.08                    -2.298359E-9             
59.09                    -2.298359E-9             
59.1                     -2.298359E-9             
59.11                    -2.298359E-9             
59.12                    -2.2983746E-9            
59.13                    -2.298359E-9             
59.14                    -2.2983437E-9            
59.15                    -2.298359E-9             
59.16                    -2.298359E-9             
59.17                    -2.298359E-9             
59.18                    -2.298359E-9             
59.19                    -2.298359E-9             
59.2                     -2.2983437E-9            
59.21                    -2.298359E-9             
59.22                    -2.298359E-9             
59.23                    -2.298359E-9             
59.24                    -2.298359E-9             
59.25                    -2.2983437E-9            
59.26                    -2.298359E-9             
59.27                    -2.298359E-9             
59.28                    -2.298359E-9             
59.29                    -2.298359E-9             
59.3                     -2.2983437E-9            
59.31                    -2.2983901E-9            
59.32                    -2.298359E-9             
59.33                    -2.2983437E-9            
59.34                    -2.298359E-9             
59.35                    -2.298359E-9             
59.36                    -2.298359E-9             
59.37                    -2.298359E-9             
59.38                    -2.2983437E-9            
59.39                    -2.298359E-9             
59.4                     -2.298359E-9             
59.41                    -2.298359E-9             
59.42                    -2.298359E-9             
59.43                    -2.298359E-9             
59.44                    -2.2983437E-9            
59.45                    -2.298359E-9             
59.46                    -2.298359E-9             
59.47                    -2.298359E-9             
59.48                    -2.298359E-9             
59.49                    -2.2983746E-9            
59.5                     -2.298359E-9             
59.51                    -2.298359E-9             
59.52                    -2.2983437E-9            
59.53                    -2.298359E-9             
59.54                    -2.298359E-9             
59.55                    -2.298359E-9             
59.56                    -2.298359E-9             
59.57                    -2.2983437E-9            
59.58                    -2.298359E-9             
59.59                    -2.298359E-9             
59.6                     -2.298359E-9             
59.61                    -2.298359E-9             
59.62                    -2.298359E-9             
59.63                    -2.2983437E-9            
59.64                    -2.298359E-9             
59.65                    -2.298359E-9             
59.66                    -2.298359E-9             
59.67                    -2.2983746E-9            
59.68                    -2.298359E-9             
59.69                    -2.298359E-9             
59.7                     -2.298359E-9             
59.71                    -2.2983437E-9            
59.72                    -2.298359E-9             
59.73                    -2.298359E-9             
59.74                    -2.298359E-9             
59.75                    -2.298359E-9             
59.76                    -2.2983437E-9            
59.77                    -2.298359E-9             
59.78                    -2.298359E-9             
59.79                    -2.298359E-9             
59.8                     -2.298359E-9             
59.81                    -2.2983437E-9            
59.82                    -2.298359E-9             
59.83                    -2.298359E-9             
59.84                    -2.298359E-9             
59.85                    -2.2983746E-9            
59.86                    -2.298359E-9             
59.87                    -2.298359E-9             
59.88                    -2.298359E-9             
59.89                    -2.2983437E-9            
59.9                     -2.298359E-9             
59.91                    -2.298359E-9             
59.92                    -2.298359E-9             
59.93                    -2.298359E-9             
59.94                    -2.298359E-9             
59.95                    -2.2983437E-9            
59.96                    -2.298359E-9             
59.97                    -2.298359E-9             
59.98                    -2.298359E-9             
59.99                    -2.298359E-9             
60.0                     -2.2983437E-9            
60.01                    -2.298359E-9             
60.02                    -2.298359E-9             
60.03                    -2.2983746E-9            
60.04                    -2.298359E-9             
60.05                    -2.298359E-9             
60.06                    -2.298359E-9             
60.07                    -2.298359E-9             
60.08                    -2.2983437E-9            
60.09                    -2.298359E-9             
60.1                     -2.298359E-9             
60.11                    -2.298359E-9             
60.12                    -2.298359E-9             
60.13                    -2.298359E-9             
60.14                    -2.2983437E-9            
60.15                    -2.298359E-9             
60.16                    -2.298359E-9             
60.17                    -2.298359E-9             
60.18                    -2.298359E-9             
60.19                    -2.2983437E-9            
60.2                     -2.298359E-9             
60.21                    -2.298359E-9             
60.22                    -2.2983746E-9            
60.23                    -2.298359E-9             
60.24                    -2.298359E-9             
60.25                    -2.298359E-9             
60.26                    -2.298359E-9             
60.27                    -2.2983437E-9            
60.28                    -2.298359E-9             
60.29                    -2.298359E-9             
60.3                     -2.298359E-9             
60.31                    -2.298359E-9             
60.32                    -2.2983437E-9            
60.33                    -2.298359E-9             
60.34                    -2.298359E-9             
60.35                    -2.298359E-9             
60.36                    -2.298359E-9             
60.37                    -2.298359E-9             
60.38                    -2.2983437E-9            
60.39                    -2.298359E-9             
60.4                     -2.2983746E-9            
60.41                    -2.298359E-9             
60.42                    -2.298359E-9             
60.43                    -2.298359E-9             
60.44                    -2.298359E-9             
60.45                    -2.298359E-9             
60.46                    -2.2983437E-9            
60.47                    -2.298359E-9             
60.48                    -2.298359E-9             
60.49                    -2.298359E-9             
60.5                     -2.298359E-9             
60.51                    -2.2983437E-9            
60.52                    -2.298359E-9             
60.53                    -2.298359E-9             
60.54                    -2.298359E-9             
60.55                    -2.298359E-9             
60.56                    -2.298359E-9             
60.57                    -2.2983437E-9            
60.58                    -2.2983901E-9            
60.59                    -2.2983437E-9            
60.6                     -2.298359E-9             
60.61                    -2.298359E-9             
60.62                    -2.298359E-9             
60.63                    -2.298359E-9             
60.64                    -2.298359E-9             
60.65                    -2.2983437E-9            
60.66                    -2.298359E-9             
60.67                    -2.298359E-9             
60.68                    -2.298359E-9             
60.69                    -2.298359E-9             
60.7                     -2.2983437E-9            
60.71                    -2.298359E-9             
60.72                    -2.298359E-9             
60.73                    -2.298359E-9             
60.74                    -2.298359E-9             
60.75                    -2.298359E-9             
60.76                    -2.2983746E-9            
60.77                    -2.298359E-9             
60.78                    -2.2983437E-9            
60.79                    -2.298359E-9             
60.8                     -2.298359E-9             
60.81                    -2.298359E-9             
60.82                    -2.298359E-9             
60.83                    -2.2983437E-9            
60.84                    -2.298359E-9             
60.85                    -2.298359E-9             
60.86                    -2.298359E-9             
60.87                    -2.298359E-9             
60.88                    -2.298359E-9             
60.89                    -2.2983437E-9            
60.9                     -2.298359E-9             
60.91                    -2.298359E-9             
60.92                    -2.298359E-9             
60.93                    -2.298359E-9             
60.94                    -2.2983746E-9            
60.95                    -2.298359E-9             
60.96                    -2.298359E-9             
60.97                    -2.2983437E-9            
60.98                    -2.298359E-9             
60.99                    -2.298359E-9             
61.0                     -2.298359E-9             
61.01                    -2.298359E-9             
61.02                    -2.2983437E-9            
61.03                    -2.298359E-9             
61.04                    -2.298359E-9             
61.05                    -2.298359E-9             
61.06                    -2.298359E-9             
61.07                    -2.298359E-9             
61.08                    -2.2983437E-9            
61.09                    -2.298359E-9             
61.1                     -2.298359E-9             
61.11                    -2.298359E-9             
61.12                    -2.298359E-9             
61.13                    -2.2983746E-9            
61.14                    -2.298359E-9             
61.15                    -2.298359E-9             
61.16                    -2.2983437E-9            
61.17                    -2.298359E-9             
61.18                    -2.298359E-9             
61.19                    -2.298359E-9             
61.2                     -2.298359E-9             
61.21                    -2.2983437E-9            
61.22                    -2.298359E-9             
61.23                    -2.298359E-9             
61.24                    -2.298359E-9             
61.25                    -2.298359E-9             
61.26                    -2.298359E-9             
61.27                    -2.2983437E-9            
61.28                    -2.298359E-9             
61.29                    -2.298359E-9             
61.3                     -2.298359E-9             
61.31                    -2.2983746E-9            
61.32                    -2.298359E-9             
61.33                    -2.298359E-9             
61.34                    -2.2983437E-9            
61.35                    -2.298359E-9             
61.36                    -2.298359E-9             
61.37                    -2.298359E-9             
61.38                    -2.298359E-9             
61.39                    -2.298359E-9             
61.4                     -2.2983437E-9            
61.41                    -2.298359E-9             
61.42                    -2.298359E-9             
61.43                    -2.298359E-9             
61.44                    -2.298359E-9             
61.45                    -2.2983437E-9            
61.46                    -2.298359E-9             
61.47                    -2.298359E-9             
61.48                    -2.298359E-9             
61.49                    -2.2983746E-9            
61.5                     -2.298359E-9             
61.51                    -2.298359E-9             
61.52                    -2.298359E-9             
61.53                    -2.2983437E-9            
61.54                    -2.298359E-9             
61.55                    -2.298359E-9             
61.56                    -2.298359E-9             
61.57                    -2.298359E-9             
61.58                    -2.298359E-9             
61.59                    -2.2983437E-9            
61.6                     -2.298359E-9             
61.61                    -2.298359E-9             
61.62                    -2.298359E-9             
61.63                    -2.298359E-9             
61.64                    -2.2983437E-9            
61.65                    -2.298359E-9             
61.66                    -2.298359E-9             
61.67                    -2.2983746E-9            
61.68                    -2.298359E-9             
61.69                    -2.298359E-9             
61.7                     -2.298359E-9             
61.71                    -2.298359E-9             
61.72                    -2.2983437E-9            
61.73                    -2.298359E-9             
61.74                    -2.298359E-9             
61.75                    -2.298359E-9             
61.76                    -2.298359E-9             
61.77                    -2.2983437E-9            
61.78                    -2.298359E-9             
61.79                    -2.298359E-9             
61.8                     -2.298359E-9             
61.81                    -2.298359E-9             
61.82                    -2.298359E-9             
61.83                    -2.2983437E-9            
61.84                    -2.298359E-9             
61.85                    -2.2983746E-9            
61.86                    -2.298359E-9             
61.87                    -2.298359E-9             
61.88                    -2.298359E-9             
61.89                    -2.298359E-9             
61.9                     -2.298359E-9             
61.91                    -2.2983437E-9            
61.92                    -2.298359E-9             
61.93                    -2.298359E-9             
61.94                    -2.298359E-9             
61.95                    -2.298359E-9             
61.96                    -2.2983437E-9            
61.97                    -2.298359E-9             
61.98                    -2.298359E-9             
61.99                    -2.298359E-9             
62.0                     -2.298359E-9             
62.01                    -2.298359E-9             
62.02                    -2.2983437E-9            
62.03                    -2.298359E-9             
62.04                    -2.2983746E-9            
62.05                    -2.298359E-9             
62.06                    -2.298359E-9             
62.07                    -2.298359E-9             
62.08                    -2.298359E-9             
62.09                    -2.298359E-9             
62.1                     -2.2983437E-9            
62.11                    -2.298359E-9             
62.12                    -2.298359E-9             
62.13                    -2.298359E-9             
62.14                    -2.298359E-9             
62.15                    -2.2983437E-9            
62.16                    -2.298359E-9             
62.17                    -2.298359E-9             
62.18                    -2.298359E-9             
62.19                    -2.298359E-9             
62.2                     -2.298359E-9             
62.21                    -2.2983437E-9            
62.22                    -2.2983901E-9            
62.23                    -2.2983437E-9            
62.24                    -2.298359E-9             
62.25                    -2.298359E-9             
62.26                    -2.298359E-9             
62.27                    -2.298359E-9             
62.28                    -2.2983437E-9            
62.29                    -2.298359E-9             
62.3                     -2.298359E-9             
62.31                    -2.298359E-9             
62.32                    -2.298359E-9             
62.33                    -2.298359E-9             
62.34                    -2.2983437E-9            
62.35                    -2.298359E-9             
62.36                    -2.298359E-9             
62.37                    -2.298359E-9             
62.38                    -2.298359E-9             
62.39                    -2.2983437E-9            
62.4                     -2.2983901E-9            
62.41                    -2.298359E-9             
62.42                    -2.2983437E-9            
62.43                    -2.298359E-9             
62.44                    -2.298359E-9             
62.45                    -2.298359E-9             
62.46                    -2.298359E-9             
62.47                    -2.2983437E-9            
62.48                    -2.298359E-9             
62.49                    -2.298359E-9             
62.5                     -2.298359E-9             
62.51                    -2.298359E-9             
62.52                    -2.298359E-9             
62.53                    -2.2983437E-9            
62.54                    -2.298359E-9             
62.55                    -2.298359E-9             
62.56                    -2.298359E-9             
62.57                    -2.298359E-9             
62.58                    -2.2983746E-9            
62.59                    -2.298359E-9             
62.6                     -2.298359E-9             
62.61                    -2.2983437E-9            
62.62                    -2.298359E-9             
62.63                    -2.298359E-9             
62.64                    -2.298359E-9             
62.65                    -2.298359E-9             
62.66                    -2.2983437E-9            
62.67                    -2.298359E-9             
62.68                    -2.298359E-9             
62.69                    -2.298359E-9             
62.7                     -2.298359E-9             
62.71                    -2.298359E-9             
62.72                    -2.2983437E-9            
62.73                    -2.298359E-9             
62.74                    -2.298359E-9             
62.75                    -2.298359E-9             
62.76                    -2.2983746E-9            
62.77                    -2.298359E-9             
62.78                    -2.298359E-9             
62.79                    -2.2983437E-9            
62.8                     -2.298359E-9             
62.81                    -2.298359E-9             
62.82                    -2.298359E-9             
62.83                    -2.298359E-9             
62.84                    -2.298359E-9             
62.85                    -2.2983437E-9            
62.86                    -2.298359E-9             
62.87                    -2.298359E-9             
62.88                    -2.298359E-9             
62.89                    -2.298359E-9             
62.9                     -2.2983437E-9            
62.91                    -2.298359E-9             
62.92                    -2.298359E-9             
62.93                    -2.298359E-9             
62.94                    -2.298359E-9             
62.95                    -2.2983746E-9            
62.96                    -2.298359E-9             
62.97                    -2.298359E-9             
62.98                    -2.2983437E-9            
62.99                    -2.298359E-9             
63.0                     -2.298359E-9             
63.01                    -2.298359E-9             
63.02                    -2.298359E-9             
63.03                    -2.298359E-9             
63.04                    -2.2983437E-9            
63.05                    -2.298359E-9             
63.06                    -2.298359E-9             
63.07                    -2.298359E-9             
63.08                    -2.298359E-9             
63.09                    -2.2983437E-9            
63.1                     -2.298359E-9             
63.11                    -2.298359E-9             
63.12                    -2.298359E-9             
63.13                    -2.2983746E-9            
63.14                    -2.298359E-9             
63.15                    -2.298359E-9             
63.16                    -2.298359E-9             
63.17                    -2.2983437E-9            
63.18                    -2.298359E-9             
63.19                    -2.298359E-9             
63.2                     -2.298359E-9             
63.21                    -2.298359E-9             
63.22                    -2.298359E-9             
63.23                    -2.2983437E-9            
63.24                    -2.298359E-9             
63.25                    -2.298359E-9             
63.26                    -2.298359E-9             
63.27                    -2.298359E-9             
63.28                    -2.2983437E-9            
63.29                    -2.298359E-9             
63.3                     -2.298359E-9             
63.31                    -2.2983746E-9            
63.32                    -2.298359E-9             
63.33                    -2.298359E-9             
63.34                    -2.298359E-9             
63.35                    -2.298359E-9             
63.36                    -2.2983437E-9            
63.37                    -2.298359E-9             
63.38                    -2.298359E-9             
63.39                    -2.298359E-9             
63.4                     -2.298359E-9             
63.41                    -2.2983437E-9            
63.42                    -2.298359E-9             
63.43                    -2.298359E-9             
63.44                    -2.298359E-9             
63.45                    -2.298359E-9             
63.46                    -2.298359E-9             
63.47                    -2.2983437E-9            
63.48                    -2.298359E-9             
63.49                    -2.2983746E-9            
63.5                     -2.298359E-9             
63.51                    -2.298359E-9             
63.52                    -2.298359E-9             
63.53                    -2.298359E-9             
63.54                    -2.298359E-9             
63.55                    -2.2983437E-9            
63.56                    -2.298359E-9             
63.57                    -2.298359E-9             
63.58                    -2.298359E-9             
63.59                    -2.298359E-9             
63.6                     -2.2983437E-9            
63.61                    -2.298359E-9             
63.62                    -2.298359E-9             
63.63                    -2.298359E-9             
63.64                    -2.298359E-9             
63.65                    -2.298359E-9             
63.66                    -2.2983437E-9            
63.67                    -2.2983901E-9            
63.68                    -2.2983437E-9            
63.69                    -2.298359E-9             
63.7                     -2.298359E-9             
63.71                    -2.298359E-9             
63.72                    -2.298359E-9             
63.73                    -2.298359E-9             
63.74                    -2.2983437E-9            
63.75                    -2.298359E-9             
63.76                    -2.298359E-9             
63.77                    -2.298359E-9             
63.78                    -2.298359E-9             
63.79                    -2.2983437E-9            
63.8                     -2.298359E-9             
63.81                    -2.298359E-9             
63.82                    -2.298359E-9             
63.83                    -2.298359E-9             
63.84                    -2.2983437E-9            
63.85                    -2.298359E-9             
63.86                    -2.2983901E-9            
63.87                    -2.2983437E-9            
63.88                    -2.298359E-9             
63.89                    -2.298359E-9             
63.9                     -2.298359E-9             
63.91                    -2.298359E-9             
63.92                    -2.2983437E-9            
63.93                    -2.298359E-9             
63.94                    -2.298359E-9             
63.95                    -2.298359E-9             
63.96                    -2.298359E-9             
63.97                    -2.298359E-9             
63.98                    -2.2983437E-9            
63.99                    -2.298359E-9             
64.0                     -2.298359E-9             
64.01                    -2.298359E-9             
64.02                    -2.298359E-9             
64.03                    -2.2983437E-9            
64.04                    -2.2983901E-9            
64.05                    -2.298359E-9             
64.06                    -2.2983437E-9            
64.07                    -2.298359E-9             
64.08                    -2.298359E-9             
64.09                    -2.298359E-9             
64.1                     -2.298359E-9             
64.11                    -2.2983437E-9            
64.12                    -2.298359E-9             
64.13                    -2.298359E-9             
64.14                    -2.298359E-9             
64.15                    -2.298359E-9             
64.16                    -2.298359E-9             
64.17                    -2.2983437E-9            
64.18                    -2.298359E-9             
64.19                    -2.298359E-9             
64.2                     -2.298359E-9             
64.21                    -2.298359E-9             
64.22                    -2.2983746E-9            
64.23                    -2.298359E-9             
64.24                    -2.298359E-9             
64.25                    -2.2983437E-9            
64.26                    -2.298359E-9             
64.27                    -2.298359E-9             
64.28                    -2.298359E-9             
64.29                    -2.298359E-9             
64.3                     -2.2983437E-9            
64.31                    -2.298359E-9             
64.32                    -2.298359E-9             
64.33                    -2.298359E-9             
64.34                    -2.298359E-9             
64.35                    -2.2983437E-9            
64.36                    -2.298359E-9             
64.37                    -2.298359E-9             
64.38                    -2.298359E-9             
64.39                    -2.298359E-9             
64.4                     -2.2983746E-9            
64.41                    -2.298359E-9             
64.42                    -2.298359E-9             
64.43                    -2.2983437E-9            
64.44                    -2.298359E-9             
64.45                    -2.298359E-9             
64.46                    -2.298359E-9             
64.47                    -2.298359E-9             
64.48                    -2.298359E-9             
64.49                    -2.2983437E-9            
64.5                     -2.298359E-9             
64.51                    -2.298359E-9             
64.52                    -2.298359E-9             
64.53                    -2.298359E-9             
64.54                    -2.2983437E-9            
64.55                    -2.298359E-9             
64.56                    -2.298359E-9             
64.57                    -2.298359E-9             
64.58                    -2.2983746E-9            
64.59                    -2.298359E-9             
64.6                     -2.298359E-9             
64.61                    -2.298359E-9             
64.62                    -2.2983437E-9            
64.63                    -2.298359E-9             
64.64                    -2.298359E-9             
64.65                    -2.298359E-9             
64.66                    -2.298359E-9             
64.67                    -2.298359E-9             
64.68                    -2.2983437E-9            
64.69                    -2.298359E-9             
64.7                     -2.298359E-9             
64.71                    -2.298359E-9             
64.72                    -2.298359E-9             
64.73                    -2.2983437E-9            
64.74                    -2.298359E-9             
64.75                    -2.298359E-9             
64.76                    -2.298359E-9             
64.77                    -2.2983746E-9            
64.78                    -2.298359E-9             
64.79                    -2.298359E-9             
64.8                     -2.298359E-9             
64.81                    -2.2983437E-9            
64.82                    -2.298359E-9             
64.83                    -2.298359E-9             
64.84                    -2.298359E-9             
64.85                    -2.298359E-9             
64.86                    -2.2983437E-9            
64.87                    -2.298359E-9             
64.88                    -2.298359E-9             
64.89                    -2.298359E-9             
64.9                     -2.298359E-9             
64.91                    -2.298359E-9             
64.92                    -2.2983437E-9            
64.93                    -2.298359E-9             
64.94                    -2.298359E-9             
64.95                    -2.2983746E-9            
64.96                    -2.298359E-9             
64.97                    -2.298359E-9             
64.98                    -2.298359E-9             
64.99                    -2.298359E-9             
65.0                     -2.2983437E-9            
65.01                    -2.298359E-9             
65.02                    -2.298359E-9             
65.03                    -2.298359E-9             
65.04                    -2.298359E-9             
65.05                    -2.2983437E-9            
65.06                    -2.298359E-9             
65.07                    -2.298359E-9             
65.08                    -2.298359E-9             
65.09                    -2.298359E-9             
65.1                     -2.298359E-9             
65.11                    -2.2983437E-9            
65.12                    -2.298359E-9             
65.13                    -2.2983746E-9            
65.14                    -2.298359E-9             
65.15                    -2.298359E-9             
65.16                    -2.298359E-9             
65.17                    -2.298359E-9             
65.18                    -2.298359E-9             
65.19                    -2.2983437E-9            
65.2                     -2.298359E-9             
65.21                    -2.298359E-9             
65.22                    -2.298359E-9             
65.23                    -2.298359E-9             
65.24                    -2.2983437E-9            
65.25                    -2.298359E-9             
65.26                    -2.298359E-9             
65.27                    -2.298359E-9             
65.28                    -2.298359E-9             
65.29                    -2.298359E-9             
65.3                     -2.2983437E-9            
65.31                    -2.2983901E-9            
65.32                    -2.2983437E-9            
65.33                    -2.298359E-9             
65.34                    -2.298359E-9             
65.35                    -2.298359E-9             
65.36                    -2.298359E-9             
65.37                    -2.2983437E-9            
65.38                    -2.298359E-9             
65.39                    -2.298359E-9             
65.4                     -2.298359E-9             
65.41                    -2.298359E-9             
65.42                    -2.298359E-9             
65.43                    -2.2983437E-9            
65.44                    -2.298359E-9             
65.45                    -2.298359E-9             
65.46                    -2.298359E-9             
65.47                    -2.298359E-9             
65.48                    -2.2983437E-9            
65.49                    -2.2983901E-9            
65.5                     -2.298359E-9             
65.51                    -2.2983437E-9            
65.52                    -2.298359E-9             
65.53                    -2.298359E-9             
65.54                    -2.298359E-9             
65.55                    -2.298359E-9             
65.56                    -2.2983437E-9            
65.57                    -2.298359E-9             
65.58                    -2.298359E-9             
65.59                    -2.298359E-9             
65.6                     -2.298359E-9             
65.61                    -2.298359E-9             
65.62                    -2.2983437E-9            
65.63                    -2.298359E-9             
65.64                    -2.298359E-9             
65.65                    -2.298359E-9             
65.66                    -2.298359E-9             
65.67                    -2.2983437E-9            
65.68                    -2.2983901E-9            
65.69                    -2.2983593E-9            
65.7                     -2.2983437E-9            
65.71                    -2.2983593E-9            
65.72                    -2.2983593E-9            
65.73                    -2.2983593E-9            
65.74                    -2.2983593E-9            
65.75                    -2.2983437E-9            
65.76                    -2.2983593E-9            
65.77                    -2.2983593E-9            
65.78                    -2.2983593E-9            
65.79                    -2.2983593E-9            
65.8                     -2.2983593E-9            
65.81                    -2.2983437E-9            
65.82                    -2.2983593E-9            
65.83                    -2.2983593E-9            
65.84                    -2.2983593E-9            
65.85                    -2.2983593E-9            
65.86                    -2.2983746E-9            
65.87                    -2.2983593E-9            
65.88                    -2.2983437E-9            
65.89                    -2.2983593E-9            
65.9                     -2.2983593E-9            
65.91                    -2.2983593E-9            
65.92                    -2.2983593E-9            
65.93                    -2.2983593E-9            
65.94                    -2.2983437E-9            
65.95                    -2.2983593E-9            
65.96                    -2.2983593E-9            
65.97                    -2.2983593E-9            
65.98                    -2.2983593E-9            
65.99                    -2.2983437E-9            
66.0                     -2.2983593E-9            
66.01                    -2.2983593E-9            
66.02                    -2.2983593E-9            
66.03                    -2.2983593E-9            
66.04                    -2.2983746E-9            
66.05                    -2.2983593E-9            
66.06                    -2.2983593E-9            
66.07                    -2.2983437E-9            
66.08                    -2.2983593E-9            
66.09                    -2.2983593E-9            
66.1                     -2.2983593E-9            
66.11                    -2.2983593E-9            
66.12                    -2.2983593E-9            
66.13                    -2.2983437E-9            
66.14                    -2.2983593E-9            
66.15                    -2.2983593E-9            
66.16                    -2.2983593E-9            
66.17                    -2.2983593E-9            
66.18                    -2.2983437E-9            
66.19                    -2.2983593E-9            
66.2                     -2.2983593E-9            
66.21                    -2.2983593E-9            
66.22                    -2.2983746E-9            
66.23                    -2.2983593E-9            
66.24                    -2.2983593E-9            
66.25                    -2.2983593E-9            
66.26                    -2.2983437E-9            
66.27                    -2.2983593E-9            
66.28                    -2.2983593E-9            
66.29                    -2.2983593E-9            
66.3                     -2.2983593E-9            
66.31                    -2.2983437E-9            
66.32                    -2.2983593E-9            
66.33                    -2.2983593E-9            
66.34                    -2.2983593E-9            
66.35                    -2.2983593E-9            
66.36                    -2.2983593E-9            
66.37                    -2.2983437E-9            
66.38                    -2.2983593E-9            
66.39                    -2.2983593E-9            
66.4                     -2.2983746E-9            
66.41                    -2.2983593E-9            
66.42                    -2.2983593E-9            
66.43                    -2.2983593E-9            
66.44                    -2.2983593E-9            
66.45                    -2.2983437E-9            
66.46                    -2.2983593E-9            
66.47                    -2.2983593E-9            
66.48                    -2.2983593E-9            
66.49                    -2.2983593E-9            
66.5                     -2.2983437E-9            
66.51                    -2.2983593E-9            
66.52                    -2.2983593E-9            
66.53                    -2.2983593E-9            
66.54                    -2.2983593E-9            
66.55                    -2.2983593E-9            
66.56                    -2.2983437E-9            
66.57                    -2.2983593E-9            
66.58                    -2.2983593E-9            
66.59                    -2.2983746E-9            
66.6                     -2.2983437E-9            
66.61                    -2.2979723E-9            
66.62                    -2.2979876E-9            
66.63                    -2.2979876E-9            
66.64                    -2.2979876E-9            
66.65                    -2.2979723E-9            
66.66                    -2.2979876E-9            
66.67                    -2.2979723E-9            
66.68                    -2.2979876E-9            
66.69                    -2.2979876E-9            
66.7                     -2.2979876E-9            
66.71                    -2.2979723E-9            
66.72                    -2.2979876E-9            
66.73                    -2.2979723E-9            
66.74                    -2.2979876E-9            
66.75                    -2.2979723E-9            
66.76                    -2.2980031E-9            
66.77                    -2.2979723E-9            
66.78                    -2.2979876E-9            
66.79                    -2.2979723E-9            
66.8                     -2.2979876E-9            
66.81                    -2.2979723E-9            
66.82                    -2.2980031E-9            
66.83                    -2.2979723E-9            
66.84                    -2.2979876E-9            
66.85                    -2.2979723E-9            
66.86                    -2.2979876E-9            
66.87                    -2.2979723E-9            
66.88                    -2.2979876E-9            
66.89                    -2.2979876E-9            
66.9                     -2.2979876E-9            
66.91                    -2.2979723E-9            
66.92                    -2.2979876E-9            
66.93                    -2.2979723E-9            
66.94                    -2.2979876E-9            
66.95                    -2.2979876E-9            
66.96                    -2.2979876E-9            
66.97                    -2.2979723E-9            
66.98                    -2.2979876E-9            
66.99                    -2.2979723E-9            
67.0                     -2.2979876E-9            
67.01                    -2.2979876E-9            
67.02                    -2.2979876E-9            
67.03                    -2.2979723E-9            
67.04                    -2.2979876E-9            
67.05                    -2.2979723E-9            
67.06                    -2.2979876E-9            
67.07                    -2.2979723E-9            
67.08                    -2.2980031E-9            
67.09                    -2.2979723E-9            
67.1                     -2.2979876E-9            
67.11                    -2.2979723E-9            
67.12                    -2.2979876E-9            
67.13                    -2.2979723E-9            
67.14                    -2.2980031E-9            
67.15                    -2.2979723E-9            
67.16                    -2.2979876E-9            
67.17                    -2.2979723E-9            
67.18                    -2.2979876E-9            
67.19                    -2.2979723E-9            
67.2                     -2.2979876E-9            
67.21                    -2.2979876E-9            
67.22                    -2.2979876E-9            
67.23                    -2.2979723E-9            
67.24                    -2.2979876E-9            
67.25                    -2.2979723E-9            
67.26                    -2.2979876E-9            
67.27                    -2.2979876E-9            
67.28                    -2.2979876E-9            
67.29                    -2.2979723E-9            
67.3                     -2.2979876E-9            
67.31                    -2.2979723E-9            
67.32                    -2.2979876E-9            
67.33                    -2.2979723E-9            
67.34                    -2.2980031E-9            
67.35                    -2.2979723E-9            
67.36                    -2.2979876E-9            
67.37                    -2.2979723E-9            
67.38                    -2.2979876E-9            
67.39                    -2.2979723E-9            
67.4                     -2.2980031E-9            
67.41                    -2.2979723E-9            
67.42                    -2.2979876E-9            
67.43                    -2.2979723E-9            
67.44                    -2.2979876E-9            
67.45                    -2.2979723E-9            
67.46                    -2.2980031E-9            
67.47                    -2.2979723E-9            
67.48                    -2.2979876E-9            
67.49                    -2.2979723E-9            
67.5                     -2.2979876E-9            
67.51                    -2.2979723E-9            
67.52                    -2.2979876E-9            
67.53                    -2.2979876E-9            
67.54                    -2.2979876E-9            
67.55                    -2.2979723E-9            
67.56                    -2.2979876E-9            
67.57                    -2.2979723E-9            
67.58                    -2.2979876E-9            
67.59                    -2.2979876E-9            
67.6                     -2.2979876E-9            
67.61                    -2.2979723E-9            
67.62                    -2.2979876E-9            
67.63                    -2.2979723E-9            
67.64                    -2.2979876E-9            
67.65                    -2.2979723E-9            
67.66                    -2.2980031E-9            
67.67                    -2.2979723E-9            
67.68                    -2.2979876E-9            
67.69                    -2.2979723E-9            
67.7                     -2.2979876E-9            
67.71                    -2.2979723E-9            
67.72                    -2.2980031E-9            
67.73                    -2.2979723E-9            
67.74                    -2.2979876E-9            
67.75                    -2.2979723E-9            
67.76                    -2.2979876E-9            
67.77                    -2.2979723E-9            
67.78                    -2.2979876E-9            
67.79                    -2.2979876E-9            
67.8                     -2.2979876E-9            
67.81                    -2.2979723E-9            
67.82                    -2.2979876E-9            
67.83                    -2.2979723E-9            
67.84                    -2.2979876E-9            
67.85                    -2.2979876E-9            
67.86                    -2.2979876E-9            
67.87                    -2.2979723E-9            
67.88                    -2.2979876E-9            
67.89                    -2.2979723E-9            
67.9                     -2.2979876E-9            
67.91                    -2.2979876E-9            
67.92                    -2.2979876E-9            
67.93                    -2.2979723E-9            
67.94                    -2.2979876E-9            
67.95                    -2.2979723E-9            
67.96                    -2.2979876E-9            
67.97                    -2.2979723E-9            
67.98                    -2.2980031E-9            
67.99                    -2.2979723E-9            
68.0                     -2.2979876E-9            
68.01                    -2.2979723E-9            
68.02                    -2.2979876E-9            
68.03                    -2.2979723E-9            
68.04                    -2.2980031E-9            
68.05                    -2.2979723E-9            
68.06                    -2.2979876E-9            
68.07                    -2.2979723E-9            
68.08                    -2.2979876E-9            
68.09                    -2.2979723E-9            
68.1                     -2.2979876E-9            
68.11                    -2.2979876E-9            
68.12                    -2.2979876E-9            
68.13                    -2.2979723E-9            
68.14                    -2.2979876E-9            
68.15                    -2.2979723E-9            
68.16                    -2.2979876E-9            
68.17                    -2.2979876E-9            
68.18                    -2.2979876E-9            
68.19                    -2.2979723E-9            
68.2                     -2.2979876E-9            
68.21                    -2.2979723E-9            
68.22                    -2.2979876E-9            
68.23                    -2.2980031E-9            
68.24                    -2.2979723E-9            
68.25                    -2.2979723E-9            
68.26                    -2.2979876E-9            
68.27                    -2.2979723E-9            
68.28                    -2.2979876E-9            
68.29                    -2.2979723E-9            
68.3                     -2.2980031E-9            
68.31                    -2.2979723E-9            
68.32                    -2.2979876E-9            
68.33                    -2.2979723E-9            
68.34                    -2.2979876E-9            
68.35                    -2.2979723E-9            
68.36                    -2.2980031E-9            
68.37                    -2.2979723E-9            
68.38                    -2.2979876E-9            
68.39                    -2.2979723E-9            
68.4                     -2.2979876E-9            
68.41                    -2.2979723E-9            
68.42                    -2.2979876E-9            
68.43                    -2.2979876E-9            
68.44                    -2.2979876E-9            
68.45                    -2.2979723E-9            
68.46                    -2.2979876E-9            
68.47                    -2.2979723E-9            
68.48                    -2.2979876E-9            
68.49                    -2.2980031E-9            
68.5                     -2.2979723E-9            
68.51                    -2.2979723E-9            
68.52                    -2.2979876E-9            
68.53                    -2.2979723E-9            
68.54                    -2.2979876E-9            
68.55                    -2.2979723E-9            
68.56                    -2.2980031E-9            
68.57                    -2.2979723E-9            
68.58                    -2.2979876E-9            
68.59                    -2.2979723E-9            
68.6                     -2.2979876E-9            
68.61                    -2.2979723E-9            
68.62                    -2.2980031E-9            
68.63                    -2.2979723E-9            
68.64                    -2.2979876E-9            
68.65                    -2.2979723E-9            
68.66                    -2.2979876E-9            
68.67                    -2.2979723E-9            
68.68                    -2.2980031E-9            
68.69                    -2.2979723E-9            
68.7                     -2.2979876E-9            
68.71                    -2.2979723E-9            
68.72                    -2.2979876E-9            
68.73                    -2.2979723E-9            
68.74                    -2.2979876E-9            
68.75                    -2.2979876E-9            
68.76                    -2.2979876E-9            
68.77                    -2.2979723E-9            
68.78                    -2.2979876E-9            
68.79                    -2.2979723E-9            
68.8                     -2.2979876E-9            
68.81                    -2.2980031E-9            
68.82                    -2.2979723E-9            
68.83                    -2.2979723E-9            
68.84                    -2.2979876E-9            
68.85                    -2.2979723E-9            
68.86                    -2.2979876E-9            
68.87                    -2.2979723E-9            
68.88                    -2.2980031E-9            
68.89                    -2.2979723E-9            
68.9                     -2.2979876E-9            
68.91                    -2.2979723E-9            
68.92                    -2.2979876E-9            
68.93                    -2.2979723E-9            
68.94                    -2.2980031E-9            
68.95                    -2.2979723E-9            
68.96                    -2.2979876E-9            
68.97                    -2.2979723E-9            
68.98                    -2.2979876E-9            
68.99                    -2.2979723E-9            
69.0                     -2.2979876E-9            
69.01                    -2.2979876E-9            
69.02                    -2.2979876E-9            
69.03                    -2.2979723E-9            
69.04                    -2.2979876E-9            
69.05                    -2.2979723E-9            
69.06                    -2.2979876E-9            
69.07                    -2.2980031E-9            
69.08                    -2.2979723E-9            
69.09                    -2.2979723E-9            
69.1                     -2.2979876E-9            
69.11                    -2.2979723E-9            
69.12                    -2.2979876E-9            
69.13                    -2.2980031E-9            
69.14                    -2.2979723E-9            
69.15                    -2.2979723E-9            
69.16                    -2.2979876E-9            
69.17                    -2.2979723E-9            
69.18                    -2.2979876E-9            
69.19                    -2.2979723E-9            
69.2                     -2.2980031E-9            
69.21                    -2.2979723E-9            
69.22                    -2.2979876E-9            
69.23                    -2.2979723E-9            
69.24                    -2.2979876E-9            
69.25                    -2.2979723E-9            
69.26                    -2.2980031E-9            
69.27                    -2.2979723E-9            
69.28                    -2.2979876E-9            
69.29                    -2.2979723E-9            
69.3                     -2.2979876E-9            
69.31                    -2.2979723E-9            
69.32                    -2.2979876E-9            
69.33                    -2.2980031E-9            
69.34                    -2.2979723E-9            
69.35                    -2.2979723E-9            
69.36                    -2.2979876E-9            
69.37                    -2.2979723E-9            
69.38                    -2.2979876E-9            
69.39                    -2.2980031E-9            
69.4                     -2.2979723E-9            
69.41                    -2.2979723E-9            
69.42                    -2.2979876E-9            
69.43                    -2.2979723E-9            
69.44                    -2.2979876E-9            
69.45                    -2.2979723E-9            
69.46                    -2.2980031E-9            
69.47                    -2.2979723E-9            
69.48                    -2.2979876E-9            
69.49                    -2.2979723E-9            
69.5                     -2.2979876E-9            
69.51                    -2.2979723E-9            
69.52                    -2.2980031E-9            
69.53                    -2.2979723E-9            
69.54                    -2.2979876E-9            
69.55                    -2.2979723E-9            
69.56                    -2.2979876E-9            
69.57                    -2.2979723E-9            
69.58                    -2.2980031E-9            
69.59                    -2.2979876E-9            
69.6                     -2.2979723E-9            
69.61                    -2.2979723E-9            
69.62                    -2.2979876E-9            
69.63                    -2.2979723E-9            
69.64                    -2.2979876E-9            
69.65                    -2.2980031E-9            
69.66                    -2.2979723E-9            
69.67                    -2.2979723E-9            
69.68                    -2.2979876E-9            
69.69                    -2.2979723E-9            
69.7                     -2.2979876E-9            
69.71                    -2.2980031E-9            
69.72                    -2.2979723E-9            
69.73                    -2.2979723E-9            
69.74                    -2.2979876E-9            
69.75                    -2.2979723E-9            
69.76                    -2.2979876E-9            
69.77                    -2.2979723E-9            
69.78                    -2.2980031E-9            
69.79                    -2.2979723E-9            
69.8                     -2.2979876E-9            
69.81                    -2.2979723E-9            
69.82                    -2.2979876E-9            
69.83                    -2.2979723E-9            
69.84                    -2.2980031E-9            
69.85                    -2.2979876E-9            
69.86                    -2.2979723E-9            
69.87                    -2.2979723E-9            
69.88                    -2.2979876E-9            
69.89                    -2.2979723E-9            
69.9                     -2.2980031E-9            
69.91                    -2.2979876E-9            
69.92                    -2.2979723E-9            
69.93                    -2.2979723E-9            
69.94                    -2.2979876E-9            
69.95                    -2.2979723E-9            
69.96                    -2.2979876E-9            
69.97                    -2.2980031E-9            
69.98                    -2.2979723E-9            
69.99                    -2.2979723E-9            
70.0                     -2.2979876E-9            
70.01                    -2.2979723E-9            
70.02                    -2.2979876E-9            
70.03                    -2.2980031E-9            
70.04                    -2.2979723E-9            
70.05                    -2.2979723E-9            
70.06                    -2.2979876E-9            
70.07                    -2.2979723E-9            
70.08                    -2.2979876E-9            
70.09                    -2.2979723E-9            
70.1                     -2.2980031E-9            
70.11                    -2.2979876E-9            
70.12                    -2.2979723E-9            
70.13                    -2.2979723E-9            
70.14                    -2.2979876E-9            
70.15                    -2.2979723E-9            
70.16                    -2.2980031E-9            
70.17                    -2.2979876E-9            
70.18                    -2.2979723E-9            
70.19                    -2.2979723E-9            
70.2                     -2.2979876E-9            
70.21                    -2.2979723E-9            
70.22                    -2.2979878E-9            
70.23                    -2.2980031E-9            
70.24                    -2.2979723E-9            
70.25                    -2.2979723E-9            
70.26                    -2.2979878E-9            
70.27                    -2.2979723E-9            
70.28                    -2.2979878E-9            
70.29                    -2.2980031E-9            
70.3                     -2.2979723E-9            
70.31                    -2.2979723E-9            
70.32                    -2.2979878E-9            
70.33                    -2.2979723E-9            
70.34                    -2.2979878E-9            
70.35                    -2.2980031E-9            
70.36                    -2.2979723E-9            
70.37                    -2.2979723E-9            
70.38                    -2.2979878E-9            
70.39                    -2.2979723E-9            
70.4                     -2.2979878E-9            
70.41                    -2.2979723E-9            
70.42                    -2.2980031E-9            
70.43                    -2.2979878E-9            
70.44                    -2.2979723E-9            
70.45                    -2.2979723E-9            
70.46                    -2.2979878E-9            
70.47                    -2.2979723E-9            
70.48                    -2.2980031E-9            
70.49                    -2.2979878E-9            
70.5                     -2.2979723E-9            
70.51                    -2.2979723E-9            
70.52                    -2.2979878E-9            
70.53                    -2.2979723E-9            
70.54                    -2.2979878E-9            
70.55                    -2.2980031E-9            
70.56                    -2.2979723E-9            
70.57                    -2.2979723E-9            
70.58                    -2.2979878E-9            
70.59                    -2.2979723E-9            
70.6                     -2.2979878E-9            
70.61                    -2.2980031E-9            
70.62                    -2.2979723E-9            
70.63                    -2.2979723E-9            
70.64                    -2.2979878E-9            
70.65                    -2.2979723E-9            
70.66                    -2.2979878E-9            
70.67                    -2.2979723E-9            
70.68                    -2.2980031E-9            
70.69                    -2.2979878E-9            
70.7                     -2.2979723E-9            
70.71                    -2.2979723E-9            
70.72                    -2.2979878E-9            
70.73                    -2.2979723E-9            
70.74                    -2.2980031E-9            
70.75                    -2.2979878E-9            
70.76                    -2.2979723E-9            
70.77                    -2.2979723E-9            
70.78                    -2.2979878E-9            
70.79                    -2.2979723E-9            
70.8                     -2.2980031E-9            
70.81                    -2.2979878E-9            
70.82                    -2.2979723E-9            
70.83                    -2.2979723E-9            
70.84                    -2.2979878E-9            
70.85                    -2.2979723E-9            
70.86                    -2.2979878E-9            
70.87                    -2.2980031E-9            
70.88                    -2.2979723E-9            
70.89                    -2.2979723E-9            
70.9                     -2.2979878E-9            
70.91                    -2.2979723E-9            
70.92                    -2.2979878E-9            
70.93                    -2.2980031E-9            
70.94                    -2.2979723E-9            
70.95                    -2.2979878E-9            
70.96                    -2.2979723E-9            
70.97                    -2.2979723E-9            
70.98                    -2.2979878E-9            
70.99                    -2.2979723E-9            
71.0                     -2.2980031E-9            
71.01                    -2.2979878E-9            
71.02                    -2.2979723E-9            
71.03                    -2.2979723E-9            
71.04                    -2.2979878E-9            
71.05                    -2.2979723E-9            
71.06                    -2.2980031E-9            
71.07                    -2.2979878E-9            
71.08                    -2.2979723E-9            
71.09                    -2.2979723E-9            
71.1                     -2.2979878E-9            
71.11                    -2.2979723E-9            
71.12                    -2.2979878E-9            
71.13                    -2.2980031E-9            
71.14                    -2.2979723E-9            
71.15                    -2.2979723E-9            
71.16                    -2.2979878E-9            
71.17                    -2.2979723E-9            
71.18                    -2.2979878E-9            
71.19                    -2.2980031E-9            
71.2                     -2.2979723E-9            
71.21                    -2.2979878E-9            
71.22                    -2.2979723E-9            
71.23                    -2.2979723E-9            
71.24                    -2.2979878E-9            
71.25                    -2.2980031E-9            
71.26                    -2.2979723E-9            
71.27                    -2.2979878E-9            
71.28                    -2.2979723E-9            
71.29                    -2.2979723E-9            
71.3                     -2.2979878E-9            
71.31                    -2.2979723E-9            
71.32                    -2.2980031E-9            
71.33                    -2.2979878E-9            
71.34                    -2.2979723E-9            
71.35                    -2.2979723E-9            
71.36                    -2.2979878E-9            
71.37                    -2.2979723E-9            
71.38                    -2.2980031E-9            
71.39                    -2.2979878E-9            
71.4                     -2.2979723E-9            
71.41                    -2.2979723E-9            
71.42                    -2.2979878E-9            
71.43                    -2.2979723E-9            
71.44                    -2.2979878E-9            
71.45                    -2.2980031E-9            
71.46                    -2.2979723E-9            
71.47                    -2.2979878E-9            
71.48                    -2.2979723E-9            
71.49                    -2.2979723E-9            
71.5                     -2.2979878E-9            
71.51                    -2.2980031E-9            
71.52                    -2.2979723E-9            
71.53                    -2.2979878E-9            
71.54                    -2.2979723E-9            
71.55                    -2.2979723E-9            
71.56                    -2.2979878E-9            
71.57                    -2.2980031E-9            
71.58                    -2.2979723E-9            
71.59                    -2.2979878E-9            
71.6                     -2.2979723E-9            
71.61                    -2.2979723E-9            
71.62                    -2.2979878E-9            
71.63                    -2.2979723E-9            
71.64                    -2.2980031E-9            
71.65                    -2.2979878E-9            
71.66                    -2.2979723E-9            
71.67                    -2.2979723E-9            
71.68                    -2.2979878E-9            
71.69                    -2.2979723E-9            
71.7                     -2.2980031E-9            
71.71                    -2.2979878E-9            
71.72                    -2.2979723E-9            
71.73                    -2.2979878E-9            
71.74                    -2.2979723E-9            
71.75                    -2.2979723E-9            
71.76                    -2.2979878E-9            
71.77                    -2.2980031E-9            
71.78                    -2.2979723E-9            
71.79                    -2.2979878E-9            
71.8                     -2.2979723E-9            
71.81                    -2.2979723E-9            
71.82                    -2.2979878E-9            
71.83                    -2.2980031E-9            
71.84                    -2.2979723E-9            
71.85                    -2.2979878E-9            
71.86                    -2.2979723E-9            
71.87                    -2.2979723E-9            
71.88                    -2.2979878E-9            
71.89                    -2.2979723E-9            
71.9                     -2.2980031E-9            
71.91                    -2.2979878E-9            
71.92                    -2.2979723E-9            
71.93                    -2.2979723E-9            
71.94                    -2.2979878E-9            
71.95                    -2.2979723E-9            
71.96                    -2.2980031E-9            
71.97                    -2.2979878E-9            
71.98                    -2.2979723E-9            
71.99                    -2.2979723E-9            
72.0                     -2.2979878E-9            
72.01                    -2.2979723E-9            
72.02                    -2.2980031E-9            
72.03                    -2.2979878E-9            
72.04                    -2.2979723E-9            
72.05                    -2.2979878E-9            
72.06                    -2.2979723E-9            
72.07                    -2.2979723E-9            
72.08                    -2.2979878E-9            
72.09                    -2.2980031E-9            
72.1                     -2.2979723E-9            
72.11                    -2.2979878E-9            
72.12                    -2.2979723E-9            
72.13                    -2.2979723E-9            
72.14                    -2.2979878E-9            
72.15                    -2.2980031E-9            
72.16                    -2.2979723E-9            
72.17                    -2.2979878E-9            
72.18                    -2.2979723E-9            
72.19                    -2.2979723E-9            
72.2                     -2.2979878E-9            
72.21                    -2.2979723E-9            
72.22                    -2.2980031E-9            
72.23                    -2.2979878E-9            
72.24                    -2.2979723E-9            
72.25                    -2.2979723E-9            
72.26                    -2.2979878E-9            
72.27                    -2.2979723E-9            
72.28                    -2.2980031E-9            
72.29                    -2.2979878E-9            
72.3                     -2.2979723E-9            
72.31                    -2.2979878E-9            
72.32                    -2.2979723E-9            
72.33                    -2.2979723E-9            
72.34                    -2.2979878E-9            
72.35                    -2.2980031E-9            
72.36                    -2.2979723E-9            
72.37                    -2.2979878E-9            
72.38                    -2.2979723E-9            
72.39                    -2.2979723E-9            
72.4                     -2.2979878E-9            
72.41                    -2.2980031E-9            
72.42                    -2.2979723E-9            
72.43                    -2.2979878E-9            
72.44                    -2.2979723E-9            
72.45                    -2.2979723E-9            
72.46                    -2.2979878E-9            
72.47                    -2.2980031E-9            
72.48                    -2.2979723E-9            
72.49                    -2.2979878E-9            
72.5                     -2.2979723E-9            
72.51                    -2.2979723E-9            
72.52                    -2.2979878E-9            
72.53                    -2.2979723E-9            
72.54                    -2.2980031E-9            
72.55                    -2.2979878E-9            
72.56                    -2.2979723E-9            
72.57                    -2.2979878E-9            
72.58                    -2.2979723E-9            
72.59                    -2.2979723E-9            
72.6                     -2.2980031E-9            
72.61                    -2.2979878E-9            
72.62                    -2.2979723E-9            
72.63                    -2.2979878E-9            
72.64                    -2.2979723E-9            
72.65                    -2.2979723E-9            
72.66                    -2.2979878E-9            
72.67                    -2.2980031E-9            
72.68                    -2.2979723E-9            
72.69                    -2.2979878E-9            
72.7                     -2.2979723E-9            
72.71                    -2.2979723E-9            
72.72                    -2.2979878E-9            
72.73                    -2.2980031E-9            
72.74                    -2.2979723E-9            
72.75                    -2.2979878E-9            
72.76                    -2.2979723E-9            
72.77                    -2.2979723E-9            
72.78                    -2.2979878E-9            
72.79                    -2.2979723E-9            
72.8                     -2.2980031E-9            
72.81                    -2.2979878E-9            
72.82                    -2.2979723E-9            
72.83                    -2.2979878E-9            
72.84                    -2.2979723E-9            
72.85                    -2.2979723E-9            
72.86                    -2.2980031E-9            
72.87                    -2.2979878E-9            
72.88                    -2.2979723E-9            
72.89                    -2.2979878E-9            
72.9                     -2.2979723E-9            
72.91                    -2.2979723E-9            
72.92                    -2.2980031E-9            
72.93                    -2.2979878E-9            
72.94                    -2.2979723E-9            
72.95                    -2.2979878E-9            
72.96                    -2.2979723E-9            
72.97                    -2.2979723E-9            
72.98                    -2.2979878E-9            
72.99                    -2.2980031E-9            
73.0                     -2.2979723E-9            
73.01                    -2.2979878E-9            
73.02                    -2.2979723E-9            
73.03                    -2.2979723E-9            
73.04                    -2.2979878E-9            
73.05                    -2.2980031E-9            
73.06                    -2.2979723E-9            
73.07                    -2.2979878E-9            
73.08                    -2.2979723E-9            
73.09                    -2.2979878E-9            
73.1                     -2.2979723E-9            
73.11                    -2.2979723E-9            
73.12                    -2.2980031E-9            
73.13                    -2.2979878E-9            
73.14                    -2.2979723E-9            
73.15                    -2.2979878E-9            
73.16                    -2.2979723E-9            
73.17                    -2.2979723E-9            
73.18                    -2.2980031E-9            
73.19                    -2.2979878E-9            
73.2                     -2.2979723E-9            
73.21                    -2.2979878E-9            
73.22                    -2.2979723E-9            
73.23                    -2.2979723E-9            
73.24                    -2.2980031E-9            
73.25                    -2.2979878E-9            
73.26                    -2.2979723E-9            
73.27                    -2.2979878E-9            
73.28                    -2.2979723E-9            
73.29                    -2.2979723E-9            
73.3                     -2.2979878E-9            
73.31                    -2.2980031E-9            
73.32                    -2.2979723E-9            
73.33                    -2.2979878E-9            
73.34                    -2.2979723E-9            
73.35                    -2.2979878E-9            
73.36                    -2.2979723E-9            
73.37                    -2.2980031E-9            
73.38                    -2.2979723E-9            
73.39                    -2.2979878E-9            
73.4                     -2.2979723E-9            
73.41                    -2.2979878E-9            
73.42                    -2.2979723E-9            
73.43                    -2.2979723E-9            
73.44                    -2.2980031E-9            
73.45                    -2.2979878E-9            
73.46                    -2.2979723E-9            
73.47                    -2.2979878E-9            
73.48                    -2.2979723E-9            
73.49                    -2.2979723E-9            
73.5                     -2.2980031E-9            
73.51                    -2.2979878E-9            
73.52                    -2.2979723E-9            
73.53                    -2.2979878E-9            
73.54                    -2.2979723E-9            
73.55                    -2.2979723E-9            
73.56                    -2.2979878E-9            
73.57                    -2.2980031E-9            
73.58                    -2.2979723E-9            
73.59                    -2.2979878E-9            
73.6                     -2.2979723E-9            
73.61                    -2.2979723E-9            
73.62                    -2.2979878E-9            
73.63                    -2.2980031E-9            
73.64                    -2.2979723E-9            
73.65                    -2.2979878E-9            
73.66                    -2.2979723E-9            
73.67                    -2.2979878E-9            
73.68                    -2.2979723E-9            
73.69                    -2.2980031E-9            
73.7                     -2.2979723E-9            
73.71                    -2.2979878E-9            
73.72                    -2.2979723E-9            
73.73                    -2.2979878E-9            
73.74                    -2.2979723E-9            
73.75                    -2.2979723E-9            
73.76                    -2.2980031E-9            
73.77                    -2.2979878E-9            
73.78                    -2.2979723E-9            
73.79                    -2.2979878E-9            
73.8                     -2.2979723E-9            
73.81                    -2.2979723E-9            
73.82                    -2.2980031E-9            
73.83                    -2.2979878E-9            
73.84                    -2.2979723E-9            
73.85                    -2.2979878E-9            
73.86                    -2.2979723E-9            
73.87                    -2.2979723E-9            
73.88                    -2.2979878E-9            
73.89                    -2.2980031E-9            
73.9                     -2.2979723E-9            
73.91                    -2.2979878E-9            
73.92                    -2.2979723E-9            
73.93                    -2.2979878E-9            
73.94                    -2.2979723E-9            
73.95                    -2.2980031E-9            
73.96                    -2.2979723E-9            
73.97                    -2.2979878E-9            
73.98                    -2.2979723E-9            
73.99                    -2.2979878E-9            
74.0                     -2.2979723E-9            
74.01                    -2.2979723E-9            
74.02                    -2.2980031E-9            
74.03                    -2.2979878E-9            
74.04                    -2.2979723E-9            
74.05                    -2.2979878E-9            
74.06                    -2.2979723E-9            
74.07                    -2.2979723E-9            
74.08                    -2.2980031E-9            
74.09                    -2.2979878E-9            
74.1                     -2.2979723E-9            
74.11                    -2.2979878E-9            
74.12                    -2.2979723E-9            
74.13                    -2.2979723E-9            
74.14                    -2.2980031E-9            
74.15                    -2.2979878E-9            
74.16                    -2.2979723E-9            
74.17                    -2.2979878E-9            
74.18                    -2.2979723E-9            
74.19                    -2.2979878E-9            
74.2                     -2.2979723E-9            
74.21                    -2.2980031E-9            
74.22                    -2.2979723E-9            
74.23                    -2.2979878E-9            
74.24                    -2.2979723E-9            
74.25                    -2.2979878E-9            
74.26                    -2.2979723E-9            
74.27                    -2.2980031E-9            
74.28                    -2.2979723E-9            
74.29                    -2.2979878E-9            
74.3                     -2.2979723E-9            
74.31                    -2.2979878E-9            
74.32                    -2.2979723E-9            
74.33                    -2.2979723E-9            
74.34                    -2.2980031E-9            
74.35                    -2.2979878E-9            
74.36                    -2.2979723E-9            
74.37                    -2.2979878E-9            
74.38                    -2.2979723E-9            
74.39                    -2.2979723E-9            
74.4                     -2.2980031E-9            
74.41                    -2.2979878E-9            
74.42                    -2.2979723E-9            
74.43                    -2.2979878E-9            
74.44                    -2.2979723E-9            
74.45                    -2.2979878E-9            
74.46                    -2.2979723E-9            
74.47                    -2.2980031E-9            
74.48                    -2.2979723E-9            
74.49                    -2.2979878E-9            
74.5                     -2.2979723E-9            
74.51                    -2.2979878E-9            
74.52                    -2.2979723E-9            
74.53                    -2.2980031E-9            
74.54                    -2.2979723E-9            
74.55                    -2.2979878E-9            
74.56                    -2.2979723E-9            
74.57                    -2.2979878E-9            
74.58                    -2.2979723E-9            
74.59                    -2.2980031E-9            
74.6                     -2.2979723E-9            
74.61                    -2.2979878E-9            
74.62                    -2.2979723E-9            
74.63                    -2.2979878E-9            
74.64                    -2.2979723E-9            
74.65                    -2.2979723E-9            
74.66                    -2.2980031E-9            
74.67                    -2.2979878E-9            
74.68                    -2.2979723E-9            
74.69                    -2.2979878E-9            
74.7                     -2.2979723E-9            
74.71                    -2.2979878E-9            
74.72                    -2.2979878E-9            
74.73                    -2.2979878E-9            
74.74                    -2.2979723E-9            
74.75                    -2.2979878E-9            
74.76                    -2.2979723E-9            
74.77                    -2.2979878E-9            
74.78                    -2.2979723E-9            
74.79                    -2.2980031E-9            
74.8                     -2.2979723E-9            
74.81                    -2.2979878E-9            
74.82                    -2.2979723E-9            
74.83                    -2.2979878E-9            
74.84                    -2.2979723E-9            
74.85                    -2.2980031E-9            
74.86                    -2.2979723E-9            
74.87                    -2.2979878E-9            
74.88                    -2.2979723E-9            
74.89                    -2.2979878E-9            
74.9                     -2.2979723E-9            
74.91                    -2.2980031E-9            
74.92                    -2.2979723E-9            
74.93                    -2.2979878E-9            
74.94                    -2.2979723E-9            
74.95                    -2.2979878E-9            
74.96                    -2.2979723E-9            
74.97                    -2.2979878E-9            
74.98                    -2.2979878E-9            
74.99                    -2.2979878E-9            
75.0                     -2.2979723E-9            
75.01                    -2.2979878E-9            
75.02                    -2.2979723E-9            
75.03                    -2.2979878E-9            
75.04                    -2.2979878E-9            
75.05                    -2.2979878E-9            
75.06                    -2.2979723E-9            
75.07                    -2.2979878E-9            
75.08                    -2.2979723E-9            
75.09                    -2.2979878E-9            
75.1                     -2.2979723E-9            
75.11                    -2.2980031E-9            
75.12                    -2.2979723E-9            
75.13                    -2.2979878E-9            
75.14                    -2.2979723E-9            
75.15                    -2.2979878E-9            
75.16                    -2.2979723E-9            
75.17                    -2.2980031E-9            
75.18                    -2.2979723E-9            
75.19                    -2.2979878E-9            
75.2                     -2.2979723E-9            
75.21                    -2.2979878E-9            
75.22                    -2.2979723E-9            
75.23                    -2.2979723E-9            
75.24                    -2.2980031E-9            
75.25                    -2.2979878E-9            
75.26                    -2.2979723E-9            
75.27                    -2.2979878E-9            
75.28                    -2.2979723E-9            
75.29                    -2.2979878E-9            
75.3                     -2.2979878E-9            
75.31                    -2.2979878E-9            
75.32                    -2.2979723E-9            
75.33                    -2.2979878E-9            
75.34                    -2.2979723E-9            
75.35                    -2.2979878E-9            
75.36                    -2.2979878E-9            
75.37                    -2.2979878E-9            
75.38                    -2.2979723E-9            
75.39                    -2.2979878E-9            
75.4                     -2.2979723E-9            
75.41                    -2.2979878E-9            
75.42                    -2.2979723E-9            
75.43                    -2.2980031E-9            
75.44                    -2.2979723E-9            
75.45                    -2.2979878E-9            
75.46                    -2.2979723E-9            
75.47                    -2.2979878E-9            
75.48                    -2.2979723E-9            
75.49                    -2.2980031E-9            
75.5                     -2.2979723E-9            
75.51                    -2.2979878E-9            
75.52                    -2.2979723E-9            
75.53                    -2.2979878E-9            
75.54                    -2.2979723E-9            
75.55                    -2.2979878E-9            
75.56                    -2.2979878E-9            
75.57                    -2.2979878E-9            
75.58                    -2.2979723E-9            
75.59                    -2.2979878E-9            
75.6                     -2.2979723E-9            
75.61                    -2.2977555E-9            
75.62                    -2.2977864E-9            
75.63                    -2.2977555E-9            
75.64                    -2.2977555E-9            
75.65                    -2.2977555E-9            
75.66                    -2.2977864E-9            
75.67                    -2.2977555E-9            
75.68                    -2.2977555E-9            
75.69                    -2.2977555E-9            
75.7                     -2.297771E-9             
75.71                    -2.2977555E-9            
75.72                    -2.2977555E-9            
75.73                    -2.297771E-9             
75.74                    -2.297771E-9             
75.75                    -2.2977555E-9            
75.76                    -2.2977555E-9            
75.77                    -2.2977555E-9            
75.78                    -2.2977864E-9            
75.79                    -2.2977555E-9            
75.8                     -2.2977555E-9            
75.81                    -2.2977555E-9            
75.82                    -2.2977864E-9            
75.83                    -2.2977555E-9            
75.84                    -2.2977555E-9            
75.85                    -2.2977555E-9            
75.86                    -2.2977555E-9            
75.87                    -2.2977864E-9            
75.88                    -2.2977555E-9            
75.89                    -2.2977555E-9            
75.9                     -2.2977555E-9            
75.91                    -2.297771E-9             
75.92                    -2.2977555E-9            
75.93                    -2.297771E-9             
75.94                    -2.2977555E-9            
75.95                    -2.297771E-9             
75.96                    -2.2977555E-9            
75.97                    -2.2977555E-9            
75.98                    -2.2977555E-9            
75.99                    -2.2977864E-9            
76.0                     -2.2977555E-9            
76.01                    -2.2977555E-9            
76.02                    -2.2977555E-9            
76.03                    -2.2977864E-9            
76.04                    -2.2977555E-9            
76.05                    -2.2977555E-9            
76.06                    -2.2977555E-9            
76.07                    -2.2977864E-9            
76.08                    -2.2977555E-9            
76.09                    -2.2977555E-9            
76.1                     -2.2977555E-9            
76.11                    -2.297771E-9             
76.12                    -2.2977555E-9            
76.13                    -2.2977555E-9            
76.14                    -2.297771E-9             
76.15                    -2.297771E-9             
76.16                    -2.2977555E-9            
76.17                    -2.2977555E-9            
76.18                    -2.2977555E-9            
76.19                    -2.2977864E-9            
76.2                     -2.2977555E-9            
76.21                    -2.2977555E-9            
76.22                    -2.2977555E-9            
76.23                    -2.2977864E-9            
76.24                    -2.2977555E-9            
76.25                    -2.2977555E-9            
76.26                    -2.2977555E-9            
76.27                    -2.297771E-9             
76.28                    -2.297771E-9             
76.29                    -2.2977555E-9            
76.3                     -2.2977555E-9            
76.31                    -2.297771E-9             
76.32                    -2.2977555E-9            
76.33                    -2.2977555E-9            
76.34                    -2.297771E-9             
76.35                    -2.297771E-9             
76.36                    -2.2977555E-9            
76.37                    -2.2977555E-9            
76.38                    -2.2977555E-9            
76.39                    -2.2977864E-9            
76.4                     -2.2977555E-9            
76.41                    -2.2977555E-9            
76.42                    -2.2977555E-9            
76.43                    -2.2977864E-9            
76.44                    -2.2977555E-9            
76.45                    -2.2977555E-9            
76.46                    -2.2977555E-9            
76.47                    -2.297771E-9             
76.48                    -2.297771E-9             
76.49                    -2.2977555E-9            
76.5                     -2.2977555E-9            
76.51                    -2.297771E-9             
76.52                    -2.2977555E-9            
76.53                    -2.2977555E-9            
76.54                    -2.2977555E-9            
76.55                    -2.2977864E-9            
76.56                    -2.2977555E-9            
76.57                    -2.2977555E-9            
76.58                    -2.2977555E-9            
76.59                    -2.2977864E-9            
76.6                     -2.2977555E-9            
76.61                    -2.2977555E-9            
76.62                    -2.2977555E-9            
76.63                    -2.2977864E-9            
76.64                    -2.2977555E-9            
76.65                    -2.2977555E-9            
76.66                    -2.2977555E-9            
76.67                    -2.297771E-9             
76.68                    -2.2977555E-9            
76.69                    -2.297771E-9             
76.7                     -2.2977555E-9            
76.71                    -2.297771E-9             
76.72                    -2.2977555E-9            
76.73                    -2.2977555E-9            
76.74                    -2.2977555E-9            
76.75                    -2.2977864E-9            
76.76                    -2.2977555E-9            
76.77                    -2.2977555E-9            
76.78                    -2.2977555E-9            
76.79                    -2.2977864E-9            
76.8                     -2.2977555E-9            
76.81                    -2.2977555E-9            
76.82                    -2.2977555E-9            
76.83                    -2.2977864E-9            
76.84                    -2.2977555E-9            
76.85                    -2.2977555E-9            
76.86                    -2.2977555E-9            
76.87                    -2.297771E-9             
76.88                    -2.2977555E-9            
76.89                    -2.297771E-9             
76.9                     -2.2977555E-9            
76.91                    -2.297771E-9             
76.92                    -2.2977555E-9            
76.93                    -2.2977555E-9            
76.94                    -2.2977555E-9            
76.95                    -2.2977555E-9            
76.96                    -2.2977864E-9            
76.97                    -2.2977555E-9            
76.98                    -2.2977555E-9            
76.99                    -2.2977555E-9            
77.0                     -2.2977864E-9            
77.01                    -2.2977555E-9            
77.02                    -2.2977555E-9            
77.03                    -2.2977555E-9            
77.04                    -2.2977864E-9            
77.05                    -2.2977555E-9            
77.06                    -2.2977555E-9            
77.07                    -2.2977555E-9            
77.08                    -2.297771E-9             
77.09                    -2.2977555E-9            
77.1                     -2.297771E-9             
77.11                    -2.2977555E-9            
77.12                    -2.297771E-9             
77.13                    -2.2977555E-9            
77.14                    -2.2977555E-9            
77.15                    -2.2977555E-9            
77.16                    -2.2977864E-9            
77.17                    -2.2977555E-9            
77.18                    -2.2977555E-9            
77.19                    -2.2977555E-9            
77.2                     -2.2977864E-9            
77.21                    -2.2977555E-9            
77.22                    -2.2977555E-9            
77.23                    -2.2977555E-9            
77.24                    -2.2977864E-9            
77.25                    -2.2977555E-9            
77.26                    -2.2977555E-9            
77.27                    -2.2977555E-9            
77.28                    -2.297771E-9             
77.29                    -2.2977555E-9            
77.3                     -2.297771E-9             
77.31                    -2.2977555E-9            
77.32                    -2.297771E-9             
77.33                    -2.2977555E-9            
77.34                    -2.2977555E-9            
77.35                    -2.2977555E-9            
77.36                    -2.2977864E-9            
77.37                    -2.2977555E-9            
77.38                    -2.2977555E-9            
77.39                    -2.2977555E-9            
77.4                     -2.2977864E-9            
77.41                    -2.2977555E-9            
77.42                    -2.2977555E-9            
77.43                    -2.2977555E-9            
77.44                    -2.2977864E-9            
77.45                    -2.2977555E-9            
77.46                    -2.2977555E-9            
77.47                    -2.2977555E-9            
77.48                    -2.297771E-9             
77.49                    -2.2977555E-9            
77.5                     -2.2977555E-9            
77.51                    -2.297771E-9             
77.52                    -2.297771E-9             
77.53                    -2.2977555E-9            
77.54                    -2.2977555E-9            
77.55                    -2.2977555E-9            
77.56                    -2.2977864E-9            
77.57                    -2.2977555E-9            
77.58                    -2.2977555E-9            
77.59                    -2.2977555E-9            
77.6                     -2.2977864E-9            
77.61                    -2.2977555E-9            
77.62                    -2.2977555E-9            
77.63                    -2.2977555E-9            
77.64                    -2.297771E-9             
77.65                    -2.297771E-9             
77.66                    -2.2977555E-9            
77.67                    -2.2977555E-9            
77.68                    -2.297771E-9             
77.69                    -2.2977555E-9            
77.7                     -2.2977555E-9            
77.71                    -2.297771E-9             
77.72                    -2.297771E-9             
77.73                    -2.2977555E-9            
77.74                    -2.2977555E-9            
77.75                    -2.2977555E-9            
77.76                    -2.2977864E-9            
77.77                    -2.2977555E-9            
77.78                    -2.2977555E-9            
77.79                    -2.2977555E-9            
77.8                     -2.2977864E-9            
77.81                    -2.2977555E-9            
77.82                    -2.2977555E-9            
77.83                    -2.2977555E-9            
77.84                    -2.297771E-9             
77.85                    -2.2977555E-9            
77.86                    -2.297771E-9             
77.87                    -2.2977555E-9            
77.88                    -2.297771E-9             
77.89                    -2.2977555E-9            
77.9                     -2.2977555E-9            
77.91                    -2.2977555E-9            
77.92                    -2.2977864E-9            
77.93                    -2.2977555E-9            
77.94                    -2.2977555E-9            
77.95                    -2.2977555E-9            
77.96                    -2.2977864E-9            
77.97                    -2.2977555E-9            
77.98                    -2.2977555E-9            
77.99                    -2.2977555E-9            
78.0                     -2.2977864E-9            
78.01                    -2.2977555E-9            
78.02                    -2.2977555E-9            
78.03                    -2.2977555E-9            
78.04                    -2.297771E-9             
78.05                    -2.2977555E-9            
78.06                    -2.297771E-9             
78.07                    -2.2977555E-9            
78.08                    -2.2977555E-9            
78.09                    -2.297771E-9             
78.1                     -2.2977555E-9            
78.11                    -2.2977555E-9            
78.12                    -2.297771E-9             
78.13                    -2.297771E-9             
78.14                    -2.2977555E-9            
78.15                    -2.2977555E-9            
78.16                    -2.2977555E-9            
78.17                    -2.2977864E-9            
78.18                    -2.2977555E-9            
78.19                    -2.2977555E-9            
78.2                     -2.2977555E-9            
78.21                    -2.2977864E-9            
78.22                    -2.2977555E-9            
78.23                    -2.2977555E-9            
78.24                    -2.2977555E-9            
78.25                    -2.297771E-9             
78.26                    -2.2977555E-9            
78.27                    -2.297771E-9             
78.28                    -2.2977555E-9            
78.29                    -2.297771E-9             
78.3                     -2.2977555E-9            
78.31                    -2.2977555E-9            
78.32                    -2.2977555E-9            
78.33                    -2.2977864E-9            
78.34                    -2.2977555E-9            
78.35                    -2.2977555E-9            
78.36                    -2.2977555E-9            
78.37                    -2.2977864E-9            
78.38                    -2.2977555E-9            
78.39                    -2.2977555E-9            
78.4                     -2.2977555E-9            
78.41                    -2.2977864E-9            
78.42                    -2.2977555E-9            
78.43                    -2.2977555E-9            
78.44                    -2.2977555E-9            
78.45                    -2.297771E-9             
78.46                    -2.2977555E-9            
78.47                    -2.297771E-9             
78.48                    -2.2977555E-9            
78.49                    -2.297771E-9             
78.5                     -2.2977555E-9            
78.51                    -2.2977555E-9            
78.52                    -2.2977555E-9            
78.53                    -2.2977864E-9            
78.54                    -2.2977555E-9            
78.55                    -2.2977555E-9            
78.56                    -2.2977555E-9            
78.57                    -2.2977864E-9            
78.58                    -2.2977555E-9            
78.59                    -2.2977555E-9            
78.6                     -2.2977555E-9            
78.61                    -2.2977864E-9            
78.62                    -2.2977555E-9            
78.63                    -2.2977555E-9            
78.64                    -2.2977555E-9            
78.65                    -2.297771E-9             
78.66                    -2.2977555E-9            
78.67                    -2.2977555E-9            
78.68                    -2.297771E-9             
78.69                    -2.297771E-9             
78.7                     -2.2977555E-9            
78.71                    -2.2977555E-9            
78.72                    -2.2977555E-9            
78.73                    -2.2977864E-9            
78.74                    -2.2977555E-9            
78.75                    -2.2977555E-9            
78.76                    -2.2977555E-9            
78.77                    -2.2977864E-9            
78.78                    -2.2977555E-9            
78.79                    -2.2977555E-9            
78.8                     -2.2977555E-9            
78.81                    -2.297771E-9             
78.82                    -2.297771E-9             
78.83                    -2.2977555E-9            
78.84                    -2.2977555E-9            
78.85                    -2.297771E-9             
78.86                    -2.2977555E-9            
78.87                    -2.2977555E-9            
78.88                    -2.297771E-9             
78.89                    -2.297771E-9             
78.9                     -2.2977555E-9            
78.91                    -2.2977555E-9            
78.92                    -2.2977555E-9            
78.93                    -2.2977864E-9            
78.94                    -2.2977555E-9            
78.95                    -2.2977555E-9            
78.96                    -2.2977555E-9            
78.97                    -2.2977864E-9            
78.98                    -2.2977555E-9            
78.99                    -2.2977555E-9            
79.0                     -2.2977555E-9            
79.01                    -2.297771E-9             
79.02                    -2.297771E-9             
79.03                    -2.2977555E-9            
79.04                    -2.2977555E-9            
79.05                    -2.297771E-9             
79.06                    -2.2977555E-9            
79.07                    -2.2977555E-9            
79.08                    -2.2977555E-9            
79.09                    -2.2977864E-9            
79.1                     -2.2977555E-9            
79.11                    -2.2977555E-9            
79.12                    -2.2977555E-9            
79.13                    -2.2977864E-9            
79.14                    -2.2977555E-9            
79.15                    -2.2977555E-9            
79.16                    -2.2977555E-9            
79.17                    -2.2977864E-9            
79.18                    -2.2977555E-9            
79.19                    -2.2977555E-9            
79.2                     -2.2977555E-9            
79.21                    -2.2977555E-9            
79.22                    -2.297771E-9             
79.23                    -2.297771E-9             
79.24                    -2.2977555E-9            
79.25                    -2.2977555E-9            
79.26                    -2.297771E-9             
79.27                    -2.2977555E-9            
79.28                    -2.2977555E-9            
79.29                    -2.297771E-9             
79.3                     -2.297771E-9             
79.31                    -2.2977555E-9            
79.32                    -2.2977555E-9            
79.33                    -2.2977555E-9            
79.34                    -2.2977864E-9            
79.35                    -2.2977555E-9            
79.36                    -2.2977555E-9            
79.37                    -2.2977555E-9            
79.38                    -2.2977864E-9            
79.39                    -2.2977555E-9            
79.4                     -2.2977555E-9            
79.41                    -2.2977555E-9            
79.42                    -2.297771E-9             
79.43                    -2.297771E-9             
79.44                    -2.2977555E-9            
79.45                    -2.2977555E-9            
79.46                    -2.297771E-9             
79.47                    -2.2977555E-9            
79.48                    -2.2977555E-9            
79.49                    -2.2977555E-9            
79.5                     -2.2977864E-9            
79.51                    -2.2977555E-9            
79.52                    -2.2977555E-9            
79.53                    -2.2977555E-9            
79.54                    -2.2977864E-9            
79.55                    -2.2977555E-9            
79.56                    -2.2977555E-9            
79.57                    -2.2977555E-9            
79.58                    -2.2977864E-9            
79.59                    -2.2977555E-9            
79.6                     -2.2977555E-9            
79.61                    -2.2977555E-9            
79.62                    -2.297771E-9             
79.63                    -2.2977555E-9            
79.64                    -2.297771E-9             
79.65                    -2.2977555E-9            
79.66                    -2.297771E-9             
79.67                    -2.2977555E-9            
79.68                    -2.2977555E-9            
79.69                    -2.2977555E-9            
79.7                     -2.2977864E-9            
79.71                    -2.2977555E-9            
79.72                    -2.2977555E-9            
79.73                    -2.2977555E-9            
79.74                    -2.2977864E-9            
79.75                    -2.2977555E-9            
79.76                    -2.2977555E-9            
79.77                    -2.2977555E-9            
79.78                    -2.2977864E-9            
79.79                    -2.2977555E-9            
79.8                     -2.2977555E-9            
79.81                    -2.2977555E-9            
79.82                    -2.297771E-9             
79.83                    -2.2977555E-9            
79.84                    -2.297771E-9             
79.85                    -2.2977555E-9            
79.86                    -2.297771E-9             
79.87                    -2.2977555E-9            
79.88                    -2.2977555E-9            
79.89                    -2.2977555E-9            
79.9                     -2.2977864E-9            
79.91                    -2.2977555E-9            
79.92                    -2.2977555E-9            
79.93                    -2.2977555E-9            
79.94                    -2.2977864E-9            
79.95                    -2.2977555E-9            
79.96                    -2.2977555E-9            
79.97                    -2.2977555E-9            
79.98                    -2.2977864E-9            
79.99                    -2.2977555E-9            
80.0                     -2.2977555E-9            
80.01                    -2.2977555E-9            
80.02                    -2.297771E-9             
80.03                    -2.2977555E-9            
80.04                    -2.2977555E-9            
80.05                    -2.297771E-9             
80.06                    -2.297771E-9             
80.07                    -2.2977555E-9            
80.08                    -2.2977555E-9            
80.09                    -2.2977555E-9            
80.1                     -2.2977864E-9            
80.11                    -2.2977555E-9            
80.12                    -2.2977555E-9            
80.13                    -2.2977555E-9            
80.14                    -2.2977864E-9            
80.15                    -2.2977555E-9            
80.16                    -2.2977555E-9            
80.17                    -2.2977555E-9            
80.18                    -2.297771E-9             
80.19                    -2.297771E-9             
80.2                     -2.2977555E-9            
80.21                    -2.2977555E-9            
80.22                    -2.297771E-9             
80.23                    -2.2977555E-9            
80.24                    -2.2977555E-9            
80.25                    -2.297771E-9             
80.26                    -2.297771E-9             
80.27                    -2.2977555E-9            
80.28                    -2.2977555E-9            
80.29                    -2.2977555E-9            
80.3                     -2.2977555E-9            
80.31                    -2.2977864E-9            
80.32                    -2.2977555E-9            
80.33                    -2.2977555E-9            
80.34                    -2.2977555E-9            
80.35                    -2.2977864E-9            
80.36                    -2.2977555E-9            
80.37                    -2.2977555E-9            
80.38                    -2.2977555E-9            
80.39                    -2.2977864E-9            
80.4                     -2.2977555E-9            
80.41                    -2.2977555E-9            
80.42                    -2.2977555E-9            
80.43                    -2.297771E-9             
80.44                    -2.2977555E-9            
80.45                    -2.2977555E-9            
80.46                    -2.297771E-9             
80.47                    -2.297771E-9             
80.48                    -2.2977555E-9            
80.49                    -2.2977555E-9            
80.5                     -2.2977555E-9            
80.51                    -2.2977864E-9            
80.52                    -2.2977555E-9            
80.53                    -2.2977555E-9            
80.54                    -2.2977555E-9            
80.55                    -2.2977864E-9            
80.56                    -2.2977555E-9            
80.57                    -2.2977555E-9            
80.58                    -2.2977555E-9            
80.59                    -2.297771E-9             
80.6                     -2.297771E-9             
80.61                    -2.2977555E-9            
80.62                    -2.2977555E-9            
80.63                    -2.297771E-9             
80.64                    -2.2977555E-9            
80.65                    -2.2977555E-9            
80.66                    -2.297771E-9             
80.67                    -2.297771E-9             
80.68                    -2.2977555E-9            
80.69                    -2.2977555E-9            
80.7                     -2.2977555E-9            
80.71                    -2.2977864E-9            
80.72                    -2.2977555E-9            
80.73                    -2.2977555E-9            
80.74                    -2.2977555E-9            
80.75                    -2.2977864E-9            
80.76                    -2.2977555E-9            
80.77                    -2.2977555E-9            
80.78                    -2.2977555E-9            
80.79                    -2.297771E-9             
80.8                     -2.297771E-9             
80.81                    -2.2977555E-9            
80.82                    -2.2977555E-9            
80.83                    -2.297771E-9             
80.84                    -2.2977555E-9            
80.85                    -2.2977555E-9            
80.86                    -2.2977555E-9            
80.87                    -2.2977864E-9            
80.88                    -2.2977555E-9            
80.89                    -2.2977555E-9            
80.9                     -2.2977555E-9            
80.91                    -2.2977864E-9            
80.92                    -2.2977555E-9            
80.93                    -2.2977555E-9            
80.94                    -2.2977555E-9            
80.95                    -2.2977864E-9            
80.96                    -2.2977555E-9            
80.97                    -2.2977555E-9            
80.98                    -2.2977555E-9            
80.99                    -2.297771E-9             
81.0                     -2.2977555E-9            
81.01                    -2.297771E-9             
81.02                    -2.2977555E-9            
81.03                    -2.297771E-9             
81.04                    -2.2977555E-9            
81.05                    -2.2977555E-9            
81.06                    -2.2977555E-9            
81.07                    -2.2977864E-9            
81.08                    -2.2977555E-9            
81.09                    -2.2977555E-9            
81.1                     -2.2977555E-9            
81.11                    -2.2977864E-9            
81.12                    -2.2977555E-9            
81.13                    -2.2977555E-9            
81.14                    -2.2977555E-9            
81.15                    -2.2977864E-9            
81.16                    -2.2977555E-9            
81.17                    -2.2977555E-9            
81.18                    -2.2977555E-9            
81.19                    -2.297771E-9             
81.2                     -2.2977555E-9            
81.21                    -2.2977555E-9            
81.22                    -2.297771E-9             
81.23                    -2.297771E-9             
81.24                    -2.2977555E-9            
81.25                    -2.2977555E-9            
81.26                    -2.2977555E-9            
81.27                    -2.2977864E-9            
81.28                    -2.2977555E-9            
81.29                    -2.2977555E-9            
81.3                     -2.2977555E-9            
81.31                    -2.2977864E-9            
81.32                    -2.2977555E-9            
81.33                    -2.2977555E-9            
81.34                    -2.2977555E-9            
81.35                    -2.297771E-9             
81.36                    -2.297771E-9             
81.37                    -2.2977555E-9            
81.38                    -2.2977555E-9            
81.39                    -2.297771E-9             
81.4                     -2.2977555E-9            
81.41                    -2.2977555E-9            
81.42                    -2.297771E-9             
81.43                    -2.2977555E-9            
81.44                    -2.297771E-9             
81.45                    -2.2977555E-9            
81.46                    -2.2977555E-9            
81.47                    -2.2977555E-9            
81.48                    -2.2977866E-9            
81.49                    -2.2977555E-9            
81.5                     -2.2977555E-9            
81.51                    -2.2977555E-9            
81.52                    -2.2977866E-9            
81.53                    -2.2977555E-9            
81.54                    -2.2977555E-9            
81.55                    -2.2977555E-9            
81.56                    -2.2977866E-9            
81.57                    -2.2977555E-9            
81.58                    -2.2977555E-9            
81.59                    -2.2977555E-9            
81.6                     -2.297771E-9             
81.61                    -2.2977555E-9            
81.62                    -2.2977555E-9            
81.63                    -2.297771E-9             
81.64                    -2.297771E-9             
81.65                    -2.2977555E-9            
81.66                    -2.2977555E-9            
81.67                    -2.2977555E-9            
81.68                    -2.2977866E-9            
81.69                    -2.2977555E-9            
81.7                     -2.2977555E-9            
81.71                    -2.2977555E-9            
81.72                    -2.2977866E-9            
81.73                    -2.2977555E-9            
81.74                    -2.2977555E-9            
81.75                    -2.2977555E-9            
81.76                    -2.297771E-9             
81.77                    -2.297771E-9             
81.78                    -2.2977555E-9            
81.79                    -2.2977555E-9            
81.8                     -2.297771E-9             
81.81                    -2.2977555E-9            
81.82                    -2.2977555E-9            
81.83                    -2.297771E-9             
81.84                    -2.297771E-9             
81.85                    -2.2977555E-9            
81.86                    -2.2977555E-9            
81.87                    -2.2977555E-9            
81.88                    -2.2977866E-9            
81.89                    -2.2977555E-9            
81.9                     -2.2977555E-9            
81.91                    -2.2977555E-9            
81.92                    -2.2977866E-9            
81.93                    -2.2977555E-9            
81.94                    -2.2977555E-9            
81.95                    -2.2977555E-9            
81.96                    -2.297771E-9             
81.97                    -2.297771E-9             
81.98                    -2.2977555E-9            
81.99                    -2.2977555E-9            
82.0                     -2.297771E-9             
82.01                    -2.2977555E-9            
82.02                    -2.2977555E-9            
82.03                    -2.2977555E-9            
82.04                    -2.2977866E-9            
82.05                    -2.2977555E-9            
82.06                    -2.2977555E-9            
82.07                    -2.2977555E-9            
82.08                    -2.2977866E-9            
82.09                    -2.2977555E-9            
82.1                     -2.2977555E-9            
82.11                    -2.2977555E-9            
82.12                    -2.2977866E-9            
82.13                    -2.2977555E-9            
82.14                    -2.2977555E-9            
82.15                    -2.2977555E-9            
82.16                    -2.297771E-9             
82.17                    -2.2977555E-9            
82.18                    -2.297771E-9             
82.19                    -2.2977555E-9            
82.2                     -2.297771E-9             
82.21                    -2.2977555E-9            
82.22                    -2.2977555E-9            
82.23                    -2.2977555E-9            
82.24                    -2.2977866E-9            
82.25                    -2.2977555E-9            
82.26                    -2.2977555E-9            
82.27                    -2.2977555E-9            
82.28                    -2.2977866E-9            
82.29                    -2.2977555E-9            
82.3                     -2.2977555E-9            
82.31                    -2.2977555E-9            
82.32                    -2.2977866E-9            
82.33                    -2.2977555E-9            
82.34                    -2.2977555E-9            
82.35                    -2.2977555E-9            
82.36                    -2.297771E-9             
82.37                    -2.2977555E-9            
82.38                    -2.297771E-9             
82.39                    -2.2977555E-9            
82.4                     -2.297771E-9             
82.41                    -2.2977555E-9            
82.42                    -2.2977555E-9            
82.43                    -2.2977555E-9            
82.44                    -2.2977866E-9            
82.45                    -2.2977555E-9            
82.46                    -2.2977555E-9            
82.47                    -2.2977555E-9            
82.48                    -2.2977866E-9            
82.49                    -2.2977555E-9            
82.5                     -2.2977555E-9            
82.51                    -2.2977555E-9            
82.52                    -2.2977866E-9            
82.53                    -2.2977555E-9            
82.54                    -2.2977555E-9            
82.55                    -2.2977555E-9            
82.56                    -2.2977555E-9            
82.57                    -2.297771E-9             
82.58                    -2.2977555E-9            
82.59                    -2.297771E-9             
82.6                     -2.2977555E-9            
82.61                    -2.297771E-9             
82.62                    -2.2977555E-9            
82.63                    -2.2977555E-9            
82.64                    -2.2977555E-9            
82.65                    -2.2977866E-9            
82.66                    -2.2977555E-9            
82.67                    -2.2977555E-9            
82.68                    -2.2977555E-9            
82.69                    -2.2977866E-9            
82.7                     -2.2977555E-9            
82.71                    -2.2977555E-9            
82.72                    -2.2977555E-9            
82.73                    -2.2977866E-9            
82.74                    -2.2977555E-9            
82.75                    -2.2977555E-9            
82.76                    -2.2977555E-9            
82.77                    -2.297771E-9             
82.78                    -2.2977555E-9            
82.79                    -2.297771E-9             
82.8                     -2.2977555E-9            
82.81                    -2.297771E-9             
82.82                    -2.2977555E-9            
82.83                    -2.2977555E-9            
82.84                    -2.2977555E-9            
82.85                    -2.2977866E-9            
82.86                    -2.2977555E-9            
82.87                    -2.2977555E-9            
82.88                    -2.2977555E-9            
82.89                    -2.2977866E-9            
82.9                     -2.2977555E-9            
82.91                    -2.2977555E-9            
82.92                    -2.2977555E-9            
82.93                    -2.2977866E-9            
82.94                    -2.2977555E-9            
82.95                    -2.2977555E-9            
82.96                    -2.2977555E-9            
82.97                    -2.297771E-9             
82.98                    -2.2977555E-9            
82.99                    -2.2977555E-9            
83.0                     -2.297771E-9             
83.01                    -2.297771E-9             
83.02                    -2.2977555E-9            
83.03                    -2.2977555E-9            
83.04                    -2.2977555E-9            
83.05                    -2.2977866E-9            
83.06                    -2.2977555E-9            
83.07                    -2.2977555E-9            
83.08                    -2.2977555E-9            
83.09                    -2.2977866E-9            
83.1                     -2.2977555E-9            
83.11                    -2.2977555E-9            
83.12                    -2.2977555E-9            
83.13                    -2.297771E-9             
83.14                    -2.297771E-9             
83.15                    -2.2977555E-9            
83.16                    -2.2977555E-9            
83.17                    -2.297771E-9             
83.18                    -2.2977555E-9            
83.19                    -2.2977555E-9            
83.2                     -2.297771E-9             
83.21                    -2.297771E-9             
83.22                    -2.2977555E-9            
83.23                    -2.2977555E-9            
83.24                    -2.2977555E-9            
83.25                    -2.2977866E-9            
83.26                    -2.2977555E-9            
83.27                    -2.2977555E-9            
83.28                    -2.2977555E-9            
83.29                    -2.2977866E-9            
83.3                     -2.2977555E-9            
83.31                    -2.2977555E-9            
83.32                    -2.2977555E-9            
83.33                    -2.297771E-9             
83.34                    -2.297771E-9             
83.35                    -2.2977555E-9            
83.36                    -2.2977555E-9            
83.37                    -2.297771E-9             
83.38                    -2.2977555E-9            
83.39                    -2.2977555E-9            
83.4                     -2.2977555E-9            
83.41                    -2.2977866E-9            
83.42                    -2.2977555E-9            
83.43                    -2.2977555E-9            
83.44                    -2.2977555E-9            
83.45                    -2.2977866E-9            
83.46                    -2.2977555E-9            
83.47                    -2.2977555E-9            
83.48                    -2.2977555E-9            
83.49                    -2.2977866E-9            
83.5                     -2.2977555E-9            
83.51                    -2.2977555E-9            
83.52                    -2.2977555E-9            
83.53                    -2.297771E-9             
83.54                    -2.2977555E-9            
83.55                    -2.297771E-9             
83.56                    -2.2977555E-9            
83.57                    -2.297771E-9             
83.58                    -2.2977555E-9            
83.59                    -2.2977555E-9            
83.6                     -2.2977555E-9            
83.61                    -2.2977866E-9            
83.62                    -2.2977555E-9            
83.63                    -2.2977555E-9            
83.64                    -2.2977555E-9            
83.65                    -2.2977555E-9            
83.66                    -2.2977866E-9            
83.67                    -2.2977555E-9            
83.68                    -2.2977555E-9            
83.69                    -2.2977555E-9            
83.7                     -2.2977866E-9            
83.71                    -2.2977555E-9            
83.72                    -2.2977555E-9            
83.73                    -2.2977555E-9            
83.74                    -2.297771E-9             
83.75                    -2.297771E-9             
83.76                    -2.2977555E-9            
83.77                    -2.2977555E-9            
83.78                    -2.297771E-9             
83.79                    -2.2977555E-9            
83.8                     -2.2977555E-9            
83.81                    -2.2977555E-9            
83.82                    -2.2977866E-9            
83.83                    -2.2977555E-9            
83.84                    -2.2977555E-9            
83.85                    -2.2977555E-9            
83.86                    -2.2977866E-9            
83.87                    -2.2977555E-9            
83.88                    -2.2977555E-9            
83.89                    -2.2977555E-9            
83.9                     -2.2977866E-9            
83.91                    -2.2977555E-9            
83.92                    -2.2977555E-9            
83.93                    -2.2977555E-9            
83.94                    -2.297771E-9             
83.95                    -2.2977555E-9            
83.96                    -2.297771E-9             
83.97                    -2.2977555E-9            
83.98                    -2.297771E-9             
83.99                    -2.2977555E-9            
84.0                     -2.2977555E-9            
84.01                    -2.2977555E-9            
84.02                    -2.2977866E-9            
84.03                    -2.2977555E-9            
84.04                    -2.2977555E-9            
84.05                    -2.2977555E-9            
84.06                    -2.2977866E-9            
84.07                    -2.2977555E-9            
84.08                    -2.2977555E-9            
84.09                    -2.2977555E-9            
84.1                     -2.2977866E-9            
84.11                    -2.2977555E-9            
84.12                    -2.2977555E-9            
84.13                    -2.2977555E-9            
84.14                    -2.297771E-9             
84.15                    -2.2977555E-9            
84.16                    -2.297771E-9             
84.17                    -2.2977555E-9            
84.18                    -2.297771E-9             
84.19                    -2.2977555E-9            
84.2                     -2.2977555E-9            
84.21                    -2.2977555E-9            
84.22                    -2.2977866E-9            
84.23                    -2.2977555E-9            
84.24                    -2.2977555E-9            
84.25                    -2.2977555E-9            
84.26                    -2.2977866E-9            
84.27                    -2.2977555E-9            
84.28                    -2.2977555E-9            
84.29                    -2.2977555E-9            
84.3                     -2.297771E-9             
84.31                    -2.297771E-9             
84.32                    -2.2977555E-9            
84.33                    -2.2977555E-9            
84.34                    -2.297771E-9             
84.35                    -2.2977555E-9            
84.36                    -2.2977555E-9            
84.37                    -2.297771E-9             
84.38                    -2.297771E-9             
84.39                    -2.2977555E-9            
84.4                     -2.2977555E-9            
84.41                    -2.2977555E-9            
84.42                    -2.2977866E-9            
84.43                    -2.2977555E-9            
84.44                    -2.2977555E-9            
84.45                    -2.2977555E-9            
84.46                    -2.2977866E-9            
84.47                    -2.2977555E-9            
84.48                    -2.2977555E-9            
84.49                    -2.2977555E-9            
84.5                     -2.297771E-9             
84.51                    -2.297771E-9             
84.52                    -2.2977555E-9            
84.53                    -2.2977555E-9            
84.54                    -2.297771E-9             
84.55                    -2.2977555E-9            
84.56                    -2.2977555E-9            
84.57                    -2.2977555E-9            
84.58                    -2.2977866E-9            
84.59                    -2.2977555E-9            
84.6                     -2.2977555E-9            
84.61                    -2.2976472E-9            
84.62                    -2.2976316E-9            
84.63                    -2.2976163E-9            
84.64                    -2.2976316E-9            
84.65                    -2.2976163E-9            
84.66                    -2.2976472E-9            
84.67                    -2.2976163E-9            
84.68                    -2.2976316E-9            
84.69                    -2.2976163E-9            
84.7                     -2.2976316E-9            
84.71                    -2.2976472E-9            
84.72                    -2.2976163E-9            
84.73                    -2.2976316E-9            
84.74                    -2.2976163E-9            
84.75                    -2.2976316E-9            
84.76                    -2.2976472E-9            
84.77                    -2.2976163E-9            
84.78                    -2.2976316E-9            
84.79                    -2.2976163E-9            
84.8                     -2.2976316E-9            
84.81                    -2.2976472E-9            
84.82                    -2.2976163E-9            
84.83                    -2.2976163E-9            
84.84                    -2.2976316E-9            
84.85                    -2.2976163E-9            
84.86                    -2.2976472E-9            
84.87                    -2.2976316E-9            
84.88                    -2.2976163E-9            
84.89                    -2.2976316E-9            
84.9                     -2.2976163E-9            
84.91                    -2.2976472E-9            
84.92                    -2.2976316E-9            
84.93                    -2.2976163E-9            
84.94                    -2.2976316E-9            
84.95                    -2.2976163E-9            
84.96                    -2.2976472E-9            
84.97                    -2.2976316E-9            
84.98                    -2.2976163E-9            
84.99                    -2.2976316E-9            
85.0                     -2.2976163E-9            
85.01                    -2.2976472E-9            
85.02                    -2.2976163E-9            
85.03                    -2.2976316E-9            
85.04                    -2.2976163E-9            
85.05                    -2.2976316E-9            
85.06                    -2.2976472E-9            
85.07                    -2.2976163E-9            
85.08                    -2.2976316E-9            
85.09                    -2.2976163E-9            
85.1                     -2.2976316E-9            
85.11                    -2.2976472E-9            
85.12                    -2.2976163E-9            
85.13                    -2.2976316E-9            
85.14                    -2.2976163E-9            
85.15                    -2.2976316E-9            
85.16                    -2.2976316E-9            
85.17                    -2.2976316E-9            
85.18                    -2.2976163E-9            
85.19                    -2.2976316E-9            
85.2                     -2.2976472E-9            
85.21                    -2.2976163E-9            
85.22                    -2.2976316E-9            
85.23                    -2.2976163E-9            
85.24                    -2.2976316E-9            
85.25                    -2.2976472E-9            
85.26                    -2.2976163E-9            
85.27                    -2.2976316E-9            
85.28                    -2.2976163E-9            
85.29                    -2.2976316E-9            
85.3                     -2.2976472E-9            
85.31                    -2.2976163E-9            
85.32                    -2.2976163E-9            
85.33                    -2.2976316E-9            
85.34                    -2.2976163E-9            
85.35                    -2.2976472E-9            
85.36                    -2.2976316E-9            
85.37                    -2.2976163E-9            
85.38                    -2.2976316E-9            
85.39                    -2.2976163E-9            
85.4                     -2.2976472E-9            
85.41                    -2.2976316E-9            
85.42                    -2.2976163E-9            
85.43                    -2.2976316E-9            
85.44                    -2.2976163E-9            
85.45                    -2.2976472E-9            
85.46                    -2.2976316E-9            
85.47                    -2.2976163E-9            
85.48                    -2.2976316E-9            
85.49                    -2.2976163E-9            
85.5                     -2.2976472E-9            
85.51                    -2.2976163E-9            
85.52                    -2.2976316E-9            
85.53                    -2.2976163E-9            
85.54                    -2.2976316E-9            
85.55                    -2.2976472E-9            
85.56                    -2.2976163E-9            
85.57                    -2.2976316E-9            
85.58                    -2.2976163E-9            
85.59                    -2.2976316E-9            
85.6                     -2.2976472E-9            
85.61                    -2.2976163E-9            
85.62                    -2.2976316E-9            
85.63                    -2.2976163E-9            
85.64                    -2.2976316E-9            
85.65                    -2.2976316E-9            
85.66                    -2.2976316E-9            
85.67                    -2.2976163E-9            
85.68                    -2.2976316E-9            
85.69                    -2.2976163E-9            
85.7                     -2.2976472E-9            
85.71                    -2.2976316E-9            
85.72                    -2.2976163E-9            
85.73                    -2.2976316E-9            
85.74                    -2.2976163E-9            
85.75                    -2.2976472E-9            
85.76                    -2.2976316E-9            
85.77                    -2.2976163E-9            
85.78                    -2.2976316E-9            
85.79                    -2.2976163E-9            
85.8                     -2.2976472E-9            
85.81                    -2.2976163E-9            
85.82                    -2.2976316E-9            
85.83                    -2.2976163E-9            
85.84                    -2.2976472E-9            
85.85                    -2.2976316E-9            
85.86                    -2.2976163E-9            
85.87                    -2.2976316E-9            
85.88                    -2.2976163E-9            
85.89                    -2.2976472E-9            
85.9                     -2.2976316E-9            
85.91                    -2.2976163E-9            
85.92                    -2.2976316E-9            
85.93                    -2.2976163E-9            
85.94                    -2.2976472E-9            
85.95                    -2.2976316E-9            
85.96                    -2.2976163E-9            
85.97                    -2.2976316E-9            
85.98                    -2.2976163E-9            
85.99                    -2.2976472E-9            
86.0                     -2.2976163E-9            
86.01                    -2.2976316E-9            
86.02                    -2.2976163E-9            
86.03                    -2.2976316E-9            
86.04                    -2.2976472E-9            
86.05                    -2.2976163E-9            
86.06                    -2.2976316E-9            
86.07                    -2.2976163E-9            
86.08                    -2.2976316E-9            
86.09                    -2.2976472E-9            
86.1                     -2.2976163E-9            
86.11                    -2.2976316E-9            
86.12                    -2.2976163E-9            
86.13                    -2.2976316E-9            
86.14                    -2.2976316E-9            
86.15                    -2.2976316E-9            
86.16                    -2.2976163E-9            
86.17                    -2.2976316E-9            
86.18                    -2.2976163E-9            
86.19                    -2.2976472E-9            
86.2                     -2.2976316E-9            
86.21                    -2.2976163E-9            
86.22                    -2.2976316E-9            
86.23                    -2.2976163E-9            
86.24                    -2.2976472E-9            
86.25                    -2.2976316E-9            
86.26                    -2.2976163E-9            
86.27                    -2.2976316E-9            
86.28                    -2.2976163E-9            
86.29                    -2.2976472E-9            
86.3                     -2.2976163E-9            
86.31                    -2.2976316E-9            
86.32                    -2.2976163E-9            
86.33                    -2.2976316E-9            
86.34                    -2.2976472E-9            
86.35                    -2.2976163E-9            
86.36                    -2.2976316E-9            
86.37                    -2.2976163E-9            
86.38                    -2.2976316E-9            
86.39                    -2.2976472E-9            
86.4                     -2.2976163E-9            
86.41                    -2.2976316E-9            
86.42                    -2.2976163E-9            
86.43                    -2.2976316E-9            
86.44                    -2.2976472E-9            
86.45                    -2.2976163E-9            
86.46                    -2.2976316E-9            
86.47                    -2.2976163E-9            
86.48                    -2.2976472E-9            
86.49                    -2.2976163E-9            
86.5                     -2.2976316E-9            
86.51                    -2.2976163E-9            
86.52                    -2.2976316E-9            
86.53                    -2.2976472E-9            
86.54                    -2.2976163E-9            
86.55                    -2.2976316E-9            
86.56                    -2.2976163E-9            
86.57                    -2.2976316E-9            
86.58                    -2.2976472E-9            
86.59                    -2.2976163E-9            
86.6                     -2.2976316E-9            
86.61                    -2.2976163E-9            
86.62                    -2.2976316E-9            
86.63                    -2.2976316E-9            
86.64                    -2.2976316E-9            
86.65                    -2.2976163E-9            
86.66                    -2.2976316E-9            
86.67                    -2.2976163E-9            
86.68                    -2.2976472E-9            
86.69                    -2.2976316E-9            
86.7                     -2.2976163E-9            
86.71                    -2.2976316E-9            
86.72                    -2.2976163E-9            
86.73                    -2.2976472E-9            
86.74                    -2.2976316E-9            
86.75                    -2.2976163E-9            
86.76                    -2.2976316E-9            
86.77                    -2.2976163E-9            
86.78                    -2.2976472E-9            
86.79                    -2.2976163E-9            
86.8                     -2.2976316E-9            
86.81                    -2.2976163E-9            
86.82                    -2.2976319E-9            
86.83                    -2.2976472E-9            
86.84                    -2.2976163E-9            
86.85                    -2.2976319E-9            
86.86                    -2.2976163E-9            
86.87                    -2.2976319E-9            
86.88                    -2.2976472E-9            
86.89                    -2.2976163E-9            
86.9                     -2.2976319E-9            
86.91                    -2.2976163E-9            
86.92                    -2.2976319E-9            
86.93                    -2.2976472E-9            
86.94                    -2.2976163E-9            
86.95                    -2.2976319E-9            
86.96                    -2.2976163E-9            
86.97                    -2.2976163E-9            
86.98                    -2.2976472E-9            
86.99                    -2.2976319E-9            
87.0                     -2.2976163E-9            
87.01                    -2.2976319E-9            
87.02                    -2.2976163E-9            
87.03                    -2.2976472E-9            
87.04                    -2.2976319E-9            
87.05                    -2.2976163E-9            
87.06                    -2.2976319E-9            
87.07                    -2.2976163E-9            
87.08                    -2.2976472E-9            
87.09                    -2.2976319E-9            
87.1                     -2.2976163E-9            
87.11                    -2.2976319E-9            
87.12                    -2.2976319E-9            
87.13                    -2.2976319E-9            
87.14                    -2.2976163E-9            
87.15                    -2.2976319E-9            
87.16                    -2.2976163E-9            
87.17                    -2.2976472E-9            
87.18                    -2.2976319E-9            
87.19                    -2.2976163E-9            
87.2                     -2.2976319E-9            
87.21                    -2.2976163E-9            
87.22                    -2.2976472E-9            
87.23                    -2.2976319E-9            
87.24                    -2.2976163E-9            
87.25                    -2.2976319E-9            
87.26                    -2.2976163E-9            
87.27                    -2.2976472E-9            
87.28                    -2.2976163E-9            
87.29                    -2.2976319E-9            
87.3                     -2.2976163E-9            
87.31                    -2.2976319E-9            
87.32                    -2.2976472E-9            
87.33                    -2.2976163E-9            
87.34                    -2.2976319E-9            
87.35                    -2.2976163E-9            
87.36                    -2.2976319E-9            
87.37                    -2.2976472E-9            
87.38                    -2.2976163E-9            
87.39                    -2.2976319E-9            
87.4                     -2.2976163E-9            
87.41                    -2.2976319E-9            
87.42                    -2.2976472E-9            
87.43                    -2.2976163E-9            
87.44                    -2.2976319E-9            
87.45                    -2.2976163E-9            
87.46                    -2.2976163E-9            
87.47                    -2.2976472E-9            
87.48                    -2.2976319E-9            
87.49                    -2.2976163E-9            
87.5                     -2.2976319E-9            
87.51                    -2.2976163E-9            
87.52                    -2.2976472E-9            
87.53                    -2.2976319E-9            
87.54                    -2.2976163E-9            
87.55                    -2.2976319E-9            
87.56                    -2.2976163E-9            
87.57                    -2.2976472E-9            
87.58                    -2.2976319E-9            
87.59                    -2.2976163E-9            
87.6                     -2.2976319E-9            
87.61                    -2.2976163E-9            
87.62                    -2.2976472E-9            
87.63                    -2.2976163E-9            
87.64                    -2.2976319E-9            
87.65                    -2.2976163E-9            
87.66                    -2.2976319E-9            
87.67                    -2.2976472E-9            
87.68                    -2.2976163E-9            
87.69                    -2.2976319E-9            
87.7                     -2.2976163E-9            
87.71                    -2.2976319E-9            
87.72                    -2.2976472E-9            
87.73                    -2.2976163E-9            
87.74                    -2.2976319E-9            
87.75                    -2.2976163E-9            
87.76                    -2.2976472E-9            
87.77                    -2.2976163E-9            
87.78                    -2.2976319E-9            
87.79                    -2.2976163E-9            
87.8                     -2.2976319E-9            
87.81                    -2.2976472E-9            
87.82                    -2.2976163E-9            
87.83                    -2.2976319E-9            
87.84                    -2.2976163E-9            
87.85                    -2.2976319E-9            
87.86                    -2.2976472E-9            
87.87                    -2.2976163E-9            
87.88                    -2.2976319E-9            
87.89                    -2.2976163E-9            
87.9                     -2.2976319E-9            
87.91                    -2.2976472E-9            
87.92                    -2.2976163E-9            
87.93                    -2.2976319E-9            
87.94                    -2.2976163E-9            
87.95                    -2.2976163E-9            
87.96                    -2.2976472E-9            
87.97                    -2.2976319E-9            
87.98                    -2.2976163E-9            
87.99                    -2.2976319E-9            
88.0                     -2.2976163E-9            
88.01                    -2.2976472E-9            
88.02                    -2.2976319E-9            
88.03                    -2.2976163E-9            
88.04                    -2.2976319E-9            
88.05                    -2.2976163E-9            
88.06                    -2.2976472E-9            
88.07                    -2.2976319E-9            
88.08                    -2.2976163E-9            
88.09                    -2.2976319E-9            
88.1                     -2.2976163E-9            
88.11                    -2.2976472E-9            
88.12                    -2.2976163E-9            
88.13                    -2.2976319E-9            
88.14                    -2.2976163E-9            
88.15                    -2.2976319E-9            
88.16                    -2.2976472E-9            
88.17                    -2.2976163E-9            
88.18                    -2.2976319E-9            
88.19                    -2.2976163E-9            
88.2                     -2.2976319E-9            
88.21                    -2.2976472E-9            
88.22                    -2.2976163E-9            
88.23                    -2.2976319E-9            
88.24                    -2.2976163E-9            
88.25                    -2.2976319E-9            
88.26                    -2.2976319E-9            
88.27                    -2.2976319E-9            
88.28                    -2.2976163E-9            
88.29                    -2.2976319E-9            
88.3                     -2.2976163E-9            
88.31                    -2.2976472E-9            
88.32                    -2.2976319E-9            
88.33                    -2.2976163E-9            
88.34                    -2.2976319E-9            
88.35                    -2.2976163E-9            
88.36                    -2.2976472E-9            
88.37                    -2.2976319E-9            
88.38                    -2.2976163E-9            
88.39                    -2.2976319E-9            
88.4                     -2.2976472E-9            
88.41                    -2.2976163E-9            
88.42                    -2.2976319E-9            
88.43                    -2.2976163E-9            
88.44                    -2.2976163E-9            
88.45                    -2.2976472E-9            
88.46                    -2.2976319E-9            
88.47                    -2.2976163E-9            
88.48                    -2.2976319E-9            
88.49                    -2.2976163E-9            
88.5                     -2.2976472E-9            
88.51                    -2.2976319E-9            
88.52                    -2.2976163E-9            
88.53                    -2.2976319E-9            
88.54                    -2.2976163E-9            
88.55                    -2.2976472E-9            
88.56                    -2.2976319E-9            
88.57                    -2.2976163E-9            
88.58                    -2.2976319E-9            
88.59                    -2.2976163E-9            
88.6                     -2.2976472E-9            
88.61                    -2.2976163E-9            
88.62                    -2.2976319E-9            
88.63                    -2.2976163E-9            
88.64                    -2.2976319E-9            
88.65                    -2.2976472E-9            
88.66                    -2.2976163E-9            
88.67                    -2.2976319E-9            
88.68                    -2.2976163E-9            
88.69                    -2.2976319E-9            
88.7                     -2.2976472E-9            
88.71                    -2.2976163E-9            
88.72                    -2.2976319E-9            
88.73                    -2.2976163E-9            
88.74                    -2.2976319E-9            
88.75                    -2.2976319E-9            
88.76                    -2.2976319E-9            
88.77                    -2.2976163E-9            
88.78                    -2.2976319E-9            
88.79                    -2.2976163E-9            
88.8                     -2.2976472E-9            
88.81                    -2.2976319E-9            
88.82                    -2.2976163E-9            
88.83                    -2.2976319E-9            
88.84                    -2.2976163E-9            
88.85                    -2.2976472E-9            
88.86                    -2.2976319E-9            
88.87                    -2.2976163E-9            
88.88                    -2.2976319E-9            
88.89                    -2.2976163E-9            
88.9                     -2.2976472E-9            
88.91                    -2.2976319E-9            
88.92                    -2.2976163E-9            
88.93                    -2.2976163E-9            
88.94                    -2.2976319E-9            
88.95                    -2.2976472E-9            
88.96                    -2.2976163E-9            
88.97                    -2.2976319E-9            
88.98                    -2.2976163E-9            
88.99                    -2.2976319E-9            
89.0                     -2.2976472E-9            
89.01                    -2.2976163E-9            
89.02                    -2.2976319E-9            
89.03                    -2.2976163E-9            
89.04                    -2.2976472E-9            
89.05                    -2.2976319E-9            
89.06                    -2.2976163E-9            
89.07                    -2.2976319E-9            
89.08                    -2.2976163E-9            
89.09                    -2.2976472E-9            
89.1                     -2.2976163E-9            
89.11                    -2.2976319E-9            
89.12                    -2.2976163E-9            
89.13                    -2.2976319E-9            
89.14                    -2.2976472E-9            
89.15                    -2.2976163E-9            
89.16                    -2.2976319E-9            
89.17                    -2.2976163E-9            
89.18                    -2.2976319E-9            
89.19                    -2.2976472E-9            
89.2                     -2.2976163E-9            
89.21                    -2.2976319E-9            
89.22                    -2.2976163E-9            
89.23                    -2.2976319E-9            
89.24                    -2.2976319E-9            
89.25                    -2.2976319E-9            
89.26                    -2.2976163E-9            
89.27                    -2.2976319E-9            
89.28                    -2.2976163E-9            
89.29                    -2.2976472E-9            
89.3                     -2.2976319E-9            
89.31                    -2.2976163E-9            
89.32                    -2.2976319E-9            
89.33                    -2.2976163E-9            
89.34                    -2.2976472E-9            
89.35                    -2.2976319E-9            
89.36                    -2.2976163E-9            
89.37                    -2.2976319E-9            
89.38                    -2.2976163E-9            
89.39                    -2.2976472E-9            
89.4                     -2.2976319E-9            
89.41                    -2.2976163E-9            
89.42                    -2.2976163E-9            
89.43                    -2.2976319E-9            
89.44                    -2.2976472E-9            
89.45                    -2.2976163E-9            
89.46                    -2.2976319E-9            
89.47                    -2.2976163E-9            
89.48                    -2.2976319E-9            
89.49                    -2.2976472E-9            
89.5                     -2.2976163E-9            
89.51                    -2.2976319E-9            
89.52                    -2.2976163E-9            
89.53                    -2.2976319E-9            
89.54                    -2.2976472E-9            
89.55                    -2.2976163E-9            
89.56                    -2.2976319E-9            
89.57                    -2.2976163E-9            
89.58                    -2.2976319E-9            
89.59                    -2.2976319E-9            
89.6                     -2.2976319E-9            
89.61                    -2.2976163E-9            
89.62                    -2.2976319E-9            
89.63                    -2.2976163E-9            
89.64                    -2.2976472E-9            
89.65                    -2.2976319E-9            
89.66                    -2.2976163E-9            
89.67                    -2.2976319E-9            
89.68                    -2.2976472E-9            
89.69                    -2.2976163E-9            
89.7                     -2.2976319E-9            
89.71                    -2.2976163E-9            
89.72                    -2.2976319E-9            
89.73                    -2.2976319E-9            
89.74                    -2.2976319E-9            
89.75                    -2.2976163E-9            
89.76                    -2.2976319E-9            
89.77                    -2.2976163E-9            
89.78                    -2.2976472E-9            
89.79                    -2.2976319E-9            
89.8                     -2.2976163E-9            
89.81                    -2.2976319E-9            
89.82                    -2.2976163E-9            
89.83                    -2.2976472E-9            
89.84                    -2.2976319E-9            
89.85                    -2.2976163E-9            
89.86                    -2.2976319E-9            
89.87                    -2.2976163E-9            
89.88                    -2.2976472E-9            
89.89                    -2.2976319E-9            
89.9                     -2.2976163E-9            
89.91                    -2.2976163E-9            
89.92                    -2.2976319E-9            
89.93                    -2.2976472E-9            
89.94                    -2.2976163E-9            
89.95                    -2.2976319E-9            
89.96                    -2.2976163E-9            
89.97                    -2.2976319E-9            
89.98                    -2.2976472E-9            
89.99                    -2.2976163E-9            
90.0                     -2.2976319E-9            
