% x                      
0.0                      3.124615                 
0.01                     2.187541                 
0.02                     2.1836865                
0.03                     2.1813536                
0.04                     2.1790507                
0.05                     2.176781                 
0.06                     2.174536                 
0.07                     2.1723173                
0.08                     2.1701286                
0.09                     2.167969                 
0.1                      2.1658394                
0.11                     2.1637375                
0.12                     2.1616635                
0.13                     2.1596174                
0.14                     2.1575985                
0.15                     2.1556046                
0.16                     2.1536376                
0.17                     2.151697                 
0.18                     2.149779                 
0.19                     2.1478858                
0.2                      2.146017                 
0.21                     2.1441712                
0.22                     2.1423473                
0.23                     2.140546                 
0.24                     2.1387677                
0.25                     2.1370099                
0.26                     2.135273                 
0.27                     2.1335568                
0.28                     2.1318607                
0.29                     2.1301844                
0.3                      2.1285276                
0.31                     2.1268897                
0.32                     2.1252701                
0.33                     2.1236684                
0.34                     2.1220844                
0.35                     2.1205177                
0.36                     2.1189675                
0.37                     2.1174338                
0.38                     2.1159158                
0.39                     2.1144142                
0.4                      2.1129282                
0.41                     2.1114569                
0.42                     2.1100004                
0.43                     2.1085582                
0.44                     2.1071296                
0.45                     2.1057148                
0.46                     2.1043143                
0.47                     2.1029274                
0.48                     2.1015537                
0.49                     2.1001925                
0.5                      2.0988438                
0.51                     2.0975072                
0.52                     2.0961826                
0.53                     2.0948708                
0.54                     2.093571                 
0.55                     2.0922825                
0.56                     2.0910053                
0.57                     2.0897396                
0.58                     2.0884843                
0.59                     2.08724                  
0.6                      2.0860066                
0.61                     2.0847838                
0.62                     2.0835714                
0.63                     2.0823693                
0.64                     2.0811772                
0.65                     2.0799952                
0.66                     2.0788229                
0.67                     2.0776598                
0.68                     2.0765061                
0.69                     2.0753617                
0.7                      2.0742264                
0.71                     2.0730999                
0.72                     2.071982                 
0.73                     2.0708728                
0.74                     2.0697718                
0.75                     2.0686789                
0.76                     2.067594                 
0.77                     2.0665174                
0.78                     2.0654483                
0.79                     2.0643866                
0.8                      2.0633326                
0.81                     2.062286                 
0.82                     2.0612464                
0.83                     2.0602143                
0.84                     2.0591888                
0.85                     2.0581706                
0.86                     2.057159                 
0.87                     2.056154                 
0.88                     2.0551558                
0.89                     2.054164                 
0.9                      2.0531788                
0.91                     2.0521998                
0.92                     2.0512273                
0.93                     2.050261                 
0.94                     2.049301                 
0.95                     2.0483465                
0.96                     2.0473983                
0.97                     2.046456                 
0.98                     2.0455198                
0.99                     2.044589                 
1.0                      2.0436642                
1.01                     2.0427449                
1.02                     2.041831                 
1.03                     2.0409226                
1.04                     2.0400198                
1.05                     2.0391219                
1.06                     2.0382295                
1.07                     2.037342                 
1.08                     2.0364597                
1.09                     2.0355825                
1.1                      2.0347102                
1.11                     2.0338428                
1.12                     2.0329802                
1.13                     2.0321221                
1.14                     2.031269                 
1.15                     2.0304203                
1.16                     2.0295763                
1.17                     2.0287366                
1.18                     2.0279014                
1.19                     2.0270703                
1.2                      2.0262434                
1.21                     2.025421                 
1.22                     2.024603                 
1.23                     2.0237892                
1.24                     2.0229795                
1.25                     2.0221741                
1.26                     2.0213726                
1.27                     2.020575                 
1.28                     2.0197816                
1.29                     2.0189917                
1.3                      2.0182056                
1.31                     2.0174234                
1.32                     2.0166447                
1.33                     2.0158696                
1.34                     2.015098                 
1.35                     2.0143301                
1.36                     2.013566                 
1.37                     2.012806                 
1.38                     2.012049                 
1.39                     2.0112958                
1.4                      2.0105457                
1.41                     2.0097992                
1.42                     2.009056                 
1.43                     2.008316                 
1.44                     2.0075793                
1.45                     2.0068457                
1.46                     2.0061152                
1.47                     2.0053878                
1.48                     2.0046635                
1.49                     2.003942                 
1.5                      2.0032241                
1.51                     2.0025096                
1.52                     2.001798                 
1.53                     2.0010893                
1.54                     2.0003836                
1.55                     1.9996808                
1.56                     1.9989808                
1.57                     1.9982837                
1.58                     1.9975893                
1.59                     1.9968979                
1.6                      1.9962091                
1.61                     1.995523                 
1.62                     1.9948395                
1.63                     1.9941587                
1.64                     1.9934809                
1.65                     1.992806                 
1.66                     1.9921335                
1.67                     1.9914637                
1.68                     1.9907964                
1.69                     1.9901319                
1.7                      1.9894696                
1.71                     1.9888101                
1.72                     1.9881529                
1.73                     1.9874982                
1.74                     1.9868459                
1.75                     1.9861959                
1.76                     1.9855484                
1.77                     1.9849031                
1.78                     1.9842603                
1.79                     1.98362                  
1.8                      1.9829819                
1.81                     1.9823462                
1.82                     1.9817127                
1.83                     1.9810816                
1.84                     1.9804525                
1.85                     1.9798259                
1.86                     1.9792013                
1.87                     1.9785789                
1.88                     1.9779588                
1.89                     1.9773407                
1.9                      1.9767249                
1.91                     1.976111                 
1.92                     1.9754994                
1.93                     1.9748898                
1.94                     1.9742823                
1.95                     1.9736767                
1.96                     1.9730732                
1.97                     1.9724718                
1.98                     1.9718724                
1.99                     1.971275                 
2.0                      1.9706795                
2.01                     1.9700861                
2.02                     1.9694946                
2.03                     1.968905                 
2.04                     1.9683174                
2.05                     1.9677316                
2.06                     1.9671477                
2.07                     1.9665656                
2.08                     1.9659853                
2.09                     1.965407                 
2.1                      1.9648304                
2.11                     1.9642556                
2.12                     1.9636827                
2.13                     1.9631114                
2.14                     1.9625419                
2.15                     1.9619743                
2.16                     1.9614083                
2.17                     1.960844                 
2.18                     1.9602816                
2.19                     1.9597207                
2.2                      1.9591616                
2.21                     1.9586042                
2.22                     1.9580483                
2.23                     1.9574943                
2.24                     1.9569417                
2.25                     1.9563909                
2.26                     1.9558417                
2.27                     1.955294                 
2.28                     1.9547479                
2.29                     1.9542035                
2.3                      1.9536606                
2.31                     1.9531193                
2.32                     1.9525795                
2.33                     1.9520413                
2.34                     1.9515046                
2.35                     1.9509695                
2.36                     1.9504358                
2.37                     1.9499037                
2.38                     1.9493731                
2.39                     1.948844                 
2.4                      1.9483163                
2.41                     1.9477903                
2.42                     1.9472656                
2.43                     1.9467424                
2.44                     1.9462206                
2.45                     1.9457003                
2.46                     1.9451815                
2.47                     1.944664                 
2.48                     1.944148                 
2.49                     1.9436334                
2.5                      1.9431202                
2.51                     1.9426085                
2.52                     1.942098                 
2.53                     1.9415891                
2.54                     1.9410815                
2.55                     1.9405754                
2.56                     1.9400705                
2.57                     1.9395671                
2.58                     1.9390646                
2.59                     1.9385635                
2.6                      1.9380636                
2.61                     1.9375651                
2.62                     1.9370679                
2.63                     1.936572                 
2.64                     1.9360772                
2.65                     1.9355838                
2.66                     1.9350916                
2.67                     1.9346007                
2.68                     1.934111                 
2.69                     1.9336225                
2.7                      1.9331353                
2.71                     1.9326493                
2.72                     1.9321645                
2.73                     1.9316809                
2.74                     1.9311986                
2.75                     1.9307173                
2.76                     1.9302374                
2.77                     1.9297585                
2.78                     1.9292809                
2.79                     1.9288044                
2.8                      1.9283291                
2.81                     1.9278549                
2.82                     1.9273819                
2.83                     1.9269099                
2.84                     1.926439                 
2.85                     1.9259694                
2.86                     1.9255008                
2.87                     1.9250333                
2.88                     1.924567                 
2.89                     1.9241017                
2.9                      1.9236375                
2.91                     1.9231744                
2.92                     1.9227124                
2.93                     1.9222515                
2.94                     1.9217916                
2.95                     1.9213327                
2.96                     1.920875                 
2.97                     1.9204183                
2.98                     1.9199626                
2.99                     1.919508                 
3.0                      1.9190545                
3.01                     1.9186019                
3.02                     1.9181504                
3.03                     1.9176999                
3.04                     1.9172504                
3.05                     1.9168019                
3.06                     1.9163544                
3.07                     1.9159079                
3.08                     1.9154624                
3.09                     1.9150177                
3.1                      1.9145741                
3.11                     1.9141315                
3.12                     1.9136899                
3.13                     1.9132491                
3.14                     1.9128095                
3.15                     1.9123707                
3.16                     1.9119328                
3.17                     1.9114959                
3.18                     1.91106                  
3.19                     1.910625                 
3.2                      1.9101908                
3.21                     1.9097577                
3.22                     1.9093255                
3.23                     1.9088942                
3.24                     1.9084637                
3.25                     1.9080342                
3.26                     1.9076056                
3.27                     1.9071779                
3.28                     1.906751                 
3.29                     1.9063252                
3.3                      1.9059001                
3.31                     1.905476                 
3.32                     1.9050527                
3.33                     1.9046302                
3.34                     1.9042087                
3.35                     1.903788                 
3.36                     1.9033681                
3.37                     1.9029491                
3.38                     1.9025309                
3.39                     1.9021137                
3.4                      1.9016972                
3.41                     1.9012816                
3.42                     1.9008669                
3.43                     1.9004529                
3.44                     1.9000398                
3.45                     1.8996276                
3.46                     1.899216                 
3.47                     1.8988054                
3.48                     1.8983957                
3.49                     1.8979867                
3.5                      1.8975784                
3.51                     1.897171                 
3.52                     1.8967644                
3.53                     1.8963586                
3.54                     1.8959537                
3.55                     1.8955494                
3.56                     1.8951459                
3.57                     1.8947432                
3.58                     1.8943412                
3.59                     1.8939401                
3.6                      1.8935398                
3.61                     1.8931401                
3.62                     1.8927412                
3.63                     1.8923432                
3.64                     1.8919458                
3.65                     1.8915492                
3.66                     1.8911533                
3.67                     1.8907583                
3.68                     1.8903639                
3.69                     1.8899703                
3.7                      1.8895774                
3.71                     1.8891853                
3.72                     1.8887938                
3.73                     1.8884032                
3.74                     1.8880132                
3.75                     1.8876239                
3.76                     1.8872354                
3.77                     1.8868476                
3.78                     1.8864605                
3.79                     1.8860742                
3.8                      1.8856884                
3.81                     1.8853035                
3.82                     1.8849192                
3.83                     1.8845357                
3.84                     1.8841528                
3.85                     1.8837706                
3.86                     1.8833891                
3.87                     1.8830084                
3.88                     1.8826282                
3.89                     1.8822488                
3.9                      1.88187                  
3.91                     1.881492                 
3.92                     1.8811146                
3.93                     1.8807379                
3.94                     1.8803618                
3.95                     1.8799865                
3.96                     1.8796117                
3.97                     1.8792378                
3.98                     1.8788644                
3.99                     1.8784916                
4.0                      1.8781196                
4.01                     1.8777483                
4.02                     1.8773775                
4.03                     1.8770074                
4.04                     1.8766379                
4.05                     1.8762691                
4.06                     1.8759009                
4.07                     1.8755333                
4.08                     1.8751664                
4.09                     1.8748002                
4.1                      1.8744346                
4.11                     1.8740696                
4.12                     1.8737053                
4.13                     1.8733416                
4.14                     1.8729784                
4.15                     1.8726159                
4.16                     1.8722541                
4.17                     1.8718929                
4.18                     1.8715323                
4.19                     1.8711723                
4.2                      1.870813                 
4.21                     1.8704543                
4.22                     1.8700961                
4.23                     1.8697387                
4.24                     1.8693818                
4.25                     1.8690255                
4.26                     1.8686697                
4.27                     1.8683147                
4.28                     1.8679603                
4.29                     1.8676064                
4.3                      1.8672532                
4.31                     1.8669006                
4.32                     1.8665485                
4.33                     1.8661971                
4.34                     1.8658463                
4.35                     1.865496                 
4.36                     1.8651464                
4.37                     1.8647974                
4.38                     1.8644489                
4.39                     1.864101                 
4.4                      1.8637538                
4.41                     1.8634071                
4.42                     1.8630611                
4.43                     1.8627156                
4.44                     1.8623707                
4.45                     1.8620265                
4.46                     1.8616825                
4.47                     1.8613391                
4.48                     1.8609962                
4.49                     1.8606539                
4.5                      1.8603122                
4.51                     1.859971                 
4.52                     1.8596303                
4.53                     1.8592902                
4.54                     1.8589507                
4.55                     1.8586118                
4.56                     1.8582734                
4.57                     1.8579354                
4.58                     1.8575982                
4.59                     1.8572613                
4.6                      1.8569251                
4.61                     1.8565894                
4.62                     1.8562542                
4.63                     1.8559196                
4.64                     1.8555856                
4.65                     1.855252                 
4.66                     1.854919                 
4.67                     1.8545865                
4.68                     1.8542545                
4.69                     1.8539231                
4.7                      1.8535923                
4.71                     1.8532618                
4.72                     1.852932                 
4.73                     1.8526027                
4.74                     1.852274                 
4.75                     1.8519456                
4.76                     1.8516179                
4.77                     1.8512907                
4.78                     1.8509641                
4.79                     1.8506378                
4.8                      1.8503122                
4.81                     1.849987                 
4.82                     1.8496624                
4.83                     1.8493383                
4.84                     1.8490146                
4.85                     1.8486916                
4.86                     1.848369                 
4.87                     1.8480469                
4.88                     1.8477254                
4.89                     1.8474042                
4.9                      1.8470836                
4.91                     1.8467634                
4.92                     1.8464438                
4.93                     1.8461245                
4.94                     1.8458059                
4.95                     1.8454877                
4.96                     1.84517                  
4.97                     1.8448528                
4.98                     1.8445361                
4.99                     1.8442198                
5.0                      1.843904                 
5.01                     1.8435887                
5.02                     1.843274                 
5.03                     1.8429596                
5.04                     1.8426458                
5.05                     1.8423325                
5.06                     1.8420196                
5.07                     1.8417072                
5.08                     1.8413953                
5.09                     1.8410838                
5.1                      1.8407729                
5.11                     1.8404623                
5.12                     1.8401523                
5.13                     1.8398427                
5.14                     1.8395337                
5.15                     1.839225                 
5.16                     1.8389169                
5.17                     1.8386092                
5.18                     1.8383019                
5.19                     1.8379952                
5.2                      1.8376889                
5.21                     1.837383                 
5.22                     1.8370776                
5.23                     1.8367727                
5.24                     1.8364682                
5.25                     1.8361642                
5.26                     1.8358607                
5.27                     1.8355577                
5.28                     1.835255                 
5.29                     1.8349528                
5.3                      1.8346511                
5.31                     1.8343499                
5.32                     1.834049                 
5.33                     1.8337486                
5.34                     1.8334486                
5.35                     1.8331491                
5.36                     1.83285                  
5.37                     1.8325512                
5.38                     1.832253                 
5.39                     1.8319552                
5.4                      1.8316579                
5.41                     1.8313609                
5.42                     1.8310645                
5.43                     1.8307683                
5.44                     1.8304728                
5.45                     1.8301775                
5.46                     1.8298829                
5.47                     1.8295885                
5.48                     1.8292946                
5.49                     1.8290012                
5.5                      1.828708                 
5.51                     1.8284155                
5.52                     1.8281233                
5.53                     1.8278315                
5.54                     1.8275402                
5.55                     1.8272493                
5.56                     1.8269588                
5.57                     1.8266687                
5.58                     1.8263791                
5.59                     1.8260899                
5.6                      1.825801                 
5.61                     1.8255126                
5.62                     1.8252246                
5.63                     1.8249371                
5.64                     1.8246499                
5.65                     1.8243632                
5.66                     1.8240769                
5.67                     1.8237909                
5.68                     1.8235054                
5.69                     1.8232204                
5.7                      1.8229357                
5.71                     1.8226514                
5.72                     1.8223675                
5.73                     1.8220841                
5.74                     1.8218011                
5.75                     1.8215184                
5.76                     1.8212361                
5.77                     1.8209543                
5.78                     1.8206729                
5.79                     1.8203918                
5.8                      1.8201112                
5.81                     1.8198308                
5.82                     1.819551                 
5.83                     1.8192714                
5.84                     1.8189924                
5.85                     1.8187137                
5.86                     1.8184354                
5.87                     1.8181576                
5.88                     1.81788                  
5.89                     1.8176029                
5.9                      1.8173262                
5.91                     1.8170499                
5.92                     1.8167739                
5.93                     1.8164983                
5.94                     1.8162231                
5.95                     1.8159484                
5.96                     1.815674                 
5.97                     1.8153999                
5.98                     1.8151263                
5.99                     1.8148531                
6.0                      1.8145802                
6.01                     1.8143077                
6.02                     1.8140357                
6.03                     1.8137639                
6.04                     1.8134925                
6.05                     1.8132216                
6.06                     1.812951                 
6.07                     1.8126808                
6.08                     1.812411                 
6.09                     1.8121415                
6.1                      1.8118725                
6.11                     1.8116038                
6.12                     1.8113354                
6.13                     1.8110675                
6.14                     1.8108                   
6.15                     1.8105327                
6.16                     1.8102659                
6.17                     1.8099995                
6.18                     1.8097334                
6.19                     1.8094677                
6.2                      1.8092022                
6.21                     1.8089372                
6.22                     1.8086725                
6.23                     1.8084083                
6.24                     1.8081443                
6.25                     1.8078808                
6.26                     1.8076175                
6.27                     1.8073547                
6.28                     1.8070923                
6.29                     1.8068302                
6.3                      1.8065684                
6.31                     1.806307                 
6.32                     1.806046                 
6.33                     1.8057853                
6.34                     1.805525                 
6.35                     1.805265                 
6.36                     1.8050053                
6.37                     1.8047462                
6.38                     1.8044872                
6.39                     1.8042287                
6.4                      1.8039705                
6.41                     1.8037126                
6.42                     1.8034551                
6.43                     1.803198                 
6.44                     1.8029412                
6.45                     1.8026848                
6.46                     1.8024286                
6.47                     1.8021729                
6.48                     1.8019176                
6.49                     1.8016624                
6.5                      1.8014077                
6.51                     1.8011534                
6.52                     1.8008994                
6.53                     1.8006457                
6.54                     1.8003924                
6.55                     1.8001394                
6.56                     1.7998867                
6.57                     1.7996345                
6.58                     1.7993826                
6.59                     1.7991309                
6.6                      1.7988796                
6.61                     1.7986287                
6.62                     1.7983781                
6.63                     1.7981279                
6.64                     1.7978779                
6.65                     1.7976283                
6.66                     1.797379                 
6.67                     1.7971301                
6.68                     1.7968816                
6.69                     1.7966332                
6.7                      1.7963854                
6.71                     1.7961378                
6.72                     1.7958906                
6.73                     1.7956436                
6.74                     1.795397                 
6.75                     1.7951508                
6.76                     1.7949048                
6.77                     1.7946591                
6.78                     1.7944139                
6.79                     1.794169                 
6.8                      1.7939243                
6.81                     1.7936801                
6.82                     1.793436                 
6.83                     1.7931924                
6.84                     1.7929491                
6.85                     1.7927061                
6.86                     1.7924634                
6.87                     1.7922211                
6.88                     1.7919791                
6.89                     1.7917373                
6.9                      1.7914959                
6.91                     1.7912549                
6.92                     1.7910141                
6.93                     1.7907736                
6.94                     1.7905335                
6.95                     1.7902938                
6.96                     1.7900543                
6.97                     1.7898152                
6.98                     1.7895763                
6.99                     1.7893378                
7.0                      1.7890996                
7.01                     1.7888616                
7.02                     1.788624                 
7.03                     1.7883868                
7.04                     1.7881498                
7.05                     1.7879132                
7.06                     1.7876769                
7.07                     1.7874409                
7.08                     1.7872052                
7.09                     1.7869698                
7.1                      1.7867347                
7.11                     1.7865                   
7.12                     1.7862655                
7.13                     1.7860314                
7.14                     1.7857975                
7.15                     1.785564                 
7.16                     1.7853307                
7.17                     1.7850977                
7.18                     1.7848651                
7.19                     1.7846328                
7.2                      1.7844008                
7.21                     1.7841691                
7.22                     1.7839377                
7.23                     1.7837065                
7.24                     1.7834758                
7.25                     1.7832452                
7.26                     1.783015                 
7.27                     1.7827852                
7.28                     1.7825556                
7.29                     1.7823262                
7.3                      1.7820972                
7.31                     1.7818686                
7.32                     1.7816402                
7.33                     1.781412                 
7.34                     1.7811842                
7.35                     1.7809567                
7.36                     1.7807295                
7.37                     1.7805026                
7.38                     1.780276                 
7.39                     1.7800496                
7.4                      1.7798235                
7.41                     1.7795978                
7.42                     1.7793723                
7.43                     1.7791471                
7.44                     1.7789223                
7.45                     1.7786977                
7.46                     1.7784734                
7.47                     1.7782494                
7.48                     1.7780257                
7.49                     1.7778022                
7.5                      1.7775792                
7.51                     1.7773563                
7.52                     1.7771337                
7.53                     1.7769115                
7.54                     1.7766895                
7.55                     1.7764678                
7.56                     1.7762463                
7.57                     1.7760252                
7.58                     1.7758044                
7.59                     1.7755839                
7.6                      1.7753636                
7.61                     1.7751435                
7.62                     1.7749238                
7.63                     1.7747043                
7.64                     1.7744852                
7.65                     1.7742664                
7.66                     1.7740477                
7.67                     1.7738295                
7.68                     1.7736114                
7.69                     1.7733936                
7.7                      1.7731762                
7.71                     1.772959                 
7.72                     1.772742                 
7.73                     1.7725254                
7.74                     1.7723091                
7.75                     1.7720929                
7.76                     1.7718772                
7.77                     1.7716615                
7.78                     1.7714462                
7.79                     1.7712313                
7.8                      1.7710166                
7.81                     1.7708021                
7.82                     1.7705879                
7.83                     1.770374                 
7.84                     1.7701603                
7.85                     1.7699469                
7.86                     1.7697339                
7.87                     1.769521                 
7.88                     1.7693084                
7.89                     1.7690961                
7.9                      1.7688842                
7.91                     1.7686723                
7.92                     1.7684609                
7.93                     1.7682496                
7.94                     1.7680387                
7.95                     1.767828                 
7.96                     1.7676176                
7.97                     1.7674075                
7.98                     1.7671976                
7.99                     1.766988                 
8.0                      1.7667787                
8.01                     1.7665696                
8.02                     1.7663608                
8.03                     1.7661523                
8.04                     1.765944                 
8.05                     1.765736                 
8.06                     1.7655282                
8.07                     1.7653207                
8.08                     1.7651135                
8.09                     1.7649065                
8.1                      1.7646998                
8.11                     1.7644933                
8.12                     1.7642871                
8.13                     1.7640811                
8.14                     1.7638755                
8.15                     1.7636701                
8.16                     1.7634649                
8.17                     1.76326                  
8.18                     1.7630553                
8.19                     1.7628509                
8.2                      1.7626468                
8.21                     1.762443                 
8.22                     1.7622392                
8.23                     1.7620358                
8.24                     1.7618327                
8.25                     1.7616298                
8.26                     1.7614273                
8.27                     1.7612249                
8.28                     1.7610228                
8.29                     1.7608209                
8.3                      1.7606193                
8.31                     1.7604179                
8.32                     1.7602168                
8.33                     1.760016                 
8.34                     1.7598153                
8.35                     1.759615                 
8.36                     1.7594148                
8.37                     1.759215                 
8.38                     1.7590153                
8.39                     1.758816                 
8.4                      1.7586168                
8.41                     1.758418                 
8.42                     1.7582192                
8.43                     1.7580209                
8.44                     1.7578228                
8.45                     1.7576249                
8.46                     1.7574272                
8.47                     1.7572298                
8.48                     1.7570326                
8.49                     1.7568357                
8.5                      1.756639                 
8.51                     1.7564425                
8.52                     1.7562463                
8.53                     1.7560503                
8.54                     1.7558546                
8.55                     1.7556591                
8.56                     1.7554638                
8.57                     1.7552688                
8.58                     1.755074                 
8.59                     1.7548795                
8.6                      1.7546852                
8.61                     1.7544911                
8.62                     1.7542974                
8.63                     1.7541038                
8.64                     1.7539104                
8.65                     1.7537173                
8.66                     1.7535244                
8.67                     1.7533317                
8.68                     1.7531393                
8.69                     1.7529471                
8.7                      1.7527552                
8.71                     1.7525635                
8.72                     1.7523719                
8.73                     1.7521807                
8.74                     1.7519897                
8.75                     1.7517989                
8.76                     1.7516083                
8.77                     1.751418                 
8.78                     1.7512279                
8.79                     1.751038                 
8.8                      1.7508483                
8.81                     1.750659                 
8.82                     1.7504699                
8.83                     1.750281                 
8.84                     1.7500923                
8.85                     1.7499039                
8.86                     1.7497157                
8.87                     1.7495277                
8.88                     1.7493399                
8.89                     1.7491524                
8.9                      1.7489651                
8.91                     1.7487781                
8.92                     1.7485913                
8.93                     1.7484046                
8.94                     1.7482183                
8.95                     1.7480321                
8.96                     1.7478462                
8.97                     1.7476605                
8.98                     1.747475                 
8.99                     1.7472898                
9.0                      1.7471048                
9.01                     1.74692                  
9.02                     1.7467355                
9.03                     1.746551                 
9.04                     1.746367                 
9.05                     1.746183                 
9.06                     1.7459993                
9.07                     1.7458159                
9.08                     1.7456326                
9.09                     1.7454497                
9.1                      1.7452668                
9.11                     1.7450843                
9.12                     1.7449019                
9.13                     1.7447197                
9.14                     1.7445378                
9.15                     1.7443562                
9.16                     1.7441747                
9.17                     1.7439934                
9.18                     1.7438124                
9.19                     1.7436316                
9.2                      1.743451                 
9.21                     1.7432706                
9.22                     1.7430904                
9.23                     1.7429105                
9.24                     1.7427307                
9.25                     1.7425512                
9.26                     1.7423719                
9.27                     1.7421929                
9.28                     1.742014                 
9.29                     1.7418354                
9.3                      1.7416569                
9.31                     1.7414787                
9.32                     1.7413007                
9.33                     1.741123                 
9.34                     1.7409453                
9.35                     1.740768                 
9.36                     1.7405908                
9.37                     1.7404139                
9.38                     1.7402372                
9.39                     1.7400607                
9.4                      1.7398844                
9.41                     1.7397083                
9.42                     1.7395325                
9.43                     1.7393568                
9.44                     1.7391813                
9.45                     1.739006                 
9.46                     1.738831                 
9.47                     1.7386563                
9.48                     1.7384816                
9.49                     1.7383072                
9.5                      1.7381331                
9.51                     1.737959                 
9.52                     1.7377853                
9.53                     1.7376118                
9.54                     1.7374383                
9.55                     1.7372652                
9.56                     1.7370923                
9.57                     1.7369195                
9.58                     1.736747                 
9.59                     1.7365748                
9.6                      1.7364026                
9.61                     1.7362307                
9.62                     1.736059                 
9.63                     1.7358875                
9.64                     1.7357162                
9.65                     1.7355452                
9.66                     1.7353742                
9.67                     1.7352036                
9.68                     1.735033                 
9.69                     1.7348627                
9.7                      1.7346926                
9.71                     1.7345227                
9.72                     1.734353                 
9.73                     1.7341834                
9.74                     1.7340142                
9.75                     1.733845                 
9.76                     1.7336761                
9.77                     1.7335074                
9.78                     1.7333388                
9.79                     1.7331705                
9.8                      1.7330024                
9.81                     1.7328345                
9.82                     1.7326667                
9.83                     1.7324992                
9.84                     1.7323319                
9.85                     1.7321647                
9.86                     1.7319978                
9.87                     1.7318311                
9.88                     1.7316645                
9.89                     1.7314982                
9.9                      1.7313321                
9.91                     1.7311661                
9.92                     1.7310003                
9.93                     1.7308347                
9.94                     1.7306694                
9.95                     1.7305042                
9.96                     1.7303392                
9.97                     1.7301744                
9.98                     1.7300098                
9.99                     1.7298454                
10.0                     1.7296813                
10.01                    1.7295172                
10.02                    1.7293534                
10.03                    1.7291898                
10.04                    1.7290263                
10.05                    1.728863                 
10.06                    1.7287                   
10.07                    1.7285371                
10.08                    1.7283745                
10.09                    1.728212                 
10.1                     1.7280496                
10.11                    1.7278875                
10.12                    1.7277256                
10.13                    1.7275639                
10.14                    1.7274023                
10.15                    1.727241                 
10.16                    1.7270799                
10.17                    1.7269189                
10.18                    1.7267581                
10.19                    1.7265975                
10.2                     1.7264371                
10.21                    1.7262769                
10.22                    1.7261169                
10.23                    1.725957                 
10.24                    1.7257973                
10.25                    1.7256379                
10.26                    1.7254785                
10.27                    1.7253195                
10.28                    1.7251606                
10.29                    1.7250018                
10.3                     1.7248433                
10.31                    1.724685                 
10.32                    1.7245268                
10.33                    1.7243688                
10.34                    1.724211                 
10.35                    1.7240534                
10.36                    1.7238959                
10.37                    1.7237387                
10.38                    1.7235816                
10.39                    1.7234247                
10.4                     1.7232679                
10.41                    1.7231114                
10.42                    1.7229551                
10.43                    1.722799                 
10.44                    1.7226429                
10.45                    1.7224871                
10.46                    1.7223315                
10.47                    1.7221761                
10.48                    1.7220209                
10.49                    1.7218658                
10.5                     1.7217108                
10.51                    1.7215562                
10.52                    1.7214016                
10.53                    1.7212472                
10.54                    1.721093                 
10.55                    1.720939                 
10.56                    1.7207851                
10.57                    1.7206315                
10.58                    1.7204779                
10.59                    1.7203246                
10.6                     1.7201715                
10.61                    1.7200184                
10.62                    1.7198657                
10.63                    1.719713                 
10.64                    1.7195605                
10.65                    1.7194083                
10.66                    1.7192562                
10.67                    1.7191042                
10.68                    1.7189524                
10.69                    1.7188008                
10.7                     1.7186494                
10.71                    1.7184982                
10.72                    1.7183471                
10.73                    1.7181962                
10.74                    1.7180455                
10.75                    1.7178949                
10.76                    1.7177446                
10.77                    1.7175944                
10.78                    1.7174443                
10.79                    1.7172945                
10.8                     1.7171447                
10.81                    1.7169952                
10.82                    1.7168459                
10.83                    1.7166966                
10.84                    1.7165476                
10.85                    1.7163987                
10.86                    1.7162501                
10.87                    1.7161015                
10.88                    1.7159532                
10.89                    1.715805                 
10.9                     1.7156571                
10.91                    1.7155092                
10.92                    1.7153616                
10.93                    1.715214                 
10.94                    1.7150667                
10.95                    1.7149196                
10.96                    1.7147726                
10.97                    1.7146257                
10.98                    1.7144791                
10.99                    1.7143326                
11.0                     1.7141862                
11.01                    1.71404                  
11.02                    1.713894                 
11.03                    1.7137482                
11.04                    1.7136025                
11.05                    1.713457                 
11.06                    1.7133117                
11.07                    1.7131665                
11.08                    1.7130214                
11.09                    1.7128766                
11.1                     1.7127318                
11.11                    1.7125874                
11.12                    1.712443                 
11.13                    1.7122988                
11.14                    1.7121547                
11.15                    1.7120109                
11.16                    1.7118672                
11.17                    1.7117236                
11.18                    1.7115802                
11.19                    1.711437                 
11.2                     1.7112939                
11.21                    1.711151                 
11.22                    1.7110083                
11.23                    1.7108656                
11.24                    1.7107233                
11.25                    1.710581                 
11.26                    1.7104388                
11.27                    1.7102969                
11.28                    1.7101551                
11.29                    1.7100135                
11.3                     1.709872                 
11.31                    1.7097307                
11.32                    1.7095896                
11.33                    1.7094486                
11.34                    1.7093077                
11.35                    1.709167                 
11.36                    1.7090265                
11.37                    1.7088861                
11.38                    1.708746                 
11.39                    1.7086059                
11.4                     1.7084659                
11.41                    1.7083262                
11.42                    1.7081866                
11.43                    1.7080472                
11.44                    1.7079079                
11.45                    1.7077688                
11.46                    1.7076298                
11.47                    1.7074909                
11.48                    1.7073523                
11.49                    1.7072138                
11.5                     1.7070754                
11.51                    1.7069372                
11.52                    1.7067991                
11.53                    1.7066612                
11.54                    1.7065235                
11.55                    1.7063859                
11.56                    1.7062484                
11.57                    1.7061112                
11.58                    1.705974                 
11.59                    1.705837                 
11.6                     1.7057002                
11.61                    1.7055634                
11.62                    1.7054269                
11.63                    1.7052906                
11.64                    1.7051543                
11.65                    1.7050182                
11.66                    1.7048823                
11.67                    1.7047465                
11.68                    1.7046108                
11.69                    1.7044754                
11.7                     1.70434                  
11.71                    1.7042048                
11.72                    1.7040699                
11.73                    1.7039349                
11.74                    1.7038002                
11.75                    1.7036656                
11.76                    1.7035311                
11.77                    1.7033968                
11.78                    1.7032627                
11.79                    1.7031287                
11.8                     1.7029948                
11.81                    1.7028611                
11.82                    1.7027276                
11.83                    1.702594                 
11.84                    1.7024608                
11.85                    1.7023277                
11.86                    1.7021947                
11.87                    1.7020619                
11.88                    1.7019292                
11.89                    1.7017967                
11.9                     1.7016642                
11.91                    1.701532                 
11.92                    1.7013999                
11.93                    1.701268                 
11.94                    1.7011361                
11.95                    1.7010044                
11.96                    1.7008729                
11.97                    1.7007415                
11.98                    1.7006103                
11.99                    1.7004791                
12.0                     1.7003481                
12.01                    1.7002174                
12.02                    1.7000867                
12.03                    1.6999562                
12.04                    1.6998258                
12.05                    1.6996955                
12.06                    1.6995654                
12.07                    1.6994355                
12.08                    1.6993055                
12.09                    1.699176                 
12.1                     1.6990464                
12.11                    1.6989169                
12.12                    1.6987877                
12.13                    1.6986586                
12.14                    1.6985296                
12.15                    1.6984007                
12.16                    1.698272                 
12.17                    1.6981435                
12.18                    1.6980151                
12.19                    1.6978867                
12.2                     1.6977586                
12.21                    1.6976306                
12.22                    1.6975027                
12.23                    1.6973749                
12.24                    1.6972474                
12.25                    1.69712                  
12.26                    1.6969926                
12.27                    1.6968654                
12.28                    1.6967384                
12.29                    1.6966115                
12.3                     1.6964847                
12.31                    1.6963581                
12.32                    1.6962315                
12.33                    1.6961051                
12.34                    1.6959789                
12.35                    1.6958529                
12.36                    1.6957269                
12.37                    1.695601                 
12.38                    1.6954753                
12.39                    1.6953498                
12.4                     1.6952243                
12.41                    1.695099                 
12.42                    1.6949738                
12.43                    1.6948489                
12.44                    1.694724                 
12.45                    1.6945992                
12.46                    1.6944746                
12.47                    1.6943501                
12.48                    1.6942257                
12.49                    1.6941015                
12.5                     1.6939774                
12.51                    1.6938534                
12.52                    1.6937296                
12.53                    1.6936059                
12.54                    1.6934823                
12.55                    1.6933589                
12.56                    1.6932356                
12.57                    1.6931124                
12.58                    1.6929893                
12.59                    1.6928664                
12.6                     1.6927437                
12.61                    1.692621                 
12.62                    1.6924986                
12.63                    1.6923761                
12.64                    1.6922538                
12.65                    1.6921318                
12.66                    1.6920097                
12.67                    1.6918879                
12.68                    1.6917661                
12.69                    1.6916445                
12.7                     1.6915231                
12.71                    1.6914017                
12.72                    1.6912805                
12.73                    1.6911594                
12.74                    1.6910384                
12.75                    1.6909175                
12.76                    1.6907969                
12.77                    1.6906762                
12.78                    1.6905558                
12.79                    1.6904354                
12.8                     1.6903152                
12.81                    1.6901951                
12.82                    1.6900752                
12.83                    1.6899554                
12.84                    1.6898357                
12.85                    1.6897161                
12.86                    1.6895967                
12.87                    1.6894773                
12.88                    1.6893581                
12.89                    1.689239                 
12.9                     1.68912                  
12.91                    1.6890012                
12.92                    1.6888826                
12.93                    1.688764                 
12.94                    1.6886455                
12.95                    1.6885272                
12.96                    1.688409                 
12.97                    1.688291                 
12.98                    1.6881729                
12.99                    1.6880552                
13.0                     1.6879374                
13.01                    1.6878198                
13.02                    1.6877024                
13.03                    1.687585                 
13.04                    1.6874678                
13.05                    1.6873507                
13.06                    1.6872338                
13.07                    1.687117                 
13.08                    1.6870002                
13.09                    1.6868836                
13.1                     1.6867671                
13.11                    1.6866508                
13.12                    1.6865345                
13.13                    1.6864184                
13.14                    1.6863024                
13.15                    1.6861866                
13.16                    1.6860708                
13.17                    1.6859552                
13.18                    1.6858397                
13.19                    1.6857243                
13.2                     1.685609                 
13.21                    1.6854938                
13.22                    1.6853788                
13.23                    1.6852639                
13.24                    1.6851491                
13.25                    1.6850344                
13.26                    1.6849198                
13.27                    1.6848054                
13.28                    1.684691                 
13.29                    1.6845767                
13.3                     1.6844627                
13.31                    1.6843487                
13.32                    1.6842349                
13.33                    1.6841211                
13.34                    1.6840075                
13.35                    1.683894                 
13.36                    1.6837807                
13.37                    1.6836674                
13.38                    1.6835543                
13.39                    1.6834413                
13.4                     1.6833284                
13.41                    1.6832155                
13.42                    1.6831028                
13.43                    1.6829903                
13.44                    1.6828779                
13.45                    1.6827655                
13.46                    1.6826533                
13.47                    1.6825413                
13.48                    1.6824292                
13.49                    1.6823174                
13.5                     1.6822056                
13.51                    1.682094                 
13.52                    1.6819824                
13.53                    1.681871                 
13.54                    1.6817597                
13.55                    1.6816486                
13.56                    1.6815375                
13.57                    1.6814265                
13.58                    1.6813157                
13.59                    1.681205                 
13.6                     1.6810944                
13.61                    1.6809839                
13.62                    1.6808735                
13.63                    1.6807632                
13.64                    1.6806531                
13.65                    1.6805431                
13.66                    1.680433                 
13.67                    1.6803232                
13.68                    1.6802136                
13.69                    1.680104                 
13.7                     1.6799945                
13.71                    1.6798851                
13.72                    1.6797758                
13.73                    1.6796668                
13.74                    1.6795577                
13.75                    1.6794487                
13.76                    1.6793399                
13.77                    1.6792312                
13.78                    1.6791227                
13.79                    1.6790142                
13.8                     1.6789058                
13.81                    1.6787975                
13.82                    1.6786894                
13.83                    1.6785814                
13.84                    1.6784734                
13.85                    1.6783656                
13.86                    1.678258                 
13.87                    1.6781503                
13.88                    1.6780428                
13.89                    1.6779354                
13.9                     1.6778282                
13.91                    1.677721                 
13.92                    1.677614                 
13.93                    1.677507                 
13.94                    1.6774001                
13.95                    1.6772934                
13.96                    1.6771868                
13.97                    1.6770803                
13.98                    1.6769739                
13.99                    1.6768676                
14.0                     1.6767614                
14.01                    1.6766553                
14.02                    1.6765493                
14.03                    1.6764435                
14.04                    1.6763377                
14.05                    1.676232                 
14.06                    1.6761265                
14.07                    1.676021                 
14.08                    1.6759156                
14.09                    1.6758103                
14.1                     1.6757052                
14.11                    1.6756002                
14.12                    1.6754953                
14.13                    1.6753904                
14.14                    1.6752857                
14.15                    1.675181                 
14.16                    1.6750766                
14.17                    1.6749722                
14.18                    1.6748679                
14.19                    1.6747637                
14.2                     1.6746596                
14.21                    1.6745555                
14.22                    1.6744517                
14.23                    1.6743479                
14.24                    1.6742443                
14.25                    1.6741407                
14.26                    1.6740372                
14.27                    1.6739339                
14.28                    1.6738305                
14.29                    1.6737274                
14.3                     1.6736243                
14.31                    1.6735214                
14.32                    1.6734185                
14.33                    1.6733158                
14.34                    1.6732131                
14.35                    1.6731106                
14.36                    1.6730082                
14.37                    1.6729058                
14.38                    1.6728035                
14.39                    1.6727015                
14.4                     1.6725994                
14.41                    1.6724975                
14.42                    1.6723956                
14.43                    1.6722939                
14.44                    1.6721923                
14.45                    1.6720908                
14.46                    1.6719893                
14.47                    1.671888                 
14.48                    1.6717868                
14.49                    1.6716857                
14.5                     1.6715846                
14.51                    1.6714838                
14.52                    1.6713829                
14.53                    1.6712822                
14.54                    1.6711816                
14.55                    1.6710811                
14.56                    1.6709806                
14.57                    1.6708803                
14.58                    1.6707801                
14.59                    1.6706799                
14.6                     1.6705799                
14.61                    1.67048                  
14.62                    1.6703801                
14.63                    1.6702805                
14.64                    1.6701808                
14.65                    1.6700813                
14.66                    1.6699818                
14.67                    1.6698825                
14.68                    1.6697832                
14.69                    1.6696842                
14.7                     1.6695851                
14.71                    1.6694862                
14.72                    1.6693873                
14.73                    1.6692886                
14.74                    1.6691899                
14.75                    1.6690913                
14.76                    1.668993                 
14.77                    1.6688945                
14.78                    1.6687963                
14.79                    1.6686982                
14.8                     1.6686001                
14.81                    1.6685021                
14.82                    1.6684042                
14.83                    1.6683065                
14.84                    1.6682088                
14.85                    1.6681112                
14.86                    1.6680137                
14.87                    1.6679164                
14.88                    1.667819                 
14.89                    1.6677219                
14.9                     1.6676247                
14.91                    1.6675278                
14.92                    1.6674309                
14.93                    1.6673341                
14.94                    1.6672373                
14.95                    1.6671407                
14.96                    1.6670442                
14.97                    1.6669477                
14.98                    1.6668514                
14.99                    1.6667552                
15.0                     1.666659                 
15.01                    1.6665629                
15.02                    1.666467                 
15.03                    1.6663711                
15.04                    1.6662754                
15.05                    1.6661797                
15.06                    1.666084                 
15.07                    1.6659886                
15.08                    1.6658932                
15.09                    1.665798                 
15.1                     1.6657027                
15.11                    1.6656076                
15.12                    1.6655126                
15.13                    1.6654177                
15.14                    1.6653228                
15.15                    1.665228                 
15.16                    1.6651334                
15.17                    1.6650388                
15.18                    1.6649444                
15.19                    1.66485                  
15.2                     1.6647557                
15.21                    1.6646615                
15.22                    1.6645675                
15.23                    1.6644734                
15.24                    1.6643795                
15.25                    1.6642857                
15.26                    1.664192                 
15.27                    1.6640984                
15.28                    1.6640048                
15.29                    1.6639113                
15.3                     1.663818                 
15.31                    1.6637248                
15.32                    1.6636316                
15.33                    1.6635385                
15.34                    1.6634455                
15.35                    1.6633526                
15.36                    1.6632597                
15.37                    1.663167                 
15.38                    1.6630744                
15.39                    1.6629819                
15.4                     1.6628894                
15.41                    1.6627971                
15.42                    1.6627048                
15.43                    1.6626126                
15.44                    1.6625205                
15.45                    1.6624285                
15.46                    1.6623366                
15.47                    1.6622448                
15.48                    1.6621531                
15.49                    1.6620615                
15.5                     1.6619699                
15.51                    1.6618785                
15.52                    1.661787                 
15.53                    1.6616957                
15.54                    1.6616045                
15.55                    1.6615134                
15.56                    1.6614225                
15.57                    1.6613315                
15.58                    1.6612407                
15.59                    1.66115                  
15.6                     1.6610593                
15.61                    1.6609688                
15.62                    1.6608783                
15.63                    1.6607878                
15.64                    1.6606976                
15.65                    1.6606073                
15.66                    1.6605172                
15.67                    1.6604272                
15.68                    1.6603372                
15.69                    1.6602473                
15.7                     1.6601576                
15.71                    1.6600679                
15.72                    1.6599783                
15.73                    1.6598887                
15.74                    1.6597993                
15.75                    1.65971                  
15.76                    1.6596206                
15.77                    1.6595314                
15.78                    1.6594422                
15.79                    1.6593531                
15.8                     1.6592641                
15.81                    1.6591752                
15.82                    1.6590863                
15.83                    1.6589975                
15.84                    1.6589088                
15.85                    1.6588203                
15.86                    1.6587318                
15.87                    1.6586434                
15.88                    1.658555                 
15.89                    1.6584668                
15.9                     1.6583786                
15.91                    1.6582905                
15.92                    1.6582025                
15.93                    1.6581146                
15.94                    1.6580267                
15.95                    1.657939                 
15.96                    1.6578513                
15.97                    1.6577637                
15.98                    1.6576762                
15.99                    1.6575887                
16.0                     1.6575015                
16.01                    1.6574142                
16.02                    1.6573269                
16.03                    1.6572399                
16.04                    1.6571529                
16.05                    1.657066                 
16.06                    1.6569791                
16.07                    1.6568923                
16.08                    1.6568056                
16.09                    1.6567191                
16.1                     1.6566325                
16.11                    1.6565461                
16.12                    1.6564597                
16.13                    1.6563735                
16.14                    1.6562872                
16.15                    1.6562011                
16.16                    1.656115                 
16.17                    1.6560291                
16.18                    1.6559433                
16.19                    1.6558574                
16.2                     1.6557717                
16.21                    1.6556861                
16.22                    1.6556005                
16.23                    1.6555151                
16.24                    1.6554297                
16.25                    1.6553445                
16.26                    1.6552593                
16.27                    1.655174                 
16.28                    1.655089                 
16.29                    1.655004                 
16.3                     1.654919                 
16.31                    1.6548343                
16.32                    1.6547495                
16.33                    1.6546649                
16.34                    1.6545802                
16.35                    1.6544957                
16.36                    1.6544113                
16.37                    1.6543269                
16.38                    1.6542426                
16.39                    1.6541585                
16.4                     1.6540743                
16.41                    1.6539903                
16.42                    1.6539063                
16.43                    1.6538225                
16.44                    1.6537387                
16.45                    1.6536549                
16.46                    1.6535714                
16.47                    1.6534878                
16.48                    1.6534042                
16.49                    1.6533208                
16.5                     1.6532375                
16.51                    1.6531543                
16.52                    1.653071                 
16.53                    1.652988                 
16.54                    1.652905                 
16.55                    1.652822                 
16.56                    1.6527392                
16.57                    1.6526563                
16.58                    1.6525737                
16.59                    1.652491                 
16.6                     1.6524085                
16.61                    1.652326                 
16.62                    1.6522436                
16.63                    1.6521612                
16.64                    1.652079                 
16.65                    1.6519969                
16.66                    1.6519147                
16.67                    1.6518327                
16.68                    1.6517508                
16.69                    1.6516689                
16.7                     1.6515871                
16.71                    1.6515054                
16.72                    1.6514237                
16.73                    1.6513422                
16.74                    1.6512607                
16.75                    1.6511793                
16.76                    1.6510979                
16.77                    1.6510167                
16.78                    1.6509355                
16.79                    1.6508543                
16.8                     1.6507734                
16.81                    1.6506923                
16.82                    1.6506115                
16.83                    1.6505307                
16.84                    1.65045                  
16.85                    1.6503693                
16.86                    1.6502887                
16.87                    1.6502082                
16.88                    1.6501278                
16.89                    1.6500474                
16.9                     1.6499672                
16.91                    1.649887                 
16.92                    1.6498069                
16.93                    1.6497267                
16.94                    1.6496468                
16.95                    1.6495669                
16.96                    1.649487                 
16.97                    1.6494073                
16.98                    1.6493275                
16.99                    1.649248                 
17.0                     1.6491684                
17.01                    1.649089                 
17.02                    1.6490096                
17.03                    1.6489302                
17.04                    1.648851                 
17.05                    1.6487718                
17.06                    1.6486927                
17.07                    1.6486137                
17.08                    1.6485348                
17.09                    1.6484559                
17.1                     1.6483771                
17.11                    1.6482984                
17.12                    1.6482197                
17.13                    1.648141                 
17.14                    1.6480626                
17.15                    1.6479841                
17.16                    1.6479057                
17.17                    1.6478275                
17.18                    1.6477492                
17.19                    1.6476711                
17.2                     1.647593                 
17.21                    1.647515                 
17.22                    1.6474371                
17.23                    1.6473593                
17.24                    1.6472814                
17.25                    1.6472037                
17.26                    1.6471261                
17.27                    1.6470485                
17.28                    1.646971                 
17.29                    1.6468935                
17.3                     1.6468163                
17.31                    1.6467389                
17.32                    1.6466618                
17.33                    1.6465845                
17.34                    1.6465075                
17.35                    1.6464305                
17.36                    1.6463536                
17.37                    1.6462767                
17.38                    1.6462                   
17.39                    1.6461232                
17.4                     1.6460465                
17.41                    1.64597                  
17.42                    1.6458935                
17.43                    1.645817                 
17.44                    1.6457407                
17.45                    1.6456645                
17.46                    1.6455882                
17.47                    1.645512                 
17.48                    1.6454359                
17.49                    1.64536                  
17.5                     1.6452839                
17.51                    1.645208                 
17.52                    1.6451321                
17.53                    1.6450562                
17.54                    1.6449804                
17.55                    1.6449047                
17.56                    1.6448292                
17.57                    1.6447536                
17.58                    1.6446781                
17.59                    1.6446027                
17.6                     1.6445273                
17.61                    1.6444521                
17.62                    1.6443769                
17.63                    1.6443018                
17.64                    1.6442267                
17.65                    1.6441517                
17.66                    1.6440767                
17.67                    1.6440018                
17.68                    1.643927                 
17.69                    1.6438522                
17.7                     1.6437776                
17.71                    1.643703                 
17.72                    1.6436285                
17.73                    1.643554                 
17.74                    1.6434796                
17.75                    1.6434052                
17.76                    1.6433309                
17.77                    1.6432567                
17.78                    1.6431825                
17.79                    1.6431085                
17.8                     1.6430345                
17.81                    1.6429605                
17.82                    1.6428866                
17.83                    1.6428128                
17.84                    1.642739                 
17.85                    1.6426654                
17.86                    1.6425918                
17.87                    1.6425183                
17.88                    1.6424447                
17.89                    1.6423713                
17.9                     1.642298                 
17.91                    1.6422247                
17.92                    1.6421515                
17.93                    1.6420783                
17.94                    1.6420052                
17.95                    1.6419322                
17.96                    1.6418592                
17.97                    1.6417863                
17.98                    1.6417135                
17.99                    1.6416408                
18.0                     1.6415681                
18.01                    1.6414953                
18.02                    1.6414229                
18.03                    1.6413503                
18.04                    1.6412779                
18.05                    1.6412054                
18.06                    1.6411332                
18.07                    1.641061                 
18.08                    1.6409887                
18.09                    1.6409166                
18.1                     1.6408445                
18.11                    1.6407726                
18.12                    1.6407006                
18.13                    1.6406287                
18.14                    1.6405569                
18.15                    1.6404852                
18.16                    1.6404135                
18.17                    1.6403419                
18.18                    1.6402704                
18.19                    1.6401988                
18.2                     1.6401274                
18.21                    1.640056                 
18.22                    1.6399847                
18.23                    1.6399136                
18.24                    1.6398424                
18.25                    1.6397712                
18.26                    1.6397002                
18.27                    1.6396292                
18.28                    1.6395583                
18.29                    1.6394874                
18.3                     1.6394166                
18.31                    1.6393459                
18.32                    1.6392752                
18.33                    1.6392046                
18.34                    1.639134                 
18.35                    1.6390636                
18.36                    1.6389931                
18.37                    1.6389228                
18.38                    1.6388525                
18.39                    1.6387823                
18.4                     1.638712                 
18.41                    1.638642                 
18.42                    1.638572                 
18.43                    1.6385019                
18.44                    1.638432                 
18.45                    1.6383622                
18.46                    1.6382923                
18.47                    1.6382226                
18.48                    1.638153                 
18.49                    1.6380833                
18.5                     1.6380137                
18.51                    1.6379442                
18.52                    1.6378748                
18.53                    1.6378055                
18.54                    1.6377361                
18.55                    1.6376668                
18.56                    1.6375977                
18.57                    1.6375285                
18.58                    1.6374595                
18.59                    1.6373905                
18.6                     1.6373215                
18.61                    1.6372526                
18.62                    1.6371838                
18.63                    1.637115                 
18.64                    1.6370463                
18.65                    1.6369777                
18.66                    1.6369091                
18.67                    1.6368406                
18.68                    1.636772                 
18.69                    1.6367037                
18.7                     1.6366353                
18.71                    1.636567                 
18.72                    1.6364988                
18.73                    1.6364306                
18.74                    1.6363626                
18.75                    1.6362945                
18.76                    1.6362265                
18.77                    1.6361586                
18.78                    1.6360908                
18.79                    1.6360229                
18.8                     1.6359552                
18.81                    1.6358875                
18.82                    1.6358198                
18.83                    1.6357523                
18.84                    1.6356847                
18.85                    1.6356173                
18.86                    1.6355499                
18.87                    1.6354825                
18.88                    1.6354153                
18.89                    1.6353481                
18.9                     1.635281                 
18.91                    1.6352139                
18.92                    1.6351469                
18.93                    1.6350799                
18.94                    1.6350129                
18.95                    1.634946                 
18.96                    1.6348792                
18.97                    1.6348125                
18.98                    1.6347458                
18.99                    1.6346792                
19.0                     1.6346126                
19.01                    1.634546                 
19.02                    1.6344796                
19.03                    1.6344132                
19.04                    1.6343468                
19.05                    1.6342806                
19.06                    1.6342144                
19.07                    1.6341482                
19.08                    1.6340821                
19.09                    1.634016                 
19.1                     1.6339501                
19.11                    1.6338842                
19.12                    1.6338183                
19.13                    1.6337525                
19.14                    1.6336867                
19.15                    1.633621                 
19.16                    1.6335553                
19.17                    1.6334897                
19.18                    1.6334242                
19.19                    1.6333587                
19.2                     1.6332934                
19.21                    1.633228                 
19.22                    1.6331626                
19.23                    1.6330974                
19.24                    1.6330322                
19.25                    1.632967                 
19.26                    1.6329018                
19.27                    1.6328367                
19.28                    1.6327717                
19.29                    1.6327068                
19.3                     1.6326418                
19.31                    1.632577                 
19.32                    1.6325121                
19.33                    1.6324474                
19.34                    1.6323826                
19.35                    1.632318                 
19.36                    1.6322534                
19.37                    1.6321889                
19.38                    1.6321244                
19.39                    1.6320599                
19.4                     1.6319956                
19.41                    1.6319313                
19.42                    1.631867                 
19.43                    1.6318028                
19.44                    1.6317387                
19.45                    1.6316745                
19.46                    1.6316105                
19.47                    1.6315465                
19.48                    1.6314826                
19.49                    1.6314187                
19.5                     1.6313548                
19.51                    1.631291                 
19.52                    1.6312274                
19.53                    1.6311637                
19.54                    1.6311                   
19.55                    1.6310365                
19.56                    1.630973                 
19.57                    1.6309096                
19.58                    1.6308461                
19.59                    1.6307828                
19.6                     1.6307195                
19.61                    1.6306562                
19.62                    1.6305931                
19.63                    1.63053                  
19.64                    1.6304669                
19.65                    1.6304039                
19.66                    1.6303409                
19.67                    1.630278                 
19.68                    1.6302152                
19.69                    1.6301523                
19.7                     1.6300895                
19.71                    1.6300268                
19.72                    1.6299642                
19.73                    1.6299015                
19.74                    1.6298391                
19.75                    1.6297765                
19.76                    1.6297141                
19.77                    1.6296517                
19.78                    1.6295893                
19.79                    1.6295271                
19.8                     1.6294649                
19.81                    1.6294026                
19.82                    1.6293405                
19.83                    1.6292784                
19.84                    1.6292164                
19.85                    1.6291544                
19.86                    1.6290926                
19.87                    1.6290306                
19.88                    1.6289688                
19.89                    1.6289071                
19.9                     1.6288453                
19.91                    1.6287837                
19.92                    1.6287221                
19.93                    1.6286606                
19.94                    1.628599                 
19.95                    1.6285375                
19.96                    1.6284761                
19.97                    1.6284148                
19.98                    1.6283535                
19.99                    1.6282922                
20.0                     1.628231                 
20.01                    1.6281699                
20.02                    1.6281087                
20.03                    1.6280477                
20.04                    1.6279868                
20.05                    1.6279258                
20.06                    1.627865                 
20.07                    1.627804                 
20.08                    1.6277432                
20.09                    1.6276826                
20.1                     1.6276219                
20.11                    1.6275612                
20.12                    1.6275007                
20.13                    1.6274401                
20.14                    1.6273795                
20.15                    1.6273191                
20.16                    1.6272588                
20.17                    1.6271985                
20.18                    1.6271381                
20.19                    1.6270779                
20.2                     1.6270177                
20.21                    1.6269575                
20.22                    1.6268975                
20.23                    1.6268375                
20.24                    1.6267774                
20.25                    1.6267176                
20.26                    1.6266576                
20.27                    1.6265978                
20.28                    1.626538                 
20.29                    1.6264783                
20.3                     1.6264186                
20.31                    1.626359                 
20.32                    1.6262994                
20.33                    1.6262398                
20.34                    1.6261803                
20.35                    1.6261209                
20.36                    1.6260614                
20.37                    1.6260022                
20.38                    1.6259428                
20.39                    1.6258836                
20.4                     1.6258245                
20.41                    1.6257652                
20.42                    1.6257062                
20.43                    1.6256471                
20.44                    1.625588                 
20.45                    1.6255292                
20.46                    1.6254703                
20.47                    1.6254114                
20.48                    1.6253526                
20.49                    1.6252939                
20.5                     1.6252352                
20.51                    1.6251765                
20.52                    1.6251179                
20.53                    1.6250594                
20.54                    1.6250008                
20.55                    1.6249423                
20.56                    1.6248839                
20.57                    1.6248256                
20.58                    1.6247673                
20.59                    1.624709                 
20.6                     1.6246507                
20.61                    1.6245925                
20.62                    1.6245345                
20.63                    1.6244764                
20.64                    1.6244184                
20.65                    1.6243603                
20.66                    1.6243024                
20.67                    1.6242446                
20.68                    1.6241868                
20.69                    1.6241289                
20.7                     1.6240711                
20.71                    1.6240134                
20.72                    1.6239558                
20.73                    1.6238983                
20.74                    1.6238407                
20.75                    1.6237832                
20.76                    1.6237258                
20.77                    1.6236683                
20.78                    1.623611                 
20.79                    1.6235536                
20.8                     1.6234964                
20.81                    1.6234392                
20.82                    1.623382                 
20.83                    1.6233249                
20.84                    1.6232678                
20.85                    1.6232108                
20.86                    1.6231538                
20.87                    1.6230968                
20.88                    1.62304                  
20.89                    1.6229831                
20.9                     1.6229262                
20.91                    1.6228695                
20.92                    1.6228129                
20.93                    1.6227561                
20.94                    1.6226996                
20.95                    1.622643                 
20.96                    1.6225865                
20.97                    1.62253                  
20.98                    1.6224735                
20.99                    1.6224171                
21.0                     1.6223607                
21.01                    1.6223044                
21.02                    1.6222482                
21.03                    1.6221919                
21.04                    1.6221358                
21.05                    1.6220796                
21.06                    1.6220235                
21.07                    1.6219674                
21.08                    1.6219114                
21.09                    1.6218554                
21.1                     1.6217995                
21.11                    1.6217437                
21.12                    1.6216878                
21.13                    1.621632                 
21.14                    1.6215763                
21.15                    1.6215206                
21.16                    1.621465                 
21.17                    1.6214093                
21.18                    1.6213537                
21.19                    1.6212983                
21.2                     1.6212428                
21.21                    1.6211873                
21.22                    1.621132                 
21.23                    1.6210767                
21.24                    1.6210214                
21.25                    1.6209661                
21.26                    1.6209109                
21.27                    1.6208558                
21.28                    1.6208006                
21.29                    1.6207455                
21.3                     1.6206906                
21.31                    1.6206355                
21.32                    1.6205807                
21.33                    1.6205257                
21.34                    1.6204709                
21.35                    1.620416                 
21.36                    1.6203613                
21.37                    1.6203066                
21.38                    1.6202519                
21.39                    1.6201973                
21.4                     1.6201427                
21.41                    1.6200881                
21.42                    1.6200336                
21.43                    1.6199791                
21.44                    1.6199248                
21.45                    1.6198704                
21.46                    1.6198161                
21.47                    1.6197618                
21.48                    1.6197076                
21.49                    1.6196533                
21.5                     1.6195992                
21.51                    1.6195451                
21.52                    1.619491                 
21.53                    1.619437                 
21.54                    1.619383                 
21.55                    1.6193291                
21.56                    1.6192752                
21.57                    1.6192213                
21.58                    1.6191676                
21.59                    1.6191138                
21.6                     1.61906                  
21.61                    1.6190064                
21.62                    1.6189528                
21.63                    1.6188991                
21.64                    1.6188456                
21.65                    1.618792                 
21.66                    1.6187387                
21.67                    1.6186852                
21.68                    1.6186318                
21.69                    1.6185784                
21.7                     1.6185251                
21.71                    1.6184719                
21.72                    1.6184187                
21.73                    1.6183655                
21.74                    1.6183124                
21.75                    1.6182593                
21.76                    1.6182063                
21.77                    1.6181533                
21.78                    1.6181003                
21.79                    1.6180474                
21.8                     1.6179945                
21.81                    1.6179417                
21.82                    1.6178889                
21.83                    1.6178361                
21.84                    1.6177834                
21.85                    1.6177307                
21.86                    1.6176782                
21.87                    1.6176256                
21.88                    1.617573                 
21.89                    1.6175206                
21.9                     1.6174681                
21.91                    1.6174157                
21.92                    1.6173633                
21.93                    1.617311                 
21.94                    1.6172587                
21.95                    1.6172065                
21.96                    1.6171542                
21.97                    1.617102                 
21.98                    1.6170499                
21.99                    1.6169978                
22.0                     1.6169457                
22.01                    1.6168938                
22.02                    1.6168418                
22.03                    1.6167899                
22.04                    1.616738                 
22.05                    1.6166862                
22.06                    1.6166344                
22.07                    1.6165826                
22.08                    1.6165309                
22.09                    1.6164793                
22.1                     1.6164275                
22.11                    1.616376                 
22.12                    1.6163244                
22.13                    1.6162729                
22.14                    1.6162214                
22.15                    1.61617                  
22.16                    1.6161187                
22.17                    1.6160673                
22.18                    1.616016                 
22.19                    1.6159647                
22.2                     1.6159135                
22.21                    1.6158623                
22.22                    1.6158111                
22.23                    1.6157601                
22.24                    1.615709                 
22.25                    1.6156579                
22.26                    1.6156069                
22.27                    1.615556                 
22.28                    1.6155051                
22.29                    1.6154542                
22.3                     1.6154034                
22.31                    1.6153526                
22.32                    1.6153018                
22.33                    1.6152512                
22.34                    1.6152005                
22.35                    1.6151499                
22.36                    1.6150993                
22.37                    1.6150488                
22.38                    1.6149982                
22.39                    1.6149478                
22.4                     1.6148974                
22.41                    1.614847                 
22.42                    1.6147966                
22.43                    1.6147462                
22.44                    1.614696                 
22.45                    1.6146457                
22.46                    1.6145955                
22.47                    1.6145455                
22.48                    1.6144953                
22.49                    1.6144452                
22.5                     1.6143953                
22.51                    1.6143452                
22.52                    1.6142952                
22.53                    1.6142453                
22.54                    1.6141955                
22.55                    1.6141456                
22.56                    1.6140958                
22.57                    1.6140461                
22.58                    1.6139964                
22.59                    1.6139467                
22.6                     1.613897                 
22.61                    1.6138474                
22.62                    1.6137979                
22.63                    1.6137483                
22.64                    1.6136988                
22.65                    1.6136494                
22.66                    1.6136                   
22.67                    1.6135505                
22.68                    1.6135013                
22.69                    1.613452                 
22.7                     1.6134027                
22.71                    1.6133535                
22.72                    1.6133043                
22.73                    1.6132551                
22.74                    1.613206                 
22.75                    1.6131569                
22.76                    1.6131079                
22.77                    1.6130588                
22.78                    1.6130099                
22.79                    1.6129609                
22.8                     1.612912                 
22.81                    1.6128632                
22.82                    1.6128144                
22.83                    1.6127656                
22.84                    1.6127168                
22.85                    1.6126682                
22.86                    1.6126194                
22.87                    1.6125709                
22.88                    1.6125222                
22.89                    1.6124737                
22.9                     1.6124251                
22.91                    1.6123767                
22.92                    1.6123282                
22.93                    1.6122798                
22.94                    1.6122314                
22.95                    1.6121831                
22.96                    1.6121348                
22.97                    1.6120865                
22.98                    1.6120383                
22.99                    1.6119901                
23.0                     1.6119419                
23.01                    1.6118939                
23.02                    1.6118457                
23.03                    1.6117977                
23.04                    1.6117498                
23.05                    1.6117017                
23.06                    1.6116538                
23.07                    1.611606                 
23.08                    1.6115581                
23.09                    1.6115103                
23.1                     1.6114625                
23.11                    1.6114148                
23.12                    1.611367                 
23.13                    1.6113194                
23.14                    1.6112717                
23.15                    1.6112242                
23.16                    1.6111766                
23.17                    1.611129                 
23.18                    1.6110816                
23.19                    1.6110342                
23.2                     1.6109867                
23.21                    1.6109393                
23.22                    1.6108919                
23.23                    1.6108446                
23.24                    1.6107974                
23.25                    1.6107501                
23.26                    1.6107029                
23.27                    1.6106558                
23.28                    1.6106086                
23.29                    1.6105615                
23.3                     1.6105145                
23.31                    1.6104674                
23.32                    1.6104205                
23.33                    1.6103735                
23.34                    1.6103266                
23.35                    1.6102797                
23.36                    1.6102328                
23.37                    1.6101861                
23.38                    1.6101393                
23.39                    1.6100925                
23.4                     1.6100459                
23.41                    1.6099992                
23.42                    1.6099526                
23.43                    1.609906                 
23.44                    1.6098595                
23.45                    1.6098129                
23.46                    1.6097664                
23.47                    1.60972                  
23.48                    1.6096735                
23.49                    1.6096271                
23.5                     1.6095808                
23.51                    1.6095345                
23.52                    1.6094882                
23.53                    1.609442                 
23.54                    1.6093957                
23.55                    1.6093496                
23.56                    1.6093035                
23.57                    1.6092573                
23.58                    1.6092113                
23.59                    1.6091653                
23.6                     1.6091193                
23.61                    1.6090733                
23.62                    1.6090274                
23.63                    1.6089815                
23.64                    1.6089356                
23.65                    1.6088898                
23.66                    1.608844                 
23.67                    1.6087983                
23.68                    1.6087525                
23.69                    1.6087068                
23.7                     1.6086612                
23.71                    1.6086156                
23.72                    1.60857                  
23.73                    1.6085244                
23.74                    1.6084789                
23.75                    1.6084335                
23.76                    1.6083881                
23.77                    1.6083426                
23.78                    1.6082972                
23.79                    1.6082519                
23.8                     1.6082066                
23.81                    1.6081613                
23.82                    1.608116                 
23.83                    1.6080709                
23.84                    1.6080257                
23.85                    1.6079805                
23.86                    1.6079354                
23.87                    1.6078904                
23.88                    1.6078453                
23.89                    1.6078004                
23.9                     1.6077554                
23.91                    1.6077105                
23.92                    1.6076655                
23.93                    1.6076207                
23.94                    1.6075759                
23.95                    1.6075311                
23.96                    1.6074862                
23.97                    1.6074415                
23.98                    1.6073968                
23.99                    1.6073521                
24.0                     1.6073076                
24.01                    1.607263                 
24.02                    1.6072184                
24.03                    1.6071738                
24.04                    1.6071293                
24.05                    1.6070849                
24.06                    1.6070404                
24.07                    1.606996                 
24.08                    1.6069517                
24.09                    1.6069074                
24.1                     1.606863                 
24.11                    1.6068188                
24.12                    1.6067746                
24.13                    1.6067303                
24.14                    1.6066862                
24.15                    1.606642                 
24.16                    1.606598                 
24.17                    1.6065539                
24.18                    1.6065098                
24.19                    1.6064658                
24.2                     1.606422                 
24.21                    1.606378                 
24.22                    1.6063341                
24.23                    1.6062902                
24.24                    1.6062464                
24.25                    1.6062026                
24.26                    1.6061587                
24.27                    1.606115                 
24.28                    1.6060714                
24.29                    1.6060276                
24.3                     1.605984                 
24.31                    1.6059403                
24.32                    1.6058968                
24.33                    1.6058533                
24.34                    1.6058098                
24.35                    1.6057663                
24.36                    1.6057228                
24.37                    1.6056794                
24.38                    1.605636                 
24.39                    1.6055927                
24.4                     1.6055493                
24.41                    1.6055061                
24.42                    1.6054628                
24.43                    1.6054196                
24.44                    1.6053765                
24.45                    1.6053332                
24.46                    1.6052902                
24.47                    1.605247                 
24.48                    1.605204                 
24.49                    1.605161                 
24.5                     1.6051179                
24.51                    1.605075                 
24.52                    1.6050321                
24.53                    1.6049892                
24.54                    1.6049463                
24.55                    1.6049035                
24.56                    1.6048607                
24.57                    1.6048179                
24.58                    1.6047751                
24.59                    1.6047324                
24.6                     1.6046897                
24.61                    1.604647                 
24.62                    1.6046044                
24.63                    1.6045618                
24.64                    1.6045192                
24.65                    1.6044767                
24.66                    1.6044343                
24.67                    1.6043918                
24.68                    1.6043494                
24.69                    1.6043069                
24.7                     1.6042646                
24.71                    1.6042223                
24.72                    1.60418                  
24.73                    1.6041377                
24.74                    1.6040955                
24.75                    1.6040533                
24.76                    1.604011                 
24.77                    1.6039689                
24.78                    1.6039268                
24.79                    1.6038847                
24.8                     1.6038426                
24.81                    1.6038005                
24.82                    1.6037586                
24.83                    1.6037166                
24.84                    1.6036747                
24.85                    1.6036328                
24.86                    1.6035908                
24.87                    1.603549                 
24.88                    1.6035073                
24.89                    1.6034654                
24.9                     1.6034237                
24.91                    1.603382                 
24.92                    1.6033403                
24.93                    1.6032987                
24.94                    1.6032571                
24.95                    1.6032155                
24.96                    1.6031739                
24.97                    1.6031322                
24.98                    1.6030908                
24.99                    1.6030493                
25.0                     1.6030079                
25.01                    1.6029664                
25.02                    1.6029251                
25.03                    1.6028837                
25.04                    1.6028423                
25.05                    1.6028011                
25.06                    1.6027598                
25.07                    1.6027186                
25.08                    1.6026773                
25.09                    1.6026362                
25.1                     1.6025951                
25.11                    1.602554                 
25.12                    1.6025128                
25.13                    1.6024718                
25.14                    1.6024308                
25.15                    1.6023898                
25.16                    1.6023488                
25.17                    1.6023079                
25.18                    1.602267                 
25.19                    1.6022261                
25.2                     1.6021852                
25.21                    1.6021445                
25.22                    1.6021036                
25.23                    1.602063                 
25.24                    1.6020222                
25.25                    1.6019815                
25.26                    1.6019408                
25.27                    1.6019001                
25.28                    1.6018596                
25.29                    1.6018189                
25.3                     1.6017784                
25.31                    1.6017379                
25.32                    1.6016974                
25.33                    1.6016569                
25.34                    1.6016165                
25.35                    1.6015761                
25.36                    1.6015357                
25.37                    1.6014954                
25.38                    1.6014551                
25.39                    1.6014148                
25.4                     1.6013745                
25.41                    1.6013343                
25.42                    1.601294                 
25.43                    1.6012539                
25.44                    1.6012138                
25.45                    1.6011736                
25.46                    1.6011336                
25.47                    1.6010935                
25.48                    1.6010535                
25.49                    1.6010135                
25.5                     1.6009735                
25.51                    1.6009336                
25.52                    1.6008936                
25.53                    1.6008538                
25.54                    1.600814                 
25.55                    1.6007742                
25.56                    1.6007344                
25.57                    1.6006945                
25.58                    1.6006548                
25.59                    1.6006151                
25.6                     1.6005754                
25.61                    1.6005358                
25.62                    1.6004962                
25.63                    1.6004566                
25.64                    1.600417                 
25.65                    1.6003774                
25.66                    1.6003379                
25.67                    1.6002984                
25.68                    1.600259                 
25.69                    1.6002196                
25.7                     1.6001801                
25.71                    1.6001408                
25.72                    1.6001015                
25.73                    1.6000621                
25.74                    1.6000228                
25.75                    1.5999836                
25.76                    1.5999444                
25.77                    1.5999051                
25.78                    1.599866                 
25.79                    1.5998268                
25.8                     1.5997877                
25.81                    1.5997486                
25.82                    1.5997096                
25.83                    1.5996705                
25.84                    1.5996315                
25.85                    1.5995926                
25.86                    1.5995536                
25.87                    1.5995147                
25.88                    1.5994757                
25.89                    1.5994369                
25.9                     1.5993981                
25.91                    1.5993593                
25.92                    1.5993205                
25.93                    1.5992818                
25.94                    1.599243                 
25.95                    1.5992043                
25.96                    1.5991657                
25.97                    1.5991269                
25.98                    1.5990883                
25.99                    1.5990498                
26.0                     1.5990112                
26.01                    1.5989727                
26.02                    1.5989342                
26.03                    1.5988957                
26.04                    1.5988573                
26.05                    1.5988188                
26.06                    1.5987804                
26.07                    1.598742                 
26.08                    1.5987037                
26.09                    1.5986654                
26.1                     1.5986271                
26.11                    1.5985888                
26.12                    1.5985506                
26.13                    1.5985124                
26.14                    1.5984741                
26.15                    1.598436                 
26.16                    1.5983979                
26.17                    1.5983598                
26.18                    1.5983217                
26.19                    1.5982836                
26.2                     1.5982457                
26.21                    1.5982077                
26.22                    1.5981698                
26.23                    1.5981318                
26.24                    1.5980939                
26.25                    1.5980561                
26.26                    1.5980182                
26.27                    1.5979804                
26.28                    1.5979426                
26.29                    1.5979048                
26.3                     1.5978671                
26.31                    1.5978293                
26.32                    1.5977917                
26.33                    1.597754                 
26.34                    1.5977165                
26.35                    1.5976788                
26.36                    1.5976412                
26.37                    1.5976037                
26.38                    1.5975661                
26.39                    1.5975287                
26.4                     1.5974911                
26.41                    1.5974537                
26.42                    1.5974163                
26.43                    1.597379                 
26.44                    1.5973415                
26.45                    1.5973042                
26.46                    1.5972669                
26.47                    1.5972296                
26.48                    1.5971924                
26.49                    1.5971551                
26.5                     1.5971179                
26.51                    1.5970807                
26.52                    1.5970436                
26.53                    1.5970064                
26.54                    1.5969694                
26.55                    1.5969323                
26.56                    1.5968952                
26.57                    1.5968583                
26.58                    1.5968212                
26.59                    1.5967842                
26.6                     1.5967473                
26.61                    1.5967104                
26.62                    1.5966735                
26.63                    1.5966367                
26.64                    1.5965998                
26.65                    1.596563                 
26.66                    1.5965263                
26.67                    1.5964894                
26.68                    1.5964527                
26.69                    1.596416                 
26.7                     1.5963794                
26.71                    1.5963427                
26.72                    1.5963061                
26.73                    1.5962695                
26.74                    1.5962329                
26.75                    1.5961963                
26.76                    1.5961598                
26.77                    1.5961233                
26.78                    1.5960869                
26.79                    1.5960504                
26.8                     1.5960139                
26.81                    1.5959775                
26.82                    1.5959412                
26.83                    1.5959048                
26.84                    1.5958685                
26.85                    1.5958322                
26.86                    1.595796                 
26.87                    1.5957597                
26.88                    1.5957235                
26.89                    1.5956873                
26.9                     1.5956511                
26.91                    1.595615                 
26.92                    1.5955789                
26.93                    1.5955428                
26.94                    1.5955067                
26.95                    1.5954707                
26.96                    1.5954347                
26.97                    1.5953987                
26.98                    1.5953627                
26.99                    1.5953268                
27.0                     1.5952909                
27.01                    1.595255                 
27.02                    1.5952191                
27.03                    1.5951833                
27.04                    1.5951475                
27.05                    1.5951117                
27.06                    1.595076                 
27.07                    1.5950402                
27.08                    1.5950044                
27.09                    1.5949688                
27.1                     1.5949332                
27.11                    1.5948975                
27.12                    1.5948619                
27.13                    1.5948263                
27.14                    1.5947907                
27.15                    1.5947552                
27.16                    1.5947196                
27.17                    1.5946842                
27.18                    1.5946487                
27.19                    1.5946133                
27.2                     1.5945779                
27.21                    1.5945425                
27.22                    1.5945071                
27.23                    1.5944718                
27.24                    1.5944365                
27.25                    1.5944012                
27.26                    1.594366                 
27.27                    1.5943307                
27.28                    1.5942955                
27.29                    1.5942603                
27.3                     1.5942252                
27.31                    1.59419                  
27.32                    1.5941548                
27.33                    1.5941198                
27.34                    1.5940847                
27.35                    1.5940497                
27.36                    1.5940146                
27.37                    1.5939797                
27.38                    1.5939447                
27.39                    1.5939097                
27.4                     1.5938748                
27.41                    1.5938399                
27.42                    1.5938051                
27.43                    1.5937703                
27.44                    1.5937355                
27.45                    1.5937006                
27.46                    1.5936658                
27.47                    1.593631                 
27.48                    1.5935963                
27.49                    1.5935616                
27.5                     1.593527                 
27.51                    1.5934923                
27.52                    1.5934577                
27.53                    1.5934231                
27.54                    1.5933886                
27.55                    1.593354                 
27.56                    1.5933194                
27.57                    1.593285                 
27.58                    1.5932504                
27.59                    1.593216                 
27.6                     1.5931815                
27.61                    1.5931472                
27.62                    1.5931127                
27.63                    1.5930784                
27.64                    1.593044                 
27.65                    1.5930097                
27.66                    1.5929754                
27.67                    1.5929412                
27.68                    1.592907                 
27.69                    1.5928727                
27.7                     1.5928385                
27.71                    1.5928043                
27.72                    1.5927702                
27.73                    1.592736                 
27.74                    1.5927019                
27.75                    1.5926679                
27.76                    1.5926338                
27.77                    1.5925997                
27.78                    1.5925658                
27.79                    1.5925318                
27.8                     1.5924978                
27.81                    1.592464                 
27.82                    1.59243                  
27.83                    1.5923961                
27.84                    1.5923623                
27.85                    1.5923284                
27.86                    1.5922946                
27.87                    1.5922608                
27.88                    1.592227                 
27.89                    1.5921932                
27.9                     1.5921595                
27.91                    1.5921259                
27.92                    1.5920922                
27.93                    1.5920585                
27.94                    1.5920249                
27.95                    1.5919913                
27.96                    1.5919577                
27.97                    1.5919242                
27.98                    1.5918906                
27.99                    1.5918571                
28.0                     1.5918236                
28.01                    1.5917901                
28.02                    1.5917567                
28.03                    1.5917232                
28.04                    1.5916898                
28.05                    1.5916564                
28.06                    1.5916231                
28.07                    1.5915898                
28.08                    1.5915565                
28.09                    1.5915232                
28.1                     1.5914899                
28.11                    1.5914567                
28.12                    1.5914235                
28.13                    1.5913903                
28.14                    1.5913571                
28.15                    1.591324                 
28.16                    1.5912908                
28.17                    1.5912578                
28.18                    1.5912247                
28.19                    1.5911916                
28.2                     1.5911586                
28.21                    1.5911256                
28.22                    1.5910926                
28.23                    1.5910597                
28.24                    1.5910267                
28.25                    1.5909938                
28.26                    1.5909609                
28.27                    1.5909281                
28.28                    1.5908952                
28.29                    1.5908624                
28.3                     1.5908295                
28.31                    1.5907967                
28.32                    1.590764                 
28.33                    1.5907313                
28.34                    1.5906986                
28.35                    1.5906658                
28.36                    1.5906332                
28.37                    1.5906005                
28.38                    1.590568                 
28.39                    1.5905353                
28.4                     1.5905027                
28.41                    1.5904702                
28.42                    1.5904377                
28.43                    1.5904051                
28.44                    1.5903727                
28.45                    1.5903401                
28.46                    1.5903077                
28.47                    1.5902753                
28.48                    1.5902429                
28.49                    1.5902106                
28.5                     1.5901781                
28.51                    1.5901458                
28.52                    1.5901135                
28.53                    1.5900812                
28.54                    1.590049                 
28.55                    1.5900167                
28.56                    1.5899845                
28.57                    1.5899523                
28.58                    1.5899202                
28.59                    1.589888                 
28.6                     1.5898558                
28.61                    1.5898237                
28.62                    1.5897917                
28.63                    1.5897596                
28.64                    1.5897275                
28.65                    1.5896955                
28.66                    1.5896635                
28.67                    1.5896316                
28.68                    1.5895996                
28.69                    1.5895677                
28.7                     1.5895357                
28.71                    1.5895038                
28.72                    1.5894719                
28.73                    1.5894401                
28.74                    1.5894083                
28.75                    1.5893764                
28.76                    1.5893447                
28.77                    1.5893129                
28.78                    1.5892812                
28.79                    1.5892495                
28.8                     1.5892178                
28.81                    1.5891861                
28.82                    1.5891545                
28.83                    1.5891228                
28.84                    1.5890912                
28.85                    1.5890596                
28.86                    1.589028                 
28.87                    1.5889965                
28.88                    1.5889649                
28.89                    1.5889335                
28.9                     1.588902                 
28.91                    1.5888705                
28.92                    1.588839                 
28.93                    1.5888077                
28.94                    1.5887762                
28.95                    1.5887449                
28.96                    1.5887135                
28.97                    1.5886822                
28.98                    1.588651                 
28.99                    1.5886196                
29.0                     1.5885884                
29.01                    1.5885571                
29.02                    1.5885259                
29.03                    1.5884947                
29.04                    1.5884635                
29.05                    1.5884323                
29.06                    1.5884012                
29.07                    1.5883701                
29.08                    1.588339                 
29.09                    1.588308                 
29.1                     1.5882769                
29.11                    1.5882459                
29.12                    1.5882149                
29.13                    1.5881839                
29.14                    1.5881529                
29.15                    1.5881219                
29.16                    1.588091                 
29.17                    1.5880601                
29.18                    1.5880291                
29.19                    1.5879984                
29.2                     1.5879675                
29.21                    1.5879366                
29.22                    1.5879059                
29.23                    1.5878751                
29.24                    1.5878444                
29.25                    1.5878136                
29.26                    1.5877829                
29.27                    1.5877522                
29.28                    1.5877215                
29.29                    1.5876908                
29.3                     1.5876602                
29.31                    1.5876296                
29.32                    1.587599                 
29.33                    1.5875684                
29.34                    1.5875379                
29.35                    1.5875074                
29.36                    1.5874768                
29.37                    1.5874463                
29.38                    1.5874159                
29.39                    1.5873854                
29.4                     1.587355                 
29.41                    1.5873246                
29.42                    1.5872942                
29.43                    1.5872638                
29.44                    1.5872335                
29.45                    1.5872031                
29.46                    1.5871729                
29.47                    1.5871426                
29.48                    1.5871123                
29.49                    1.5870821                
29.5                     1.5870519                
29.51                    1.5870217                
29.52                    1.5869915                
29.53                    1.5869614                
29.54                    1.5869312                
29.55                    1.5869011                
29.56                    1.586871                 
29.57                    1.5868409                
29.58                    1.5868108                
29.59                    1.5867808                
29.6                     1.5867507                
29.61                    1.5867208                
29.62                    1.5866908                
29.63                    1.5866609                
29.64                    1.586631                 
29.65                    1.586601                 
29.66                    1.5865711                
29.67                    1.5865412                
29.68                    1.5865113                
29.69                    1.5864813                
29.7                     1.5864515                
29.71                    1.5864216                
29.72                    1.5863918                
29.73                    1.586362                 
29.74                    1.5863322                
29.75                    1.5863024                
29.76                    1.5862727                
29.77                    1.5862429                
29.78                    1.5862132                
29.79                    1.5861835                
29.8                     1.5861539                
29.81                    1.5861243                
29.82                    1.5860946                
29.83                    1.586065                 
29.84                    1.5860354                
29.85                    1.5860058                
29.86                    1.5859762                
29.87                    1.5859467                
29.88                    1.5859172                
29.89                    1.5858877                
29.9                     1.5858582                
29.91                    1.5858288                
29.92                    1.5857993                
29.93                    1.5857699                
29.94                    1.5857406                
29.95                    1.5857111                
29.96                    1.5856818                
29.97                    1.5856525                
29.98                    1.5856231                
29.99                    1.5855938                
30.0                     1.5855645                
30.01                    1.5855353                
30.02                    1.585506                 
30.03                    1.5854768                
30.04                    1.5854475                
30.05                    1.5854183                
30.06                    1.5853893                
30.07                    1.58536                  
30.08                    1.585331                 
30.09                    1.5853018                
30.1                     1.5852727                
30.11                    1.5852436                
30.12                    1.5852146                
30.13                    1.5851855                
30.14                    1.5851566                
30.15                    1.5851275                
30.16                    1.5850985                
30.17                    1.5850695                
30.18                    1.5850406                
30.19                    1.5850117                
30.2                     1.5849828                
30.21                    1.5849539                
30.22                    1.584925                 
30.23                    1.5848962                
30.24                    1.5848674                
30.25                    1.5848385                
30.26                    1.5848098                
30.27                    1.5847809                
30.28                    1.5847522                
30.29                    1.5847235                
30.3                     1.5846947                
30.31                    1.584666                 
30.32                    1.5846373                
30.33                    1.5846087                
30.34                    1.5845801                
30.35                    1.5845515                
30.36                    1.5845228                
30.37                    1.5844942                
30.38                    1.5844656                
30.39                    1.5844371                
30.4                     1.5844085                
30.41                    1.58438                  
30.42                    1.5843515                
30.43                    1.584323                 
30.44                    1.5842946                
30.45                    1.5842662                
30.46                    1.5842377                
30.47                    1.5842093                
30.48                    1.584181                 
30.49                    1.5841526                
30.5                     1.5841242                
30.51                    1.5840958                
30.52                    1.5840676                
30.53                    1.5840392                
30.54                    1.584011                 
30.55                    1.5839827                
30.56                    1.5839545                
30.57                    1.5839262                
30.58                    1.5838981                
30.59                    1.5838698                
30.6                     1.5838417                
30.61                    1.5838135                
30.62                    1.5837854                
30.63                    1.5837573                
30.64                    1.5837291                
30.65                    1.583701                 
30.66                    1.583673                 
30.67                    1.583645                 
30.68                    1.583617                 
30.69                    1.583589                 
30.7                     1.583561                 
30.71                    1.5835329                
30.72                    1.583505                 
30.73                    1.583477                 
30.74                    1.5834491                
30.75                    1.5834212                
30.76                    1.5833933                
30.77                    1.5833654                
30.78                    1.5833377                
30.79                    1.5833098                
30.8                     1.583282                 
30.81                    1.5832542                
30.82                    1.5832264                
30.83                    1.5831987                
30.84                    1.5831709                
30.85                    1.5831432                
30.86                    1.5831155                
30.87                    1.5830878                
30.88                    1.5830601                
30.89                    1.5830325                
30.9                     1.5830048                
30.91                    1.5829772                
30.92                    1.5829496                
30.93                    1.5829221                
30.94                    1.5828944                
30.95                    1.5828669                
30.96                    1.5828394                
30.97                    1.5828118                
30.98                    1.5827844                
30.99                    1.5827569                
31.0                     1.5827295                
31.01                    1.582702                 
31.02                    1.5826746                
31.03                    1.5826472                
31.04                    1.5826198                
31.05                    1.5825924                
31.06                    1.5825651                
31.07                    1.5825378                
31.08                    1.5825104                
31.09                    1.582483                 
31.1                     1.5824558                
31.11                    1.5824286                
31.12                    1.5824013                
31.13                    1.5823741                
31.14                    1.5823468                
31.15                    1.5823196                
31.16                    1.5822924                
31.17                    1.5822653                
31.18                    1.5822381                
31.19                    1.582211                 
31.2                     1.5821838                
31.21                    1.5821568                
31.22                    1.5821297                
31.23                    1.5821027                
31.24                    1.5820756                
31.25                    1.5820485                
31.26                    1.5820216                
31.27                    1.5819945                
31.28                    1.5819676                
31.29                    1.5819407                
31.3                     1.5819137                
31.31                    1.5818868                
31.32                    1.5818598                
31.33                    1.581833                 
31.34                    1.5818061                
31.35                    1.5817792                
31.36                    1.5817524                
31.37                    1.5817256                
31.38                    1.5816988                
31.39                    1.581672                 
31.4                     1.5816451                
31.41                    1.5816184                
31.42                    1.5815917                
31.43                    1.5815649                
31.44                    1.5815382                
31.45                    1.5815116                
31.46                    1.5814849                
31.47                    1.5814582                
31.48                    1.5814316                
31.49                    1.5814049                
31.5                     1.5813783                
31.51                    1.5813518                
31.52                    1.5813252                
31.53                    1.5812986                
31.54                    1.5812721                
31.55                    1.5812455                
31.56                    1.5812191                
31.57                    1.5811926                
31.58                    1.5811661                
31.59                    1.5811397                
31.6                     1.5811132                
31.61                    1.5810868                
31.62                    1.5810604                
31.63                    1.581034                 
31.64                    1.5810076                
31.65                    1.5809813                
31.66                    1.5809549                
31.67                    1.5809286                
31.68                    1.5809022                
31.69                    1.580876                 
31.7                     1.5808498                
31.71                    1.5808234                
31.72                    1.5807972                
31.73                    1.580771                 
31.74                    1.5807447                
31.75                    1.5807186                
31.76                    1.5806924                
31.77                    1.5806662                
31.78                    1.5806401                
31.79                    1.580614                 
31.8                     1.5805879                
31.81                    1.5805618                
31.82                    1.5805357                
31.83                    1.5805097                
31.84                    1.5804836                
31.85                    1.5804576                
31.86                    1.5804316                
31.87                    1.5804055                
31.88                    1.5803796                
31.89                    1.5803536                
31.9                     1.5803276                
31.91                    1.5803016                
31.92                    1.5802758                
31.93                    1.5802499                
31.94                    1.580224                 
31.95                    1.5801982                
31.96                    1.5801723                
31.97                    1.5801464                
31.98                    1.5801206                
31.99                    1.5800948                
32.0                     1.5800691                
32.01                    1.5800432                
32.02                    1.5800174                
32.03                    1.5799917                
32.04                    1.5799661                
32.05                    1.5799403                
32.06                    1.5799146                
32.07                    1.5798889                
32.08                    1.5798633                
32.09                    1.5798377                
32.1                     1.579812                 
32.11                    1.5797864                
32.12                    1.5797608                
32.13                    1.5797353                
32.14                    1.5797096                
32.15                    1.5796841                
32.16                    1.5796586                
32.17                    1.5796331                
32.18                    1.5796076                
32.19                    1.5795821                
32.2                     1.5795566                
32.21                    1.5795312                
32.22                    1.5795057                
32.23                    1.5794803                
32.24                    1.5794549                
32.25                    1.5794295                
32.26                    1.5794041                
32.27                    1.5793787                
32.28                    1.5793535                
32.29                    1.5793281                
32.3                     1.5793028                
32.31                    1.5792774                
32.32                    1.5792521                
32.33                    1.5792269                
32.34                    1.5792017                
32.35                    1.5791764                
32.36                    1.5791512                
32.37                    1.579126                 
32.38                    1.5791008                
32.39                    1.5790756                
32.4                     1.5790504                
32.41                    1.5790254                
32.42                    1.5790002                
32.43                    1.5789751                
32.44                    1.57895                  
32.45                    1.5789249                
32.46                    1.5788999                
32.47                    1.5788748                
32.48                    1.5788498                
32.49                    1.5788248                
32.5                     1.5787997                
32.51                    1.5787748                
32.52                    1.5787498                
32.53                    1.5787249                
32.54                    1.5786998                
32.55                    1.5786749                
32.56                    1.57865                  
32.57                    1.5786252                
32.58                    1.5786003                
32.59                    1.5785754                
32.6                     1.5785506                
32.61                    1.5785257                
32.62                    1.5785009                
32.63                    1.5784761                
32.64                    1.5784513                
32.65                    1.5784265                
32.66                    1.5784018                
32.67                    1.578377                 
32.68                    1.5783523                
32.69                    1.5783275                
32.7                     1.5783029                
32.71                    1.5782782                
32.72                    1.5782535                
32.73                    1.5782288                
32.74                    1.5782043                
32.75                    1.5781796                
32.76                    1.578155                 
32.77                    1.5781304                
32.78                    1.5781058                
32.79                    1.5780813                
32.8                     1.5780567                
32.81                    1.5780321                
32.82                    1.5780077                
32.83                    1.5779831                
32.84                    1.5779587                
32.85                    1.5779343                
32.86                    1.5779097                
32.87                    1.5778853                
32.88                    1.5778608                
32.89                    1.5778365                
32.9                     1.5778121                
32.91                    1.5777876                
32.92                    1.5777633                
32.93                    1.577739                 
32.94                    1.5777147                
32.95                    1.5776902                
32.96                    1.577666                 
32.97                    1.5776417                
32.98                    1.5776174                
32.99                    1.5775932                
33.0                     1.5775689                
33.01                    1.5775447                
33.02                    1.5775205                
33.03                    1.5774963                
33.04                    1.5774721                
33.05                    1.5774479                
33.06                    1.5774237                
33.07                    1.5773996                
33.08                    1.5773754                
33.09                    1.5773513                
33.1                     1.5773273                
33.11                    1.5773032                
33.12                    1.5772791                
33.13                    1.577255                 
33.14                    1.5772309                
33.15                    1.577207                 
33.16                    1.577183                 
33.17                    1.577159                 
33.18                    1.577135                 
33.19                    1.5771111                
33.2                     1.5770872                
33.21                    1.5770632                
33.22                    1.5770394                
33.23                    1.5770154                
33.24                    1.5769916                
33.25                    1.5769677                
33.26                    1.5769439                
33.27                    1.57692                  
33.28                    1.5768962                
33.29                    1.5768723                
33.3                     1.5768486                
33.31                    1.5768248                
33.32                    1.5768011                
33.33                    1.5767773                
33.34                    1.5767536                
33.35                    1.5767299                
33.36                    1.5767062                
33.37                    1.5766824                
33.38                    1.5766588                
33.39                    1.5766351                
33.4                     1.5766115                
33.41                    1.5765879                
33.42                    1.5765643                
33.43                    1.5765407                
33.44                    1.5765171                
33.45                    1.5764935                
33.46                    1.57647                  
33.47                    1.5764464                
33.48                    1.5764229                
33.49                    1.5763993                
33.5                     1.5763758                
33.51                    1.5763524                
33.52                    1.576329                 
33.53                    1.5763055                
33.54                    1.576282                 
33.55                    1.5762587                
33.56                    1.5762352                
33.57                    1.5762118                
33.58                    1.5761884                
33.59                    1.5761651                
33.6                     1.5761417                
33.61                    1.5761184                
33.62                    1.5760951                
33.63                    1.5760717                
33.64                    1.5760485                
33.65                    1.5760251                
33.66                    1.5760019                
33.67                    1.5759786                
33.68                    1.5759554                
33.69                    1.5759321                
33.7                     1.575909                 
33.71                    1.5758858                
33.72                    1.5758626                
33.73                    1.5758394                
33.74                    1.5758163                
33.75                    1.5757931                
33.76                    1.57577                  
33.77                    1.5757469                
33.78                    1.5757238                
33.79                    1.5757008                
33.8                     1.5756776                
33.81                    1.5756546                
33.82                    1.5756316                
33.83                    1.5756086                
33.84                    1.5755856                
33.85                    1.5755626                
33.86                    1.5755396                
33.87                    1.5755166                
33.88                    1.5754937                
33.89                    1.5754707                
33.9                     1.5754478                
33.91                    1.5754249                
33.92                    1.575402                 
33.93                    1.5753791                
33.94                    1.5753562                
33.95                    1.5753334                
33.96                    1.5753106                
33.97                    1.5752877                
33.98                    1.5752649                
33.99                    1.5752422                
34.0                     1.5752194                
34.01                    1.5751966                
34.02                    1.5751739                
34.03                    1.5751511                
34.04                    1.5751283                
34.05                    1.5751057                
34.06                    1.5750829                
34.07                    1.5750602                
34.08                    1.5750376                
34.09                    1.575015                 
34.1                     1.5749923                
34.11                    1.5749696                
34.12                    1.574947                 
34.13                    1.5749245                
34.14                    1.5749018                
34.15                    1.5748793                
34.16                    1.5748568                
34.17                    1.5748342                
34.18                    1.5748117                
34.19                    1.5747892                
34.2                     1.5747666                
34.21                    1.5747441                
34.22                    1.5747217                
34.23                    1.5746992                
34.24                    1.5746768                
34.25                    1.5746543                
34.26                    1.5746319                
34.27                    1.5746095                
34.28                    1.5745871                
34.29                    1.5745647                
34.3                     1.5745424                
34.31                    1.57452                  
34.32                    1.5744977                
34.33                    1.5744754                
34.34                    1.5744531                
34.35                    1.5744308                
34.36                    1.5744085                
34.37                    1.5743862                
34.38                    1.574364                 
34.39                    1.5743418                
34.4                     1.5743195                
34.41                    1.5742973                
34.42                    1.5742751                
34.43                    1.574253                 
34.44                    1.5742308                
34.45                    1.5742086                
34.46                    1.5741864                
34.47                    1.5741643                
34.48                    1.5741422                
34.49                    1.57412                  
34.5                     1.574098                 
34.51                    1.5740759                
34.52                    1.5740539                
34.53                    1.5740318                
34.54                    1.5740098                
34.55                    1.5739877                
34.56                    1.5739658                
34.57                    1.5739437                
34.58                    1.5739218                
34.59                    1.5738999                
34.6                     1.5738779                
34.61                    1.573856                 
34.62                    1.5738341                
34.63                    1.5738121                
34.64                    1.5737902                
34.65                    1.5737684                
34.66                    1.5737464                
34.67                    1.5737246                
34.68                    1.5737028                
34.69                    1.5736809                
34.7                     1.5736591                
34.71                    1.5736374                
34.72                    1.5736156                
34.73                    1.5735937                
34.74                    1.573572                 
34.75                    1.5735502                
34.76                    1.5735285                
34.77                    1.5735068                
34.78                    1.5734851                
34.79                    1.5734634                
34.8                     1.5734417                
34.81                    1.57342                  
34.82                    1.5733984                
34.83                    1.5733768                
34.84                    1.5733551                
34.85                    1.5733335                
34.86                    1.5733119                
34.87                    1.5732903                
34.88                    1.5732688                
34.89                    1.5732472                
34.9                     1.5732256                
34.91                    1.5732042                
34.92                    1.5731826                
34.93                    1.5731611                
34.94                    1.5731395                
34.95                    1.5731181                
34.96                    1.5730966                
34.97                    1.5730752                
34.98                    1.5730538                
34.99                    1.5730324                
35.0                     1.5730109                
35.01                    1.5729896                
35.02                    1.5729681                
35.03                    1.5729468                
35.04                    1.5729254                
35.05                    1.5729041                
35.06                    1.5728828                
35.07                    1.5728614                
35.08                    1.5728401                
35.09                    1.5728189                
35.1                     1.5727975                
35.11                    1.5727763                
35.12                    1.5727551                
35.13                    1.5727339                
35.14                    1.5727127                
35.15                    1.5726914                
35.16                    1.5726702                
35.17                    1.572649                 
35.18                    1.5726279                
35.19                    1.5726067                
35.2                     1.5725856                
35.21                    1.5725644                
35.22                    1.5725433                
35.23                    1.5725222                
35.24                    1.5725011                
35.25                    1.5724801                
35.26                    1.572459                 
35.27                    1.5724379                
35.28                    1.5724169                
35.29                    1.5723958                
35.3                     1.5723748                
35.31                    1.5723538                
35.32                    1.5723329                
35.33                    1.5723119                
35.34                    1.5722909                
35.35                    1.57227                  
35.36                    1.572249                 
35.37                    1.5722282                
35.38                    1.5722072                
35.39                    1.5721864                
35.4                     1.5721655                
35.41                    1.5721446                
35.42                    1.5721238                
35.43                    1.5721029                
35.44                    1.572082                 
35.45                    1.5720613                
35.46                    1.5720404                
35.47                    1.5720197                
35.48                    1.571999                 
35.49                    1.5719781                
35.5                     1.5719573                
35.51                    1.5719367                
35.52                    1.571916                 
35.53                    1.5718952                
35.54                    1.5718745                
35.55                    1.5718539                
35.56                    1.5718333                
35.57                    1.5718125                
35.58                    1.5717919                
35.59                    1.5717713                
35.6                     1.5717506                
35.61                    1.57173                  
35.62                    1.5717095                
35.63                    1.5716889                
35.64                    1.5716683                
35.65                    1.5716478                
35.66                    1.5716273                
35.67                    1.5716068                
35.68                    1.5715863                
35.69                    1.5715657                
35.7                     1.5715452                
35.71                    1.5715247                
35.72                    1.5715042                
35.73                    1.5714839                
35.74                    1.5714635                
35.75                    1.571443                 
35.76                    1.5714226                
35.77                    1.5714022                
35.78                    1.5713818                
35.79                    1.5713614                
35.8                     1.571341                 
35.81                    1.5713208                
35.82                    1.5713004                
35.83                    1.5712801                
35.84                    1.5712599                
35.85                    1.5712395                
35.86                    1.5712192                
35.87                    1.5711989                
35.88                    1.5711787                
35.89                    1.5711585                
35.9                     1.5711383                
35.91                    1.5711181                
35.92                    1.5710979                
35.93                    1.5710777                
35.94                    1.5710576                
35.95                    1.5710373                
35.96                    1.5710171                
35.97                    1.5709971                
35.98                    1.570977                 
35.99                    1.5709568                
36.0                     1.5709368                
36.01                    1.5709167                
36.02                    1.5708966                
36.03                    1.5708766                
36.04                    1.5708565                
36.05                    1.5708364                
36.06                    1.5708164                
36.07                    1.5707965                
36.08                    1.5707765                
36.09                    1.5707564                
36.1                     1.5707365                
36.11                    1.5707166                
36.12                    1.5706966                
36.13                    1.5706767                
36.14                    1.5706568                
36.15                    1.5706369                
36.16                    1.570617                 
36.17                    1.5705972                
36.18                    1.5705773                
36.19                    1.5705574                
36.2                     1.5705376                
36.21                    1.5705178                
36.22                    1.570498                 
36.23                    1.5704782                
36.24                    1.5704584                
36.25                    1.5704386                
36.26                    1.5704188                
36.27                    1.570399                 
36.28                    1.5703791                
36.29                    1.5703593                
36.3                     1.5703396                
36.31                    1.5703198                
36.32                    1.5703                   
36.33                    1.5702803                
36.34                    1.5702605                
36.35                    1.5702407                
36.36                    1.5702211                
36.37                    1.5702014                
36.38                    1.5701816                
36.39                    1.5701619                
36.4                     1.5701423                
36.41                    1.5701226                
36.42                    1.5701029                
36.43                    1.5700834                
36.44                    1.5700637                
36.45                    1.570044                 
36.46                    1.5700245                
36.47                    1.5700049                
36.48                    1.5699853                
36.49                    1.5699657                
36.5                     1.5699462                
36.51                    1.5699266                
36.52                    1.5699071                
36.53                    1.5698876                
36.54                    1.5698681                
36.55                    1.5698485                
36.56                    1.5698291                
36.57                    1.5698096                
36.58                    1.5697901                
36.59                    1.5697707                
36.6                     1.5697513                
36.61                    1.5697318                
36.62                    1.5697124                
36.63                    1.569693                 
36.64                    1.5696737                
36.65                    1.5696542                
36.66                    1.5696348                
36.67                    1.5696155                
36.68                    1.5695962                
36.69                    1.5695769                
36.7                     1.5695574                
36.71                    1.5695381                
36.72                    1.5695189                
36.73                    1.5694996                
36.74                    1.5694803                
36.75                    1.569461                 
36.76                    1.5694418                
36.77                    1.5694225                
36.78                    1.5694033                
36.79                    1.5693841                
36.8                     1.5693649                
36.81                    1.5693457                
36.82                    1.5693265                
36.83                    1.5693073                
36.84                    1.5692881                
36.85                    1.569269                 
36.86                    1.5692499                
36.87                    1.5692307                
36.88                    1.5692116                
36.89                    1.5691925                
36.9                     1.5691735                
36.91                    1.5691544                
36.92                    1.5691353                
36.93                    1.5691162                
36.94                    1.5690972                
36.95                    1.5690781                
36.96                    1.5690591                
36.97                    1.5690401                
36.98                    1.5690211                
36.99                    1.569002                 
37.0                     1.5689831                
37.01                    1.5689641                
37.02                    1.5689452                
37.03                    1.5689262                
37.04                    1.5689073                
37.05                    1.5688884                
37.06                    1.5688695                
37.07                    1.5688505                
37.08                    1.5688317                
37.09                    1.5688128                
37.1                     1.5687939                
37.11                    1.568775                 
37.12                    1.5687562                
37.13                    1.5687374                
37.14                    1.5687186                
37.15                    1.5686998                
37.16                    1.568681                 
37.17                    1.5686622                
37.18                    1.5686435                
37.19                    1.5686246                
37.2                     1.5686059                
37.21                    1.5685872                
37.22                    1.5685685                
37.23                    1.5685498                
37.24                    1.568531                 
37.25                    1.5685123                
37.26                    1.5684936                
37.27                    1.568475                 
37.28                    1.5684563                
37.29                    1.5684377                
37.3                     1.568419                 
37.31                    1.5684004                
37.32                    1.5683818                
37.33                    1.5683632                
37.34                    1.5683446                
37.35                    1.568326                 
37.36                    1.5683074                
37.37                    1.5682888                
37.38                    1.5682703                
37.39                    1.5682517                
37.4                     1.5682333                
37.41                    1.5682147                
37.42                    1.5681962                
37.43                    1.5681777                
37.44                    1.5681592                
37.45                    1.5681407                
37.46                    1.5681223                
37.47                    1.5681038                
37.48                    1.5680854                
37.49                    1.568067                 
37.5                     1.5680486                
37.51                    1.5680301                
37.52                    1.5680118                
37.53                    1.5679934                
37.54                    1.567975                 
37.55                    1.5679567                
37.56                    1.5679383                
37.57                    1.56792                  
37.58                    1.5679016                
37.59                    1.5678833                
37.6                     1.567865                 
37.61                    1.5678467                
37.62                    1.5678284                
37.63                    1.5678102                
37.64                    1.5677918                
37.65                    1.5677736                
37.66                    1.5677553                
37.67                    1.5677371                
37.68                    1.567719                 
37.69                    1.5677007                
37.7                     1.5676825                
37.71                    1.5676644                
37.72                    1.5676461                
37.73                    1.567628                 
37.74                    1.5676099                
37.75                    1.5675917                
37.76                    1.5675735                
37.77                    1.5675554                
37.78                    1.5675373                
37.79                    1.5675193                
37.8                     1.5675012                
37.81                    1.5674831                
37.82                    1.5674651                
37.83                    1.567447                 
37.84                    1.567429                 
37.85                    1.567411                 
37.86                    1.5673928                
37.87                    1.5673748                
37.88                    1.5673568                
37.89                    1.5673388                
37.9                     1.567321                 
37.91                    1.567303                 
37.92                    1.567285                 
37.93                    1.5672671                
37.94                    1.5672491                
37.95                    1.5672312                
37.96                    1.5672133                
37.97                    1.5671954                
37.98                    1.5671774                
37.99                    1.5671595                
38.0                     1.5671418                
38.01                    1.5671239                
38.02                    1.567106                 
38.03                    1.5670881                
38.04                    1.5670704                
38.05                    1.5670525                
38.06                    1.5670347                
38.07                    1.567017                 
38.08                    1.5669992                
38.09                    1.5669814                
38.1                     1.5669637                
38.11                    1.5669459                
38.12                    1.5669281                
38.13                    1.5669104                
38.14                    1.5668927                
38.15                    1.566875                 
38.16                    1.5668573                
38.17                    1.5668396                
38.18                    1.5668219                
38.19                    1.5668043                
38.2                     1.5667866                
38.21                    1.566769                 
38.22                    1.5667514                
38.23                    1.5667337                
38.24                    1.5667161                
38.25                    1.5666986                
38.26                    1.5666809                
38.27                    1.5666634                
38.28                    1.5666457                
38.29                    1.5666282                
38.3                     1.5666107                
38.31                    1.5665932                
38.32                    1.5665756                
38.33                    1.5665581                
38.34                    1.5665406                
38.35                    1.5665231                
38.36                    1.5665056                
38.37                    1.5664881                
38.38                    1.5664706                
38.39                    1.5664532                
38.4                     1.5664358                
38.41                    1.5664183                
38.42                    1.5664009                
38.43                    1.5663835                
38.44                    1.5663661                
38.45                    1.5663487                
38.46                    1.5663314                
38.47                    1.566314                 
38.48                    1.5662966                
38.49                    1.5662793                
38.5                     1.566262                 
38.51                    1.5662446                
38.52                    1.5662273                
38.53                    1.56621                  
38.54                    1.5661927                
38.55                    1.5661755                
38.56                    1.5661582                
38.57                    1.5661409                
38.58                    1.5661236                
38.59                    1.5661064                
38.6                     1.5660892                
38.61                    1.566072                 
38.62                    1.5660548                
38.63                    1.5660375                
38.64                    1.5660204                
38.65                    1.5660032                
38.66                    1.565986                 
38.67                    1.5659689                
38.68                    1.5659517                
38.69                    1.5659347                
38.7                     1.5659175                
38.71                    1.5659003                
38.72                    1.5658833                
38.73                    1.5658661                
38.74                    1.5658491                
38.75                    1.565832                 
38.76                    1.565815                 
38.77                    1.5657979                
38.78                    1.5657809                
38.79                    1.5657638                
38.8                     1.5657468                
38.81                    1.5657299                
38.82                    1.5657128                
38.83                    1.5656959                
38.84                    1.5656788                
38.85                    1.5656619                
38.86                    1.565645                 
38.87                    1.5656279                
38.88                    1.565611                 
38.89                    1.5655941                
38.9                     1.5655771                
38.91                    1.5655603                
38.92                    1.5655434                
38.93                    1.5655265                
38.94                    1.5655097                
38.95                    1.5654927                
38.96                    1.565476                 
38.97                    1.5654591                
38.98                    1.5654422                
38.99                    1.5654254                
39.0                     1.5654086                
39.01                    1.5653918                
39.02                    1.5653751                
39.03                    1.5653583                
39.04                    1.5653415                
39.05                    1.5653248                
39.06                    1.565308                 
39.07                    1.5652913                
39.08                    1.5652745                
39.09                    1.5652578                
39.1                     1.5652411                
39.11                    1.5652244                
39.12                    1.5652077                
39.13                    1.565191                 
39.14                    1.5651743                
39.15                    1.5651577                
39.16                    1.5651411                
39.17                    1.5651244                
39.18                    1.5651078                
39.19                    1.5650911                
39.2                     1.5650746                
39.21                    1.565058                 
39.22                    1.5650414                
39.23                    1.5650249                
39.24                    1.5650083                
39.25                    1.5649917                
39.26                    1.5649751                
39.27                    1.5649587                
39.28                    1.5649421                
39.29                    1.5649257                
39.3                     1.5649091                
39.31                    1.5648926                
39.32                    1.5648762                
39.33                    1.5648596                
39.34                    1.5648432                
39.35                    1.5648267                
39.36                    1.5648103                
39.37                    1.564794                 
39.38                    1.5647775                
39.39                    1.564761                 
39.4                     1.5647446                
39.41                    1.5647281                
39.42                    1.5647117                
39.43                    1.5646952                
39.44                    1.5646789                
39.45                    1.5646625                
39.46                    1.5646461                
39.47                    1.5646297                
39.48                    1.5646133                
39.49                    1.5645969                
39.5                     1.5645806                
39.51                    1.5645642                
39.52                    1.5645479                
39.53                    1.5645316                
39.54                    1.5645152                
39.55                    1.5644989                
39.56                    1.5644826                
39.57                    1.5644664                
39.58                    1.56445                  
39.59                    1.5644338                
39.6                     1.5644175                
39.61                    1.5644013                
39.62                    1.564385                 
39.63                    1.5643687                
39.64                    1.5643525                
39.65                    1.5643363                
39.66                    1.5643201                
39.67                    1.5643039                
39.68                    1.5642878                
39.69                    1.5642716                
39.7                     1.5642554                
39.71                    1.5642393                
39.72                    1.564223                 
39.73                    1.564207                 
39.74                    1.5641907                
39.75                    1.5641747                
39.76                    1.5641586                
39.77                    1.5641425                
39.78                    1.5641264                
39.79                    1.5641103                
39.8                     1.5640942                
39.81                    1.5640781                
39.82                    1.5640621                
39.83                    1.564046                 
39.84                    1.5640299                
39.85                    1.564014                 
39.86                    1.563998                 
39.87                    1.5639819                
39.88                    1.5639659                
39.89                    1.56395                  
39.9                     1.563934                 
39.91                    1.563918                 
39.92                    1.563902                 
39.93                    1.563886                 
39.94                    1.5638701                
39.95                    1.5638542                
39.96                    1.5638382                
39.97                    1.5638223                
39.98                    1.5638064                
39.99                    1.5637906                
40.0                     1.5637746                
40.01                    1.5637587                
40.02                    1.5637429                
40.03                    1.563727                 
40.04                    1.5637112                
40.05                    1.5636953                
40.06                    1.5636795                
40.07                    1.5636636                
40.08                    1.5636479                
40.09                    1.563632                 
40.1                     1.5636162                
40.11                    1.5636004                
40.12                    1.5635847                
40.13                    1.5635688                
40.14                    1.5635531                
40.15                    1.5635374                
40.16                    1.5635216                
40.17                    1.5635059                
40.18                    1.5634902                
40.19                    1.5634744                
40.2                     1.5634587                
40.21                    1.5634431                
40.22                    1.5634273                
40.23                    1.5634116                
40.24                    1.563396                 
40.25                    1.5633804                
40.26                    1.5633646                
40.27                    1.563349                 
40.28                    1.5633334                
40.29                    1.5633178                
40.3                     1.5633022                
40.31                    1.5632865                
40.32                    1.5632709                
40.33                    1.5632553                
40.34                    1.5632397                
40.35                    1.5632242                
40.36                    1.5632086                
40.37                    1.5631931                
40.38                    1.5631775                
40.39                    1.563162                 
40.4                     1.5631465                
40.41                    1.5631309                
40.42                    1.5631154                
40.43                    1.5630999                
40.44                    1.5630844                
40.45                    1.5630689                
40.46                    1.5630535                
40.47                    1.563038                 
40.48                    1.5630225                
40.49                    1.5630071                
40.5                     1.5629916                
40.51                    1.5629762                
40.52                    1.5629607                
40.53                    1.5629454                
40.54                    1.56293                  
40.55                    1.5629146                
40.56                    1.5628992                
40.57                    1.5628839                
40.58                    1.5628685                
40.59                    1.5628531                
40.6                     1.5628377                
40.61                    1.5628223                
40.62                    1.5628071                
40.63                    1.5627917                
40.64                    1.5627764                
40.65                    1.5627611                
40.66                    1.5627458                
40.67                    1.5627306                
40.68                    1.5627153                
40.69                    1.5627                   
40.7                     1.5626847                
40.71                    1.5626695                
40.72                    1.5626543                
40.73                    1.562639                 
40.74                    1.5626237                
40.75                    1.5626085                
40.76                    1.5625933                
40.77                    1.5625781                
40.78                    1.562563                 
40.79                    1.5625477                
40.8                     1.5625325                
40.81                    1.5625174                
40.82                    1.5625023                
40.83                    1.5624871                
40.84                    1.562472                 
40.85                    1.5624568                
40.86                    1.5624417                
40.87                    1.5624266                
40.88                    1.5624114                
40.89                    1.5623964                
40.9                     1.5623813                
40.91                    1.5623662                
40.92                    1.5623511                
40.93                    1.5623361                
40.94                    1.5623211                
40.95                    1.5623059                
40.96                    1.5622909                
40.97                    1.5622759                
40.98                    1.5622609                
40.99                    1.5622458                
41.0                     1.5622308                
41.01                    1.5622159                
41.02                    1.5622009                
41.03                    1.5621859                
41.04                    1.562171                 
41.05                    1.562156                 
41.06                    1.5621411                
41.07                    1.5621262                
41.08                    1.5621111                
41.09                    1.5620962                
41.1                     1.5620813                
41.11                    1.5620664                
41.12                    1.5620515                
41.13                    1.5620366                
41.14                    1.5620217                
41.15                    1.5620068                
41.16                    1.561992                 
41.17                    1.5619771                
41.18                    1.5619624                
41.19                    1.5619475                
41.2                     1.5619327                
41.21                    1.5619178                
41.22                    1.561903                 
41.23                    1.5618882                
41.24                    1.5618734                
41.25                    1.5618587                
41.26                    1.5618439                
41.27                    1.5618291                
41.28                    1.5618143                
41.29                    1.5617995                
41.3                     1.5617847                
41.31                    1.5617701                
41.32                    1.5617553                
41.33                    1.5617406                
41.34                    1.5617259                
41.35                    1.5617112                
41.36                    1.5616965                
41.37                    1.5616817                
41.38                    1.5616671                
41.39                    1.5616524                
41.4                     1.5616378                
41.41                    1.5616231                
41.42                    1.5616084                
41.43                    1.5615939                
41.44                    1.5615792                
41.45                    1.5615646                
41.46                    1.56155                  
41.47                    1.5615354                
41.48                    1.5615208                
41.49                    1.5615062                
41.5                     1.5614916                
41.51                    1.5614771                
41.52                    1.5614625                
41.53                    1.561448                 
41.54                    1.5614334                
41.55                    1.5614189                
41.56                    1.5614043                
41.57                    1.5613898                
41.58                    1.5613753                
41.59                    1.5613608                
41.6                     1.5613463                
41.61                    1.5613319                
41.62                    1.5613173                
41.63                    1.5613029                
41.64                    1.5612884                
41.65                    1.5612739                
41.66                    1.5612595                
41.67                    1.5612451                
41.68                    1.5612307                
41.69                    1.5612162                
41.7                     1.5612018                
41.71                    1.5611874                
41.72                    1.561173                 
41.73                    1.5611587                
41.74                    1.5611442                
41.75                    1.5611298                
41.76                    1.5611155                
41.77                    1.5611011                
41.78                    1.5610868                
41.79                    1.5610725                
41.8                     1.5610582                
41.81                    1.5610437                
41.82                    1.5610294                
41.83                    1.5610151                
41.84                    1.5610008                
41.85                    1.5609865                
41.86                    1.5609723                
41.87                    1.560958                 
41.88                    1.5609437                
41.89                    1.5609295                
41.9                     1.5609152                
41.91                    1.560901                 
41.92                    1.5608867                
41.93                    1.5608726                
41.94                    1.5608584                
41.95                    1.5608441                
41.96                    1.5608299                
41.97                    1.5608157                
41.98                    1.5608015                
41.99                    1.5607873                
42.0                     1.5607731                
42.01                    1.5607591                
42.02                    1.5607449                
42.03                    1.5607307                
42.04                    1.5607166                
42.05                    1.5607024                
42.06                    1.5606884                
42.07                    1.5606742                
42.08                    1.5606601                
42.09                    1.560646                 
42.1                     1.560632                 
42.11                    1.5606179                
42.12                    1.5606037                
42.13                    1.5605897                
42.14                    1.5605757                
42.15                    1.5605617                
42.16                    1.5605476                
42.17                    1.5605335                
42.18                    1.5605196                
42.19                    1.5605055                
42.2                     1.5604916                
42.21                    1.5604775                
42.22                    1.5604635                
42.23                    1.5604495                
42.24                    1.5604355                
42.25                    1.5604216                
42.26                    1.5604076                
42.27                    1.5603937                
42.28                    1.5603797                
42.29                    1.5603658                
42.3                     1.5603518                
42.31                    1.5603379                
42.32                    1.5603241                
42.33                    1.5603101                
42.34                    1.5602962                
42.35                    1.5602823                
42.36                    1.5602684                
42.37                    1.5602546                
42.38                    1.5602407                
42.39                    1.5602268                
42.4                     1.560213                 
42.41                    1.5601991                
42.42                    1.5601853                
42.43                    1.5601715                
42.44                    1.5601577                
42.45                    1.5601438                
42.46                    1.5601301                
42.47                    1.5601163                
42.48                    1.5601025                
42.49                    1.5600888                
42.5                     1.5600749                
42.51                    1.5600612                
42.52                    1.5600474                
42.53                    1.5600337                
42.54                    1.5600199                
42.55                    1.5600061                
42.56                    1.5599924                
42.57                    1.5599787                
42.58                    1.559965                 
42.59                    1.5599512                
42.6                     1.5599375                
42.61                    1.5599239                
42.62                    1.5599102                
42.63                    1.5598965                
42.64                    1.5598828                
42.65                    1.559869                 
42.66                    1.5598555                
42.67                    1.5598418                
42.68                    1.5598282                
42.69                    1.5598145                
42.7                     1.5598009                
42.71                    1.5597873                
42.72                    1.5597737                
42.73                    1.55976                  
42.74                    1.5597464                
42.75                    1.5597328                
42.76                    1.5597192                
42.77                    1.5597056                
42.78                    1.559692                 
42.79                    1.5596786                
42.8                     1.559665                 
42.81                    1.5596514                
42.82                    1.5596379                
42.83                    1.5596243                
42.84                    1.5596108                
42.85                    1.5595973                
42.86                    1.5595838                
42.87                    1.5595703                
42.88                    1.5595567                
42.89                    1.5595433                
42.9                     1.5595298                
42.91                    1.5595163                
42.92                    1.5595028                
42.93                    1.5594894                
42.94                    1.5594759                
42.95                    1.5594625                
42.96                    1.5594491                
42.97                    1.5594356                
42.98                    1.5594223                
42.99                    1.5594088                
43.0                     1.5593954                
43.01                    1.559382                 
43.02                    1.5593686                
43.03                    1.5593553                
43.04                    1.5593418                
43.05                    1.5593284                
43.06                    1.5593151                
43.07                    1.5593017                
43.08                    1.5592884                
43.09                    1.559275                 
43.1                     1.5592617                
43.11                    1.5592483                
43.12                    1.5592351                
43.13                    1.5592217                
43.14                    1.5592084                
43.15                    1.5591952                
43.16                    1.5591818                
43.17                    1.5591686                
43.18                    1.5591553                
43.19                    1.559142                 
43.2                     1.5591288                
43.21                    1.5591155                
43.22                    1.5591023                
43.23                    1.5590891                
43.24                    1.5590758                
43.25                    1.5590626                
43.26                    1.5590494                
43.27                    1.5590361                
43.28                    1.5590229                
43.29                    1.5590098                
43.3                     1.5589966                
43.31                    1.5589833                
43.32                    1.5589702                
43.33                    1.5589571                
43.34                    1.5589439                
43.35                    1.5589308                
43.36                    1.5589176                
43.37                    1.5589044                
43.38                    1.5588913                
43.39                    1.5588782                
43.4                     1.5588651                
43.41                    1.558852                 
43.42                    1.5588388                
43.43                    1.5588257                
43.44                    1.5588127                
43.45                    1.5587996                
43.46                    1.5587865                
43.47                    1.5587735                
43.48                    1.5587604                
43.49                    1.5587474                
43.5                     1.5587343                
43.51                    1.5587213                
43.52                    1.5587082                
43.53                    1.5586952                
43.54                    1.5586822                
43.55                    1.5586692                
43.56                    1.5586562                
43.57                    1.5586432                
43.58                    1.5586302                
43.59                    1.5586172                
43.6                     1.5586042                
43.61                    1.5585912                
43.62                    1.5585784                
43.63                    1.5585654                
43.64                    1.5585524                
43.65                    1.5585395                
43.66                    1.5585265                
43.67                    1.5585136                
43.68                    1.5585008                
43.69                    1.5584878                
43.7                     1.5584749                
43.71                    1.558462                 
43.72                    1.5584491                
43.73                    1.5584363                
43.74                    1.5584234                
43.75                    1.5584105                
43.76                    1.5583977                
43.77                    1.5583848                
43.78                    1.5583719                
43.79                    1.5583591                
43.8                     1.5583463                
43.81                    1.5583335                
43.82                    1.5583206                
43.83                    1.5583079                
43.84                    1.558295                 
43.85                    1.5582823                
43.86                    1.5582694                
43.87                    1.5582566                
43.88                    1.5582439                
43.89                    1.5582311                
43.9                     1.5582184                
43.91                    1.5582056                
43.92                    1.5581928                
43.93                    1.5581801                
43.94                    1.5581673                
43.95                    1.5581546                
43.96                    1.558142                 
43.97                    1.5581292                
43.98                    1.5581164                
43.99                    1.5581038                
44.0                     1.558091                 
44.01                    1.5580784                
44.02                    1.5580658                
44.03                    1.558053                 
44.04                    1.5580404                
44.05                    1.5580277                
44.06                    1.5580151                
44.07                    1.5580025                
44.08                    1.5579898                
44.09                    1.5579772                
44.1                     1.5579646                
44.11                    1.5579519                
44.12                    1.5579393                
44.13                    1.5579268                
44.14                    1.5579141                
44.15                    1.5579015                
44.16                    1.557889                 
44.17                    1.5578763                
44.18                    1.5578638                
44.19                    1.5578512                
44.2                     1.5578387                
44.21                    1.5578262                
44.22                    1.5578136                
44.23                    1.557801                 
44.24                    1.5577885                
44.25                    1.557776                 
44.26                    1.5577635                
44.27                    1.5577509                
44.28                    1.5577384                
44.29                    1.557726                 
44.3                     1.5577135                
44.31                    1.557701                 
44.32                    1.5576885                
44.33                    1.5576761                
44.34                    1.5576636                
44.35                    1.5576512                
44.36                    1.5576386                
44.37                    1.5576262                
44.38                    1.5576138                
44.39                    1.5576015                
44.4                     1.5575889                
44.41                    1.5575765                
44.42                    1.5575641                
44.43                    1.5575517                
44.44                    1.5575393                
44.45                    1.557527                 
44.46                    1.5575145                
44.47                    1.5575023                
44.48                    1.5574899                
44.49                    1.5574775                
44.5                     1.5574651                
44.51                    1.5574528                
44.52                    1.5574404                
44.53                    1.5574281                
44.54                    1.5574158                
44.55                    1.5574034                
44.56                    1.5573912                
44.57                    1.5573789                
44.58                    1.5573665                
44.59                    1.5573542                
44.6                     1.5573419                
44.61                    1.5573297                
44.62                    1.5573174                
44.63                    1.5573051                
44.64                    1.5572928                
44.65                    1.5572807                
44.66                    1.5572684                
44.67                    1.5572561                
44.68                    1.557244                 
44.69                    1.5572317                
44.7                     1.5572194                
44.71                    1.5572072                
44.72                    1.5571951                
44.73                    1.5571828                
44.74                    1.5571706                
44.75                    1.5571585                
44.76                    1.5571462                
44.77                    1.557134                 
44.78                    1.5571219                
44.79                    1.5571097                
44.8                     1.5570976                
44.81                    1.5570854                
44.82                    1.5570732                
44.83                    1.5570612                
44.84                    1.557049                 
44.85                    1.5570369                
44.86                    1.5570248                
44.87                    1.5570127                
44.88                    1.5570005                
44.89                    1.5569885                
44.9                     1.5569764                
44.91                    1.5569643                
44.92                    1.5569522                
44.93                    1.5569402                
44.94                    1.556928                 
44.95                    1.556916                 
44.96                    1.556904                 
44.97                    1.5568919                
44.98                    1.5568799                
44.99                    1.5568678                
45.0                     1.5568558                
45.01                    1.5568438                
45.02                    1.5568318                
45.03                    1.5568198                
45.04                    1.5568078                
45.05                    1.5567958                
45.06                    1.5567838                
45.07                    1.5567719                
45.08                    1.5567598                
45.09                    1.5567479                
45.1                     1.5567359                
45.11                    1.556724                 
45.12                    1.556712                 
45.13                    1.5567001                
45.14                    1.5566881                
45.15                    1.5566761                
45.16                    1.5566642                
45.17                    1.5566523                
45.18                    1.5566404                
45.19                    1.5566286                
45.2                     1.5566167                
45.21                    1.5566047                
45.22                    1.5565928                
45.23                    1.556581                 
45.24                    1.5565691                
45.25                    1.5565573                
45.26                    1.5565454                
45.27                    1.5565336                
45.28                    1.5565217                
45.29                    1.5565099                
45.3                     1.556498                 
45.31                    1.5564861                
45.32                    1.5564743                
45.33                    1.5564625                
45.34                    1.5564507                
45.35                    1.5564389                
45.36                    1.5564271                
45.37                    1.5564153                
45.38                    1.5564035                
45.39                    1.5563917                
45.4                     1.55638                  
45.41                    1.5563682                
45.42                    1.5563564                
45.43                    1.5563447                
45.44                    1.556333                 
45.45                    1.5563213                
45.46                    1.5563095                
45.47                    1.5562978                
45.48                    1.5562861                
45.49                    1.5562743                
45.5                     1.5562626                
45.51                    1.5562509                
45.52                    1.5562392                
45.53                    1.5562276                
45.54                    1.5562159                
45.55                    1.5562042                
45.56                    1.5561925                
45.57                    1.5561808                
45.58                    1.5561692                
45.59                    1.5561575                
45.6                     1.5561459                
45.61                    1.5561342                
45.62                    1.5561225                
45.63                    1.556111                 
45.64                    1.5560993                
45.65                    1.5560877                
45.66                    1.556076                 
45.67                    1.5560645                
45.68                    1.5560529                
45.69                    1.5560412                
45.7                     1.5560297                
45.71                    1.5560181                
45.72                    1.5560066                
45.73                    1.555995                 
45.74                    1.5559834                
45.75                    1.5559719                
45.76                    1.5559603                
45.77                    1.5559487                
45.78                    1.5559372                
45.79                    1.5559257                
45.8                     1.5559142                
45.81                    1.5559026                
45.82                    1.5558912                
45.83                    1.5558796                
45.84                    1.5558681                
45.85                    1.5558566                
45.86                    1.5558451                
45.87                    1.5558337                
45.88                    1.5558221                
45.89                    1.5558107                
45.9                     1.5557992                
45.91                    1.5557878                
45.92                    1.5557764                
45.93                    1.5557649                
45.94                    1.5557535                
45.95                    1.555742                 
45.96                    1.5557306                
45.97                    1.5557191                
45.98                    1.5557077                
45.99                    1.5556962                
46.0                     1.5556849                
46.01                    1.5556735                
46.02                    1.5556622                
46.03                    1.5556507                
46.04                    1.5556393                
46.05                    1.555628                 
46.06                    1.5556166                
46.07                    1.5556052                
46.08                    1.5555938                
46.09                    1.5555825                
46.1                     1.5555712                
46.11                    1.5555599                
46.12                    1.5555484                
46.13                    1.5555371                
46.14                    1.5555258                
46.15                    1.5555146                
46.16                    1.5555032                
46.17                    1.5554919                
46.18                    1.5554806                
46.19                    1.5554693                
46.2                     1.5554581                
46.21                    1.5554467                
46.22                    1.5554354                
46.23                    1.5554242                
46.24                    1.5554129                
46.25                    1.5554017                
46.26                    1.5553905                
46.27                    1.5553792                
46.28                    1.555368                 
46.29                    1.5553567                
46.3                     1.5553454                
46.31                    1.5553342                
46.32                    1.555323                 
46.33                    1.5553118                
46.34                    1.5553006                
46.35                    1.5552894                
46.36                    1.5552782                
46.37                    1.5552671                
46.38                    1.5552559                
46.39                    1.5552447                
46.4                     1.5552335                
46.41                    1.5552224                
46.42                    1.5552112                
46.43                    1.5552001                
46.44                    1.5551889                
46.45                    1.5551778                
46.46                    1.5551666                
46.47                    1.5551555                
46.48                    1.5551444                
46.49                    1.5551332                
46.5                     1.5551221                
46.51                    1.555111                 
46.52                    1.5551                   
46.53                    1.5550889                
46.54                    1.5550778                
46.55                    1.5550667                
46.56                    1.5550556                
46.57                    1.5550445                
46.58                    1.5550334                
46.59                    1.5550224                
46.6                     1.5550114                
46.61                    1.5550003                
46.62                    1.5549892                
46.63                    1.5549783                
46.64                    1.5549672                
46.65                    1.5549562                
46.66                    1.5549451                
46.67                    1.5549341                
46.68                    1.5549232                
46.69                    1.5549121                
46.7                     1.5549011                
46.71                    1.5548902                
46.72                    1.5548792                
46.73                    1.5548682                
46.74                    1.5548573                
46.75                    1.5548463                
46.76                    1.5548353                
46.77                    1.5548244                
46.78                    1.5548134                
46.79                    1.5548024                
46.8                     1.5547915                
46.81                    1.5547806                
46.82                    1.5547696                
46.83                    1.5547587                
46.84                    1.5547478                
46.85                    1.5547369                
46.86                    1.554726                 
46.87                    1.554715                 
46.88                    1.5547042                
46.89                    1.5546933                
46.9                     1.5546824                
46.91                    1.5546715                
46.92                    1.5546607                
46.93                    1.5546498                
46.94                    1.554639                 
46.95                    1.5546281                
46.96                    1.5546173                
46.97                    1.5546064                
46.98                    1.5545956                
46.99                    1.5545847                
47.0                     1.5545739                
47.01                    1.554563                 
47.02                    1.5545523                
47.03                    1.5545415                
47.04                    1.5545306                
47.05                    1.5545199                
47.06                    1.554509                 
47.07                    1.5544983                
47.08                    1.5544875                
47.09                    1.5544767                
47.1                     1.554466                 
47.11                    1.5544552                
47.12                    1.5544444                
47.13                    1.5544337                
47.14                    1.554423                 
47.15                    1.5544122                
47.16                    1.5544015                
47.17                    1.5543908                
47.18                    1.55438                  
47.19                    1.5543693                
47.2                     1.5543586                
47.21                    1.5543479                
47.22                    1.5543371                
47.23                    1.5543264                
47.24                    1.5543158                
47.25                    1.5543051                
47.26                    1.5542945                
47.27                    1.5542837                
47.28                    1.554273                 
47.29                    1.5542624                
47.3                     1.5542518                
47.31                    1.5542411                
47.32                    1.5542305                
47.33                    1.5542198                
47.34                    1.5542091                
47.35                    1.5541985                
47.36                    1.5541879                
47.37                    1.5541773                
47.38                    1.5541667                
47.39                    1.5541561                
47.4                     1.5541455                
47.41                    1.5541348                
47.42                    1.5541242                
47.43                    1.5541136                
47.44                    1.5541031                
47.45                    1.5540925                
47.46                    1.5540819                
47.47                    1.5540714                
47.48                    1.5540608                
47.49                    1.5540503                
47.5                     1.5540397                
47.51                    1.5540292                
47.52                    1.5540186                
47.53                    1.5540081                
47.54                    1.5539976                
47.55                    1.553987                 
47.56                    1.5539765                
47.57                    1.553966                 
47.58                    1.5539556                
47.59                    1.5539451                
47.6                     1.5539346                
47.61                    1.5539241                
47.62                    1.5539136                
47.63                    1.5539031                
47.64                    1.5538926                
47.65                    1.5538821                
47.66                    1.5538716                
47.67                    1.5538613                
47.68                    1.5538508                
47.69                    1.5538403                
47.7                     1.5538299                
47.71                    1.5538194                
47.72                    1.553809                 
47.73                    1.5537986                
47.74                    1.5537882                
47.75                    1.5537778                
47.76                    1.5537673                
47.77                    1.553757                 
47.78                    1.5537466                
47.79                    1.5537362                
47.8                     1.5537258                
47.81                    1.5537153                
47.82                    1.553705                 
47.83                    1.5536946                
47.84                    1.5536842                
47.85                    1.553674                 
47.86                    1.5536636                
47.87                    1.5536532                
47.88                    1.5536429                
47.89                    1.5536325                
47.9                     1.5536222                
47.91                    1.5536119                
47.92                    1.5536015                
47.93                    1.5535913                
47.94                    1.5535809                
47.95                    1.5535706                
47.96                    1.5535604                
47.97                    1.55355                  
47.98                    1.5535398                
47.99                    1.5535295                
48.0                     1.5535191                
48.01                    1.5535089                
48.02                    1.5534986                
48.03                    1.5534884                
48.04                    1.5534781                
48.05                    1.5534679                
48.06                    1.5534576                
48.07                    1.5534474                
48.08                    1.5534371                
48.09                    1.5534269                
48.1                     1.5534166                
48.11                    1.5534065                
48.12                    1.5533962                
48.13                    1.553386                 
48.14                    1.5533758                
48.15                    1.5533656                
48.16                    1.5533553                
48.17                    1.5533452                
48.18                    1.5533351                
48.19                    1.5533248                
48.2                     1.5533147                
48.21                    1.5533044                
48.22                    1.5532943                
48.23                    1.5532842                
48.24                    1.553274                 
48.25                    1.5532639                
48.26                    1.5532538                
48.27                    1.5532435                
48.28                    1.5532334                
48.29                    1.5532234                
48.3                     1.5532132                
48.31                    1.5532031                
48.32                    1.553193                 
48.33                    1.5531828                
48.34                    1.5531727                
48.35                    1.5531627                
48.36                    1.5531526                
48.37                    1.5531424                
48.38                    1.5531324                
48.39                    1.5531223                
48.4                     1.5531123                
48.41                    1.5531021                
48.42                    1.5530921                
48.43                    1.5530821                
48.44                    1.553072                 
48.45                    1.553062                 
48.46                    1.553052                 
48.47                    1.5530419                
48.48                    1.5530318                
48.49                    1.5530218                
48.5                     1.5530118                
48.51                    1.5530018                
48.52                    1.5529917                
48.53                    1.5529817                
48.54                    1.5529717                
48.55                    1.5529618                
48.56                    1.5529518                
48.57                    1.5529418                
48.58                    1.5529318                
48.59                    1.5529219                
48.6                     1.5529119                
48.61                    1.552902                 
48.62                    1.552892                 
48.63                    1.552882                 
48.64                    1.5528721                
48.65                    1.5528622                
48.66                    1.5528522                
48.67                    1.5528423                
48.68                    1.5528324                
48.69                    1.5528224                
48.7                     1.5528125                
48.71                    1.5528026                
48.72                    1.5527927                
48.73                    1.5527828                
48.74                    1.5527729                
48.75                    1.552763                 
48.76                    1.5527531                
48.77                    1.5527432                
48.78                    1.5527333                
48.79                    1.5527234                
48.8                     1.5527135                
48.81                    1.5527037                
48.82                    1.5526938                
48.83                    1.552684                 
48.84                    1.552674                 
48.85                    1.5526643                
48.86                    1.5526544                
48.87                    1.5526446                
48.88                    1.5526347                
48.89                    1.552625                 
48.9                     1.552615                 
48.91                    1.5526053                
48.92                    1.5525954                
48.93                    1.5525856                
48.94                    1.5525758                
48.95                    1.552566                 
48.96                    1.5525562                
48.97                    1.5525464                
48.98                    1.5525366                
48.99                    1.5525268                
49.0                     1.552517                 
49.01                    1.5525073                
49.02                    1.5524975                
49.03                    1.5524877                
49.04                    1.552478                 
49.05                    1.5524682                
49.06                    1.5524585                
49.07                    1.5524487                
49.08                    1.552439                 
49.09                    1.5524293                
49.1                     1.5524195                
49.11                    1.5524098                
49.12                    1.5524001                
49.13                    1.5523903                
49.14                    1.5523807                
49.15                    1.552371                 
49.16                    1.5523612                
49.17                    1.5523516                
49.18                    1.5523419                
49.19                    1.5523322                
49.2                     1.5523225                
49.21                    1.5523129                
49.22                    1.5523032                
49.23                    1.5522935                
49.24                    1.5522839                
49.25                    1.5522742                
49.26                    1.5522646                
49.27                    1.5522549                
49.28                    1.5522453                
49.29                    1.5522356                
49.3                     1.552226                 
49.31                    1.5522163                
49.32                    1.5522068                
49.33                    1.5521971                
49.34                    1.5521874                
49.35                    1.5521779                
49.36                    1.5521683                
49.37                    1.5521587                
49.38                    1.552149                 
49.39                    1.5521395                
49.4                     1.5521299                
49.41                    1.5521203                
49.42                    1.5521107                
49.43                    1.5521011                
49.44                    1.5520916                
49.45                    1.5520821                
49.46                    1.5520725                
49.47                    1.5520629                
49.48                    1.5520533                
49.49                    1.5520438                
49.5                     1.5520343                
49.51                    1.5520247                
49.52                    1.5520152                
49.53                    1.5520056                
49.54                    1.5519962                
49.55                    1.5519867                
49.56                    1.5519772                
49.57                    1.5519676                
49.58                    1.5519582                
49.59                    1.5519487                
49.6                     1.5519391                
49.61                    1.5519297                
49.62                    1.5519202                
49.63                    1.5519108                
49.64                    1.5519012                
49.65                    1.5518918                
49.66                    1.5518823                
49.67                    1.5518728                
49.68                    1.5518634                
49.69                    1.5518539                
49.7                     1.5518445                
49.71                    1.5518351                
49.72                    1.5518256                
49.73                    1.5518162                
49.74                    1.5518068                
49.75                    1.5517974                
49.76                    1.551788                 
49.77                    1.5517786                
49.78                    1.5517691                
49.79                    1.5517597                
49.8                     1.5517503                
49.81                    1.5517409                
49.82                    1.5517316                
49.83                    1.5517222                
49.84                    1.5517128                
49.85                    1.5517033                
49.86                    1.551694                 
49.87                    1.5516846                
49.88                    1.5516753                
49.89                    1.5516659                
49.9                     1.5516566                
49.91                    1.5516472                
49.92                    1.5516379                
49.93                    1.5516286                
49.94                    1.5516192                
49.95                    1.5516099                
49.96                    1.5516006                
49.97                    1.5515913                
49.98                    1.551582                 
49.99                    1.5515726                
50.0                     1.5515633                
50.01                    1.551554                 
50.02                    1.5515447                
50.03                    1.5515354                
50.04                    1.5515261                
50.05                    1.5515169                
50.06                    1.5515076                
50.07                    1.5514983                
50.08                    1.551489                 
50.09                    1.5514797                
50.1                     1.5514705                
50.11                    1.5514612                
50.12                    1.551452                 
50.13                    1.5514427                
50.14                    1.5514334                
50.15                    1.5514243                
50.16                    1.551415                 
50.17                    1.5514058                
50.18                    1.5513966                
50.19                    1.5513873                
50.2                     1.5513781                
50.21                    1.551369                 
50.22                    1.5513597                
50.23                    1.5513505                
50.24                    1.5513413                
50.25                    1.5513321                
50.26                    1.5513229                
50.27                    1.5513138                
50.28                    1.5513046                
50.29                    1.5512954                
50.3                     1.5512862                
50.31                    1.551277                 
50.32                    1.5512679                
50.33                    1.5512587                
50.34                    1.5512496                
50.35                    1.5512404                
50.36                    1.5512313                
50.37                    1.5512221                
50.38                    1.551213                 
50.39                    1.5512038                
50.4                     1.5511948                
50.41                    1.5511856                
50.42                    1.5511765                
50.43                    1.5511674                
50.44                    1.5511583                
50.45                    1.5511491                
50.46                    1.5511401                
50.47                    1.551131                 
50.48                    1.551122                 
50.49                    1.5511128                
50.5                     1.5511037                
50.51                    1.5510947                
50.52                    1.5510856                
50.53                    1.5510765                
50.54                    1.5510675                
50.55                    1.5510584                
50.56                    1.5510494                
50.57                    1.5510403                
50.58                    1.5510312                
50.59                    1.5510222                
50.6                     1.5510131                
50.61                    1.5510042                
50.62                    1.5509951                
50.63                    1.550986                 
50.64                    1.550977                 
50.65                    1.550968                 
50.66                    1.550959                 
50.67                    1.55095                  
50.68                    1.550941                 
50.69                    1.550932                 
50.7                     1.550923                 
50.71                    1.550914                 
50.72                    1.550905                 
50.73                    1.550896                 
50.74                    1.5508871                
50.75                    1.550878                 
50.76                    1.5508691                
50.77                    1.5508602                
50.78                    1.5508512                
50.79                    1.5508423                
50.8                     1.5508333                
50.81                    1.5508244                
50.82                    1.5508155                
50.83                    1.5508065                
50.84                    1.5507976                
50.85                    1.5507886                
50.86                    1.5507797                
50.87                    1.5507708                
50.88                    1.5507618                
50.89                    1.550753                 
50.9                     1.550744                 
50.91                    1.5507351                
50.92                    1.5507262                
50.93                    1.5507174                
50.94                    1.5507084                
50.95                    1.5506996                
50.96                    1.5506907                
50.97                    1.5506818                
50.98                    1.5506729                
50.99                    1.5506641                
51.0                     1.5506552                
51.01                    1.5506463                
51.02                    1.5506375                
51.03                    1.5506287                
51.04                    1.5506197                
51.05                    1.5506109                
51.06                    1.5506021                
51.07                    1.5505933                
51.08                    1.5505844                
51.09                    1.5505756                
51.1                     1.5505668                
51.11                    1.550558                 
51.12                    1.5505491                
51.13                    1.5505403                
51.14                    1.5505315                
51.15                    1.5505227                
51.16                    1.550514                 
51.17                    1.5505052                
51.18                    1.5504963                
51.19                    1.5504876                
51.2                     1.5504788                
51.21                    1.55047                  
51.22                    1.5504613                
51.23                    1.5504525                
51.24                    1.5504438                
51.25                    1.550435                 
51.26                    1.5504262                
51.27                    1.5504174                
51.28                    1.5504087                
51.29                    1.5504                   
51.3                     1.5503912                
51.31                    1.5503825                
51.32                    1.5503738                
51.33                    1.5503651                
51.34                    1.5503563                
51.35                    1.5503476                
51.36                    1.5503389                
51.37                    1.5503302                
51.38                    1.5503215                
51.39                    1.5503128                
51.4                     1.550304                 
51.41                    1.5502954                
51.42                    1.5502868                
51.43                    1.5502781                
51.44                    1.5502694                
51.45                    1.5502607                
51.46                    1.550252                 
51.47                    1.5502434                
51.48                    1.5502347                
51.49                    1.550226                 
51.5                     1.5502174                
51.51                    1.5502087                
51.52                    1.5502001                
51.53                    1.5501914                
51.54                    1.5501828                
51.55                    1.5501741                
51.56                    1.5501655                
51.57                    1.550157                 
51.58                    1.5501482                
51.59                    1.5501397                
51.6                     1.5501311                
51.61                    1.5501225                
51.62                    1.5501138                
51.63                    1.5501052                
51.64                    1.5500966                
51.65                    1.550088                 
51.66                    1.5500795                
51.67                    1.5500709                
51.68                    1.5500623                
51.69                    1.5500537                
51.7                     1.5500451                
51.71                    1.5500365                
51.72                    1.5500281                
51.73                    1.5500195                
51.74                    1.5500109                
51.75                    1.5500023                
51.76                    1.5499939                
51.77                    1.5499853                
51.78                    1.5499767                
51.79                    1.5499682                
51.8                     1.5499597                
51.81                    1.5499512                
51.82                    1.5499426                
51.83                    1.5499341                
51.84                    1.5499256                
51.85                    1.5499171                
51.86                    1.5499085                
51.87                    1.5499                   
51.88                    1.5498916                
51.89                    1.5498831                
51.9                     1.5498745                
51.91                    1.5498661                
51.92                    1.5498576                
51.93                    1.5498492                
51.94                    1.5498407                
51.95                    1.5498322                
51.96                    1.5498238                
51.97                    1.5498153                
51.98                    1.5498068                
51.99                    1.5497984                
52.0                     1.5497899                
52.01                    1.5497814                
52.02                    1.549773                 
52.03                    1.5497646                
52.04                    1.5497562                
52.05                    1.5497477                
52.06                    1.5497394                
52.07                    1.5497309                
52.08                    1.5497224                
52.09                    1.5497141                
52.1                     1.5497056                
52.11                    1.5496973                
52.12                    1.5496888                
52.13                    1.5496805                
52.14                    1.549672                 
52.15                    1.5496637                
52.16                    1.5496553                
52.17                    1.5496469                
52.18                    1.5496385                
52.19                    1.5496302                
52.2                     1.5496218                
52.21                    1.5496135                
52.22                    1.549605                 
52.23                    1.5495967                
52.24                    1.5495883                
52.25                    1.54958                  
52.26                    1.5495716                
52.27                    1.5495633                
52.28                    1.549555                 
52.29                    1.5495466                
52.3                     1.5495383                
52.31                    1.54953                  
52.32                    1.5495217                
52.33                    1.5495133                
52.34                    1.549505                 
52.35                    1.5494968                
52.36                    1.5494884                
52.37                    1.5494801                
52.38                    1.5494719                
52.39                    1.5494635                
52.4                     1.5494553                
52.41                    1.549447                 
52.42                    1.5494387                
52.43                    1.5494304                
52.44                    1.5494221                
52.45                    1.5494138                
52.46                    1.5494056                
52.47                    1.5493973                
52.48                    1.549389                 
52.49                    1.5493808                
52.5                     1.5493726                
52.51                    1.5493643                
52.52                    1.5493561                
52.53                    1.5493479                
52.54                    1.5493397                
52.55                    1.5493313                
52.56                    1.5493231                
52.57                    1.5493149                
52.58                    1.5493068                
52.59                    1.5492985                
52.6                     1.5492903                
52.61                    1.5492821                
52.62                    1.5492738                
52.63                    1.5492656                
52.64                    1.5492575                
52.65                    1.5492493                
52.66                    1.5492411                
52.67                    1.5492328                
52.68                    1.5492247                
52.69                    1.5492165                
52.7                     1.5492084                
52.71                    1.5492002                
52.72                    1.5491921                
52.73                    1.5491838                
52.74                    1.5491757                
52.75                    1.5491675                
52.76                    1.5491594                
52.77                    1.5491513                
52.78                    1.5491431                
52.79                    1.549135                 
52.8                     1.5491269                
52.81                    1.5491188                
52.82                    1.5491107                
52.83                    1.5491024                
52.84                    1.5490943                
52.85                    1.5490862                
52.86                    1.5490781                
52.87                    1.54907                  
52.88                    1.5490619                
52.89                    1.5490538                
52.9                     1.5490457                
52.91                    1.5490377                
52.92                    1.5490296                
52.93                    1.5490215                
52.94                    1.5490134                
52.95                    1.5490053                
52.96                    1.5489973                
52.97                    1.5489892                
52.98                    1.5489811                
52.99                    1.5489731                
53.0                     1.548965                 
53.01                    1.548957                 
53.02                    1.5489489                
53.03                    1.5489409                
53.04                    1.5489328                
53.05                    1.5489248                
53.06                    1.5489167                
53.07                    1.5489087                
53.08                    1.5489007                
53.09                    1.5488926                
53.1                     1.5488846                
53.11                    1.5488766                
53.12                    1.5488687                
53.13                    1.5488605                
53.14                    1.5488526                
53.15                    1.5488446                
53.16                    1.5488366                
53.17                    1.5488286                
53.18                    1.5488206                
53.19                    1.5488126                
53.2                     1.5488046                
53.21                    1.5487967                
53.22                    1.5487887                
53.23                    1.5487807                
53.24                    1.5487728                
53.25                    1.5487648                
53.26                    1.5487568                
53.27                    1.5487489                
53.28                    1.548741                 
53.29                    1.548733                 
53.3                     1.548725                 
53.31                    1.5487171                
53.32                    1.5487092                
53.33                    1.5487013                
53.34                    1.5486933                
53.35                    1.5486854                
53.36                    1.5486774                
53.37                    1.5486696                
53.38                    1.5486616                
53.39                    1.5486537                
53.4                     1.5486459                
53.41                    1.5486379                
53.42                    1.54863                  
53.43                    1.5486221                
53.44                    1.5486143                
53.45                    1.5486064                
53.46                    1.5485984                
53.47                    1.5485905                
53.48                    1.5485827                
53.49                    1.5485748                
53.5                     1.5485669                
53.51                    1.5485591                
53.52                    1.5485512                
53.53                    1.5485433                
53.54                    1.5485356                
53.55                    1.5485277                
53.56                    1.5485198                
53.57                    1.548512                 
53.58                    1.5485041                
53.59                    1.5484964                
53.6                     1.5484885                
53.61                    1.5484806                
53.62                    1.5484729                
53.63                    1.548465                 
53.64                    1.5484571                
53.65                    1.5484494                
53.66                    1.5484415                
53.67                    1.5484338                
53.68                    1.5484259                
53.69                    1.5484182                
53.7                     1.5484104                
53.71                    1.5484025                
53.72                    1.5483948                
53.73                    1.548387                 
53.74                    1.5483792                
53.75                    1.5483714                
53.76                    1.5483637                
53.77                    1.5483559                
53.78                    1.5483482                
53.79                    1.5483404                
53.8                     1.5483327                
53.81                    1.5483248                
53.82                    1.5483171                
53.83                    1.5483093                
53.84                    1.5483017                
53.85                    1.548294                 
53.86                    1.5482862                
53.87                    1.5482785                
53.88                    1.5482707                
53.89                    1.548263                 
53.9                     1.5482552                
53.91                    1.5482476                
53.92                    1.5482398                
53.93                    1.5482321                
53.94                    1.5482244                
53.95                    1.5482167                
53.96                    1.548209                 
53.97                    1.5482013                
53.98                    1.5481936                
53.99                    1.548186                 
54.0                     1.5481782                
54.01                    1.5481706                
54.02                    1.5481629                
54.03                    1.5481552                
54.04                    1.5481476                
54.05                    1.5481399                
54.06                    1.5481322                
54.07                    1.5481246                
54.08                    1.5481169                
54.09                    1.5481093                
54.1                     1.5481015                
54.11                    1.5480939                
54.12                    1.5480863                
54.13                    1.5480787                
54.14                    1.548071                 
54.15                    1.5480634                
54.16                    1.5480558                
54.17                    1.5480481                
54.18                    1.5480405                
54.19                    1.5480329                
54.2                     1.5480253                
54.21                    1.5480177                
54.22                    1.5480101                
54.23                    1.5480025                
54.24                    1.5479949                
54.25                    1.5479873                
54.26                    1.5479797                
54.27                    1.5479721                
54.28                    1.5479646                
54.29                    1.547957                 
54.3                     1.5479494                
54.31                    1.5479418                
54.32                    1.5479343                
54.33                    1.5479267                
54.34                    1.5479192                
54.35                    1.5479115                
54.36                    1.547904                 
54.37                    1.5478964                
54.38                    1.5478889                
54.39                    1.5478814                
54.4                     1.5478739                
54.41                    1.5478662                
54.42                    1.5478587                
54.43                    1.5478512                
54.44                    1.5478437                
54.45                    1.5478362                
54.46                    1.5478287                
54.47                    1.5478212                
54.48                    1.5478137                
54.49                    1.5478061                
54.5                     1.5477986                
54.51                    1.5477911                
54.52                    1.5477836                
54.53                    1.5477761                
54.54                    1.5477686                
54.55                    1.5477611                
54.56                    1.5477537                
54.57                    1.5477462                
54.58                    1.5477387                
54.59                    1.5477312                
54.6                     1.5477238                
54.61                    1.5477163                
54.62                    1.5477087                
54.63                    1.5477014                
54.64                    1.5476938                
54.65                    1.5476865                
54.66                    1.547679                 
54.67                    1.5476716                
54.68                    1.547664                 
54.69                    1.5476567                
54.7                     1.5476493                
54.71                    1.5476418                
54.72                    1.5476344                
54.73                    1.547627                 
54.74                    1.5476196                
54.75                    1.5476121                
54.76                    1.5476047                
54.77                    1.5475973                
54.78                    1.5475899                
54.79                    1.5475825                
54.8                     1.5475751                
54.81                    1.5475677                
54.82                    1.5475603                
54.83                    1.547553                 
54.84                    1.5475456                
54.85                    1.5475382                
54.86                    1.5475308                
54.87                    1.5475234                
54.88                    1.547516                 
54.89                    1.5475086                
54.9                     1.5475013                
54.91                    1.5474939                
54.92                    1.5474865                
54.93                    1.5474792                
54.94                    1.5474719                
54.95                    1.5474645                
54.96                    1.5474571                
54.97                    1.5474498                
54.98                    1.5474424                
54.99                    1.5474352                
55.0                     1.5474278                
55.01                    1.5474205                
55.02                    1.5474131                
55.03                    1.5474058                
55.04                    1.5473986                
55.05                    1.5473912                
55.06                    1.5473839                
55.07                    1.5473765                
55.08                    1.5473692                
55.09                    1.5473619                
55.1                     1.5473546                
55.11                    1.5473473                
55.12                    1.5473399                
55.13                    1.5473326                
55.14                    1.5473254                
55.15                    1.547318                 
55.16                    1.5473107                
55.17                    1.5473034                
55.18                    1.5472962                
55.19                    1.5472889                
55.2                     1.5472816                
55.21                    1.5472744                
55.22                    1.5472671                
55.23                    1.5472597                
55.24                    1.5472524                
55.25                    1.5472453                
55.26                    1.547238                 
55.27                    1.5472307                
55.28                    1.5472234                
55.29                    1.5472162                
55.3                     1.5472089                
55.31                    1.5472016                
55.32                    1.5471945                
55.33                    1.5471872                
55.34                    1.5471799                
55.35                    1.5471727                
55.36                    1.5471655                
55.37                    1.5471582                
55.38                    1.5471511                
55.39                    1.5471438                
55.4                     1.5471365                
55.41                    1.5471294                
55.42                    1.5471221                
55.43                    1.547115                 
55.44                    1.5471077                
55.45                    1.5471005                
55.46                    1.5470934                
55.47                    1.5470861                
55.48                    1.547079                 
55.49                    1.5470718                
55.5                     1.5470645                
55.51                    1.5470574                
55.52                    1.5470502                
55.53                    1.5470431                
55.54                    1.5470359                
55.55                    1.5470287                
55.56                    1.5470215                
55.57                    1.5470144                
55.58                    1.5470072                
55.59                    1.547                    
55.6                     1.5469929                
55.61                    1.5469857                
55.62                    1.5469786                
55.63                    1.5469714                
55.64                    1.5469643                
55.65                    1.5469571                
55.66                    1.5469501                
55.67                    1.546943                 
55.68                    1.5469358                
55.69                    1.5469286                
55.7                     1.5469216                
55.71                    1.5469145                
55.72                    1.5469073                
55.73                    1.5469002                
55.74                    1.5468931                
55.75                    1.546886                 
55.76                    1.5468789                
55.77                    1.5468718                
55.78                    1.5468647                
55.79                    1.5468576                
55.8                     1.5468506                
55.81                    1.5468434                
55.82                    1.5468364                
55.83                    1.5468292                
55.84                    1.5468222                
55.85                    1.5468152                
55.86                    1.546808                 
55.87                    1.546801                 
55.88                    1.5467939                
55.89                    1.5467869                
55.9                     1.5467798                
55.91                    1.5467727                
55.92                    1.5467657                
55.93                    1.5467587                
55.94                    1.5467516                
55.95                    1.5467446                
55.96                    1.5467376                
55.97                    1.5467305                
55.98                    1.5467235                
55.99                    1.5467165                
56.0                     1.5467094                
56.01                    1.5467024                
56.02                    1.5466954                
56.03                    1.5466883                
56.04                    1.5466813                
56.05                    1.5466744                
56.06                    1.5466673                
56.07                    1.5466603                
56.08                    1.5466533                
56.09                    1.5466464                
56.1                     1.5466393                
56.11                    1.5466323                
56.12                    1.5466254                
56.13                    1.5466183                
56.14                    1.5466114                
56.15                    1.5466044                
56.16                    1.5465975                
56.17                    1.5465904                
56.18                    1.5465835                
56.19                    1.5465765                
56.2                     1.5465696                
56.21                    1.5465626                
56.22                    1.5465556                
56.23                    1.5465487                
56.24                    1.5465417                
56.25                    1.5465348                
56.26                    1.5465279                
56.27                    1.546521                 
56.28                    1.5465139                
56.29                    1.546507                 
56.3                     1.5465001                
56.31                    1.5464932                
56.32                    1.5464863                
56.33                    1.5464793                
56.34                    1.5464724                
56.35                    1.5464655                
56.36                    1.5464586                
56.37                    1.5464517                
56.38                    1.5464448                
56.39                    1.5464379                
56.4                     1.546431                 
56.41                    1.546424                 
56.42                    1.5464171                
56.43                    1.5464103                
56.44                    1.5464034                
56.45                    1.5463965                
56.46                    1.5463896                
56.47                    1.5463828                
56.48                    1.5463759                
56.49                    1.546369                 
56.5                     1.5463622                
56.51                    1.5463552                
56.52                    1.5463485                
56.53                    1.5463415                
56.54                    1.5463346                
56.55                    1.5463278                
56.56                    1.5463209                
56.57                    1.5463141                
56.58                    1.5463073                
56.59                    1.5463004                
56.6                     1.5462936                
56.61                    1.5462868                
56.62                    1.5462799                
56.63                    1.5462731                
56.64                    1.5462663                
56.65                    1.5462594                
56.66                    1.5462526                
56.67                    1.5462458                
56.68                    1.546239                 
56.69                    1.5462322                
56.7                     1.5462254                
56.71                    1.5462186                
56.72                    1.5462117                
56.73                    1.5462049                
56.74                    1.5461981                
56.75                    1.5461913                
56.76                    1.5461845                
56.77                    1.5461779                
56.78                    1.5461711                
56.79                    1.5461643                
56.8                     1.5461575                
56.81                    1.5461507                
56.82                    1.5461439                
56.83                    1.5461372                
56.84                    1.5461304                
56.85                    1.5461236                
56.86                    1.5461168                
56.87                    1.5461102                
56.88                    1.5461034                
56.89                    1.5460966                
56.9                     1.5460899                
56.91                    1.5460831                
56.92                    1.5460764                
56.93                    1.5460696                
56.94                    1.546063                 
56.95                    1.5460562                
56.96                    1.5460495                
56.97                    1.5460427                
56.98                    1.546036                 
56.99                    1.5460293                
57.0                     1.5460225                
57.01                    1.5460159                
57.02                    1.5460092                
57.03                    1.5460024                
57.04                    1.5459957                
57.05                    1.545989                 
57.06                    1.5459824                
57.07                    1.5459756                
57.08                    1.5459689                
57.09                    1.5459622                
57.1                     1.5459555                
57.11                    1.5459489                
57.12                    1.5459422                
57.13                    1.5459355                
57.14                    1.5459288                
57.15                    1.5459222                
57.16                    1.5459155                
57.17                    1.5459088                
57.18                    1.5459021                
57.19                    1.5458955                
57.2                     1.5458889                
57.21                    1.5458822                
57.22                    1.5458755                
57.23                    1.5458689                
57.24                    1.5458622                
57.25                    1.5458556                
57.26                    1.545849                 
57.27                    1.5458423                
57.28                    1.5458357                
57.29                    1.545829                 
57.3                     1.5458224                
57.31                    1.5458158                
57.32                    1.5458091                
57.33                    1.5458026                
57.34                    1.5457959                
57.35                    1.5457894                
57.36                    1.5457827                
57.37                    1.5457761                
57.38                    1.5457696                
57.39                    1.5457629                
57.4                     1.5457563                
57.41                    1.5457498                
57.42                    1.5457431                
57.43                    1.5457366                
57.44                    1.54573                  
57.45                    1.5457234                
57.46                    1.5457168                
57.47                    1.5457102                
57.48                    1.5457036                
57.49                    1.5456971                
57.5                     1.5456905                
57.51                    1.545684                 
57.52                    1.5456774                
57.53                    1.5456709                
57.54                    1.5456643                
57.55                    1.5456578                
57.56                    1.5456512                
57.57                    1.5456446                
57.58                    1.5456381                
57.59                    1.5456315                
57.6                     1.545625                 
57.61                    1.5456184                
57.62                    1.545612                 
57.63                    1.5456054                
57.64                    1.5455989                
57.65                    1.5455923                
57.66                    1.5455859                
57.67                    1.5455793                
57.68                    1.5455728                
57.69                    1.5455663                
57.7                     1.5455598                
57.71                    1.5455533                
57.72                    1.5455468                
57.73                    1.5455402                
57.74                    1.5455338                
57.75                    1.5455272                
57.76                    1.5455208                
57.77                    1.5455143                
57.78                    1.5455078                
57.79                    1.5455014                
57.8                     1.5454948                
57.81                    1.5454884                
57.82                    1.5454819                
57.83                    1.5454755                
57.84                    1.5454689                
57.85                    1.5454625                
57.86                    1.545456                 
57.87                    1.5454496                
57.88                    1.545443                 
57.89                    1.5454366                
57.9                     1.5454302                
57.91                    1.5454237                
57.92                    1.5454173                
57.93                    1.5454109                
57.94                    1.5454044                
57.95                    1.545398                 
57.96                    1.5453916                
57.97                    1.5453851                
57.98                    1.5453787                
57.99                    1.5453722                
58.0                     1.5453658                
58.01                    1.5453595                
58.02                    1.545353                 
58.03                    1.5453466                
58.04                    1.5453402                
58.05                    1.5453337                
58.06                    1.5453274                
58.07                    1.545321                 
58.08                    1.5453146                
58.09                    1.5453082                
58.1                     1.5453018                
58.11                    1.5452954                
58.12                    1.545289                 
58.13                    1.5452826                
58.14                    1.5452763                
58.15                    1.5452698                
58.16                    1.5452635                
58.17                    1.5452571                
58.18                    1.5452508                
58.19                    1.5452443                
58.2                     1.545238                 
58.21                    1.5452317                
58.22                    1.5452253                
58.23                    1.545219                 
58.24                    1.5452126                
58.25                    1.5452062                
58.26                    1.5451999                
58.27                    1.5451936                
58.28                    1.5451872                
58.29                    1.5451809                
58.3                     1.5451745                
58.31                    1.5451682                
58.32                    1.5451618                
58.33                    1.5451555                
58.34                    1.5451492                
58.35                    1.5451429                
58.36                    1.5451366                
58.37                    1.5451303                
58.38                    1.5451239                
58.39                    1.5451176                
58.4                     1.5451113                
58.41                    1.545105                 
58.42                    1.5450988                
58.43                    1.5450925                
58.44                    1.5450861                
58.45                    1.5450798                
58.46                    1.5450735                
58.47                    1.5450673                
58.48                    1.545061                 
58.49                    1.5450547                
58.5                     1.5450485                
58.51                    1.5450422                
58.52                    1.5450358                
58.53                    1.5450296                
58.54                    1.5450233                
58.55                    1.5450171                
58.56                    1.5450108                
58.57                    1.5450045                
58.58                    1.5449983                
58.59                    1.5449921                
58.6                     1.5449858                
58.61                    1.5449796                
58.62                    1.5449733                
58.63                    1.544967                 
58.64                    1.5449609                
58.65                    1.5449545                
58.66                    1.5449483                
58.67                    1.5449421                
58.68                    1.544936                 
58.69                    1.5449296                
58.7                     1.5449234                
58.71                    1.5449172                
58.72                    1.544911                 
58.73                    1.5449048                
58.74                    1.5448986                
58.75                    1.5448923                
58.76                    1.5448861                
58.77                    1.5448799                
58.78                    1.5448737                
58.79                    1.5448675                
58.8                     1.5448613                
58.81                    1.5448551                
58.82                    1.544849                 
58.83                    1.5448428                
58.84                    1.5448366                
58.85                    1.5448304                
58.86                    1.5448242                
58.87                    1.544818                 
58.88                    1.544812                 
58.89                    1.5448058                
58.9                     1.5447996                
58.91                    1.5447934                
58.92                    1.5447873                
58.93                    1.5447811                
58.94                    1.5447749                
58.95                    1.5447688                
58.96                    1.5447626                
58.97                    1.5447565                
58.98                    1.5447503                
58.99                    1.5447443                
59.0                     1.544738                 
59.01                    1.544732                 
59.02                    1.5447258                
59.03                    1.5447197                
59.04                    1.5447135                
59.05                    1.5447074                
59.06                    1.5447013                
59.07                    1.5446951                
59.08                    1.544689                 
59.09                    1.544683                 
59.1                     1.5446769                
59.11                    1.5446707                
59.12                    1.5446646                
59.13                    1.5446585                
59.14                    1.5446525                
59.15                    1.5446464                
59.16                    1.5446403                
59.17                    1.5446341                
59.18                    1.544628                 
59.19                    1.544622                 
59.2                     1.5446159                
59.21                    1.5446098                
59.22                    1.5446037                
59.23                    1.5445976                
59.24                    1.5445915                
59.25                    1.5445856                
59.26                    1.5445795                
59.27                    1.5445734                
59.28                    1.5445673                
59.29                    1.5445613                
59.3                     1.5445552                
59.31                    1.5445492                
59.32                    1.5445431                
59.33                    1.5445371                
59.34                    1.544531                 
59.35                    1.544525                 
59.36                    1.544519                 
59.37                    1.5445129                
59.38                    1.5445069                
59.39                    1.5445008                
59.4                     1.5444949                
59.41                    1.5444888                
59.42                    1.5444828                
59.43                    1.5444767                
59.44                    1.5444708                
59.45                    1.5444647                
59.46                    1.5444587                
59.47                    1.5444527                
59.48                    1.5444467                
59.49                    1.5444407                
59.5                     1.5444347                
59.51                    1.5444287                
59.52                    1.5444227                
59.53                    1.5444168                
59.54                    1.5444107                
59.55                    1.5444047                
59.56                    1.5443988                
59.57                    1.5443928                
59.58                    1.5443869                
59.59                    1.5443808                
59.6                     1.5443748                
59.61                    1.5443689                
59.62                    1.5443629                
59.63                    1.544357                 
59.64                    1.544351                 
59.65                    1.544345                 
59.66                    1.5443391                
59.67                    1.5443331                
59.68                    1.5443271                
59.69                    1.5443213                
59.7                     1.5443153                
59.71                    1.5443094                
59.72                    1.5443034                
59.73                    1.5442975                
59.74                    1.5442915                
59.75                    1.5442857                
59.76                    1.5442797                
59.77                    1.5442737                
59.78                    1.5442679                
59.79                    1.5442619                
59.8                     1.544256                 
59.81                    1.5442501                
59.82                    1.5442442                
59.83                    1.5442383                
59.84                    1.5442324                
59.85                    1.5442264                
59.86                    1.5442206                
59.87                    1.5442146                
59.88                    1.5442088                
59.89                    1.5442029                
59.9                     1.544197                 
59.91                    1.5441911                
59.92                    1.5441852                
59.93                    1.5441793                
59.94                    1.5441735                
59.95                    1.5441675                
59.96                    1.5441617                
59.97                    1.5441558                
59.98                    1.54415                  
59.99                    1.5441442                
60.0                     1.5441382                
60.01                    1.5441324                
60.02                    1.5441265                
60.03                    1.5441207                
60.04                    1.5441148                
60.05                    1.544109                 
60.06                    1.5441031                
60.07                    1.5440973                
60.08                    1.5440915                
60.09                    1.5440856                
60.1                     1.5440798                
60.11                    1.5440739                
60.12                    1.5440681                
60.13                    1.5440623                
60.14                    1.5440564                
60.15                    1.5440506                
60.16                    1.5440449                
60.17                    1.544039                 
60.18                    1.5440332                
60.19                    1.5440273                
60.2                     1.5440216                
60.21                    1.5440158                
60.22                    1.5440099                
60.23                    1.5440042                
60.24                    1.5439984                
60.25                    1.5439925                
60.26                    1.5439868                
60.27                    1.543981                 
60.28                    1.5439752                
60.29                    1.5439694                
60.3                     1.5439637                
60.31                    1.5439578                
60.32                    1.5439521                
60.33                    1.5439463                
60.34                    1.5439405                
60.35                    1.5439347                
60.36                    1.543929                 
60.37                    1.5439233                
60.38                    1.5439174                
60.39                    1.5439117                
60.4                     1.543906                 
60.41                    1.5439003                
60.42                    1.5438944                
60.43                    1.5438887                
60.44                    1.543883                 
60.45                    1.5438772                
60.46                    1.5438715                
60.47                    1.5438658                
60.48                    1.54386                  
60.49                    1.5438542                
60.5                     1.5438485                
60.51                    1.5438428                
60.52                    1.5438371                
60.53                    1.5438313                
60.54                    1.5438256                
60.55                    1.54382                  
60.56                    1.5438143                
60.57                    1.5438086                
60.58                    1.5438029                
60.59                    1.5437971                
60.6                     1.5437914                
60.61                    1.5437857                
60.62                    1.5437801                
60.63                    1.5437744                
60.64                    1.5437686                
60.65                    1.5437629                
60.66                    1.5437573                
60.67                    1.5437516                
60.68                    1.5437459                
60.69                    1.5437403                
60.7                     1.5437346                
60.71                    1.543729                 
60.72                    1.5437232                
60.73                    1.5437176                
60.74                    1.5437119                
60.75                    1.5437063                
60.76                    1.5437006                
60.77                    1.543695                 
60.78                    1.5436893                
60.79                    1.5436836                
60.8                     1.543678                 
60.81                    1.5436723                
60.82                    1.5436667                
60.83                    1.5436611                
60.84                    1.5436554                
60.85                    1.5436498                
60.86                    1.5436442                
60.87                    1.5436386                
60.88                    1.5436329                
60.89                    1.5436273                
60.9                     1.5436217                
60.91                    1.543616                 
60.92                    1.5436105                
60.93                    1.5436049                
60.94                    1.5435992                
60.95                    1.5435936                
60.96                    1.543588                 
60.97                    1.5435824                
60.98                    1.5435768                
60.99                    1.5435712                
61.0                     1.5435656                
61.01                    1.54356                  
61.02                    1.5435544                
61.03                    1.5435488                
61.04                    1.5435432                
61.05                    1.5435377                
61.06                    1.5435321                
61.07                    1.5435265                
61.08                    1.5435209                
61.09                    1.5435154                
61.1                     1.5435098                
61.11                    1.5435042                
61.12                    1.5434988                
61.13                    1.5434932                
61.14                    1.5434875                
61.15                    1.5434821                
61.16                    1.5434765                
61.17                    1.543471                 
61.18                    1.5434654                
61.19                    1.5434599                
61.2                     1.5434543                
61.21                    1.5434488                
61.22                    1.5434432                
61.23                    1.5434377                
61.24                    1.5434322                
61.25                    1.5434266                
61.26                    1.5434211                
61.27                    1.5434155                
61.28                    1.5434101                
61.29                    1.5434046                
61.3                     1.543399                 
61.31                    1.5433934                
61.32                    1.5433879                
61.33                    1.5433823                
61.34                    1.5433767                
61.35                    1.5433712                
61.36                    1.5433656                
61.37                    1.5433601                
61.38                    1.5433545                
61.39                    1.543349                 
61.4                     1.5433434                
61.41                    1.543338                 
61.42                    1.5433323                
61.43                    1.5433269                
61.44                    1.5433213                
61.45                    1.5433158                
61.46                    1.5433102                
61.47                    1.5433047                
61.48                    1.5432992                
61.49                    1.5432936                
61.5                     1.5432881                
61.51                    1.5432826                
61.52                    1.543277                 
61.53                    1.5432715                
61.54                    1.543266                 
61.55                    1.5432606                
61.56                    1.543255                 
61.57                    1.5432495                
61.58                    1.543244                 
61.59                    1.5432385                
61.6                     1.543233                 
61.61                    1.5432276                
61.62                    1.5432221                
61.63                    1.5432165                
61.64                    1.543211                 
61.65                    1.5432055                
61.66                    1.5432                   
61.67                    1.5431945                
61.68                    1.543189                 
61.69                    1.5431836                
61.7                     1.5431781                
61.71                    1.5431726                
61.72                    1.5431672                
61.73                    1.5431617                
61.74                    1.5431563                
61.75                    1.5431508                
61.76                    1.5431453                
61.77                    1.5431398                
61.78                    1.5431345                
61.79                    1.543129                 
61.8                     1.5431235                
61.81                    1.543118                 
61.82                    1.5431126                
61.83                    1.5431072                
61.84                    1.5431017                
61.85                    1.5430963                
61.86                    1.5430908                
61.87                    1.5430853                
61.88                    1.54308                  
61.89                    1.5430745                
61.9                     1.5430691                
61.91                    1.5430636                
61.92                    1.5430582                
61.93                    1.5430528                
61.94                    1.5430473                
61.95                    1.543042                 
61.96                    1.5430366                
61.97                    1.5430311                
61.98                    1.5430257                
61.99                    1.5430202                
62.0                     1.5430149                
62.01                    1.5430095                
62.02                    1.543004                 
62.03                    1.5429987                
62.04                    1.5429933                
62.05                    1.5429878                
62.06                    1.5429825                
62.07                    1.5429771                
62.08                    1.5429717                
62.09                    1.5429662                
62.1                     1.5429609                
62.11                    1.5429555                
62.12                    1.5429502                
62.13                    1.5429448                
62.14                    1.5429394                
62.15                    1.5429341                
62.16                    1.5429287                
62.17                    1.5429232                
62.18                    1.5429178                
62.19                    1.5429125                
62.2                     1.5429071                
62.21                    1.5429018                
62.22                    1.5428964                
62.23                    1.5428911                
62.24                    1.5428858                
62.25                    1.5428804                
62.26                    1.542875                 
62.27                    1.5428697                
62.28                    1.5428643                
62.29                    1.542859                 
62.3                     1.5428536                
62.31                    1.5428483                
62.32                    1.542843                 
62.33                    1.5428376                
62.34                    1.5428323                
62.35                    1.542827                 
62.36                    1.5428216                
62.37                    1.5428163                
62.38                    1.542811                 
62.39                    1.5428057                
62.4                     1.5428003                
62.41                    1.5427951                
62.42                    1.5427897                
62.43                    1.5427845                
62.44                    1.5427791                
62.45                    1.5427737                
62.46                    1.5427685                
62.47                    1.5427631                
62.48                    1.5427579                
62.49                    1.5427526                
62.5                     1.5427473                
62.51                    1.542742                 
62.52                    1.5427366                
62.53                    1.5427314                
62.54                    1.542726                 
62.55                    1.5427208                
62.56                    1.5427155                
62.57                    1.5427102                
62.58                    1.5427049                
62.59                    1.5426997                
62.6                     1.5426944                
62.61                    1.5426891                
62.62                    1.5426838                
62.63                    1.5426786                
62.64                    1.5426733                
62.65                    1.5426681                
62.66                    1.5426627                
62.67                    1.5426575                
62.68                    1.5426522                
62.69                    1.542647                 
62.7                     1.5426418                
62.71                    1.5426365                
62.72                    1.5426313                
62.73                    1.542626                 
62.74                    1.5426208                
62.75                    1.5426155                
62.76                    1.5426103                
62.77                    1.542605                 
62.78                    1.5425998                
62.79                    1.5425946                
62.8                     1.5425893                
62.81                    1.5425841                
62.82                    1.5425788                
62.83                    1.5425737                
62.84                    1.5425684                
62.85                    1.5425632                
62.86                    1.542558                 
62.87                    1.5425527                
62.88                    1.5425476                
62.89                    1.5425423                
62.9                     1.5425371                
62.91                    1.542532                 
62.92                    1.5425267                
62.93                    1.5425215                
62.94                    1.5425164                
62.95                    1.5425111                
62.96                    1.5425059                
62.97                    1.5425007                
62.98                    1.5424955                
62.99                    1.5424904                
63.0                     1.5424851                
63.01                    1.54248                  
63.02                    1.5424747                
63.03                    1.5424696                
63.04                    1.5424644                
63.05                    1.5424592                
63.06                    1.542454                 
63.07                    1.5424489                
63.08                    1.5424436                
63.09                    1.5424385                
63.1                     1.5424334                
63.11                    1.5424281                
63.12                    1.542423                 
63.13                    1.5424179                
63.14                    1.5424126                
63.15                    1.5424075                
63.16                    1.5424024                
63.17                    1.5423973                
63.18                    1.542392                 
63.19                    1.5423869                
63.2                     1.5423818                
63.21                    1.5423766                
63.22                    1.5423715                
63.23                    1.5423664                
63.24                    1.5423613                
63.25                    1.542356                 
63.26                    1.5423509                
63.27                    1.5423458                
63.28                    1.5423406                
63.29                    1.5423355                
63.3                     1.5423304                
63.31                    1.5423253                
63.32                    1.5423201                
63.33                    1.542315                 
63.34                    1.5423099                
63.35                    1.5423049                
63.36                    1.5422997                
63.37                    1.5422946                
63.38                    1.5422895                
63.39                    1.5422844                
63.4                     1.5422792                
63.41                    1.5422741                
63.42                    1.5422691                
63.43                    1.542264                 
63.44                    1.5422589                
63.45                    1.5422537                
63.46                    1.5422487                
63.47                    1.5422436                
63.48                    1.5422385                
63.49                    1.5422335                
63.5                     1.5422283                
63.51                    1.5422232                
63.52                    1.5422182                
63.53                    1.5422131                
63.54                    1.5422081                
63.55                    1.542203                 
63.56                    1.5421978                
63.57                    1.5421928                
63.58                    1.5421877                
63.59                    1.5421827                
63.6                     1.5421776                
63.61                    1.5421726                
63.62                    1.5421674                
63.63                    1.5421624                
63.64                    1.5421574                
63.65                    1.5421523                
63.66                    1.5421473                
63.67                    1.5421423                
63.68                    1.5421371                
63.69                    1.5421321                
63.7                     1.5421271                
63.71                    1.542122                 
63.72                    1.542117                 
63.73                    1.542112                 
63.74                    1.542107                 
63.75                    1.5421019                
63.76                    1.5420969                
63.77                    1.5420918                
63.78                    1.5420868                
63.79                    1.5420818                
63.8                     1.5420768                
63.81                    1.5420717                
63.82                    1.5420667                
63.83                    1.5420617                
63.84                    1.5420567                
63.85                    1.5420517                
63.86                    1.5420467                
63.87                    1.5420417                
63.88                    1.5420367                
63.89                    1.5420316                
63.9                     1.5420266                
63.91                    1.5420216                
63.92                    1.5420166                
63.93                    1.5420116                
63.94                    1.5420067                
63.95                    1.5420017                
63.96                    1.5419967                
63.97                    1.5419917                
63.98                    1.5419867                
63.99                    1.5419817                
64.0                     1.5419768                
64.01                    1.5419718                
64.02                    1.5419668                
64.03                    1.5419618                
64.04                    1.5419569                
64.05                    1.5419519                
64.06                    1.5419469                
64.07                    1.541942                 
64.08                    1.541937                 
64.09                    1.541932                 
64.1                     1.5419271                
64.11                    1.5419221                
64.12                    1.5419172                
64.13                    1.5419122                
64.14                    1.5419073                
64.15                    1.5419023                
64.16                    1.5418974                
64.17                    1.5418924                
64.18                    1.5418875                
64.19                    1.5418825                
64.2                     1.5418776                
64.21                    1.5418726                
64.22                    1.5418677                
64.23                    1.5418627                
64.24                    1.5418578                
64.25                    1.541853                 
64.26                    1.541848                 
64.27                    1.541843                 
64.28                    1.5418382                
64.29                    1.5418332                
64.3                     1.5418283                
64.31                    1.5418234                
64.32                    1.5418185                
64.33                    1.5418135                
64.34                    1.5418086                
64.35                    1.5418037                
64.36                    1.5417988                
64.37                    1.541794                 
64.38                    1.541789                 
64.39                    1.5417842                
64.4                     1.5417792                
64.41                    1.5417743                
64.42                    1.5417694                
64.43                    1.5417645                
64.44                    1.5417596                
64.45                    1.5417547                
64.46                    1.5417498                
64.47                    1.541745                 
64.48                    1.5417401                
64.49                    1.5417352                
64.5                     1.5417303                
64.51                    1.5417254                
64.52                    1.5417206                
64.53                    1.5417157                
64.54                    1.5417109                
64.55                    1.541706                 
64.56                    1.5417011                
64.57                    1.5416962                
64.58                    1.5416914                
64.59                    1.5416865                
64.6                     1.5416816                
64.61                    1.5416768                
64.62                    1.541672                 
64.63                    1.5416671                
64.64                    1.5416622                
64.65                    1.5416573                
64.66                    1.5416526                
64.67                    1.5416477                
64.68                    1.5416429                
64.69                    1.541638                 
64.7                     1.5416331                
64.71                    1.5416284                
64.72                    1.5416235                
64.73                    1.5416187                
64.74                    1.5416138                
64.75                    1.541609                 
64.76                    1.5416042                
64.77                    1.5415994                
64.78                    1.5415945                
64.79                    1.5415897                
64.8                     1.5415848                
64.81                    1.5415801                
64.82                    1.5415752                
64.83                    1.5415704                
64.84                    1.5415657                
64.85                    1.5415608                
64.86                    1.541556                 
64.87                    1.5415512                
64.88                    1.5415463                
64.89                    1.5415416                
64.9                     1.5415368                
64.91                    1.541532                 
64.92                    1.5415272                
64.93                    1.5415224                
64.94                    1.5415176                
64.95                    1.5415128                
64.96                    1.5415081                
64.97                    1.5415033                
64.98                    1.5414984                
64.99                    1.5414937                
65.0                     1.5414889                
65.01                    1.5414841                
65.02                    1.5414793                
65.03                    1.5414746                
65.04                    1.5414698                
65.05                    1.541465                 
65.06                    1.5414603                
65.07                    1.5414555                
65.08                    1.5414507                
65.09                    1.541446                 
65.1                     1.5414412                
65.11                    1.5414364                
65.12                    1.5414317                
65.13                    1.5414269                
65.14                    1.5414222                
65.15                    1.5414175                
65.16                    1.5414127                
65.17                    1.541408                 
65.18                    1.5414032                
65.19                    1.5413985                
65.2                     1.5413938                
65.21                    1.541389                 
65.22                    1.5413842                
65.23                    1.5413796                
65.24                    1.5413748                
65.25                    1.54137                  
65.26                    1.5413654                
65.27                    1.5413606                
65.28                    1.5413558                
65.29                    1.5413512                
65.3                     1.5413464                
65.31                    1.5413417                
65.32                    1.541337                 
65.33                    1.5413322                
65.34                    1.5413276                
65.35                    1.5413228                
65.36                    1.5413182                
65.37                    1.5413134                
65.38                    1.5413088                
65.39                    1.541304                 
65.4                     1.5412993                
65.41                    1.5412946                
65.42                    1.5412899                
65.43                    1.5412853                
65.44                    1.5412805                
65.45                    1.5412759                
65.46                    1.5412712                
65.47                    1.5412664                
65.48                    1.5412618                
65.49                    1.5412571                
65.5                     1.5412524                
65.51                    1.5412477                
65.52                    1.5412431                
65.53                    1.5412384                
65.54                    1.5412337                
65.55                    1.541229                 
65.56                    1.5412244                
65.57                    1.5412197                
65.58                    1.5412151                
65.59                    1.5412104                
65.6                     1.5412058                
65.61                    1.541201                 
65.62                    1.5411963                
65.63                    1.5411917                
65.64                    1.541187                 
65.65                    1.5411824                
65.66                    1.5411777                
65.67                    1.5411731                
65.68                    1.5411685                
65.69                    1.5411638                
65.7                     1.5411592                
65.71                    1.5411545                
65.72                    1.5411499                
65.73                    1.5411453                
65.74                    1.5411407                
65.75                    1.541136                 
65.76                    1.5411314                
65.77                    1.5411267                
65.78                    1.5411221                
65.79                    1.5411175                
65.8                     1.5411129                
65.81                    1.5411083                
65.82                    1.5411036                
65.83                    1.541099                 
65.84                    1.5410944                
65.85                    1.5410898                
65.86                    1.5410851                
65.87                    1.5410806                
65.88                    1.541076                 
65.89                    1.5410713                
65.9                     1.5410668                
65.91                    1.5410621                
65.92                    1.5410576                
65.93                    1.5410529                
65.94                    1.5410483                
65.95                    1.5410438                
65.96                    1.5410391                
65.97                    1.5410346                
65.98                    1.5410299                
65.99                    1.5410254                
66.0                     1.5410208                
66.01                    1.5410162                
66.02                    1.5410116                
66.03                    1.541007                 
66.04                    1.5410025                
66.05                    1.5409979                
66.06                    1.5409933                
66.07                    1.5409888                
66.08                    1.5409842                
66.09                    1.5409796                
66.1                     1.5409751                
66.11                    1.5409704                
66.12                    1.5409659                
66.13                    1.5409614                
66.14                    1.5409567                
66.15                    1.5409522                
66.16                    1.5409477                
66.17                    1.5409431                
66.18                    1.5409386                
66.19                    1.540934                 
66.2                     1.5409294                
66.21                    1.5409249                
66.22                    1.5409204                
66.23                    1.5409158                
66.24                    1.5409113                
66.25                    1.5409068                
66.26                    1.5409023                
66.27                    1.5408977                
66.28                    1.5408932                
66.29                    1.5408887                
66.3                     1.5408841                
66.31                    1.5408796                
66.32                    1.5408751                
66.33                    1.5408705                
66.34                    1.540866                 
66.35                    1.5408615                
66.36                    1.540857                 
66.37                    1.5408524                
66.38                    1.5408479                
66.39                    1.5408435                
66.4                     1.540839                 
66.41                    1.5408344                
66.42                    1.5408299                
66.43                    1.5408254                
66.44                    1.540821                 
66.45                    1.5408164                
66.46                    1.5408119                
66.47                    1.5408074                
66.48                    1.540803                 
66.49                    1.5407984                
66.5                     1.5407939                
66.51                    1.5407895                
66.52                    1.540785                 
66.53                    1.5407804                
66.54                    1.540776                 
66.55                    1.5407715                
66.56                    1.5407671                
66.57                    1.5407625                
66.58                    1.540758                 
66.59                    1.5407536                
66.6                     1.5407491                
66.61                    1.5407447                
66.62                    1.5407401                
66.63                    1.5407357                
66.64                    1.5407313                
66.65                    1.5407268                
66.66                    1.5407224                
66.67                    1.5407178                
66.68                    1.5407134                
66.69                    1.540709                 
66.7                     1.5407045                
66.71                    1.5407001                
66.72                    1.5406957                
66.73                    1.5406911                
66.74                    1.5406867                
66.75                    1.5406823                
66.76                    1.5406778                
66.77                    1.5406734                
66.78                    1.540669                 
66.79                    1.5406646                
66.8                     1.54066                  
66.81                    1.5406556                
66.82                    1.5406512                
66.83                    1.5406468                
66.84                    1.5406424                
66.85                    1.540638                 
66.86                    1.5406336                
66.87                    1.5406291                
66.88                    1.5406246                
66.89                    1.5406202                
66.9                     1.5406158                
66.91                    1.5406114                
66.92                    1.540607                 
66.93                    1.5406026                
66.94                    1.5405982                
66.95                    1.5405937                
66.96                    1.5405893                
66.97                    1.540585                 
66.98                    1.5405806                
66.99                    1.5405762                
67.0                     1.5405718                
67.01                    1.5405674                
67.02                    1.540563                 
67.03                    1.5405586                
67.04                    1.5405542                
67.05                    1.5405499                
67.06                    1.5405455                
67.07                    1.540541                 
67.08                    1.5405366                
67.09                    1.5405324                
67.1                     1.5405279                
67.11                    1.5405235                
67.12                    1.5405191                
67.13                    1.5405148                
67.14                    1.5405104                
67.15                    1.540506                 
67.16                    1.5405017                
67.17                    1.5404973                
67.18                    1.540493                 
67.19                    1.5404886                
67.2                     1.5404842                
67.21                    1.5404799                
67.22                    1.5404755                
67.23                    1.5404712                
67.24                    1.5404668                
67.25                    1.5404625                
67.26                    1.5404581                
67.27                    1.5404538                
67.28                    1.5404494                
67.29                    1.5404451                
67.3                     1.5404407                
67.31                    1.5404364                
67.32                    1.5404321                
67.33                    1.5404277                
67.34                    1.5404234                
67.35                    1.5404191                
67.36                    1.5404147                
67.37                    1.5404104                
67.38                    1.5404061                
67.39                    1.5404017                
67.4                     1.5403974                
67.41                    1.5403931                
67.42                    1.5403888                
67.43                    1.5403844                
67.44                    1.5403801                
67.45                    1.5403758                
67.46                    1.5403715                
67.47                    1.5403672                
67.48                    1.540363                 
67.49                    1.5403585                
67.5                     1.5403543                
67.51                    1.54035                  
67.52                    1.5403457                
67.53                    1.5403414                
67.54                    1.5403371                
67.55                    1.5403328                
67.56                    1.5403285                
67.57                    1.5403241                
67.58                    1.5403198                
67.59                    1.5403155                
67.6                     1.5403111                
67.61                    1.5403068                
67.62                    1.5403025                
67.63                    1.5402982                
67.64                    1.5402939                
67.65                    1.5402895                
67.66                    1.5402852                
67.67                    1.5402809                
67.68                    1.5402766                
67.69                    1.5402724                
67.7                     1.5402681                
67.71                    1.5402638                
67.72                    1.5402594                
67.73                    1.5402551                
67.74                    1.5402508                
67.75                    1.5402465                
67.76                    1.5402422                
67.77                    1.5402379                
67.78                    1.5402336                
67.79                    1.5402293                
67.8                     1.540225                 
67.81                    1.5402207                
67.82                    1.5402164                
67.83                    1.5402122                
67.84                    1.5402079                
67.85                    1.5402036                
67.86                    1.5401993                
67.87                    1.5401951                
67.88                    1.5401908                
67.89                    1.5401865                
67.9                     1.5401822                
67.91                    1.540178                 
67.92                    1.5401736                
67.93                    1.5401694                
67.94                    1.5401652                
67.95                    1.5401609                
67.96                    1.5401566                
67.97                    1.5401523                
67.98                    1.5401481                
67.99                    1.5401438                
68.0                     1.5401396                
68.01                    1.5401353                
68.02                    1.5401311                
68.03                    1.5401268                
68.04                    1.5401225                
68.05                    1.5401183                
68.06                    1.540114                 
68.07                    1.5401098                
68.08                    1.5401056                
68.09                    1.5401013                
68.1                     1.5400971                
68.11                    1.5400928                
68.12                    1.5400885                
68.13                    1.5400844                
68.14                    1.5400801                
68.15                    1.5400759                
68.16                    1.5400716                
68.17                    1.5400674                
68.18                    1.5400631                
68.19                    1.540059                 
68.2                     1.5400547                
68.21                    1.5400505                
68.22                    1.5400463                
68.23                    1.540042                 
68.24                    1.5400379                
68.25                    1.5400336                
68.26                    1.5400294                
68.27                    1.5400252                
68.28                    1.540021                 
68.29                    1.5400168                
68.3                     1.5400126                
68.31                    1.5400083                
68.32                    1.5400041                
68.33                    1.54                     
68.34                    1.5399957                
68.35                    1.5399915                
68.36                    1.5399873                
68.37                    1.5399832                
68.38                    1.539979                 
68.39                    1.5399747                
68.4                     1.5399705                
68.41                    1.5399663                
68.42                    1.5399622                
68.43                    1.539958                 
68.44                    1.5399537                
68.45                    1.5399495                
68.46                    1.5399454                
68.47                    1.5399412                
68.48                    1.539937                 
68.49                    1.5399328                
68.5                     1.5399287                
68.51                    1.5399245                
68.52                    1.5399203                
68.53                    1.5399162                
68.54                    1.539912                 
68.55                    1.5399078                
68.56                    1.5399036                
68.57                    1.5398995                
68.58                    1.5398953                
68.59                    1.5398911                
68.6                     1.539887                 
68.61                    1.5398828                
68.62                    1.5398786                
68.63                    1.5398744                
68.64                    1.5398703                
68.65                    1.5398662                
68.66                    1.539862                 
68.67                    1.5398579                
68.68                    1.5398537                
68.69                    1.5398495                
68.7                     1.5398453                
68.71                    1.5398413                
68.72                    1.5398371                
68.73                    1.539833                 
68.74                    1.5398288                
68.75                    1.5398247                
68.76                    1.5398206                
68.77                    1.5398164                
68.78                    1.5398122                
68.79                    1.5398082                
68.8                     1.539804                 
68.81                    1.5397998                
68.82                    1.5397958                
68.83                    1.5397916                
68.84                    1.5397874                
68.85                    1.5397834                
68.86                    1.5397792                
68.87                    1.5397751                
68.88                    1.539771                 
68.89                    1.5397669                
68.9                     1.5397627                
68.91                    1.5397586                
68.92                    1.5397545                
68.93                    1.5397503                
68.94                    1.5397463                
68.95                    1.5397421                
68.96                    1.539738                 
68.97                    1.539734                 
68.98                    1.5397298                
68.99                    1.5397258                
69.0                     1.5397216                
69.01                    1.5397176                
69.02                    1.5397134                
69.03                    1.5397093                
69.04                    1.5397053                
69.05                    1.5397011                
69.06                    1.539697                 
69.07                    1.539693                 
69.08                    1.5396888                
69.09                    1.5396848                
69.1                     1.5396807                
69.11                    1.5396765                
69.12                    1.5396725                
69.13                    1.5396684                
69.14                    1.5396644                
69.15                    1.5396602                
69.16                    1.5396562                
69.17                    1.5396521                
69.18                    1.539648                 
69.19                    1.539644                 
69.2                     1.53964                  
69.21                    1.5396358                
69.22                    1.5396317                
69.23                    1.5396277                
69.24                    1.5396236                
69.25                    1.5396196                
69.26                    1.5396155                
69.27                    1.5396115                
69.28                    1.5396074                
69.29                    1.5396034                
69.3                     1.5395993                
69.31                    1.5395952                
69.32                    1.5395912                
69.33                    1.5395871                
69.34                    1.5395831                
69.35                    1.539579                 
69.36                    1.539575                 
69.37                    1.5395709                
69.38                    1.5395669                
69.39                    1.5395628                
69.4                     1.5395588                
69.41                    1.5395547                
69.42                    1.5395507                
69.43                    1.5395466                
69.44                    1.5395426                
69.45                    1.5395385                
69.46                    1.5395346                
69.47                    1.5395305                
69.48                    1.5395265                
69.49                    1.5395224                
69.5                     1.5395184                
69.51                    1.5395144                
69.52                    1.5395104                
69.53                    1.5395063                
69.54                    1.5395023                
69.55                    1.5394983                
69.56                    1.5394943                
69.57                    1.5394902                
69.58                    1.5394862                
69.59                    1.5394822                
69.6                     1.5394782                
69.61                    1.5394741                
69.62                    1.5394702                
69.63                    1.5394661                
69.64                    1.5394622                
69.65                    1.5394582                
69.66                    1.5394541                
69.67                    1.5394502                
69.68                    1.5394461                
69.69                    1.5394422                
69.7                     1.5394381                
69.71                    1.5394342                
69.72                    1.5394301                
69.73                    1.5394262                
69.74                    1.5394222                
69.75                    1.5394182                
69.76                    1.5394142                
69.77                    1.5394102                
69.78                    1.5394062                
69.79                    1.5394022                
69.8                     1.5393982                
69.81                    1.5393943                
69.82                    1.5393903                
69.83                    1.5393863                
69.84                    1.5393823                
69.85                    1.5393783                
69.86                    1.5393744                
69.87                    1.5393704                
69.88                    1.5393664                
69.89                    1.5393624                
69.9                     1.5393585                
69.91                    1.5393546                
69.92                    1.5393505                
69.93                    1.5393466                
69.94                    1.5393426                
69.95                    1.5393386                
69.96                    1.5393347                
69.97                    1.5393307                
69.98                    1.5393268                
69.99                    1.5393229                
70.0                     1.5393188                
70.01                    1.5393149                
70.02                    1.5393109                
70.03                    1.539307                 
70.04                    1.5393031                
70.05                    1.5392991                
70.06                    1.5392952                
70.07                    1.5392913                
70.08                    1.5392872                
70.09                    1.5392833                
70.1                     1.5392793                
70.11                    1.5392754                
70.12                    1.5392715                
70.13                    1.5392675                
70.14                    1.5392636                
70.15                    1.5392597                
70.16                    1.5392557                
70.17                    1.5392518                
70.18                    1.5392479                
70.19                    1.5392439                
70.2                     1.53924                  
70.21                    1.5392361                
70.22                    1.5392323                
70.23                    1.5392283                
70.24                    1.5392244                
70.25                    1.5392205                
70.26                    1.5392165                
70.27                    1.5392126                
70.28                    1.5392087                
70.29                    1.5392047                
70.3                     1.5392009                
70.31                    1.539197                 
70.32                    1.539193                 
70.33                    1.5391891                
70.34                    1.5391853                
70.35                    1.5391814                
70.36                    1.5391774                
70.37                    1.5391735                
70.38                    1.5391697                
70.39                    1.5391657                
70.4                     1.5391618                
70.41                    1.5391579                
70.42                    1.539154                 
70.43                    1.5391501                
70.44                    1.5391462                
70.45                    1.5391424                
70.46                    1.5391384                
70.47                    1.5391346                
70.48                    1.5391307                
70.49                    1.5391268                
70.5                     1.5391229                
70.51                    1.539119                 
70.52                    1.5391152                
70.53                    1.5391113                
70.54                    1.5391074                
70.55                    1.5391035                
70.56                    1.5390997                
70.57                    1.5390958                
70.58                    1.539092                 
70.59                    1.539088                 
70.6                     1.5390842                
70.61                    1.5390803                
70.62                    1.5390764                
70.63                    1.5390725                
70.64                    1.5390687                
70.65                    1.5390648                
70.66                    1.539061                 
70.67                    1.5390571                
70.68                    1.5390532                
70.69                    1.5390494                
70.7                     1.5390456                
70.71                    1.5390416                
70.72                    1.5390378                
70.73                    1.539034                 
70.74                    1.5390301                
70.75                    1.5390263                
70.76                    1.5390224                
70.77                    1.5390186                
70.78                    1.5390147                
70.79                    1.5390109                
70.8                     1.5390071                
70.81                    1.5390033                
70.82                    1.5389993                
70.83                    1.5389955                
70.84                    1.5389917                
70.85                    1.5389879                
70.86                    1.5389841                
70.87                    1.5389802                
70.88                    1.5389763                
70.89                    1.5389725                
70.9                     1.5389687                
70.91                    1.5389649                
70.92                    1.538961                 
70.93                    1.5389572                
70.94                    1.5389534                
70.95                    1.5389496                
70.96                    1.5389458                
70.97                    1.538942                 
70.98                    1.5389382                
70.99                    1.5389344                
71.0                     1.5389305                
71.01                    1.5389267                
71.02                    1.5389229                
71.03                    1.5389191                
71.04                    1.5389153                
71.05                    1.5389115                
71.06                    1.5389076                
71.07                    1.5389038                
71.08                    1.5389                   
71.09                    1.5388962                
71.1                     1.5388924                
71.11                    1.5388886                
71.12                    1.5388849                
71.13                    1.5388811                
71.14                    1.5388772                
71.15                    1.5388734                
71.16                    1.5388696                
71.17                    1.5388659                
71.18                    1.5388621                
71.19                    1.5388583                
71.2                     1.5388545                
71.21                    1.5388507                
71.22                    1.538847                 
71.23                    1.5388432                
71.24                    1.5388393                
71.25                    1.5388356                
71.26                    1.5388318                
71.27                    1.538828                 
71.28                    1.5388242                
71.29                    1.5388205                
71.3                     1.5388167                
71.31                    1.538813                 
71.32                    1.5388092                
71.33                    1.5388054                
71.34                    1.5388017                
71.35                    1.5387979                
71.36                    1.538794                 
71.37                    1.5387903                
71.38                    1.5387865                
71.39                    1.5387828                
71.4                     1.538779                 
71.41                    1.5387753                
71.42                    1.5387715                
71.43                    1.5387678                
71.44                    1.538764                 
71.45                    1.5387603                
71.46                    1.5387565                
71.47                    1.5387528                
71.48                    1.538749                 
71.49                    1.5387453                
71.5                     1.5387415                
71.51                    1.5387378                
71.52                    1.5387341                
71.53                    1.5387303                
71.54                    1.5387266                
71.55                    1.5387229                
71.56                    1.538719                 
71.57                    1.5387154                
71.58                    1.5387117                
71.59                    1.5387079                
71.6                     1.5387042                
71.61                    1.5387005                
71.62                    1.5386966                
71.63                    1.538693                 
71.64                    1.5386893                
71.65                    1.5386854                
71.66                    1.5386817                
71.67                    1.538678                 
71.68                    1.5386744                
71.69                    1.5386707                
71.7                     1.5386668                
71.71                    1.5386631                
71.72                    1.5386595                
71.73                    1.5386558                
71.74                    1.5386521                
71.75                    1.5386484                
71.76                    1.5386446                
71.77                    1.5386409                
71.78                    1.5386372                
71.79                    1.5386335                
71.8                     1.5386298                
71.81                    1.5386261                
71.82                    1.5386224                
71.83                    1.5386187                
71.84                    1.538615                 
71.85                    1.5386113                
71.86                    1.5386076                
71.87                    1.5386039                
71.88                    1.5386002                
71.89                    1.5385965                
71.9                     1.5385928                
71.91                    1.5385891                
71.92                    1.5385854                
71.93                    1.5385817                
71.94                    1.538578                 
71.95                    1.5385743                
71.96                    1.5385706                
71.97                    1.538567                 
71.98                    1.5385633                
71.99                    1.5385596                
72.0                     1.538556                 
72.01                    1.5385523                
72.02                    1.5385486                
72.03                    1.5385449                
72.04                    1.5385412                
72.05                    1.5385375                
72.06                    1.5385339                
72.07                    1.5385302                
72.08                    1.5385265                
72.09                    1.5385228                
72.1                     1.5385193                
72.11                    1.5385156                
72.12                    1.5385119                
72.13                    1.5385082                
72.14                    1.5385046                
72.15                    1.5385009                
72.16                    1.5384972                
72.17                    1.5384936                
72.18                    1.5384899                
72.19                    1.5384862                
72.2                     1.5384827                
72.21                    1.538479                 
72.22                    1.5384753                
72.23                    1.5384717                
72.24                    1.538468                 
72.25                    1.5384644                
72.26                    1.5384607                
72.27                    1.538457                 
72.28                    1.5384535                
72.29                    1.5384498                
72.3                     1.5384462                
72.31                    1.5384425                
72.32                    1.5384389                
72.33                    1.5384352                
72.34                    1.5384316                
72.35                    1.538428                 
72.36                    1.5384244                
72.37                    1.5384207                
72.38                    1.5384171                
72.39                    1.5384135                
72.4                     1.5384098                
72.41                    1.5384063                
72.42                    1.5384026                
72.43                    1.538399                 
72.44                    1.5383954                
72.45                    1.5383917                
72.46                    1.5383881                
72.47                    1.5383844                
72.48                    1.5383809                
72.49                    1.5383773                
72.5                     1.5383737                
72.51                    1.53837                  
72.52                    1.5383664                
72.53                    1.5383629                
72.54                    1.5383592                
72.55                    1.5383556                
72.56                    1.538352                 
72.57                    1.5383484                
72.58                    1.5383447                
72.59                    1.5383412                
72.6                     1.5383376                
72.61                    1.538334                 
72.62                    1.5383304                
72.63                    1.5383267                
72.64                    1.5383232                
72.65                    1.5383196                
72.66                    1.538316                 
72.67                    1.5383124                
72.68                    1.5383089                
72.69                    1.5383053                
72.7                     1.5383017                
72.71                    1.538298                 
72.72                    1.5382944                
72.73                    1.5382909                
72.74                    1.5382873                
72.75                    1.5382837                
72.76                    1.5382801                
72.77                    1.5382766                
72.78                    1.538273                 
72.79                    1.5382694                
72.8                     1.5382658                
72.81                    1.5382622                
72.82                    1.5382587                
72.83                    1.5382551                
72.84                    1.5382515                
72.85                    1.538248                 
72.86                    1.5382444                
72.87                    1.5382409                
72.88                    1.5382373                
72.89                    1.5382338                
72.9                     1.5382302                
72.91                    1.5382266                
72.92                    1.538223                 
72.93                    1.5382195                
72.94                    1.5382159                
72.95                    1.5382124                
72.96                    1.5382088                
72.97                    1.5382053                
72.98                    1.5382017                
72.99                    1.5381981                
73.0                     1.5381947                
73.01                    1.5381911                
73.02                    1.5381875                
73.03                    1.5381839                
73.04                    1.5381805                
73.05                    1.5381769                
73.06                    1.5381733                
73.07                    1.5381699                
73.08                    1.5381663                
73.09                    1.5381627                
73.1                     1.5381593                
73.11                    1.5381557                
73.12                    1.5381521                
73.13                    1.5381486                
73.14                    1.5381451                
73.15                    1.5381415                
73.16                    1.538138                 
73.17                    1.5381345                
73.18                    1.538131                 
73.19                    1.5381274                
73.2                     1.5381238                
73.21                    1.5381204                
73.22                    1.5381168                
73.23                    1.5381134                
73.24                    1.5381098                
73.25                    1.5381063                
73.26                    1.5381027                
73.27                    1.5380993                
73.28                    1.5380957                
73.29                    1.5380923                
73.3                     1.5380887                
73.31                    1.5380852                
73.32                    1.5380818                
73.33                    1.5380782                
73.34                    1.5380747                
73.35                    1.5380712                
73.36                    1.5380677                
73.37                    1.5380642                
73.38                    1.5380607                
73.39                    1.5380572                
73.4                     1.5380536                
73.41                    1.5380502                
73.42                    1.5380467                
73.43                    1.5380431                
73.44                    1.5380397                
73.45                    1.5380362                
73.46                    1.5380328                
73.47                    1.5380292                
73.48                    1.5380257                
73.49                    1.5380223                
73.5                     1.5380188                
73.51                    1.5380152                
73.52                    1.5380118                
73.53                    1.5380083                
73.54                    1.5380049                
73.55                    1.5380014                
73.56                    1.5379978                
73.57                    1.5379944                
73.58                    1.5379909                
73.59                    1.5379875                
73.6                     1.537984                 
73.61                    1.5379806                
73.62                    1.537977                 
73.63                    1.5379735                
73.64                    1.5379701                
73.65                    1.5379666                
73.66                    1.5379632                
73.67                    1.5379597                
73.68                    1.5379562                
73.69                    1.5379528                
73.7                     1.5379493                
73.71                    1.5379459                
73.72                    1.5379424                
73.73                    1.537939                 
73.74                    1.5379355                
73.75                    1.537932                 
73.76                    1.5379286                
73.77                    1.5379251                
73.78                    1.5379217                
73.79                    1.5379182                
73.8                     1.5379148                
73.81                    1.5379113                
73.82                    1.5379078                
73.83                    1.5379044                
73.84                    1.5379009                
73.85                    1.5378975                
73.86                    1.537894                 
73.87                    1.5378906                
73.88                    1.5378871                
73.89                    1.5378836                
73.9                     1.5378802                
73.91                    1.5378767                
73.92                    1.5378733                
73.93                    1.5378698                
73.94                    1.5378664                
73.95                    1.5378629                
73.96                    1.5378594                
73.97                    1.5378561                
73.98                    1.5378526                
73.99                    1.5378492                
74.0                     1.5378457                
74.01                    1.5378423                
74.02                    1.5378388                
74.03                    1.5378354                
74.04                    1.5378319                
74.05                    1.5378286                
74.06                    1.5378251                
74.07                    1.5378217                
74.08                    1.5378182                
74.09                    1.5378147                
74.1                     1.5378114                
74.11                    1.537808                 
74.12                    1.5378045                
74.13                    1.537801                 
74.14                    1.5377977                
74.15                    1.5377942                
74.16                    1.5377908                
74.17                    1.5377873                
74.18                    1.537784                 
74.19                    1.5377805                
74.2                     1.5377771                
74.21                    1.5377737                
74.22                    1.5377703                
74.23                    1.5377668                
74.24                    1.5377635                
74.25                    1.53776                  
74.26                    1.5377566                
74.27                    1.5377532                
74.28                    1.5377498                
74.29                    1.5377463                
74.3                     1.537743                 
74.31                    1.5377395                
74.32                    1.5377362                
74.33                    1.5377327                
74.34                    1.5377294                
74.35                    1.5377259                
74.36                    1.5377226                
74.37                    1.5377191                
74.38                    1.5377157                
74.39                    1.5377123                
74.4                     1.5377089                
74.41                    1.5377055                
74.42                    1.5377021                
74.43                    1.5376987                
74.44                    1.5376954                
74.45                    1.537692                 
74.46                    1.5376886                
74.47                    1.5376852                
74.48                    1.5376818                
74.49                    1.5376784                
74.5                     1.537675                 
74.51                    1.5376717                
74.52                    1.5376682                
74.53                    1.5376649                
74.54                    1.5376614                
74.55                    1.5376581                
74.56                    1.5376548                
74.57                    1.5376513                
74.58                    1.537648                 
74.59                    1.5376446                
74.6                     1.5376412                
74.61                    1.5376378                
74.62                    1.5376345                
74.63                    1.537631                 
74.64                    1.5376277                
74.65                    1.5376244                
74.66                    1.537621                 
74.67                    1.5376176                
74.68                    1.5376142                
74.69                    1.5376109                
74.7                     1.5376076                
74.71                    1.5376041                
74.72                    1.5376008                
74.73                    1.5375974                
74.74                    1.5375941                
74.75                    1.5375907                
74.76                    1.5375874                
74.77                    1.537584                 
74.78                    1.5375806                
74.79                    1.5375773                
74.8                     1.5375739                
74.81                    1.5375706                
74.82                    1.5375673                
74.83                    1.5375639                
74.84                    1.5375605                
74.85                    1.5375571                
74.86                    1.5375538                
74.87                    1.5375504                
74.88                    1.5375471                
74.89                    1.5375438                
74.9                     1.5375404                
74.91                    1.5375371                
74.92                    1.5375338                
74.93                    1.5375304                
74.94                    1.5375271                
74.95                    1.5375237                
74.96                    1.5375204                
74.97                    1.5375171                
74.98                    1.5375137                
74.99                    1.5375104                
75.0                     1.537507                 
75.01                    1.5375037                
75.02                    1.5375004                
75.03                    1.537497                 
75.04                    1.5374937                
75.05                    1.5374905                
75.06                    1.5374871                
75.07                    1.5374838                
75.08                    1.5374805                
75.09                    1.5374771                
75.1                     1.5374738                
75.11                    1.5374705                
75.12                    1.5374671                
75.13                    1.5374639                
75.14                    1.5374606                
75.15                    1.5374572                
75.16                    1.5374539                
75.17                    1.5374506                
75.18                    1.5374473                
75.19                    1.537444                 
75.2                     1.5374407                
75.21                    1.5374373                
75.22                    1.537434                 
75.23                    1.5374308                
75.24                    1.5374274                
75.25                    1.5374241                
75.26                    1.5374209                
75.27                    1.5374175                
75.28                    1.5374142                
75.29                    1.5374109                
75.3                     1.5374076                
75.31                    1.5374043                
75.32                    1.537401                 
75.33                    1.5373977                
75.34                    1.5373944                
75.35                    1.5373911                
75.36                    1.5373878                
75.37                    1.5373845                
75.38                    1.5373813                
75.39                    1.537378                 
75.4                     1.5373746                
75.41                    1.5373714                
75.42                    1.537368                 
75.43                    1.5373648                
75.44                    1.5373615                
75.45                    1.5373583                
75.46                    1.537355                 
75.47                    1.5373516                
75.48                    1.5373484                
75.49                    1.537345                 
75.5                     1.5373418                
75.51                    1.5373385                
75.52                    1.5373353                
75.53                    1.5373319                
75.54                    1.5373287                
75.55                    1.5373255                
75.56                    1.5373222                
75.57                    1.537319                 
75.58                    1.5373156                
75.59                    1.5373124                
75.6                     1.537309                 
75.61                    1.5373058                
75.62                    1.5373026                
75.63                    1.5372993                
75.64                    1.537296                 
75.65                    1.5372927                
75.66                    1.5372895                
75.67                    1.5372863                
75.68                    1.537283                 
75.69                    1.5372797                
75.7                     1.5372765                
75.71                    1.5372732                
75.72                    1.53727                  
75.73                    1.5372667                
75.74                    1.5372634                
75.75                    1.5372602                
75.76                    1.537257                 
75.77                    1.5372537                
75.78                    1.5372504                
75.79                    1.5372472                
75.8                     1.537244                 
75.81                    1.5372407                
75.82                    1.5372374                
75.83                    1.5372342                
75.84                    1.537231                 
75.85                    1.5372277                
75.86                    1.5372244                
75.87                    1.5372212                
75.88                    1.537218                 
75.89                    1.5372148                
75.9                     1.5372115                
75.91                    1.5372083                
75.92                    1.5372051                
75.93                    1.5372018                
75.94                    1.5371985                
75.95                    1.5371953                
75.96                    1.5371921                
75.97                    1.5371889                
75.98                    1.5371857                
75.99                    1.5371825                
76.0                     1.5371792                
76.01                    1.537176                 
76.02                    1.5371728                
76.03                    1.5371696                
76.04                    1.5371662                
76.05                    1.537163                 
76.06                    1.5371598                
76.07                    1.5371566                
76.08                    1.5371534                
76.09                    1.5371501                
76.1                     1.5371469                
76.11                    1.5371437                
76.12                    1.5371405                
76.13                    1.5371373                
76.14                    1.5371342                
76.15                    1.537131                 
76.16                    1.5371277                
76.17                    1.5371245                
76.18                    1.5371213                
76.19                    1.5371181                
76.2                     1.5371149                
76.21                    1.5371116                
76.22                    1.5371084                
76.23                    1.5371052                
76.24                    1.537102                 
76.25                    1.5370989                
76.26                    1.5370957                
76.27                    1.5370924                
76.28                    1.5370892                
76.29                    1.537086                 
76.3                     1.5370828                
76.31                    1.5370797                
76.32                    1.5370765                
76.33                    1.5370733                
76.34                    1.53707                  
76.35                    1.5370668                
76.36                    1.5370637                
76.37                    1.5370605                
76.38                    1.5370573                
76.39                    1.5370541                
76.4                     1.537051                 
76.41                    1.5370477                
76.42                    1.5370445                
76.43                    1.5370414                
76.44                    1.5370382                
76.45                    1.537035                 
76.46                    1.5370318                
76.47                    1.5370287                
76.48                    1.5370255                
76.49                    1.5370222                
76.5                     1.5370191                
76.51                    1.5370159                
76.52                    1.5370128                
76.53                    1.5370096                
76.54                    1.5370064                
76.55                    1.5370033                
76.56                    1.5370001                
76.57                    1.536997                 
76.58                    1.5369937                
76.59                    1.5369905                
76.6                     1.5369874                
76.61                    1.5369842                
76.62                    1.5369811                
76.63                    1.5369779                
76.64                    1.5369748                
76.65                    1.5369716                
76.66                    1.5369685                
76.67                    1.5369653                
76.68                    1.5369622                
76.69                    1.5369589                
76.7                     1.5369558                
76.71                    1.5369526                
76.72                    1.5369495                
76.73                    1.5369463                
76.74                    1.5369432                
76.75                    1.53694                  
76.76                    1.5369369                
76.77                    1.5369337                
76.78                    1.5369306                
76.79                    1.5369275                
76.8                     1.5369242                
76.81                    1.5369211                
76.82                    1.5369179                
76.83                    1.5369148                
76.84                    1.5369117                
76.85                    1.5369085                
76.86                    1.5369054                
76.87                    1.5369023                
76.88                    1.5368991                
76.89                    1.536896                 
76.9                     1.5368929                
76.91                    1.5368897                
76.92                    1.5368866                
76.93                    1.5368835                
76.94                    1.5368803                
76.95                    1.5368772                
76.96                    1.536874                 
76.97                    1.536871                 
76.98                    1.5368677                
76.99                    1.5368646                
77.0                     1.5368615                
77.01                    1.5368584                
77.02                    1.5368552                
77.03                    1.5368521                
77.04                    1.536849                 
77.05                    1.5368459                
77.06                    1.5368428                
77.07                    1.5368397                
77.08                    1.5368365                
77.09                    1.5368334                
77.1                     1.5368303                
77.11                    1.5368272                
77.12                    1.5368241                
77.13                    1.536821                 
77.14                    1.5368178                
77.15                    1.5368147                
77.16                    1.5368116                
77.17                    1.5368085                
77.18                    1.5368054                
77.19                    1.5368023                
77.2                     1.5367992                
77.21                    1.5367961                
77.22                    1.536793                 
77.23                    1.5367899                
77.24                    1.5367868                
77.25                    1.5367837                
77.26                    1.5367806                
77.27                    1.5367775                
77.28                    1.5367744                
77.29                    1.5367713                
77.3                     1.5367682                
77.31                    1.5367651                
77.32                    1.536762                 
77.33                    1.5367589                
77.34                    1.5367558                
77.35                    1.5367527                
77.36                    1.5367496                
77.37                    1.5367465                
77.38                    1.5367434                
77.39                    1.5367403                
77.4                     1.5367372                
77.41                    1.5367341                
77.42                    1.536731                 
77.43                    1.5367279                
77.44                    1.5367249                
77.45                    1.5367218                
77.46                    1.5367187                
77.47                    1.5367156                
77.48                    1.5367125                
77.49                    1.5367094                
77.5                     1.5367063                
77.51                    1.5367033                
77.52                    1.5367002                
77.53                    1.5366971                
77.54                    1.536694                 
77.55                    1.536691                 
77.56                    1.536688                 
77.57                    1.5366849                
77.58                    1.5366818                
77.59                    1.5366787                
77.6                     1.5366757                
77.61                    1.5366726                
77.62                    1.5366695                
77.63                    1.5366664                
77.64                    1.5366634                
77.65                    1.5366603                
77.66                    1.5366572                
77.67                    1.5366542                
77.68                    1.5366511                
77.69                    1.536648                 
77.7                     1.536645                 
77.71                    1.536642                 
77.72                    1.5366389                
77.73                    1.5366359                
77.74                    1.5366328                
77.75                    1.5366297                
77.76                    1.5366267                
77.77                    1.5366236                
77.78                    1.5366205                
77.79                    1.5366175                
77.8                     1.5366144                
77.81                    1.5366114                
77.82                    1.5366083                
77.83                    1.5366052                
77.84                    1.5366023                
77.85                    1.5365992                
77.86                    1.5365962                
77.87                    1.5365931                
77.88                    1.5365901                
77.89                    1.536587                 
77.9                     1.536584                 
77.91                    1.5365809                
77.92                    1.5365779                
77.93                    1.5365748                
77.94                    1.5365719                
77.95                    1.5365688                
77.96                    1.5365658                
77.97                    1.5365627                
77.98                    1.5365597                
77.99                    1.5365566                
78.0                     1.5365536                
78.01                    1.5365506                
78.02                    1.5365475                
78.03                    1.5365446                
78.04                    1.5365415                
78.05                    1.5365385                
78.06                    1.5365355                
78.07                    1.5365324                
78.08                    1.5365294                
78.09                    1.5365263                
78.1                     1.5365233                
78.11                    1.5365204                
78.12                    1.5365173                
78.13                    1.5365143                
78.14                    1.5365113                
78.15                    1.5365082                
78.16                    1.5365052                
78.17                    1.5365022                
78.18                    1.5364991                
78.19                    1.5364962                
78.2                     1.5364932                
78.21                    1.5364902                
78.22                    1.5364871                
78.23                    1.5364841                
78.24                    1.5364811                
78.25                    1.5364782                
78.26                    1.5364751                
78.27                    1.5364721                
78.28                    1.5364691                
78.29                    1.5364661                
78.3                     1.5364631                
78.31                    1.53646                  
78.32                    1.5364571                
78.33                    1.5364541                
78.34                    1.5364511                
78.35                    1.5364481                
78.36                    1.536445                 
78.37                    1.536442                 
78.38                    1.5364391                
78.39                    1.5364361                
78.4                     1.5364331                
78.41                    1.5364301                
78.42                    1.5364271                
78.43                    1.5364242                
78.44                    1.5364212                
78.45                    1.5364181                
78.46                    1.5364151                
78.47                    1.5364121                
78.48                    1.5364091                
78.49                    1.5364062                
78.5                     1.5364032                
78.51                    1.5364002                
78.52                    1.5363972                
78.53                    1.5363942                
78.54                    1.5363913                
78.55                    1.5363883                
78.56                    1.5363853                
78.57                    1.5363823                
78.58                    1.5363793                
78.59                    1.5363764                
78.6                     1.5363734                
78.61                    1.5363704                
78.62                    1.5363674                
78.63                    1.5363644                
78.64                    1.5363615                
78.65                    1.5363585                
78.66                    1.5363555                
78.67                    1.5363525                
78.68                    1.5363497                
78.69                    1.5363467                
78.7                     1.5363437                
78.71                    1.5363407                
78.72                    1.5363377                
78.73                    1.5363348                
78.74                    1.5363318                
78.75                    1.5363288                
78.76                    1.5363259                
78.77                    1.536323                 
78.78                    1.53632                  
78.79                    1.536317                 
78.8                     1.536314                 
78.81                    1.536311                 
78.82                    1.5363082                
78.83                    1.5363052                
78.84                    1.5363022                
78.85                    1.5362992                
78.86                    1.5362962                
78.87                    1.5362934                
78.88                    1.5362904                
78.89                    1.5362874                
78.9                     1.5362844                
78.91                    1.5362816                
78.92                    1.5362786                
78.93                    1.5362756                
78.94                    1.5362726                
78.95                    1.5362698                
78.96                    1.5362668                
78.97                    1.5362638                
78.98                    1.536261                 
78.99                    1.536258                 
79.0                     1.536255                 
79.01                    1.5362521                
79.02                    1.5362492                
79.03                    1.5362462                
79.04                    1.5362433                
79.05                    1.5362403                
79.06                    1.5362375                
79.07                    1.5362345                
79.08                    1.5362315                
79.09                    1.5362287                
79.1                     1.5362257                
79.11                    1.5362228                
79.12                    1.5362198                
79.13                    1.5362169                
79.14                    1.536214                 
79.15                    1.536211                 
79.16                    1.5362082                
79.17                    1.5362052                
79.18                    1.5362023                
79.19                    1.5361993                
79.2                     1.5361965                
79.21                    1.5361935                
79.22                    1.5361906                
79.23                    1.5361876                
79.24                    1.5361848                
79.25                    1.5361818                
79.26                    1.536179                 
79.27                    1.536176                 
79.28                    1.5361731                
79.29                    1.5361701                
79.3                     1.5361673                
79.31                    1.5361643                
79.32                    1.5361614                
79.33                    1.5361584                
79.34                    1.5361556                
79.35                    1.5361527                
79.36                    1.5361497                
79.37                    1.5361469                
79.38                    1.5361439                
79.39                    1.536141                 
79.4                     1.5361382                
79.41                    1.5361352                
79.42                    1.5361323                
79.43                    1.5361295                
79.44                    1.5361265                
79.45                    1.5361236                
79.46                    1.5361208                
79.47                    1.5361178                
79.48                    1.5361149                
79.49                    1.5361121                
79.5                     1.5361091                
79.51                    1.5361062                
79.52                    1.5361034                
79.53                    1.5361005                
79.54                    1.5360975                
79.55                    1.5360947                
79.56                    1.5360918                
79.57                    1.536089                 
79.58                    1.536086                 
79.59                    1.5360831                
79.6                     1.5360802                
79.61                    1.5360774                
79.62                    1.5360744                
79.63                    1.5360715                
79.64                    1.5360687                
79.65                    1.5360658                
79.66                    1.536063                 
79.67                    1.5360601                
79.68                    1.5360571                
79.69                    1.5360543                
79.7                     1.5360514                
79.71                    1.5360485                
79.72                    1.5360457                
79.73                    1.5360428                
79.74                    1.53604                  
79.75                    1.536037                 
79.76                    1.5360341                
79.77                    1.5360312                
79.78                    1.5360284                
79.79                    1.5360255                
79.8                     1.5360227                
79.81                    1.5360198                
79.82                    1.536017                 
79.83                    1.5360141                
79.84                    1.5360112                
79.85                    1.5360084                
79.86                    1.5360055                
79.87                    1.5360026                
79.88                    1.5359998                
79.89                    1.5359969                
79.9                     1.535994                 
79.91                    1.5359912                
79.92                    1.5359883                
79.93                    1.5359855                
79.94                    1.5359826                
79.95                    1.5359797                
79.96                    1.5359769                
79.97                    1.535974                 
79.98                    1.5359712                
79.99                    1.5359683                
80.0                     1.5359654                
80.01                    1.5359626                
80.02                    1.5359597                
80.03                    1.5359569                
80.04                    1.535954                 
80.05                    1.5359511                
80.06                    1.5359484                
80.07                    1.5359455                
80.08                    1.5359427                
80.09                    1.5359398                
80.1                     1.535937                 
80.11                    1.5359341                
80.12                    1.5359312                
80.13                    1.5359284                
80.14                    1.5359255                
80.15                    1.5359226                
80.16                    1.5359198                
80.17                    1.535917                 
80.18                    1.5359142                
80.19                    1.5359113                
80.2                     1.5359085                
80.21                    1.5359056                
80.22                    1.5359027                
80.23                    1.5358999                
80.24                    1.5358971                
80.25                    1.5358943                
80.26                    1.5358914                
80.27                    1.5358886                
80.28                    1.5358857                
80.29                    1.535883                 
80.3                     1.5358801                
80.31                    1.5358772                
80.32                    1.5358744                
80.33                    1.5358715                
80.34                    1.5358688                
80.35                    1.5358659                
80.36                    1.535863                 
80.37                    1.5358602                
80.38                    1.5358574                
80.39                    1.5358546                
80.4                     1.5358517                
80.41                    1.535849                 
80.42                    1.5358461                
80.43                    1.5358433                
80.44                    1.5358404                
80.45                    1.5358377                
80.46                    1.5358348                
80.47                    1.5358319                
80.48                    1.5358292                
80.49                    1.5358263                
80.5                     1.5358235                
80.51                    1.5358207                
80.52                    1.5358179                
80.53                    1.5358151                
80.54                    1.5358123                
80.55                    1.5358094                
80.56                    1.5358067                
80.57                    1.5358038                
80.58                    1.5358009                
80.59                    1.5357982                
80.6                     1.5357953                
80.61                    1.5357926                
80.62                    1.5357897                
80.63                    1.535787                 
80.64                    1.5357841                
80.65                    1.5357813                
80.66                    1.5357785                
80.67                    1.5357757                
80.68                    1.5357729                
80.69                    1.53577                  
80.7                     1.5357673                
80.71                    1.5357645                
80.72                    1.5357617                
80.73                    1.5357589                
80.74                    1.5357561                
80.75                    1.5357533                
80.76                    1.5357505                
80.77                    1.5357476                
80.78                    1.5357449                
80.79                    1.535742                 
80.8                     1.5357393                
80.81                    1.5357366                
80.82                    1.5357337                
80.83                    1.535731                 
80.84                    1.5357281                
80.85                    1.5357254                
80.86                    1.5357225                
80.87                    1.5357198                
80.88                    1.535717                 
80.89                    1.5357141                
80.9                     1.5357114                
80.91                    1.5357085                
80.92                    1.5357058                
80.93                    1.5357031                
80.94                    1.5357002                
80.95                    1.5356975                
80.96                    1.5356947                
80.97                    1.5356919                
80.98                    1.5356891                
80.99                    1.5356864                
81.0                     1.5356835                
81.01                    1.5356808                
81.02                    1.535678                 
81.03                    1.5356752                
81.04                    1.5356724                
81.05                    1.5356697                
81.06                    1.535667                 
81.07                    1.5356641                
81.08                    1.5356613                
81.09                    1.5356586                
81.1                     1.5356559                
81.11                    1.535653                 
81.12                    1.5356503                
81.13                    1.5356475                
81.14                    1.5356448                
81.15                    1.5356419                
81.16                    1.5356392                
81.17                    1.5356364                
81.18                    1.5356337                
81.19                    1.535631                 
81.2                     1.5356281                
81.21                    1.5356253                
81.22                    1.5356226                
81.23                    1.5356199                
81.24                    1.5356171                
81.25                    1.5356144                
81.26                    1.5356115                
81.27                    1.5356088                
81.28                    1.535606                 
81.29                    1.5356033                
81.3                     1.5356005                
81.31                    1.5355978                
81.32                    1.535595                 
81.33                    1.5355923                
81.34                    1.5355895                
81.35                    1.5355867                
81.36                    1.535584                 
81.37                    1.5355812                
81.38                    1.5355785                
81.39                    1.5355757                
81.4                     1.535573                 
81.41                    1.5355703                
81.42                    1.5355675                
81.43                    1.5355648                
81.44                    1.535562                 
81.45                    1.5355593                
81.46                    1.5355566                
81.47                    1.5355538                
81.48                    1.5355511                
81.49                    1.5355483                
81.5                     1.5355456                
81.51                    1.5355428                
81.52                    1.5355401                
81.53                    1.5355374                
81.54                    1.5355346                
81.55                    1.5355319                
81.56                    1.5355291                
81.57                    1.5355264                
81.58                    1.5355237                
81.59                    1.5355209                
81.6                     1.5355182                
81.61                    1.5355154                
81.62                    1.5355127                
81.63                    1.53551                  
81.64                    1.5355072                
81.65                    1.5355046                
81.66                    1.5355018                
81.67                    1.5354991                
81.68                    1.5354964                
81.69                    1.5354936                
81.7                     1.5354909                
81.71                    1.5354881                
81.72                    1.5354854                
81.73                    1.5354828                
81.74                    1.53548                  
81.75                    1.5354773                
81.76                    1.5354745                
81.77                    1.5354718                
81.78                    1.5354692                
81.79                    1.5354664                
81.8                     1.5354637                
81.81                    1.535461                 
81.82                    1.5354582                
81.83                    1.5354556                
81.84                    1.5354528                
81.85                    1.5354501                
81.86                    1.5354474                
81.87                    1.5354446                
81.88                    1.535442                 
81.89                    1.5354393                
81.9                     1.5354365                
81.91                    1.5354338                
81.92                    1.5354311                
81.93                    1.5354284                
81.94                    1.5354257                
81.95                    1.535423                 
81.96                    1.5354203                
81.97                    1.5354176                
81.98                    1.5354149                
81.99                    1.5354122                
82.0                     1.5354095                
82.01                    1.5354068                
82.02                    1.5354041                
82.03                    1.5354013                
82.04                    1.5353987                
82.05                    1.535396                 
82.06                    1.5353932                
82.07                    1.5353906                
82.08                    1.5353879                
82.09                    1.5353851                
82.1                     1.5353825                
82.11                    1.5353798                
82.12                    1.5353771                
82.13                    1.5353744                
82.14                    1.5353717                
82.15                    1.535369                 
82.16                    1.5353663                
82.17                    1.5353637                
82.18                    1.5353609                
82.19                    1.5353583                
82.2                     1.5353556                
82.21                    1.5353528                
82.22                    1.5353502                
82.23                    1.5353475                
82.24                    1.5353448                
82.25                    1.5353421                
82.26                    1.5353395                
82.27                    1.5353367                
82.28                    1.5353341                
82.29                    1.5353314                
82.3                     1.5353287                
82.31                    1.535326                 
82.32                    1.5353234                
82.33                    1.5353206                
82.34                    1.535318                 
82.35                    1.5353153                
82.36                    1.5353127                
82.37                    1.53531                  
82.38                    1.5353073                
82.39                    1.5353047                
82.4                     1.5353019                
82.41                    1.5352993                
82.42                    1.5352966                
82.43                    1.5352939                
82.44                    1.5352913                
82.45                    1.5352886                
82.46                    1.535286                 
82.47                    1.5352832                
82.48                    1.5352806                
82.49                    1.535278                 
82.5                     1.5352752                
82.51                    1.5352726                
82.52                    1.53527                  
82.53                    1.5352672                
82.54                    1.5352646                
82.55                    1.535262                 
82.56                    1.5352592                
82.57                    1.5352566                
82.58                    1.535254                 
82.59                    1.5352513                
82.6                     1.5352486                
82.61                    1.535246                 
82.62                    1.5352433                
82.63                    1.5352407                
82.64                    1.535238                 
82.65                    1.5352354                
82.66                    1.5352327                
82.67                    1.53523                  
82.68                    1.5352274                
82.69                    1.5352248                
82.7                     1.535222                 
82.71                    1.5352194                
82.72                    1.5352168                
82.73                    1.5352142                
82.74                    1.5352114                
82.75                    1.5352088                
82.76                    1.5352062                
82.77                    1.5352036                
82.78                    1.535201                 
82.79                    1.5351982                
82.8                     1.5351956                
82.81                    1.535193                 
82.82                    1.5351903                
82.83                    1.5351877                
82.84                    1.5351851                
82.85                    1.5351824                
82.86                    1.5351797                
82.87                    1.5351771                
82.88                    1.5351745                
82.89                    1.5351719                
82.9                     1.5351692                
82.91                    1.5351666                
82.92                    1.535164                 
82.93                    1.5351614                
82.94                    1.5351586                
82.95                    1.535156                 
82.96                    1.5351534                
82.97                    1.5351508                
82.98                    1.5351481                
82.99                    1.5351455                
83.0                     1.5351429                
83.01                    1.5351403                
83.02                    1.5351377                
83.03                    1.535135                 
83.04                    1.5351324                
83.05                    1.5351298                
83.06                    1.5351272                
83.07                    1.5351245                
83.08                    1.5351219                
83.09                    1.5351193                
83.1                     1.5351167                
83.11                    1.535114                 
83.12                    1.5351114                
83.13                    1.5351088                
83.14                    1.5351062                
83.15                    1.5351036                
83.16                    1.5351009                
83.17                    1.5350983                
83.18                    1.5350957                
83.19                    1.5350931                
83.2                     1.5350904                
83.21                    1.5350878                
83.22                    1.5350852                
83.23                    1.5350826                
83.24                    1.53508                  
83.25                    1.5350773                
83.26                    1.5350748                
83.27                    1.5350722                
83.28                    1.5350696                
83.29                    1.535067                 
83.3                     1.5350643                
83.31                    1.5350617                
83.32                    1.5350591                
83.33                    1.5350565                
83.34                    1.535054                 
83.35                    1.5350513                
83.36                    1.5350487                
83.37                    1.5350461                
83.38                    1.5350435                
83.39                    1.5350409                
83.4                     1.5350384                
83.41                    1.5350357                
83.42                    1.5350331                
83.43                    1.5350305                
83.44                    1.5350279                
83.45                    1.5350254                
83.46                    1.5350227                
83.47                    1.5350201                
83.48                    1.5350175                
83.49                    1.5350149                
83.5                     1.5350124                
83.51                    1.5350097                
83.52                    1.5350071                
83.53                    1.5350045                
83.54                    1.535002                 
83.55                    1.5349994                
83.56                    1.5349967                
83.57                    1.5349942                
83.58                    1.5349916                
83.59                    1.534989                 
83.6                     1.5349864                
83.61                    1.5349839                
83.62                    1.5349813                
83.63                    1.5349786                
83.64                    1.5349761                
83.65                    1.5349735                
83.66                    1.5349709                
83.67                    1.5349684                
83.68                    1.5349658                
83.69                    1.5349631                
83.7                     1.5349606                
83.71                    1.534958                 
83.72                    1.5349555                
83.73                    1.5349529                
83.74                    1.5349503                
83.75                    1.5349478                
83.76                    1.5349451                
83.77                    1.5349425                
83.78                    1.53494                  
83.79                    1.5349374                
83.8                     1.5349349                
83.81                    1.5349323                
83.82                    1.5349298                
83.83                    1.5349271                
83.84                    1.5349245                
83.85                    1.534922                 
83.86                    1.5349194                
83.87                    1.5349169                
83.88                    1.5349143                
83.89                    1.5349118                
83.9                     1.5349091                
83.91                    1.5349066                
83.92                    1.534904                 
83.93                    1.5349015                
83.94                    1.5348989                
83.95                    1.5348964                
83.96                    1.5348938                
83.97                    1.5348912                
83.98                    1.5348886                
83.99                    1.5348861                
84.0                     1.5348835                
84.01                    1.534881                 
84.02                    1.5348784                
84.03                    1.5348759                
84.04                    1.5348734                
84.05                    1.5348707                
84.06                    1.5348682                
84.07                    1.5348656                
84.08                    1.5348631                
84.09                    1.5348605                
84.1                     1.534858                 
84.11                    1.5348555                
84.12                    1.5348529                
84.13                    1.5348504                
84.14                    1.5348477                
84.15                    1.5348452                
84.16                    1.5348427                
84.17                    1.5348401                
84.18                    1.5348376                
84.19                    1.5348351                
84.2                     1.5348325                
84.21                    1.53483                  
84.22                    1.5348275                
84.23                    1.5348248                
84.24                    1.5348223                
84.25                    1.5348198                
84.26                    1.5348172                
84.27                    1.5348147                
84.28                    1.5348122                
84.29                    1.5348096                
84.3                     1.5348071                
84.31                    1.5348046                
84.32                    1.5348021                
84.33                    1.5347995                
84.34                    1.534797                 
84.35                    1.5347944                
84.36                    1.5347918                
84.37                    1.5347893                
84.38                    1.5347868                
84.39                    1.5347843                
84.4                     1.5347818                
84.41                    1.5347792                
84.42                    1.5347767                
84.43                    1.5347742                
84.44                    1.5347717                
84.45                    1.534769                 
84.46                    1.5347666                
84.47                    1.534764                 
84.48                    1.5347615                
84.49                    1.534759                 
84.5                     1.5347565                
84.51                    1.5347539                
84.52                    1.5347514                
84.53                    1.5347489                
84.54                    1.5347464                
84.55                    1.5347439                
84.56                    1.5347414                
84.57                    1.5347388                
84.58                    1.5347363                
84.59                    1.5347338                
84.6                     1.5347313                
84.61                    1.5347288                
84.62                    1.5347263                
84.63                    1.5347238                
84.64                    1.5347213                
84.65                    1.5347188                
84.66                    1.5347162                
84.67                    1.5347136                
84.68                    1.5347111                
84.69                    1.5347086                
84.7                     1.5347061                
84.71                    1.5347036                
84.72                    1.5347011                
84.73                    1.5346986                
84.74                    1.5346961                
84.75                    1.5346936                
84.76                    1.5346911                
84.77                    1.5346886                
84.78                    1.5346861                
84.79                    1.5346836                
84.8                     1.5346811                
84.81                    1.5346786                
84.82                    1.5346761                
84.83                    1.5346736                
84.84                    1.5346711                
84.85                    1.5346686                
84.86                    1.5346661                
84.87                    1.5346636                
84.88                    1.534661                 
84.89                    1.5346586                
84.9                     1.534656                 
84.91                    1.5346535                
84.92                    1.534651                 
84.93                    1.5346485                
84.94                    1.5346462                
84.95                    1.5346437                
84.96                    1.5346411                
84.97                    1.5346386                
84.98                    1.5346361                
84.99                    1.5346336                
85.0                     1.5346311                
85.01                    1.5346286                
85.02                    1.5346261                
85.03                    1.5346236                
85.04                    1.5346212                
85.05                    1.5346187                
85.06                    1.5346162                
85.07                    1.5346137                
85.08                    1.5346112                
85.09                    1.5346087                
85.1                     1.5346063                
85.11                    1.5346038                
85.12                    1.5346013                
85.13                    1.5345988                
85.14                    1.5345963                
85.15                    1.5345938                
85.16                    1.5345914                
85.17                    1.5345889                
85.18                    1.5345864                
85.19                    1.5345839                
85.2                     1.5345815                
85.21                    1.534579                 
85.22                    1.5345765                
85.23                    1.534574                 
85.24                    1.5345715                
85.25                    1.5345691                
85.26                    1.5345666                
85.27                    1.5345641                
85.28                    1.5345618                
85.29                    1.5345592                
85.3                     1.5345567                
85.31                    1.5345542                
85.32                    1.5345519                
85.33                    1.5345494                
85.34                    1.5345469                
85.35                    1.5345445                
85.36                    1.534542                 
85.37                    1.5345395                
85.38                    1.5345371                
85.39                    1.5345346                
85.4                     1.5345321                
85.41                    1.5345297                
85.42                    1.5345272                
85.43                    1.5345247                
85.44                    1.5345223                
85.45                    1.5345198                
85.46                    1.5345173                
85.47                    1.5345149                
85.48                    1.5345124                
85.49                    1.5345099                
85.5                     1.5345075                
85.51                    1.534505                 
85.52                    1.5345026                
85.53                    1.5345001                
85.54                    1.5344977                
85.55                    1.5344952                
85.56                    1.5344927                
85.57                    1.5344903                
85.58                    1.5344878                
85.59                    1.5344855                
85.6                     1.534483                 
85.61                    1.5344806                
85.62                    1.5344781                
85.63                    1.5344757                
85.64                    1.5344732                
85.65                    1.5344707                
85.66                    1.5344683                
85.67                    1.5344658                
85.68                    1.5344634                
85.69                    1.5344609                
85.7                     1.5344585                
85.71                    1.534456                 
85.72                    1.5344536                
85.73                    1.5344511                
85.74                    1.5344487                
85.75                    1.5344464                
85.76                    1.5344439                
85.77                    1.5344415                
85.78                    1.534439                 
85.79                    1.5344366                
85.8                     1.5344341                
85.81                    1.5344317                
85.82                    1.5344292                
85.83                    1.5344268                
85.84                    1.5344244                
85.85                    1.5344219                
85.86                    1.5344195                
85.87                    1.534417                 
85.88                    1.5344146                
85.89                    1.5344123                
85.9                     1.5344098                
85.91                    1.5344074                
85.92                    1.5344049                
85.93                    1.5344025                
85.94                    1.5344001                
85.95                    1.5343976                
85.96                    1.5343952                
85.97                    1.5343928                
85.98                    1.5343903                
85.99                    1.534388                 
86.0                     1.5343856                
86.01                    1.534383                 
86.02                    1.5343807                
86.03                    1.5343783                
86.04                    1.5343758                
86.05                    1.5343734                
86.06                    1.534371                 
86.07                    1.5343686                
86.08                    1.5343661                
86.09                    1.5343637                
86.1                     1.5343614                
86.11                    1.5343589                
86.12                    1.5343565                
86.13                    1.5343541                
86.14                    1.5343517                
86.15                    1.5343492                
86.16                    1.5343468                
86.17                    1.5343444                
86.18                    1.534342                 
86.19                    1.5343395                
86.2                     1.5343372                
86.21                    1.5343348                
86.22                    1.5343324                
86.23                    1.53433                  
86.24                    1.5343275                
86.25                    1.5343251                
86.26                    1.5343227                
86.27                    1.5343204                
86.28                    1.534318                 
86.29                    1.5343156                
86.3                     1.5343131                
86.31                    1.5343107                
86.32                    1.5343083                
86.33                    1.5343059                
86.34                    1.5343035                
86.35                    1.534301                 
86.36                    1.5342987                
86.37                    1.5342963                
86.38                    1.5342939                
86.39                    1.5342915                
86.4                     1.5342891                
86.41                    1.5342866                
86.42                    1.5342842                
86.43                    1.5342818                
86.44                    1.5342795                
86.45                    1.5342771                
86.46                    1.5342747                
86.47                    1.5342723                
86.48                    1.5342699                
86.49                    1.5342674                
86.5                     1.534265                 
86.51                    1.5342627                
86.52                    1.5342603                
86.53                    1.5342579                
86.54                    1.5342555                
86.55                    1.5342531                
86.56                    1.5342507                
86.57                    1.5342484                
86.58                    1.534246                 
86.59                    1.5342436                
86.6                     1.5342412                
86.61                    1.5342388                
86.62                    1.5342364                
86.63                    1.534234                 
86.64                    1.5342315                
86.65                    1.5342292                
86.66                    1.5342268                
86.67                    1.5342244                
86.68                    1.534222                 
86.69                    1.5342196                
86.7                     1.5342172                
86.71                    1.5342149                
86.72                    1.5342125                
86.73                    1.5342101                
86.74                    1.5342077                
86.75                    1.5342053                
86.76                    1.5342029                
86.77                    1.5342007                
86.78                    1.5341983                
86.79                    1.5341959                
86.8                     1.5341935                
86.81                    1.5341911                
86.82                    1.5341887                
86.83                    1.5341864                
86.84                    1.534184                 
86.85                    1.5341816                
86.86                    1.5341792                
86.87                    1.5341768                
86.88                    1.5341744                
86.89                    1.534172                 
86.9                     1.5341697                
86.91                    1.5341674                
86.92                    1.534165                 
86.93                    1.5341626                
86.94                    1.5341603                
86.95                    1.5341579                
86.96                    1.5341555                
86.97                    1.5341531                
86.98                    1.5341507                
86.99                    1.5341485                
87.0                     1.5341461                
87.01                    1.5341437                
87.02                    1.5341413                
87.03                    1.5341389                
87.04                    1.5341365                
87.05                    1.5341343                
87.06                    1.5341319                
87.07                    1.5341295                
87.08                    1.5341271                
87.09                    1.5341247                
87.1                     1.5341225                
87.11                    1.5341201                
87.12                    1.5341177                
87.13                    1.5341153                
87.14                    1.5341129                
87.15                    1.5341107                
87.16                    1.5341083                
87.17                    1.5341059                
87.18                    1.5341035                
87.19                    1.5341012                
87.2                     1.5340989                
87.21                    1.5340965                
87.22                    1.5340941                
87.23                    1.5340918                
87.24                    1.5340894                
87.25                    1.5340871                
87.26                    1.5340847                
87.27                    1.5340824                
87.28                    1.53408                  
87.29                    1.5340776                
87.3                     1.5340754                
87.31                    1.534073                 
87.32                    1.5340706                
87.33                    1.5340683                
87.34                    1.534066                 
87.35                    1.5340636                
87.36                    1.5340613                
87.37                    1.5340589                
87.38                    1.5340565                
87.39                    1.5340543                
87.4                     1.5340519                
87.41                    1.5340495                
87.42                    1.5340472                
87.43                    1.5340449                
87.44                    1.5340425                
87.45                    1.5340402                
87.46                    1.5340378                
87.47                    1.5340356                
87.48                    1.5340332                
87.49                    1.5340308                
87.5                     1.5340285                
87.51                    1.5340261                
87.52                    1.5340239                
87.53                    1.5340215                
87.54                    1.5340191                
87.55                    1.5340168                
87.56                    1.5340145                
87.57                    1.5340122                
87.58                    1.5340098                
87.59                    1.5340075                
87.6                     1.5340052                
87.61                    1.5340029                
87.62                    1.5340005                
87.63                    1.5339981                
87.64                    1.5339959                
87.65                    1.5339935                
87.66                    1.5339912                
87.67                    1.5339888                
87.68                    1.5339866                
87.69                    1.5339842                
87.7                     1.5339819                
87.71                    1.5339795                
87.72                    1.5339773                
87.73                    1.5339749                
87.74                    1.5339726                
87.75                    1.5339702                
87.76                    1.533968                 
87.77                    1.5339656                
87.78                    1.5339633                
87.79                    1.533961                 
87.8                     1.5339587                
87.81                    1.5339564                
87.82                    1.533954                 
87.83                    1.5339518                
87.84                    1.5339494                
87.85                    1.5339471                
87.86                    1.5339448                
87.87                    1.5339425                
87.88                    1.5339402                
87.89                    1.5339378                
87.9                     1.5339355                
87.91                    1.5339333                
87.92                    1.5339309                
87.93                    1.5339286                
87.94                    1.5339262                
87.95                    1.533924                 
87.96                    1.5339217                
87.97                    1.5339193                
87.98                    1.5339171                
87.99                    1.5339148                
88.0                     1.5339124                
88.01                    1.5339102                
88.02                    1.5339078                
88.03                    1.5339055                
88.04                    1.5339032                
88.05                    1.5339009                
88.06                    1.5338986                
88.07                    1.5338963                
88.08                    1.5338941                
88.09                    1.5338917                
88.1                     1.5338894                
88.11                    1.5338871                
88.12                    1.5338848                
88.13                    1.5338825                
88.14                    1.5338802                
88.15                    1.5338778                
88.16                    1.5338756                
88.17                    1.5338733                
88.18                    1.533871                 
88.19                    1.5338687                
88.2                     1.5338664                
88.21                    1.5338641                
88.22                    1.5338619                
88.23                    1.5338595                
88.24                    1.5338572                
88.25                    1.533855                 
88.26                    1.5338527                
88.27                    1.5338504                
88.28                    1.533848                 
88.29                    1.5338458                
88.3                     1.5338435                
88.31                    1.5338413                
88.32                    1.5338389                
88.33                    1.5338366                
88.34                    1.5338343                
88.35                    1.5338321                
88.36                    1.5338298                
88.37                    1.5338275                
88.38                    1.5338252                
88.39                    1.5338229                
88.4                     1.5338206                
88.41                    1.5338184                
88.42                    1.5338161                
88.43                    1.5338138                
88.44                    1.5338116                
88.45                    1.5338092                
88.46                    1.5338069                
88.47                    1.5338047                
88.48                    1.5338024                
88.49                    1.5338001                
88.5                     1.5337979                
88.51                    1.5337956                
88.52                    1.5337933                
88.53                    1.533791                 
88.54                    1.5337887                
88.55                    1.5337864                
88.56                    1.5337842                
88.57                    1.5337819                
88.58                    1.5337796                
88.59                    1.5337774                
88.6                     1.5337751                
88.61                    1.5337728                
88.62                    1.5337706                
88.63                    1.5337683                
88.64                    1.533766                 
88.65                    1.5337638                
88.66                    1.5337615                
88.67                    1.5337592                
88.68                    1.533757                 
88.69                    1.5337547                
88.7                     1.5337524                
88.71                    1.5337502                
88.72                    1.5337479                
88.73                    1.5337456                
88.74                    1.5337434                
88.75                    1.5337411                
88.76                    1.5337389                
88.77                    1.5337366                
88.78                    1.5337343                
88.79                    1.533732                 
88.8                     1.5337298                
88.81                    1.5337275                
88.82                    1.5337253                
88.83                    1.533723                 
88.84                    1.5337207                
88.85                    1.5337185                
88.86                    1.5337162                
88.87                    1.5337139                
88.88                    1.5337117                
88.89                    1.5337094                
88.9                     1.5337071                
88.91                    1.5337049                
88.92                    1.5337026                
88.93                    1.5337005                
88.94                    1.5336982                
88.95                    1.5336959                
88.96                    1.5336937                
88.97                    1.5336914                
88.98                    1.5336891                
88.99                    1.5336869                
89.0                     1.5336846                
89.01                    1.5336823                
89.02                    1.5336802                
89.03                    1.5336779                
89.04                    1.5336757                
89.05                    1.5336734                
89.06                    1.5336711                
89.07                    1.5336689                
89.08                    1.5336667                
89.09                    1.5336645                
89.1                     1.5336622                
89.11                    1.5336599                
89.12                    1.5336577                
89.13                    1.5336554                
89.14                    1.5336533                
89.15                    1.533651                 
89.16                    1.5336487                
89.17                    1.5336465                
89.18                    1.5336442                
89.19                    1.533642                 
89.2                     1.5336398                
89.21                    1.5336375                
89.22                    1.5336353                
89.23                    1.5336331                
89.24                    1.5336308                
89.25                    1.5336286                
89.26                    1.5336263                
89.27                    1.5336242                
89.28                    1.5336219                
89.29                    1.5336196                
89.3                     1.5336174                
89.31                    1.5336152                
89.32                    1.533613                 
89.33                    1.5336107                
89.34                    1.5336084                
89.35                    1.5336063                
89.36                    1.533604                 
89.37                    1.5336018                
89.38                    1.5335996                
89.39                    1.5335974                
89.4                     1.5335951                
89.41                    1.5335929                
89.42                    1.5335907                
89.43                    1.5335884                
89.44                    1.5335863                
89.45                    1.533584                 
89.46                    1.5335817                
89.47                    1.5335796                
89.48                    1.5335773                
89.49                    1.533575                 
89.5                     1.5335729                
89.51                    1.5335706                
89.52                    1.5335684                
89.53                    1.5335662                
89.54                    1.533564                 
89.55                    1.5335618                
89.56                    1.5335596                
89.57                    1.5335573                
89.58                    1.5335552                
89.59                    1.5335529                
89.6                     1.5335507                
89.61                    1.5335485                
89.62                    1.5335462                
89.63                    1.5335441                
89.64                    1.5335418                
89.65                    1.5335397                
89.66                    1.5335374                
89.67                    1.5335351                
89.68                    1.533533                 
89.69                    1.5335307                
89.7                     1.5335286                
89.71                    1.5335263                
89.72                    1.5335242                
89.73                    1.5335219                
89.74                    1.5335197                
89.75                    1.5335175                
89.76                    1.5335153                
89.77                    1.5335131                
89.78                    1.5335109                
89.79                    1.5335087                
89.8                     1.5335065                
89.81                    1.5335042                
89.82                    1.5335021                
89.83                    1.5334998                
89.84                    1.5334977                
89.85                    1.5334954                
89.86                    1.5334933                
89.87                    1.533491                 
89.88                    1.5334889                
89.89                    1.5334866                
89.9                     1.5334845                
89.91                    1.5334822                
89.92                    1.53348                  
89.93                    1.5334778                
89.94                    1.5334756                
89.95                    1.5334735                
89.96                    1.5334712                
89.97                    1.5334691                
89.98                    1.5334668                
89.99                    1.5334647                
90.0                     1.5334625                
